2025-10-30T12:26:57.844+01:00  INFO 35752 --- [restartedMain] c.m.gestPlanes.GestPlanesApplication     : Starting GestPlanesApplication using Java 17.0.1 with PID 35752 (D:\proyectos\gestPlanes\target\classes started by juancarlos.pmera in D:\proyectos\gestPlanes)
2025-10-30T12:26:57.845+01:00  INFO 35752 --- [restartedMain] c.m.gestPlanes.GestPlanesApplication     : No active profile set, falling back to 1 default profile: "default"
2025-10-30T12:26:59.615+01:00  INFO 35752 --- [restartedMain] .s.d.r.c.RepositoryConfigurationDelegate : Bootstrapping Spring Data JPA repositories in DEFAULT mode.
2025-10-30T12:26:59.853+01:00  INFO 35752 --- [restartedMain] .s.d.r.c.RepositoryConfigurationDelegate : Finished Spring Data repository scanning in 238 ms. Found 24 JPA repository interfaceinterfaces.
2025-10-30T12:27:00.355+01:00  INFO 35752 --- [restartedMain] o.s.b.w.embedded.tomcat.TomcatWebServer  : Tomcat initialized with port(s): 9092 (http)
2025-10-30T12:27:00.355+01:00  INFO 35752 --- [restartedMain] o.apache.catalina.core.StandardService   : Starting service [Tomcat]
2025-10-30T12:27:00.356+01:00  INFO 35752 --- [restartedMain] o.apache.catalina.core.StandardEngine    : Starting Servlet engine: [Apache Tomcat/10.1.16]
2025-10-30T12:27:00.394+01:00  INFO 35752 --- [restartedMain] o.a.c.c.C.[Tomcat].[localhost].[/]       : Initializing Spring embedded WebApplicationContext
2025-10-30T12:27:00.395+01:00  INFO 35752 --- [restartedMain] w.s.c.ServletWebServerApplicationContext : Root WebApplicationContext: initialization completed in 2547 ms
2025-10-30T12:27:00.441+01:00 TRACE 35752 --- [restartedMain] o.s.b.w.s.ServletContextInitializerBeans : Added existing Filter initializer bean 'webMvcObservationFilter'; order=-2147483647, resource=class path resource [org/springframework/boot/actuate/autoconfigure/observation/web/servlet/WebMvcObservationAutoConfiguration.class]
2025-10-30T12:27:00.441+01:00 TRACE 35752 --- [restartedMain] o.s.b.w.s.ServletContextInitializerBeans : Added existing Filter initializer bean 'securityFilterChainRegistration'; order=-100, resource=class path resource [org/springframework/boot/autoconfigure/security/servlet/SecurityFilterAutoConfiguration.class]
2025-10-30T12:27:00.441+01:00 TRACE 35752 --- [restartedMain] o.s.b.w.s.ServletContextInitializerBeans : Added existing Servlet initializer bean 'dispatcherServletRegistration'; order=2147483647, resource=class path resource [org/springframework/boot/autoconfigure/web/servlet/DispatcherServletAutoConfiguration$DispatcherServletRegistrationConfiguration.class]
2025-10-30T12:27:00.441+01:00 TRACE 35752 --- [restartedMain] o.s.b.w.s.ServletContextInitializerBeans : Added existing ServletContextInitializer initializer bean 'servletEndpointRegistrar'; order=2147483647, resource=class path resource [org/springframework/boot/actuate/autoconfigure/endpoint/web/ServletEndpointManagementContextConfiguration$WebMvcServletEndpointManagementContextConfiguration.class]
2025-10-30T12:27:01.869+01:00  INFO 35752 --- [restartedMain] o.hibernate.jpa.internal.util.LogHelper  : HHH000204: Processing PersistenceUnitInfo [name: default]
2025-10-30T12:27:01.921+01:00  INFO 35752 --- [restartedMain] com.zaxxer.hikari.HikariDataSource       : HikariPool-3 - Starting...
2025-10-30T12:27:01.965+01:00  INFO 35752 --- [restartedMain] com.zaxxer.hikari.pool.HikariPool        : HikariPool-3 - Added connection org.mariadb.jdbc.Connection@7ebf7103
2025-10-30T12:27:01.965+01:00  INFO 35752 --- [restartedMain] com.zaxxer.hikari.HikariDataSource       : HikariPool-3 - Start completed.
2025-10-30T12:27:01.970+01:00  INFO 35752 --- [restartedMain] SQL dialect                              : HHH000400: Using dialect: org.hibernate.dialect.MariaDBDialect
2025-10-30T12:27:01.976+01:00  INFO 35752 --- [restartedMain] o.h.e.boot.internal.EnversServiceImpl    : Envers integration enabled? : true
2025-10-30T12:27:02.095+01:00  INFO 35752 --- [restartedMain] o.h.e.c.i.m.AuditMetadataGenerator       : Adding properties for entity: com.melilla.gestPlanes.model.config.PlanConfig
2025-10-30T12:27:02.095+01:00  INFO 35752 --- [restartedMain] o.h.e.c.i.m.AuditMetadataGenerator       : Adding properties for entity: com.melilla.gestPlanes.model.Plan
2025-10-30T12:27:02.096+01:00  INFO 35752 --- [restartedMain] o.h.e.c.i.m.AuditMetadataGenerator       : Adding properties for entity: com.melilla.gestPlanes.model.SalarioDetalle
2025-10-30T12:27:02.096+01:00  INFO 35752 --- [restartedMain] o.h.e.c.i.m.AuditMetadataGenerator       : Adding properties for entity: com.melilla.gestPlanes.model.Contrato
2025-10-30T12:27:02.096+01:00  INFO 35752 --- [restartedMain] o.h.e.c.i.m.AuditMetadataGenerator       : Adding properties for entity: com.melilla.gestPlanes.model.NotaCiudadano
2025-10-30T12:27:02.096+01:00  INFO 35752 --- [restartedMain] o.h.e.c.i.m.AuditMetadataGenerator       : Adding properties for entity: com.melilla.gestPlanes.model.Documento
2025-10-30T12:27:02.096+01:00  INFO 35752 --- [restartedMain] o.h.e.c.i.m.AuditMetadataGenerator       : Adding properties for entity: com.melilla.gestPlanes.model.Ciudadano
2025-10-30T12:27:02.097+01:00  INFO 35752 --- [restartedMain] o.h.e.c.i.m.AuditMetadataGenerator       : Adding properties for entity: com.melilla.gestPlanes.model.config.PlantillaContratoConfig
2025-10-30T12:27:02.097+01:00  INFO 35752 --- [restartedMain] o.h.e.c.i.m.AuditMetadataGenerator       : Adding properties for entity: com.melilla.gestPlanes.model.Salario
2025-10-30T12:27:02.097+01:00  INFO 35752 --- [restartedMain] o.h.e.c.i.m.AuditMetadataGenerator       : Adding properties for entity: com.melilla.gestPlanes.model.DocumentoPlan
2025-10-30T12:27:02.097+01:00  INFO 35752 --- [restartedMain] .e.b.i.AdditionalJaxbMappingProducerImpl : Adding JAXB document mapping
2025-10-30T12:27:02.161+01:00  INFO 35752 --- [restartedMain] org.hibernate.envers.boot                : HHH90005601: Envers-generated HBM mapping...
<?xml version="1.0" encoding="UTF-8" standalone="yes"?>
<hibernate-mapping auto-import="false" xmlns="http://www.hibernate.org/xsd/orm/hbm">
    <class discriminator-value="PlanConfig" table="plan_config_AUD" entity-name="com.melilla.gestPlanes.model.config.PlanConfig_AUD" abstract="false">
        <composite-id name="originalId">
            <key-property name="idConfig">
                <column name="id_config"/>
                <type name="long">
                    <param name="org.hibernate.type.ParameterType.primaryKey">false</param>
                    <param name="org.hibernate.type.ParameterType.dynamic">true</param>
                    <param name="org.hibernate.type.ParameterType.returnedClass">java.lang.Long</param>
                    <param name="org.hibernate.type.ParameterType.accessType">field</param>
                    <param name="org.hibernate.type.ParameterType.entityClass">com.melilla.gestPlanes.model.config.PlanConfig</param>
                    <param name="org.hibernate.type.ParameterType.propertyName">idConfig</param>
                </type>
            </key-property>
            <key-many-to-one class="com.melilla.gestPlanes.envers.CustomRevisionEntity" name="REV">
                <column name="REV"/>
            </key-many-to-one>
        </composite-id>
        <property insert="true" name="REVTYPE" type="org.hibernate.envers.internal.entities.RevisionTypeType" update="false"/>
        <many-to-one class="com.melilla.gestPlanes.envers.CustomRevisionEntity" insert="true" name="REVEND" update="true">
            <column name="REVEND"/>
        </many-to-one>
        <property insert="true" name="REVEND_TSTMP" type="timestamp" update="true">
            <column name="REVEND_TSTMP"/>
        </property>
        <property insert="true" name="createdAt" update="false">
            <column name="created_at"/>
            <type name="LocalDateTime">
                <param name="org.hibernate.type.ParameterType.primaryKey">false</param>
                <param name="org.hibernate.type.ParameterType.dynamic">true</param>
                <param name="org.hibernate.type.ParameterType.returnedClass">java.time.LocalDateTime</param>
                <param name="org.hibernate.type.ParameterType.accessType">field</param>
                <param name="org.hibernate.type.ParameterType.entityClass">com.melilla.gestPlanes.model.config.PlanConfig</param>
                <param name="org.hibernate.type.ParameterType.propertyName">createdAt</param>
            </type>
        </property>
        <property insert="true" name="deleted" type="boolean" update="false">
            <column name="deleted"/>
        </property>
        <property insert="true" name="deletedAt" update="false">
            <column name="deleted_at"/>
            <type name="LocalDateTime">
                <param name="org.hibernate.type.ParameterType.primaryKey">false</param>
                <param name="org.hibernate.type.ParameterType.dynamic">true</param>
                <param name="org.hibernate.type.ParameterType.returnedClass">java.time.LocalDateTime</param>
                <param name="org.hibernate.type.ParameterType.accessType">field</param>
                <param name="org.hibernate.type.ParameterType.entityClass">com.melilla.gestPlanes.model.config.PlanConfig</param>
                <param name="org.hibernate.type.ParameterType.propertyName">deletedAt</param>
            </type>
        </property>
        <property insert="true" name="tempDir" update="false">
            <column name="temp_dir"/>
            <type name="string">
                <param name="org.hibernate.type.ParameterType.primaryKey">false</param>
                <param name="org.hibernate.type.ParameterType.dynamic">true</param>
                <param name="org.hibernate.type.ParameterType.returnedClass">java.lang.String</param>
                <param name="org.hibernate.type.ParameterType.accessType">field</param>
                <param name="org.hibernate.type.ParameterType.entityClass">com.melilla.gestPlanes.model.config.PlanConfig</param>
                <param name="org.hibernate.type.ParameterType.propertyName">tempDir</param>
            </type>
        </property>
        <property insert="true" name="templateDir" update="false">
            <column name="template_dir"/>
            <type name="string">
                <param name="org.hibernate.type.ParameterType.primaryKey">false</param>
                <param name="org.hibernate.type.ParameterType.dynamic">true</param>
                <param name="org.hibernate.type.ParameterType.returnedClass">java.lang.String</param>
                <param name="org.hibernate.type.ParameterType.accessType">field</param>
                <param name="org.hibernate.type.ParameterType.entityClass">com.melilla.gestPlanes.model.config.PlanConfig</param>
                <param name="org.hibernate.type.ParameterType.propertyName">templateDir</param>
            </type>
        </property>
        <property insert="true" name="trashcanDir" update="false">
            <column name="trashcan_dir"/>
            <type name="string">
                <param name="org.hibernate.type.ParameterType.primaryKey">false</param>
                <param name="org.hibernate.type.ParameterType.dynamic">true</param>
                <param name="org.hibernate.type.ParameterType.returnedClass">java.lang.String</param>
                <param name="org.hibernate.type.ParameterType.accessType">field</param>
                <param name="org.hibernate.type.ParameterType.entityClass">com.melilla.gestPlanes.model.config.PlanConfig</param>
                <param name="org.hibernate.type.ParameterType.propertyName">trashcanDir</param>
            </type>
        </property>
        <property insert="true" name="uploadDir" update="false">
            <column name="upload_dir"/>
            <type name="string">
                <param name="org.hibernate.type.ParameterType.primaryKey">false</param>
                <param name="org.hibernate.type.ParameterType.dynamic">true</param>
                <param name="org.hibernate.type.ParameterType.returnedClass">java.lang.String</param>
                <param name="org.hibernate.type.ParameterType.accessType">field</param>
                <param name="org.hibernate.type.ParameterType.entityClass">com.melilla.gestPlanes.model.config.PlanConfig</param>
                <param name="org.hibernate.type.ParameterType.propertyName">uploadDir</param>
            </type>
        </property>
    </class>
</hibernate-mapping>

2025-10-30T12:27:02.163+01:00  INFO 35752 --- [restartedMain] .e.b.i.AdditionalJaxbMappingProducerImpl : Adding JAXB document mapping
2025-10-30T12:27:02.202+01:00  INFO 35752 --- [restartedMain] org.hibernate.envers.boot                : HHH90005601: Envers-generated HBM mapping...
<?xml version="1.0" encoding="UTF-8" standalone="yes"?>
<hibernate-mapping auto-import="false" xmlns="http://www.hibernate.org/xsd/orm/hbm">
    <class discriminator-value="Plan" table="plan_AUD" entity-name="com.melilla.gestPlanes.model.Plan_AUD" abstract="false">
        <composite-id name="originalId">
            <key-property name="idPlan">
                <column name="id_plan"/>
                <type name="long">
                    <param name="org.hibernate.type.ParameterType.primaryKey">false</param>
                    <param name="org.hibernate.type.ParameterType.dynamic">true</param>
                    <param name="org.hibernate.type.ParameterType.returnedClass">java.lang.Long</param>
                    <param name="org.hibernate.type.ParameterType.accessType">field</param>
                    <param name="org.hibernate.type.ParameterType.entityClass">com.melilla.gestPlanes.model.Plan</param>
                    <param name="org.hibernate.type.ParameterType.propertyName">idPlan</param>
                </type>
            </key-property>
            <key-many-to-one class="com.melilla.gestPlanes.envers.CustomRevisionEntity" name="REV">
                <column name="REV"/>
            </key-many-to-one>
        </composite-id>
        <property insert="true" name="REVTYPE" type="org.hibernate.envers.internal.entities.RevisionTypeType" update="false"/>
        <many-to-one class="com.melilla.gestPlanes.envers.CustomRevisionEntity" insert="true" name="REVEND" update="true">
            <column name="REVEND"/>
        </many-to-one>
        <property insert="true" name="REVEND_TSTMP" type="timestamp" update="true">
            <column name="REVEND_TSTMP"/>
        </property>
        <property insert="true" name="activo" type="boolean" update="false">
            <column name="activo"/>
        </property>
        <property insert="true" name="createdAt" update="false">
            <column name="created_at"/>
            <type name="LocalDateTime">
                <param name="org.hibernate.type.ParameterType.primaryKey">false</param>
                <param name="org.hibernate.type.ParameterType.dynamic">true</param>
                <param name="org.hibernate.type.ParameterType.returnedClass">java.time.LocalDateTime</param>
                <param name="org.hibernate.type.ParameterType.accessType">field</param>
                <param name="org.hibernate.type.ParameterType.entityClass">com.melilla.gestPlanes.model.Plan</param>
                <param name="org.hibernate.type.ParameterType.propertyName">createdAt</param>
            </type>
        </property>
        <property insert="true" name="deleted" type="boolean" update="false">
            <column name="deleted"/>
        </property>
        <property insert="true" name="deletedAt" update="false">
            <column name="deleted_at"/>
            <type name="LocalDateTime">
                <param name="org.hibernate.type.ParameterType.primaryKey">false</param>
                <param name="org.hibernate.type.ParameterType.dynamic">true</param>
                <param name="org.hibernate.type.ParameterType.returnedClass">java.time.LocalDateTime</param>
                <param name="org.hibernate.type.ParameterType.accessType">field</param>
                <param name="org.hibernate.type.ParameterType.entityClass">com.melilla.gestPlanes.model.Plan</param>
                <param name="org.hibernate.type.ParameterType.propertyName">deletedAt</param>
            </type>
        </property>
        <property insert="true" name="denominacion" update="false">
            <column name="denominacion"/>
            <type name="string">
                <param name="org.hibernate.type.ParameterType.primaryKey">false</param>
                <param name="org.hibernate.type.ParameterType.dynamic">true</param>
                <param name="org.hibernate.type.ParameterType.returnedClass">java.lang.String</param>
                <param name="org.hibernate.type.ParameterType.accessType">field</param>
                <param name="org.hibernate.type.ParameterType.entityClass">com.melilla.gestPlanes.model.Plan</param>
                <param name="org.hibernate.type.ParameterType.propertyName">denominacion</param>
            </type>
        </property>
        <property insert="true" name="config_idConfig" update="false">
            <column name="config_id"/>
            <type name="long">
                <param name="org.hibernate.type.ParameterType.primaryKey">false</param>
                <param name="org.hibernate.type.ParameterType.dynamic">true</param>
                <param name="org.hibernate.type.ParameterType.returnedClass">java.lang.Long</param>
                <param name="org.hibernate.type.ParameterType.accessType">field</param>
                <param name="org.hibernate.type.ParameterType.entityClass">com.melilla.gestPlanes.model.config.PlanConfig</param>
                <param name="org.hibernate.type.ParameterType.propertyName">idConfig</param>
            </type>
        </property>
    </class>
</hibernate-mapping>

2025-10-30T12:27:02.202+01:00  INFO 35752 --- [restartedMain] .e.b.i.AdditionalJaxbMappingProducerImpl : Adding JAXB document mapping
2025-10-30T12:27:02.234+01:00  INFO 35752 --- [restartedMain] org.hibernate.envers.boot                : HHH90005601: Envers-generated HBM mapping...
<?xml version="1.0" encoding="UTF-8" standalone="yes"?>
<hibernate-mapping auto-import="false" xmlns="http://www.hibernate.org/xsd/orm/hbm">
    <class discriminator-value="SalarioDetalle" table="salario_detalle_AUD" entity-name="com.melilla.gestPlanes.model.SalarioDetalle_AUD" abstract="false">
        <composite-id name="originalId">
            <key-property name="idSalarioDetalle" type="long">
                <column name="id_salario_detalle"/>
            </key-property>
            <key-many-to-one class="com.melilla.gestPlanes.envers.CustomRevisionEntity" name="REV">
                <column name="REV"/>
            </key-many-to-one>
        </composite-id>
        <property insert="true" name="REVTYPE" type="org.hibernate.envers.internal.entities.RevisionTypeType" update="false"/>
        <many-to-one class="com.melilla.gestPlanes.envers.CustomRevisionEntity" insert="true" name="REVEND" update="true">
            <column name="REVEND"/>
        </many-to-one>
        <property insert="true" name="REVEND_TSTMP" type="timestamp" update="true">
            <column name="REVEND_TSTMP"/>
        </property>
        <property insert="true" name="base" update="false">
            <column name="base"/>
            <type name="string">
                <param name="org.hibernate.type.ParameterType.primaryKey">false</param>
                <param name="org.hibernate.type.ParameterType.dynamic">true</param>
                <param name="org.hibernate.type.ParameterType.returnedClass">java.lang.String</param>
                <param name="org.hibernate.type.ParameterType.accessType">field</param>
                <param name="org.hibernate.type.ParameterType.entityClass">com.melilla.gestPlanes.model.SalarioDetalle</param>
                <param name="org.hibernate.type.ParameterType.propertyName">base</param>
            </type>
        </property>
        <property insert="true" name="createdAt" update="false">
            <column name="created_at"/>
            <type name="LocalDateTime">
                <param name="org.hibernate.type.ParameterType.primaryKey">false</param>
                <param name="org.hibernate.type.ParameterType.dynamic">true</param>
                <param name="org.hibernate.type.ParameterType.returnedClass">java.time.LocalDateTime</param>
                <param name="org.hibernate.type.ParameterType.accessType">field</param>
                <param name="org.hibernate.type.ParameterType.entityClass">com.melilla.gestPlanes.model.SalarioDetalle</param>
                <param name="org.hibernate.type.ParameterType.propertyName">createdAt</param>
            </type>
        </property>
        <property insert="true" name="deleted" type="boolean" update="false">
            <column name="deleted"/>
        </property>
        <property insert="true" name="deletedAt" update="false">
            <column name="deleted_at"/>
            <type name="LocalDateTime">
                <param name="org.hibernate.type.ParameterType.primaryKey">false</param>
                <param name="org.hibernate.type.ParameterType.dynamic">true</param>
                <param name="org.hibernate.type.ParameterType.returnedClass">java.time.LocalDateTime</param>
                <param name="org.hibernate.type.ParameterType.accessType">field</param>
                <param name="org.hibernate.type.ParameterType.entityClass">com.melilla.gestPlanes.model.SalarioDetalle</param>
                <param name="org.hibernate.type.ParameterType.propertyName">deletedAt</param>
            </type>
        </property>
        <property insert="true" name="grupo" type="integer" update="false">
            <column name="grupo"/>
        </property>
        <property insert="true" name="prorrata" update="false">
            <column name="prorrata"/>
            <type name="string">
                <param name="org.hibernate.type.ParameterType.primaryKey">false</param>
                <param name="org.hibernate.type.ParameterType.dynamic">true</param>
                <param name="org.hibernate.type.ParameterType.returnedClass">java.lang.String</param>
                <param name="org.hibernate.type.ParameterType.accessType">field</param>
                <param name="org.hibernate.type.ParameterType.entityClass">com.melilla.gestPlanes.model.SalarioDetalle</param>
                <param name="org.hibernate.type.ParameterType.propertyName">prorrata</param>
            </type>
        </property>
        <property insert="true" name="residencia" update="false">
            <column name="residencia"/>
            <type name="string">
                <param name="org.hibernate.type.ParameterType.primaryKey">false</param>
                <param name="org.hibernate.type.ParameterType.dynamic">true</param>
                <param name="org.hibernate.type.ParameterType.returnedClass">java.lang.String</param>
                <param name="org.hibernate.type.ParameterType.accessType">field</param>
                <param name="org.hibernate.type.ParameterType.entityClass">com.melilla.gestPlanes.model.SalarioDetalle</param>
                <param name="org.hibernate.type.ParameterType.propertyName">residencia</param>
            </type>
        </property>
        <property insert="true" name="total" update="false">
            <column name="total"/>
            <type name="string">
                <param name="org.hibernate.type.ParameterType.primaryKey">false</param>
                <param name="org.hibernate.type.ParameterType.dynamic">true</param>
                <param name="org.hibernate.type.ParameterType.returnedClass">java.lang.String</param>
                <param name="org.hibernate.type.ParameterType.accessType">field</param>
                <param name="org.hibernate.type.ParameterType.entityClass">com.melilla.gestPlanes.model.SalarioDetalle</param>
                <param name="org.hibernate.type.ParameterType.propertyName">total</param>
            </type>
        </property>
        <property insert="true" name="salario_idSalario" update="false">
            <column name="id_salario"/>
            <type name="long">
                <param name="org.hibernate.type.ParameterType.primaryKey">false</param>
                <param name="org.hibernate.type.ParameterType.dynamic">true</param>
                <param name="org.hibernate.type.ParameterType.returnedClass">java.lang.Long</param>
                <param name="org.hibernate.type.ParameterType.accessType">field</param>
                <param name="org.hibernate.type.ParameterType.entityClass">com.melilla.gestPlanes.model.Salario</param>
                <param name="org.hibernate.type.ParameterType.propertyName">idSalario</param>
            </type>
        </property>
    </class>
</hibernate-mapping>

2025-10-30T12:27:02.235+01:00  INFO 35752 --- [restartedMain] .e.b.i.AdditionalJaxbMappingProducerImpl : Adding JAXB document mapping
2025-10-30T12:27:02.276+01:00  INFO 35752 --- [restartedMain] org.hibernate.envers.boot                : HHH90005601: Envers-generated HBM mapping...
<?xml version="1.0" encoding="UTF-8" standalone="yes"?>
<hibernate-mapping auto-import="false" xmlns="http://www.hibernate.org/xsd/orm/hbm">
    <class discriminator-value="Contrato" table="contrato_AUD" entity-name="com.melilla.gestPlanes.model.Contrato_AUD" abstract="false">
        <composite-id name="originalId">
            <key-property name="idContrato">
                <column name="id_contrato"/>
                <type name="long">
                    <param name="org.hibernate.type.ParameterType.primaryKey">false</param>
                    <param name="org.hibernate.type.ParameterType.dynamic">true</param>
                    <param name="org.hibernate.type.ParameterType.returnedClass">java.lang.Long</param>
                    <param name="org.hibernate.type.ParameterType.accessType">field</param>
                    <param name="org.hibernate.type.ParameterType.entityClass">com.melilla.gestPlanes.model.Contrato</param>
                    <param name="org.hibernate.type.ParameterType.propertyName">idContrato</param>
                </type>
            </key-property>
            <key-many-to-one class="com.melilla.gestPlanes.envers.CustomRevisionEntity" name="REV">
                <column name="REV"/>
            </key-many-to-one>
        </composite-id>
        <property insert="true" name="REVTYPE" type="org.hibernate.envers.internal.entities.RevisionTypeType" update="false"/>
        <many-to-one class="com.melilla.gestPlanes.envers.CustomRevisionEntity" insert="true" name="REVEND" update="true">
            <column name="REVEND"/>
        </many-to-one>
        <property insert="true" name="REVEND_TSTMP" type="timestamp" update="true">
            <column name="REVEND_TSTMP"/>
        </property>
        <property insert="true" name="activo" type="boolean" update="false">
            <column name="activo"/>
        </property>
        <property insert="true" name="base" update="false">
            <column name="base"/>
            <type name="string">
                <param name="org.hibernate.type.ParameterType.primaryKey">false</param>
                <param name="org.hibernate.type.ParameterType.dynamic">true</param>
                <param name="org.hibernate.type.ParameterType.returnedClass">java.lang.String</param>
                <param name="org.hibernate.type.ParameterType.accessType">field</param>
                <param name="org.hibernate.type.ParameterType.entityClass">com.melilla.gestPlanes.model.Contrato</param>
                <param name="org.hibernate.type.ParameterType.propertyName">base</param>
            </type>
        </property>
        <property insert="true" name="createdAt" update="false">
            <column name="created_at"/>
            <type name="LocalDateTime">
                <param name="org.hibernate.type.ParameterType.primaryKey">false</param>
                <param name="org.hibernate.type.ParameterType.dynamic">true</param>
                <param name="org.hibernate.type.ParameterType.returnedClass">java.time.LocalDateTime</param>
                <param name="org.hibernate.type.ParameterType.accessType">field</param>
                <param name="org.hibernate.type.ParameterType.entityClass">com.melilla.gestPlanes.model.Contrato</param>
                <param name="org.hibernate.type.ParameterType.propertyName">createdAt</param>
            </type>
        </property>
        <property insert="true" name="deleted" type="boolean" update="false">
            <column name="deleted"/>
        </property>
        <property insert="true" name="deletedAt" update="false">
            <column name="deleted_at"/>
            <type name="LocalDateTime">
                <param name="org.hibernate.type.ParameterType.primaryKey">false</param>
                <param name="org.hibernate.type.ParameterType.dynamic">true</param>
                <param name="org.hibernate.type.ParameterType.returnedClass">java.time.LocalDateTime</param>
                <param name="org.hibernate.type.ParameterType.accessType">field</param>
                <param name="org.hibernate.type.ParameterType.entityClass">com.melilla.gestPlanes.model.Contrato</param>
                <param name="org.hibernate.type.ParameterType.propertyName">deletedAt</param>
            </type>
        </property>
        <property insert="true" name="diasVacaciones" type="integer" update="false">
            <column name="dias_vacaciones"/>
        </property>
        <property insert="true" name="duracion" type="integer" update="false">
            <column name="duracion"/>
        </property>
        <property insert="true" name="fechaExtincion" update="false">
            <column name="fecha_extincion"/>
            <type name="LocalDate">
                <param name="org.hibernate.type.ParameterType.primaryKey">false</param>
                <param name="org.hibernate.type.ParameterType.dynamic">true</param>
                <param name="org.hibernate.type.ParameterType.returnedClass">java.time.LocalDate</param>
                <param name="org.hibernate.type.ParameterType.accessType">field</param>
                <param name="org.hibernate.type.ParameterType.entityClass">com.melilla.gestPlanes.model.Contrato</param>
                <param name="org.hibernate.type.ParameterType.propertyName">fechaExtincion</param>
            </type>
        </property>
        <property insert="true" name="fechaFinal" update="false">
            <column name="fecha_final"/>
            <type name="LocalDate">
                <param name="org.hibernate.type.ParameterType.primaryKey">false</param>
                <param name="org.hibernate.type.ParameterType.dynamic">true</param>
                <param name="org.hibernate.type.ParameterType.returnedClass">java.time.LocalDate</param>
                <param name="org.hibernate.type.ParameterType.accessType">field</param>
                <param name="org.hibernate.type.ParameterType.entityClass">com.melilla.gestPlanes.model.Contrato</param>
                <param name="org.hibernate.type.ParameterType.propertyName">fechaFinal</param>
            </type>
        </property>
        <property insert="true" name="fechaInicio" update="false">
            <column name="fecha_inicio"/>
            <type name="LocalDate">
                <param name="org.hibernate.type.ParameterType.primaryKey">false</param>
                <param name="org.hibernate.type.ParameterType.dynamic">true</param>
                <param name="org.hibernate.type.ParameterType.returnedClass">java.time.LocalDate</param>
                <param name="org.hibernate.type.ParameterType.accessType">field</param>
                <param name="org.hibernate.type.ParameterType.entityClass">com.melilla.gestPlanes.model.Contrato</param>
                <param name="org.hibernate.type.ParameterType.propertyName">fechaInicio</param>
            </type>
        </property>
        <property insert="true" name="gc" update="false">
            <column name="gc"/>
            <type name="string">
                <param name="org.hibernate.type.ParameterType.primaryKey">false</param>
                <param name="org.hibernate.type.ParameterType.dynamic">true</param>
                <param name="org.hibernate.type.ParameterType.returnedClass">java.lang.String</param>
                <param name="org.hibernate.type.ParameterType.accessType">field</param>
                <param name="org.hibernate.type.ParameterType.entityClass">com.melilla.gestPlanes.model.Contrato</param>
                <param name="org.hibernate.type.ParameterType.propertyName">gc</param>
            </type>
        </property>
        <property insert="true" name="porcentajeHoras" update="false">
            <column name="porcentaje_horas"/>
            <type name="string">
                <param name="org.hibernate.type.ParameterType.primaryKey">false</param>
                <param name="org.hibernate.type.ParameterType.dynamic">true</param>
                <param name="org.hibernate.type.ParameterType.returnedClass">java.lang.String</param>
                <param name="org.hibernate.type.ParameterType.accessType">field</param>
                <param name="org.hibernate.type.ParameterType.entityClass">com.melilla.gestPlanes.model.Contrato</param>
                <param name="org.hibernate.type.ParameterType.propertyName">porcentajeHoras</param>
            </type>
        </property>
        <property insert="true" name="prorratas" update="false">
            <column name="prorratas"/>
            <type name="string">
                <param name="org.hibernate.type.ParameterType.primaryKey">false</param>
                <param name="org.hibernate.type.ParameterType.dynamic">true</param>
                <param name="org.hibernate.type.ParameterType.returnedClass">java.lang.String</param>
                <param name="org.hibernate.type.ParameterType.accessType">field</param>
                <param name="org.hibernate.type.ParameterType.entityClass">com.melilla.gestPlanes.model.Contrato</param>
                <param name="org.hibernate.type.ParameterType.propertyName">prorratas</param>
            </type>
        </property>
        <property insert="true" name="residencia" update="false">
            <column name="residencia"/>
            <type name="string">
                <param name="org.hibernate.type.ParameterType.primaryKey">false</param>
                <param name="org.hibernate.type.ParameterType.dynamic">true</param>
                <param name="org.hibernate.type.ParameterType.returnedClass">java.lang.String</param>
                <param name="org.hibernate.type.ParameterType.accessType">field</param>
                <param name="org.hibernate.type.ParameterType.entityClass">com.melilla.gestPlanes.model.Contrato</param>
                <param name="org.hibernate.type.ParameterType.propertyName">residencia</param>
            </type>
        </property>
        <property insert="true" name="total" update="false">
            <column name="total"/>
            <type name="string">
                <param name="org.hibernate.type.ParameterType.primaryKey">false</param>
                <param name="org.hibernate.type.ParameterType.dynamic">true</param>
                <param name="org.hibernate.type.ParameterType.returnedClass">java.lang.String</param>
                <param name="org.hibernate.type.ParameterType.accessType">field</param>
                <param name="org.hibernate.type.ParameterType.entityClass">com.melilla.gestPlanes.model.Contrato</param>
                <param name="org.hibernate.type.ParameterType.propertyName">total</param>
            </type>
        </property>
        <property insert="true" name="turno" update="false">
            <column name="turno"/>
            <type name="string">
                <param name="org.hibernate.type.ParameterType.primaryKey">false</param>
                <param name="org.hibernate.type.ParameterType.dynamic">true</param>
                <param name="org.hibernate.type.ParameterType.returnedClass">java.lang.String</param>
                <param name="org.hibernate.type.ParameterType.accessType">field</param>
                <param name="org.hibernate.type.ParameterType.entityClass">com.melilla.gestPlanes.model.Contrato</param>
                <param name="org.hibernate.type.ParameterType.propertyName">turno</param>
            </type>
        </property>
        <property insert="true" name="ciudadano_idCiudadano" update="false">
            <column name="id_ciudadano"/>
            <type name="long">
                <param name="org.hibernate.type.ParameterType.primaryKey">false</param>
                <param name="org.hibernate.type.ParameterType.dynamic">true</param>
                <param name="org.hibernate.type.ParameterType.returnedClass">java.lang.Long</param>
                <param name="org.hibernate.type.ParameterType.accessType">field</param>
                <param name="org.hibernate.type.ParameterType.entityClass">com.melilla.gestPlanes.model.Ciudadano</param>
                <param name="org.hibernate.type.ParameterType.propertyName">idCiudadano</param>
            </type>
        </property>
        <property insert="true" name="salario_idSalario" update="false">
            <column name="id_salario"/>
            <type name="long">
                <param name="org.hibernate.type.ParameterType.primaryKey">false</param>
                <param name="org.hibernate.type.ParameterType.dynamic">true</param>
                <param name="org.hibernate.type.ParameterType.returnedClass">java.lang.Long</param>
                <param name="org.hibernate.type.ParameterType.accessType">field</param>
                <param name="org.hibernate.type.ParameterType.entityClass">com.melilla.gestPlanes.model.Salario</param>
                <param name="org.hibernate.type.ParameterType.propertyName">idSalario</param>
            </type>
        </property>
    </class>
</hibernate-mapping>

2025-10-30T12:27:02.277+01:00  INFO 35752 --- [restartedMain] .e.b.i.AdditionalJaxbMappingProducerImpl : Adding JAXB document mapping
2025-10-30T12:27:02.323+01:00  INFO 35752 --- [restartedMain] org.hibernate.envers.boot                : HHH90005601: Envers-generated HBM mapping...
<?xml version="1.0" encoding="UTF-8" standalone="yes"?>
<hibernate-mapping auto-import="false" xmlns="http://www.hibernate.org/xsd/orm/hbm">
    <class discriminator-value="NotaCiudadano" table="nota_ciudadano_AUD" entity-name="com.melilla.gestPlanes.model.NotaCiudadano_AUD" abstract="false">
        <composite-id name="originalId">
            <key-property name="idNota">
                <column name="id_nota"/>
                <type name="long">
                    <param name="org.hibernate.type.ParameterType.primaryKey">false</param>
                    <param name="org.hibernate.type.ParameterType.dynamic">true</param>
                    <param name="org.hibernate.type.ParameterType.returnedClass">java.lang.Long</param>
                    <param name="org.hibernate.type.ParameterType.accessType">field</param>
                    <param name="org.hibernate.type.ParameterType.entityClass">com.melilla.gestPlanes.model.NotaCiudadano</param>
                    <param name="org.hibernate.type.ParameterType.propertyName">idNota</param>
                </type>
            </key-property>
            <key-many-to-one class="com.melilla.gestPlanes.envers.CustomRevisionEntity" name="REV">
                <column name="REV"/>
            </key-many-to-one>
        </composite-id>
        <property insert="true" name="REVTYPE" type="org.hibernate.envers.internal.entities.RevisionTypeType" update="false"/>
        <many-to-one class="com.melilla.gestPlanes.envers.CustomRevisionEntity" insert="true" name="REVEND" update="true">
            <column name="REVEND"/>
        </many-to-one>
        <property insert="true" name="REVEND_TSTMP" type="timestamp" update="true">
            <column name="REVEND_TSTMP"/>
        </property>
        <property insert="true" name="asunto" update="false">
            <column name="asunto"/>
            <type name="string">
                <param name="org.hibernate.type.ParameterType.primaryKey">false</param>
                <param name="org.hibernate.type.ParameterType.dynamic">true</param>
                <param name="org.hibernate.type.ParameterType.returnedClass">java.lang.String</param>
                <param name="org.hibernate.type.ParameterType.accessType">field</param>
                <param name="org.hibernate.type.ParameterType.entityClass">com.melilla.gestPlanes.model.NotaCiudadano</param>
                <param name="org.hibernate.type.ParameterType.propertyName">asunto</param>
            </type>
        </property>
        <property insert="true" name="createdAt" update="false">
            <column name="created_at"/>
            <type name="LocalDateTime">
                <param name="org.hibernate.type.ParameterType.primaryKey">false</param>
                <param name="org.hibernate.type.ParameterType.dynamic">true</param>
                <param name="org.hibernate.type.ParameterType.returnedClass">java.time.LocalDateTime</param>
                <param name="org.hibernate.type.ParameterType.accessType">field</param>
                <param name="org.hibernate.type.ParameterType.entityClass">com.melilla.gestPlanes.model.NotaCiudadano</param>
                <param name="org.hibernate.type.ParameterType.propertyName">createdAt</param>
            </type>
        </property>
        <property insert="true" name="deleted" type="boolean" update="false">
            <column name="deleted"/>
        </property>
        <property insert="true" name="deletedAt" update="false">
            <column name="deleted_at"/>
            <type name="LocalDateTime">
                <param name="org.hibernate.type.ParameterType.primaryKey">false</param>
                <param name="org.hibernate.type.ParameterType.dynamic">true</param>
                <param name="org.hibernate.type.ParameterType.returnedClass">java.time.LocalDateTime</param>
                <param name="org.hibernate.type.ParameterType.accessType">field</param>
                <param name="org.hibernate.type.ParameterType.entityClass">com.melilla.gestPlanes.model.NotaCiudadano</param>
                <param name="org.hibernate.type.ParameterType.propertyName">deletedAt</param>
            </type>
        </property>
        <property insert="true" name="fechaNota" update="false">
            <column name="fecha_nota"/>
            <type name="LocalDate">
                <param name="org.hibernate.type.ParameterType.primaryKey">false</param>
                <param name="org.hibernate.type.ParameterType.dynamic">true</param>
                <param name="org.hibernate.type.ParameterType.returnedClass">java.time.LocalDate</param>
                <param name="org.hibernate.type.ParameterType.accessType">field</param>
                <param name="org.hibernate.type.ParameterType.entityClass">com.melilla.gestPlanes.model.NotaCiudadano</param>
                <param name="org.hibernate.type.ParameterType.propertyName">fechaNota</param>
            </type>
        </property>
        <property insert="true" name="nota" update="false">
            <column name="nota"/>
            <type name="string">
                <param name="org.hibernate.type.ParameterType.primaryKey">false</param>
                <param name="org.hibernate.type.ParameterType.dynamic">true</param>
                <param name="org.hibernate.type.ParameterType.returnedClass">java.lang.String</param>
                <param name="org.hibernate.type.ParameterType.accessType">field</param>
                <param name="org.hibernate.type.ParameterType.entityClass">com.melilla.gestPlanes.model.NotaCiudadano</param>
                <param name="org.hibernate.type.ParameterType.propertyName">nota</param>
            </type>
        </property>
        <property insert="true" name="pinned" type="boolean" update="false">
            <column name="pinned"/>
        </property>
        <property insert="true" name="ciudadano_idCiudadano" update="false">
            <column name="id_ciudadano"/>
            <type name="long">
                <param name="org.hibernate.type.ParameterType.primaryKey">false</param>
                <param name="org.hibernate.type.ParameterType.dynamic">true</param>
                <param name="org.hibernate.type.ParameterType.returnedClass">java.lang.Long</param>
                <param name="org.hibernate.type.ParameterType.accessType">field</param>
                <param name="org.hibernate.type.ParameterType.entityClass">com.melilla.gestPlanes.model.Ciudadano</param>
                <param name="org.hibernate.type.ParameterType.propertyName">idCiudadano</param>
            </type>
        </property>
    </class>
</hibernate-mapping>

2025-10-30T12:27:02.323+01:00  INFO 35752 --- [restartedMain] .e.b.i.AdditionalJaxbMappingProducerImpl : Adding JAXB document mapping
2025-10-30T12:27:02.362+01:00  INFO 35752 --- [restartedMain] org.hibernate.envers.boot                : HHH90005601: Envers-generated HBM mapping...
<?xml version="1.0" encoding="UTF-8" standalone="yes"?>
<hibernate-mapping auto-import="false" xmlns="http://www.hibernate.org/xsd/orm/hbm">
    <class discriminator-value="Documento" table="documento_AUD" entity-name="com.melilla.gestPlanes.model.Documento_AUD" abstract="false">
        <composite-id name="originalId">
            <key-property name="idDocumento">
                <column name="id_documento"/>
                <type name="long">
                    <param name="org.hibernate.type.ParameterType.primaryKey">false</param>
                    <param name="org.hibernate.type.ParameterType.dynamic">true</param>
                    <param name="org.hibernate.type.ParameterType.returnedClass">java.lang.Long</param>
                    <param name="org.hibernate.type.ParameterType.accessType">field</param>
                    <param name="org.hibernate.type.ParameterType.entityClass">com.melilla.gestPlanes.model.Documento</param>
                    <param name="org.hibernate.type.ParameterType.propertyName">idDocumento</param>
                </type>
            </key-property>
            <key-many-to-one class="com.melilla.gestPlanes.envers.CustomRevisionEntity" name="REV">
                <column name="REV"/>
            </key-many-to-one>
        </composite-id>
        <property insert="true" name="REVTYPE" type="org.hibernate.envers.internal.entities.RevisionTypeType" update="false"/>
        <many-to-one class="com.melilla.gestPlanes.envers.CustomRevisionEntity" insert="true" name="REVEND" update="true">
            <column name="REVEND"/>
        </many-to-one>
        <property insert="true" name="REVEND_TSTMP" type="timestamp" update="true">
            <column name="REVEND_TSTMP"/>
        </property>
        <property insert="true" name="createdAt" update="false">
            <column name="created_at"/>
            <type name="LocalDateTime">
                <param name="org.hibernate.type.ParameterType.primaryKey">false</param>
                <param name="org.hibernate.type.ParameterType.dynamic">true</param>
                <param name="org.hibernate.type.ParameterType.returnedClass">java.time.LocalDateTime</param>
                <param name="org.hibernate.type.ParameterType.accessType">field</param>
                <param name="org.hibernate.type.ParameterType.entityClass">com.melilla.gestPlanes.model.Documento</param>
                <param name="org.hibernate.type.ParameterType.propertyName">createdAt</param>
            </type>
        </property>
        <property insert="true" name="deleted" type="boolean" update="false">
            <column name="deleted"/>
        </property>
        <property insert="true" name="deletedAt" update="false">
            <column name="deleted_at"/>
            <type name="LocalDateTime">
                <param name="org.hibernate.type.ParameterType.primaryKey">false</param>
                <param name="org.hibernate.type.ParameterType.dynamic">true</param>
                <param name="org.hibernate.type.ParameterType.returnedClass">java.time.LocalDateTime</param>
                <param name="org.hibernate.type.ParameterType.accessType">field</param>
                <param name="org.hibernate.type.ParameterType.entityClass">com.melilla.gestPlanes.model.Documento</param>
                <param name="org.hibernate.type.ParameterType.propertyName">deletedAt</param>
            </type>
        </property>
        <property insert="true" name="nombre" update="false">
            <column name="nombre"/>
            <type name="string">
                <param name="org.hibernate.type.ParameterType.primaryKey">false</param>
                <param name="org.hibernate.type.ParameterType.dynamic">true</param>
                <param name="org.hibernate.type.ParameterType.returnedClass">java.lang.String</param>
                <param name="org.hibernate.type.ParameterType.accessType">field</param>
                <param name="org.hibernate.type.ParameterType.entityClass">com.melilla.gestPlanes.model.Documento</param>
                <param name="org.hibernate.type.ParameterType.propertyName">nombre</param>
            </type>
        </property>
        <property insert="true" name="observaciones" update="false">
            <column name="observaciones"/>
            <type name="string">
                <param name="org.hibernate.type.ParameterType.primaryKey">false</param>
                <param name="org.hibernate.type.ParameterType.dynamic">true</param>
                <param name="org.hibernate.type.ParameterType.returnedClass">java.lang.String</param>
                <param name="org.hibernate.type.ParameterType.accessType">field</param>
                <param name="org.hibernate.type.ParameterType.entityClass">com.melilla.gestPlanes.model.Documento</param>
                <param name="org.hibernate.type.ParameterType.propertyName">observaciones</param>
            </type>
        </property>
        <property insert="true" name="ruta" update="false">
            <column name="ruta"/>
            <type name="string">
                <param name="org.hibernate.type.ParameterType.primaryKey">false</param>
                <param name="org.hibernate.type.ParameterType.dynamic">true</param>
                <param name="org.hibernate.type.ParameterType.returnedClass">java.lang.String</param>
                <param name="org.hibernate.type.ParameterType.accessType">field</param>
                <param name="org.hibernate.type.ParameterType.entityClass">com.melilla.gestPlanes.model.Documento</param>
                <param name="org.hibernate.type.ParameterType.propertyName">ruta</param>
            </type>
        </property>
        <property insert="true" name="tipo" update="false">
            <column name="tipo"/>
            <type name="string">
                <param name="org.hibernate.type.ParameterType.primaryKey">false</param>
                <param name="org.hibernate.type.ParameterType.dynamic">true</param>
                <param name="org.hibernate.type.ParameterType.returnedClass">java.lang.String</param>
                <param name="org.hibernate.type.ParameterType.accessType">field</param>
                <param name="org.hibernate.type.ParameterType.entityClass">com.melilla.gestPlanes.model.Documento</param>
                <param name="org.hibernate.type.ParameterType.propertyName">tipo</param>
            </type>
        </property>
        <property insert="true" name="ciudadano_idCiudadano" update="false">
            <column name="id_ciudadano"/>
            <type name="long">
                <param name="org.hibernate.type.ParameterType.primaryKey">false</param>
                <param name="org.hibernate.type.ParameterType.dynamic">true</param>
                <param name="org.hibernate.type.ParameterType.returnedClass">java.lang.Long</param>
                <param name="org.hibernate.type.ParameterType.accessType">field</param>
                <param name="org.hibernate.type.ParameterType.entityClass">com.melilla.gestPlanes.model.Ciudadano</param>
                <param name="org.hibernate.type.ParameterType.propertyName">idCiudadano</param>
            </type>
        </property>
    </class>
</hibernate-mapping>

2025-10-30T12:27:02.362+01:00  INFO 35752 --- [restartedMain] .e.b.i.AdditionalJaxbMappingProducerImpl : Adding JAXB document mapping
2025-10-30T12:27:02.407+01:00  INFO 35752 --- [restartedMain] org.hibernate.envers.boot                : HHH90005601: Envers-generated HBM mapping...
<?xml version="1.0" encoding="UTF-8" standalone="yes"?>
<hibernate-mapping auto-import="false" xmlns="http://www.hibernate.org/xsd/orm/hbm">
    <class discriminator-value="Ciudadano" table="ciudadano_AUD" entity-name="com.melilla.gestPlanes.model.Ciudadano_AUD" abstract="false">
        <composite-id name="originalId">
            <key-property name="idCiudadano">
                <column name="id_ciudadano"/>
                <type name="long">
                    <param name="org.hibernate.type.ParameterType.primaryKey">false</param>
                    <param name="org.hibernate.type.ParameterType.dynamic">true</param>
                    <param name="org.hibernate.type.ParameterType.returnedClass">java.lang.Long</param>
                    <param name="org.hibernate.type.ParameterType.accessType">field</param>
                    <param name="org.hibernate.type.ParameterType.entityClass">com.melilla.gestPlanes.model.Ciudadano</param>
                    <param name="org.hibernate.type.ParameterType.propertyName">idCiudadano</param>
                </type>
            </key-property>
            <key-many-to-one class="com.melilla.gestPlanes.envers.CustomRevisionEntity" name="REV">
                <column name="REV"/>
            </key-many-to-one>
        </composite-id>
        <property insert="true" name="REVTYPE" type="org.hibernate.envers.internal.entities.RevisionTypeType" update="false"/>
        <many-to-one class="com.melilla.gestPlanes.envers.CustomRevisionEntity" insert="true" name="REVEND" update="true">
            <column name="REVEND"/>
        </many-to-one>
        <property insert="true" name="REVEND_TSTMP" type="timestamp" update="true">
            <column name="REVEND_TSTMP"/>
        </property>
        <property insert="true" name="DNI" update="false">
            <column name="dni"/>
            <type name="string">
                <param name="org.hibernate.type.ParameterType.primaryKey">false</param>
                <param name="org.hibernate.type.ParameterType.dynamic">true</param>
                <param name="org.hibernate.type.ParameterType.returnedClass">java.lang.String</param>
                <param name="org.hibernate.type.ParameterType.accessType">field</param>
                <param name="org.hibernate.type.ParameterType.entityClass">com.melilla.gestPlanes.model.Ciudadano</param>
                <param name="org.hibernate.type.ParameterType.propertyName">DNI</param>
            </type>
        </property>
        <property insert="true" name="altaSS" type="boolean" update="false">
            <column name="altass"/>
        </property>
        <property insert="true" name="antecedentes" type="boolean" update="false">
            <column name="antecedentes"/>
        </property>
        <property insert="true" name="apellido1" update="false">
            <column name="apellido1"/>
            <type name="string">
                <param name="org.hibernate.type.ParameterType.primaryKey">false</param>
                <param name="org.hibernate.type.ParameterType.dynamic">true</param>
                <param name="org.hibernate.type.ParameterType.returnedClass">java.lang.String</param>
                <param name="org.hibernate.type.ParameterType.accessType">field</param>
                <param name="org.hibernate.type.ParameterType.entityClass">com.melilla.gestPlanes.model.Ciudadano</param>
                <param name="org.hibernate.type.ParameterType.propertyName">apellido1</param>
            </type>
        </property>
        <property insert="true" name="apellido2" update="false">
            <column name="apellido2"/>
            <type name="string">
                <param name="org.hibernate.type.ParameterType.primaryKey">false</param>
                <param name="org.hibernate.type.ParameterType.dynamic">true</param>
                <param name="org.hibernate.type.ParameterType.returnedClass">java.lang.String</param>
                <param name="org.hibernate.type.ParameterType.accessType">field</param>
                <param name="org.hibernate.type.ParameterType.entityClass">com.melilla.gestPlanes.model.Ciudadano</param>
                <param name="org.hibernate.type.ParameterType.propertyName">apellido2</param>
            </type>
        </property>
        <property insert="true" name="bajaLaboral" type="boolean" update="false">
            <column name="baja_laboral"/>
        </property>
        <property insert="true" name="bajaMaternal" type="boolean" update="false">
            <column name="baja_maternal"/>
        </property>
        <property insert="true" name="ccc" update="false">
            <column name="ccc"/>
            <type name="string">
                <param name="org.hibernate.type.ParameterType.primaryKey">false</param>
                <param name="org.hibernate.type.ParameterType.dynamic">true</param>
                <param name="org.hibernate.type.ParameterType.returnedClass">java.lang.String</param>
                <param name="org.hibernate.type.ParameterType.accessType">field</param>
                <param name="org.hibernate.type.ParameterType.entityClass">com.melilla.gestPlanes.model.Ciudadano</param>
                <param name="org.hibernate.type.ParameterType.propertyName">ccc</param>
            </type>
        </property>
        <property insert="true" name="contrata" type="boolean" update="false">
            <column name="contrata"/>
        </property>
        <property insert="true" name="createdAt" update="false">
            <column name="created_at"/>
            <type name="LocalDateTime">
                <param name="org.hibernate.type.ParameterType.primaryKey">false</param>
                <param name="org.hibernate.type.ParameterType.dynamic">true</param>
                <param name="org.hibernate.type.ParameterType.returnedClass">java.time.LocalDateTime</param>
                <param name="org.hibernate.type.ParameterType.accessType">field</param>
                <param name="org.hibernate.type.ParameterType.entityClass">com.melilla.gestPlanes.model.Ciudadano</param>
                <param name="org.hibernate.type.ParameterType.propertyName">createdAt</param>
            </type>
        </property>
        <property insert="true" name="cupo" type="boolean" update="false">
            <column name="cupo"/>
        </property>
        <property insert="true" name="deleted" type="boolean" update="false">
            <column name="deleted"/>
        </property>
        <property insert="true" name="deletedAt" update="false">
            <column name="deleted_at"/>
            <type name="LocalDateTime">
                <param name="org.hibernate.type.ParameterType.primaryKey">false</param>
                <param name="org.hibernate.type.ParameterType.dynamic">true</param>
                <param name="org.hibernate.type.ParameterType.returnedClass">java.time.LocalDateTime</param>
                <param name="org.hibernate.type.ParameterType.accessType">field</param>
                <param name="org.hibernate.type.ParameterType.entityClass">com.melilla.gestPlanes.model.Ciudadano</param>
                <param name="org.hibernate.type.ParameterType.propertyName">deletedAt</param>
            </type>
        </property>
        <property insert="true" name="email" update="false">
            <column name="email"/>
            <type name="string">
                <param name="org.hibernate.type.ParameterType.primaryKey">false</param>
                <param name="org.hibernate.type.ParameterType.dynamic">true</param>
                <param name="org.hibernate.type.ParameterType.returnedClass">java.lang.String</param>
                <param name="org.hibernate.type.ParameterType.accessType">field</param>
                <param name="org.hibernate.type.ParameterType.entityClass">com.melilla.gestPlanes.model.Ciudadano</param>
                <param name="org.hibernate.type.ParameterType.propertyName">email</param>
            </type>
        </property>
        <property insert="true" name="esJefeEquipo" type="boolean" update="false">
            <column name="es_jefe_equipo"/>
        </property>
        <property insert="true" name="escaneado" type="boolean" update="false">
            <column name="escaneado"/>
        </property>
        <property insert="true" name="estado" update="false">
            <column name="estado"/>
            <type name="string">
                <param name="org.hibernate.type.ParameterType.primaryKey">false</param>
                <param name="org.hibernate.type.ParameterType.dynamic">true</param>
                <param name="org.hibernate.type.ParameterType.returnedClass">java.lang.String</param>
                <param name="org.hibernate.type.ParameterType.accessType">field</param>
                <param name="org.hibernate.type.ParameterType.entityClass">com.melilla.gestPlanes.model.Ciudadano</param>
                <param name="org.hibernate.type.ParameterType.propertyName">estado</param>
            </type>
        </property>
        <property insert="true" name="estadoCivil" update="false">
            <column name="estado_civil"/>
            <type name="string">
                <param name="org.hibernate.type.ParameterType.primaryKey">false</param>
                <param name="org.hibernate.type.ParameterType.dynamic">true</param>
                <param name="org.hibernate.type.ParameterType.returnedClass">java.lang.String</param>
                <param name="org.hibernate.type.ParameterType.accessType">field</param>
                <param name="org.hibernate.type.ParameterType.entityClass">com.melilla.gestPlanes.model.Ciudadano</param>
                <param name="org.hibernate.type.ParameterType.propertyName">estadoCivil</param>
            </type>
        </property>
        <property insert="true" name="fechaListadoSepe" update="false">
            <column name="fecha_listado_sepe"/>
            <type name="LocalDate">
                <param name="org.hibernate.type.ParameterType.primaryKey">false</param>
                <param name="org.hibernate.type.ParameterType.dynamic">true</param>
                <param name="org.hibernate.type.ParameterType.returnedClass">java.time.LocalDate</param>
                <param name="org.hibernate.type.ParameterType.accessType">field</param>
                <param name="org.hibernate.type.ParameterType.entityClass">com.melilla.gestPlanes.model.Ciudadano</param>
                <param name="org.hibernate.type.ParameterType.propertyName">fechaListadoSepe</param>
            </type>
        </property>
        <property insert="true" name="fechaNacimiento" update="false">
            <column name="fecha_nacimiento"/>
            <type name="LocalDate">
                <param name="org.hibernate.type.ParameterType.primaryKey">false</param>
                <param name="org.hibernate.type.ParameterType.dynamic">true</param>
                <param name="org.hibernate.type.ParameterType.returnedClass">java.time.LocalDate</param>
                <param name="org.hibernate.type.ParameterType.accessType">field</param>
                <param name="org.hibernate.type.ParameterType.entityClass">com.melilla.gestPlanes.model.Ciudadano</param>
                <param name="org.hibernate.type.ParameterType.propertyName">fechaNacimiento</param>
            </type>
        </property>
        <property insert="true" name="fechaRegistro" update="false">
            <column name="fecha_registro"/>
            <type name="LocalDate">
                <param name="org.hibernate.type.ParameterType.primaryKey">false</param>
                <param name="org.hibernate.type.ParameterType.dynamic">true</param>
                <param name="org.hibernate.type.ParameterType.returnedClass">java.time.LocalDate</param>
                <param name="org.hibernate.type.ParameterType.accessType">field</param>
                <param name="org.hibernate.type.ParameterType.entityClass">com.melilla.gestPlanes.model.Ciudadano</param>
                <param name="org.hibernate.type.ParameterType.propertyName">fechaRegistro</param>
            </type>
        </property>
        <property insert="true" name="nacionalidad" update="false">
            <column name="nacionalidad"/>
            <type name="string">
                <param name="org.hibernate.type.ParameterType.primaryKey">false</param>
                <param name="org.hibernate.type.ParameterType.dynamic">true</param>
                <param name="org.hibernate.type.ParameterType.returnedClass">java.lang.String</param>
                <param name="org.hibernate.type.ParameterType.accessType">field</param>
                <param name="org.hibernate.type.ParameterType.entityClass">com.melilla.gestPlanes.model.Ciudadano</param>
                <param name="org.hibernate.type.ParameterType.propertyName">nacionalidad</param>
            </type>
        </property>
        <property insert="true" name="nedaes" type="boolean" update="false">
            <column name="nedaes"/>
        </property>
        <property insert="true" name="nombre" update="false">
            <column name="nombre"/>
            <type name="string">
                <param name="org.hibernate.type.ParameterType.primaryKey">false</param>
                <param name="org.hibernate.type.ParameterType.dynamic">true</param>
                <param name="org.hibernate.type.ParameterType.returnedClass">java.lang.String</param>
                <param name="org.hibernate.type.ParameterType.accessType">field</param>
                <param name="org.hibernate.type.ParameterType.entityClass">com.melilla.gestPlanes.model.Ciudadano</param>
                <param name="org.hibernate.type.ParameterType.propertyName">nombre</param>
            </type>
        </property>
        <property insert="true" name="numeroOrdenSepe" type="integer" update="false">
            <column name="numero_orden_sepe"/>
        </property>
        <property insert="true" name="reclamaSalarios" type="boolean" update="false">
            <column name="reclama_salarios"/>
        </property>
        <property insert="true" name="seguridadSocial" update="false">
            <column name="seguridad_social"/>
            <type name="string">
                <param name="org.hibernate.type.ParameterType.primaryKey">false</param>
                <param name="org.hibernate.type.ParameterType.dynamic">true</param>
                <param name="org.hibernate.type.ParameterType.returnedClass">java.lang.String</param>
                <param name="org.hibernate.type.ParameterType.accessType">field</param>
                <param name="org.hibernate.type.ParameterType.entityClass">com.melilla.gestPlanes.model.Ciudadano</param>
                <param name="org.hibernate.type.ParameterType.propertyName">seguridadSocial</param>
            </type>
        </property>
        <property insert="true" name="sexo" update="false">
            <column name="sexo"/>
            <type name="string">
                <param name="org.hibernate.type.ParameterType.primaryKey">false</param>
                <param name="org.hibernate.type.ParameterType.dynamic">true</param>
                <param name="org.hibernate.type.ParameterType.returnedClass">java.lang.String</param>
                <param name="org.hibernate.type.ParameterType.accessType">field</param>
                <param name="org.hibernate.type.ParameterType.entityClass">com.melilla.gestPlanes.model.Ciudadano</param>
                <param name="org.hibernate.type.ParameterType.propertyName">sexo</param>
            </type>
        </property>
        <property insert="true" name="sinClausula" type="boolean" update="false">
            <column name="sin_clausula"/>
        </property>
        <property insert="true" name="suplente" type="boolean" update="false">
            <column name="suplente"/>
        </property>
        <property insert="true" name="telefono" update="false">
            <column name="telefono"/>
            <type name="string">
                <param name="org.hibernate.type.ParameterType.primaryKey">false</param>
                <param name="org.hibernate.type.ParameterType.dynamic">true</param>
                <param name="org.hibernate.type.ParameterType.returnedClass">java.lang.String</param>
                <param name="org.hibernate.type.ParameterType.accessType">field</param>
                <param name="org.hibernate.type.ParameterType.entityClass">com.melilla.gestPlanes.model.Ciudadano</param>
                <param name="org.hibernate.type.ParameterType.propertyName">telefono</param>
            </type>
        </property>
        <property insert="true" name="vacacionesDisfrutadas" type="integer" update="false">
            <column name="vacaciones_disfrutadas"/>
        </property>
        <property insert="true" name="vg" type="boolean" update="false">
            <column name="vg"/>
        </property>
    </class>
</hibernate-mapping>

2025-10-30T12:27:02.407+01:00  INFO 35752 --- [restartedMain] .e.b.i.AdditionalJaxbMappingProducerImpl : Adding JAXB document mapping
2025-10-30T12:27:02.456+01:00  INFO 35752 --- [restartedMain] org.hibernate.envers.boot                : HHH90005601: Envers-generated HBM mapping...
<?xml version="1.0" encoding="UTF-8" standalone="yes"?>
<hibernate-mapping auto-import="false" xmlns="http://www.hibernate.org/xsd/orm/hbm">
    <class discriminator-value="PlantillaContratoConfig" table="plantilla_contrato_config_AUD" entity-name="com.melilla.gestPlanes.model.config.PlantillaContratoConfig_AUD" abstract="false">
        <composite-id name="originalId">
            <key-property name="idContratoConfig">
                <column name="id_contrato_config"/>
                <type name="long">
                    <param name="org.hibernate.type.ParameterType.primaryKey">false</param>
                    <param name="org.hibernate.type.ParameterType.dynamic">true</param>
                    <param name="org.hibernate.type.ParameterType.returnedClass">java.lang.Long</param>
                    <param name="org.hibernate.type.ParameterType.accessType">field</param>
                    <param name="org.hibernate.type.ParameterType.entityClass">com.melilla.gestPlanes.model.config.PlantillaContratoConfig</param>
                    <param name="org.hibernate.type.ParameterType.propertyName">idContratoConfig</param>
                </type>
            </key-property>
            <key-many-to-one class="com.melilla.gestPlanes.envers.CustomRevisionEntity" name="REV">
                <column name="REV"/>
            </key-many-to-one>
        </composite-id>
        <property insert="true" name="REVTYPE" type="org.hibernate.envers.internal.entities.RevisionTypeType" update="false"/>
        <many-to-one class="com.melilla.gestPlanes.envers.CustomRevisionEntity" insert="true" name="REVEND" update="true">
            <column name="REVEND"/>
        </many-to-one>
        <property insert="true" name="REVEND_TSTMP" type="timestamp" update="true">
            <column name="REVEND_TSTMP"/>
        </property>
        <property insert="true" name="activa" type="boolean" update="false">
            <column name="activa"/>
        </property>
        <property insert="true" name="actividadEconomica" update="false">
            <column name="actividad_economica"/>
            <type name="string">
                <param name="org.hibernate.type.ParameterType.primaryKey">false</param>
                <param name="org.hibernate.type.ParameterType.dynamic">true</param>
                <param name="org.hibernate.type.ParameterType.returnedClass">java.lang.String</param>
                <param name="org.hibernate.type.ParameterType.accessType">field</param>
                <param name="org.hibernate.type.ParameterType.entityClass">com.melilla.gestPlanes.model.config.PlantillaContratoConfig</param>
                <param name="org.hibernate.type.ParameterType.propertyName">actividadEconomica</param>
            </type>
        </property>
        <property insert="true" name="cargoRepresentante" update="false">
            <column name="cargo_representante"/>
            <type name="string">
                <param name="org.hibernate.type.ParameterType.primaryKey">false</param>
                <param name="org.hibernate.type.ParameterType.dynamic">true</param>
                <param name="org.hibernate.type.ParameterType.returnedClass">java.lang.String</param>
                <param name="org.hibernate.type.ParameterType.accessType">field</param>
                <param name="org.hibernate.type.ParameterType.entityClass">com.melilla.gestPlanes.model.config.PlantillaContratoConfig</param>
                <param name="org.hibernate.type.ParameterType.propertyName">cargoRepresentante</param>
            </type>
        </property>
        <property insert="true" name="cif" update="false">
            <column name="cif"/>
            <type name="string">
                <param name="org.hibernate.type.ParameterType.primaryKey">false</param>
                <param name="org.hibernate.type.ParameterType.dynamic">true</param>
                <param name="org.hibernate.type.ParameterType.returnedClass">java.lang.String</param>
                <param name="org.hibernate.type.ParameterType.accessType">field</param>
                <param name="org.hibernate.type.ParameterType.entityClass">com.melilla.gestPlanes.model.config.PlantillaContratoConfig</param>
                <param name="org.hibernate.type.ParameterType.propertyName">cif</param>
            </type>
        </property>
        <property insert="true" name="clausulaAdicional" update="false">
            <column length="255" name="clausula_adicional" sql-type="TEXT"/>
            <type name="string">
                <param name="org.hibernate.type.ParameterType.primaryKey">false</param>
                <param name="org.hibernate.type.ParameterType.dynamic">true</param>
                <param name="org.hibernate.type.ParameterType.returnedClass">java.lang.String</param>
                <param name="org.hibernate.type.ParameterType.accessType">field</param>
                <param name="org.hibernate.type.ParameterType.entityClass">com.melilla.gestPlanes.model.config.PlantillaContratoConfig</param>
                <param name="org.hibernate.type.ParameterType.propertyName">clausulaAdicional</param>
            </type>
        </property>
        <property insert="true" name="clausulaEspecifica" update="false">
            <column length="255" name="clausula_especifica" sql-type="TEXT"/>
            <type name="string">
                <param name="org.hibernate.type.ParameterType.primaryKey">false</param>
                <param name="org.hibernate.type.ParameterType.dynamic">true</param>
                <param name="org.hibernate.type.ParameterType.returnedClass">java.lang.String</param>
                <param name="org.hibernate.type.ParameterType.accessType">field</param>
                <param name="org.hibernate.type.ParameterType.entityClass">com.melilla.gestPlanes.model.config.PlantillaContratoConfig</param>
                <param name="org.hibernate.type.ParameterType.propertyName">clausulaEspecifica</param>
            </type>
        </property>
        <property insert="true" name="codigoCuentaCotizacion" update="false">
            <column name="codigo_cuenta_cotizacion"/>
            <type name="string">
                <param name="org.hibernate.type.ParameterType.primaryKey">false</param>
                <param name="org.hibernate.type.ParameterType.dynamic">true</param>
                <param name="org.hibernate.type.ParameterType.returnedClass">java.lang.String</param>
                <param name="org.hibernate.type.ParameterType.accessType">field</param>
                <param name="org.hibernate.type.ParameterType.entityClass">com.melilla.gestPlanes.model.config.PlantillaContratoConfig</param>
                <param name="org.hibernate.type.ParameterType.propertyName">codigoCuentaCotizacion</param>
            </type>
        </property>
        <property insert="true" name="codigoMunicipioEmpresa" update="false">
            <column name="codigo_municipio_empresa"/>
            <type name="string">
                <param name="org.hibernate.type.ParameterType.primaryKey">false</param>
                <param name="org.hibernate.type.ParameterType.dynamic">true</param>
                <param name="org.hibernate.type.ParameterType.returnedClass">java.lang.String</param>
                <param name="org.hibernate.type.ParameterType.accessType">field</param>
                <param name="org.hibernate.type.ParameterType.entityClass">com.melilla.gestPlanes.model.config.PlantillaContratoConfig</param>
                <param name="org.hibernate.type.ParameterType.propertyName">codigoMunicipioEmpresa</param>
            </type>
        </property>
        <property insert="true" name="codigoPaisEmpresa" update="false">
            <column name="codigo_pais_empresa"/>
            <type name="string">
                <param name="org.hibernate.type.ParameterType.primaryKey">false</param>
                <param name="org.hibernate.type.ParameterType.dynamic">true</param>
                <param name="org.hibernate.type.ParameterType.returnedClass">java.lang.String</param>
                <param name="org.hibernate.type.ParameterType.accessType">field</param>
                <param name="org.hibernate.type.ParameterType.entityClass">com.melilla.gestPlanes.model.config.PlantillaContratoConfig</param>
                <param name="org.hibernate.type.ParameterType.propertyName">codigoPaisEmpresa</param>
            </type>
        </property>
        <property insert="true" name="codigoPostalEmpresa" update="false">
            <column name="codigo_postal_empresa"/>
            <type name="string">
                <param name="org.hibernate.type.ParameterType.primaryKey">false</param>
                <param name="org.hibernate.type.ParameterType.dynamic">true</param>
                <param name="org.hibernate.type.ParameterType.returnedClass">java.lang.String</param>
                <param name="org.hibernate.type.ParameterType.accessType">field</param>
                <param name="org.hibernate.type.ParameterType.entityClass">com.melilla.gestPlanes.model.config.PlantillaContratoConfig</param>
                <param name="org.hibernate.type.ParameterType.propertyName">codigoPostalEmpresa</param>
            </type>
        </property>
        <property insert="true" name="dniRepresentante" update="false">
            <column name="dni_representante"/>
            <type name="string">
                <param name="org.hibernate.type.ParameterType.primaryKey">false</param>
                <param name="org.hibernate.type.ParameterType.dynamic">true</param>
                <param name="org.hibernate.type.ParameterType.returnedClass">java.lang.String</param>
                <param name="org.hibernate.type.ParameterType.accessType">field</param>
                <param name="org.hibernate.type.ParameterType.entityClass">com.melilla.gestPlanes.model.config.PlantillaContratoConfig</param>
                <param name="org.hibernate.type.ParameterType.propertyName">dniRepresentante</param>
            </type>
        </property>
        <property insert="true" name="domicilioSocial" update="false">
            <column name="domicilio_social"/>
            <type name="string">
                <param name="org.hibernate.type.ParameterType.primaryKey">false</param>
                <param name="org.hibernate.type.ParameterType.dynamic">true</param>
                <param name="org.hibernate.type.ParameterType.returnedClass">java.lang.String</param>
                <param name="org.hibernate.type.ParameterType.accessType">field</param>
                <param name="org.hibernate.type.ParameterType.entityClass">com.melilla.gestPlanes.model.config.PlantillaContratoConfig</param>
                <param name="org.hibernate.type.ParameterType.propertyName">domicilioSocial</param>
            </type>
        </property>
        <property insert="true" name="horas" update="false">
            <column name="horas"/>
            <type name="string">
                <param name="org.hibernate.type.ParameterType.primaryKey">false</param>
                <param name="org.hibernate.type.ParameterType.dynamic">true</param>
                <param name="org.hibernate.type.ParameterType.returnedClass">java.lang.String</param>
                <param name="org.hibernate.type.ParameterType.accessType">field</param>
                <param name="org.hibernate.type.ParameterType.entityClass">com.melilla.gestPlanes.model.config.PlantillaContratoConfig</param>
                <param name="org.hibernate.type.ParameterType.propertyName">horas</param>
            </type>
        </property>
        <property insert="true" name="municipioEmpresa" update="false">
            <column name="municipio_empresa"/>
            <type name="string">
                <param name="org.hibernate.type.ParameterType.primaryKey">false</param>
                <param name="org.hibernate.type.ParameterType.dynamic">true</param>
                <param name="org.hibernate.type.ParameterType.returnedClass">java.lang.String</param>
                <param name="org.hibernate.type.ParameterType.accessType">field</param>
                <param name="org.hibernate.type.ParameterType.entityClass">com.melilla.gestPlanes.model.config.PlantillaContratoConfig</param>
                <param name="org.hibernate.type.ParameterType.propertyName">municipioEmpresa</param>
            </type>
        </property>
        <property insert="true" name="nombre" update="false">
            <column name="nombre"/>
            <type name="string">
                <param name="org.hibernate.type.ParameterType.primaryKey">false</param>
                <param name="org.hibernate.type.ParameterType.dynamic">true</param>
                <param name="org.hibernate.type.ParameterType.returnedClass">java.lang.String</param>
                <param name="org.hibernate.type.ParameterType.accessType">field</param>
                <param name="org.hibernate.type.ParameterType.entityClass">com.melilla.gestPlanes.model.config.PlantillaContratoConfig</param>
                <param name="org.hibernate.type.ParameterType.propertyName">nombre</param>
            </type>
        </property>
        <property insert="true" name="nombreFicheroPlantilla" update="false">
            <column name="nombre_fichero_plantilla"/>
            <type name="string">
                <param name="org.hibernate.type.ParameterType.primaryKey">false</param>
                <param name="org.hibernate.type.ParameterType.dynamic">true</param>
                <param name="org.hibernate.type.ParameterType.returnedClass">java.lang.String</param>
                <param name="org.hibernate.type.ParameterType.accessType">field</param>
                <param name="org.hibernate.type.ParameterType.entityClass">com.melilla.gestPlanes.model.config.PlantillaContratoConfig</param>
                <param name="org.hibernate.type.ParameterType.propertyName">nombreFicheroPlantilla</param>
            </type>
        </property>
        <property insert="true" name="nombreRepresentante" update="false">
            <column name="nombre_representante"/>
            <type name="string">
                <param name="org.hibernate.type.ParameterType.primaryKey">false</param>
                <param name="org.hibernate.type.ParameterType.dynamic">true</param>
                <param name="org.hibernate.type.ParameterType.returnedClass">java.lang.String</param>
                <param name="org.hibernate.type.ParameterType.accessType">field</param>
                <param name="org.hibernate.type.ParameterType.entityClass">com.melilla.gestPlanes.model.config.PlantillaContratoConfig</param>
                <param name="org.hibernate.type.ParameterType.propertyName">nombreRepresentante</param>
            </type>
        </property>
        <property insert="true" name="paisEmpresa" update="false">
            <column name="pais_empresa"/>
            <type name="string">
                <param name="org.hibernate.type.ParameterType.primaryKey">false</param>
                <param name="org.hibernate.type.ParameterType.dynamic">true</param>
                <param name="org.hibernate.type.ParameterType.returnedClass">java.lang.String</param>
                <param name="org.hibernate.type.ParameterType.accessType">field</param>
                <param name="org.hibernate.type.ParameterType.entityClass">com.melilla.gestPlanes.model.config.PlantillaContratoConfig</param>
                <param name="org.hibernate.type.ParameterType.propertyName">paisEmpresa</param>
            </type>
        </property>
        <property insert="true" name="razonSocial" update="false">
            <column name="razon_social"/>
            <type name="string">
                <param name="org.hibernate.type.ParameterType.primaryKey">false</param>
                <param name="org.hibernate.type.ParameterType.dynamic">true</param>
                <param name="org.hibernate.type.ParameterType.returnedClass">java.lang.String</param>
                <param name="org.hibernate.type.ParameterType.accessType">field</param>
                <param name="org.hibernate.type.ParameterType.entityClass">com.melilla.gestPlanes.model.config.PlantillaContratoConfig</param>
                <param name="org.hibernate.type.ParameterType.propertyName">razonSocial</param>
            </type>
        </property>
        <property insert="true" name="regimen" update="false">
            <column name="regimen"/>
            <type name="string">
                <param name="org.hibernate.type.ParameterType.primaryKey">false</param>
                <param name="org.hibernate.type.ParameterType.dynamic">true</param>
                <param name="org.hibernate.type.ParameterType.returnedClass">java.lang.String</param>
                <param name="org.hibernate.type.ParameterType.accessType">field</param>
                <param name="org.hibernate.type.ParameterType.entityClass">com.melilla.gestPlanes.model.config.PlantillaContratoConfig</param>
                <param name="org.hibernate.type.ParameterType.propertyName">regimen</param>
            </type>
        </property>
        <property insert="true" name="sepe" update="false">
            <column name="sepe"/>
            <type name="string">
                <param name="org.hibernate.type.ParameterType.primaryKey">false</param>
                <param name="org.hibernate.type.ParameterType.dynamic">true</param>
                <param name="org.hibernate.type.ParameterType.returnedClass">java.lang.String</param>
                <param name="org.hibernate.type.ParameterType.accessType">field</param>
                <param name="org.hibernate.type.ParameterType.entityClass">com.melilla.gestPlanes.model.config.PlantillaContratoConfig</param>
                <param name="org.hibernate.type.ParameterType.propertyName">sepe</param>
            </type>
        </property>
        <property insert="true" name="textoConceptosSalariales" update="false">
            <column name="texto_conceptos_salariales"/>
            <type name="string">
                <param name="org.hibernate.type.ParameterType.primaryKey">false</param>
                <param name="org.hibernate.type.ParameterType.dynamic">true</param>
                <param name="org.hibernate.type.ParameterType.returnedClass">java.lang.String</param>
                <param name="org.hibernate.type.ParameterType.accessType">field</param>
                <param name="org.hibernate.type.ParameterType.entityClass">com.melilla.gestPlanes.model.config.PlantillaContratoConfig</param>
                <param name="org.hibernate.type.ParameterType.propertyName">textoConceptosSalariales</param>
            </type>
        </property>
        <property insert="true" name="url" update="false">
            <column name="url"/>
            <type name="string">
                <param name="org.hibernate.type.ParameterType.primaryKey">false</param>
                <param name="org.hibernate.type.ParameterType.dynamic">true</param>
                <param name="org.hibernate.type.ParameterType.returnedClass">java.lang.String</param>
                <param name="org.hibernate.type.ParameterType.accessType">field</param>
                <param name="org.hibernate.type.ParameterType.entityClass">com.melilla.gestPlanes.model.config.PlantillaContratoConfig</param>
                <param name="org.hibernate.type.ParameterType.propertyName">url</param>
            </type>
        </property>
        <property insert="true" name="plan_idPlan" update="false">
            <column name="id_plan"/>
            <type name="long">
                <param name="org.hibernate.type.ParameterType.primaryKey">false</param>
                <param name="org.hibernate.type.ParameterType.dynamic">true</param>
                <param name="org.hibernate.type.ParameterType.returnedClass">java.lang.Long</param>
                <param name="org.hibernate.type.ParameterType.accessType">field</param>
                <param name="org.hibernate.type.ParameterType.entityClass">com.melilla.gestPlanes.model.Plan</param>
                <param name="org.hibernate.type.ParameterType.propertyName">idPlan</param>
            </type>
        </property>
    </class>
</hibernate-mapping>

2025-10-30T12:27:02.457+01:00  INFO 35752 --- [restartedMain] .e.b.i.AdditionalJaxbMappingProducerImpl : Adding JAXB document mapping
2025-10-30T12:27:02.515+01:00  INFO 35752 --- [restartedMain] org.hibernate.envers.boot                : HHH90005601: Envers-generated HBM mapping...
<?xml version="1.0" encoding="UTF-8" standalone="yes"?>
<hibernate-mapping auto-import="false" xmlns="http://www.hibernate.org/xsd/orm/hbm">
    <class discriminator-value="Salario" table="salario_AUD" entity-name="com.melilla.gestPlanes.model.Salario_AUD" abstract="false">
        <composite-id name="originalId">
            <key-property name="idSalario">
                <column name="id_salario"/>
                <type name="long">
                    <param name="org.hibernate.type.ParameterType.primaryKey">false</param>
                    <param name="org.hibernate.type.ParameterType.dynamic">true</param>
                    <param name="org.hibernate.type.ParameterType.returnedClass">java.lang.Long</param>
                    <param name="org.hibernate.type.ParameterType.accessType">field</param>
                    <param name="org.hibernate.type.ParameterType.entityClass">com.melilla.gestPlanes.model.Salario</param>
                    <param name="org.hibernate.type.ParameterType.propertyName">idSalario</param>
                </type>
            </key-property>
            <key-many-to-one class="com.melilla.gestPlanes.envers.CustomRevisionEntity" name="REV">
                <column name="REV"/>
            </key-many-to-one>
        </composite-id>
        <property insert="true" name="REVTYPE" type="org.hibernate.envers.internal.entities.RevisionTypeType" update="false"/>
        <many-to-one class="com.melilla.gestPlanes.envers.CustomRevisionEntity" insert="true" name="REVEND" update="true">
            <column name="REVEND"/>
        </many-to-one>
        <property insert="true" name="REVEND_TSTMP" type="timestamp" update="true">
            <column name="REVEND_TSTMP"/>
        </property>
        <property insert="true" name="activo" type="boolean" update="false">
            <column name="activo"/>
        </property>
        <property insert="true" name="createdAt" update="false">
            <column name="created_at"/>
            <type name="LocalDateTime">
                <param name="org.hibernate.type.ParameterType.primaryKey">false</param>
                <param name="org.hibernate.type.ParameterType.dynamic">true</param>
                <param name="org.hibernate.type.ParameterType.returnedClass">java.time.LocalDateTime</param>
                <param name="org.hibernate.type.ParameterType.accessType">field</param>
                <param name="org.hibernate.type.ParameterType.entityClass">com.melilla.gestPlanes.model.Salario</param>
                <param name="org.hibernate.type.ParameterType.propertyName">createdAt</param>
            </type>
        </property>
        <property insert="true" name="deleted" type="boolean" update="false">
            <column name="deleted"/>
        </property>
        <property insert="true" name="deletedAt" update="false">
            <column name="deleted_at"/>
            <type name="LocalDateTime">
                <param name="org.hibernate.type.ParameterType.primaryKey">false</param>
                <param name="org.hibernate.type.ParameterType.dynamic">true</param>
                <param name="org.hibernate.type.ParameterType.returnedClass">java.time.LocalDateTime</param>
                <param name="org.hibernate.type.ParameterType.accessType">field</param>
                <param name="org.hibernate.type.ParameterType.entityClass">com.melilla.gestPlanes.model.Salario</param>
                <param name="org.hibernate.type.ParameterType.propertyName">deletedAt</param>
            </type>
        </property>
        <property insert="true" name="descripcion" update="false">
            <column name="descripcion"/>
            <type name="string">
                <param name="org.hibernate.type.ParameterType.primaryKey">false</param>
                <param name="org.hibernate.type.ParameterType.dynamic">true</param>
                <param name="org.hibernate.type.ParameterType.returnedClass">java.lang.String</param>
                <param name="org.hibernate.type.ParameterType.accessType">field</param>
                <param name="org.hibernate.type.ParameterType.entityClass">com.melilla.gestPlanes.model.Salario</param>
                <param name="org.hibernate.type.ParameterType.propertyName">descripcion</param>
            </type>
        </property>
        <property insert="true" name="plan_idPlan" update="false">
            <column name="id_plan"/>
            <type name="long">
                <param name="org.hibernate.type.ParameterType.primaryKey">false</param>
                <param name="org.hibernate.type.ParameterType.dynamic">true</param>
                <param name="org.hibernate.type.ParameterType.returnedClass">java.lang.Long</param>
                <param name="org.hibernate.type.ParameterType.accessType">field</param>
                <param name="org.hibernate.type.ParameterType.entityClass">com.melilla.gestPlanes.model.Plan</param>
                <param name="org.hibernate.type.ParameterType.propertyName">idPlan</param>
            </type>
        </property>
    </class>
</hibernate-mapping>

2025-10-30T12:27:02.515+01:00  INFO 35752 --- [restartedMain] .e.b.i.AdditionalJaxbMappingProducerImpl : Adding JAXB document mapping
2025-10-30T12:27:02.570+01:00  INFO 35752 --- [restartedMain] org.hibernate.envers.boot                : HHH90005601: Envers-generated HBM mapping...
<?xml version="1.0" encoding="UTF-8" standalone="yes"?>
<hibernate-mapping auto-import="false" xmlns="http://www.hibernate.org/xsd/orm/hbm">
    <class discriminator-value="DocumentoPlan" table="documento_plan_AUD" entity-name="com.melilla.gestPlanes.model.DocumentoPlan_AUD" abstract="false">
        <composite-id name="originalId">
            <key-property name="idDocumentoPlan">
                <column name="id_documento_plan"/>
                <type name="long">
                    <param name="org.hibernate.type.ParameterType.primaryKey">false</param>
                    <param name="org.hibernate.type.ParameterType.dynamic">true</param>
                    <param name="org.hibernate.type.ParameterType.returnedClass">java.lang.Long</param>
                    <param name="org.hibernate.type.ParameterType.accessType">field</param>
                    <param name="org.hibernate.type.ParameterType.entityClass">com.melilla.gestPlanes.model.DocumentoPlan</param>
                    <param name="org.hibernate.type.ParameterType.propertyName">idDocumentoPlan</param>
                </type>
            </key-property>
            <key-many-to-one class="com.melilla.gestPlanes.envers.CustomRevisionEntity" name="REV">
                <column name="REV"/>
            </key-many-to-one>
        </composite-id>
        <property insert="true" name="REVTYPE" type="org.hibernate.envers.internal.entities.RevisionTypeType" update="false"/>
        <many-to-one class="com.melilla.gestPlanes.envers.CustomRevisionEntity" insert="true" name="REVEND" update="true">
            <column name="REVEND"/>
        </many-to-one>
        <property insert="true" name="REVEND_TSTMP" type="timestamp" update="true">
            <column name="REVEND_TSTMP"/>
        </property>
        <property insert="true" name="createdAt" update="false">
            <column name="created_at"/>
            <type name="LocalDateTime">
                <param name="org.hibernate.type.ParameterType.primaryKey">false</param>
                <param name="org.hibernate.type.ParameterType.dynamic">true</param>
                <param name="org.hibernate.type.ParameterType.returnedClass">java.time.LocalDateTime</param>
                <param name="org.hibernate.type.ParameterType.accessType">field</param>
                <param name="org.hibernate.type.ParameterType.entityClass">com.melilla.gestPlanes.model.DocumentoPlan</param>
                <param name="org.hibernate.type.ParameterType.propertyName">createdAt</param>
            </type>
        </property>
        <property insert="true" name="deleted" type="boolean" update="false">
            <column name="deleted"/>
        </property>
        <property insert="true" name="deletedAt" update="false">
            <column name="deleted_at"/>
            <type name="LocalDateTime">
                <param name="org.hibernate.type.ParameterType.primaryKey">false</param>
                <param name="org.hibernate.type.ParameterType.dynamic">true</param>
                <param name="org.hibernate.type.ParameterType.returnedClass">java.time.LocalDateTime</param>
                <param name="org.hibernate.type.ParameterType.accessType">field</param>
                <param name="org.hibernate.type.ParameterType.entityClass">com.melilla.gestPlanes.model.DocumentoPlan</param>
                <param name="org.hibernate.type.ParameterType.propertyName">deletedAt</param>
            </type>
        </property>
        <property insert="true" name="nombre" update="false">
            <column name="nombre"/>
            <type name="string">
                <param name="org.hibernate.type.ParameterType.primaryKey">false</param>
                <param name="org.hibernate.type.ParameterType.dynamic">true</param>
                <param name="org.hibernate.type.ParameterType.returnedClass">java.lang.String</param>
                <param name="org.hibernate.type.ParameterType.accessType">field</param>
                <param name="org.hibernate.type.ParameterType.entityClass">com.melilla.gestPlanes.model.DocumentoPlan</param>
                <param name="org.hibernate.type.ParameterType.propertyName">nombre</param>
            </type>
        </property>
        <property insert="true" name="observaciones" update="false">
            <column name="observaciones"/>
            <type name="string">
                <param name="org.hibernate.type.ParameterType.primaryKey">false</param>
                <param name="org.hibernate.type.ParameterType.dynamic">true</param>
                <param name="org.hibernate.type.ParameterType.returnedClass">java.lang.String</param>
                <param name="org.hibernate.type.ParameterType.accessType">field</param>
                <param name="org.hibernate.type.ParameterType.entityClass">com.melilla.gestPlanes.model.DocumentoPlan</param>
                <param name="org.hibernate.type.ParameterType.propertyName">observaciones</param>
            </type>
        </property>
        <property insert="true" name="ruta" update="false">
            <column name="ruta"/>
            <type name="string">
                <param name="org.hibernate.type.ParameterType.primaryKey">false</param>
                <param name="org.hibernate.type.ParameterType.dynamic">true</param>
                <param name="org.hibernate.type.ParameterType.returnedClass">java.lang.String</param>
                <param name="org.hibernate.type.ParameterType.accessType">field</param>
                <param name="org.hibernate.type.ParameterType.entityClass">com.melilla.gestPlanes.model.DocumentoPlan</param>
                <param name="org.hibernate.type.ParameterType.propertyName">ruta</param>
            </type>
        </property>
        <property insert="true" name="tipo" update="false">
            <column name="tipo"/>
            <type name="string">
                <param name="org.hibernate.type.ParameterType.primaryKey">false</param>
                <param name="org.hibernate.type.ParameterType.dynamic">true</param>
                <param name="org.hibernate.type.ParameterType.returnedClass">java.lang.String</param>
                <param name="org.hibernate.type.ParameterType.accessType">field</param>
                <param name="org.hibernate.type.ParameterType.entityClass">com.melilla.gestPlanes.model.DocumentoPlan</param>
                <param name="org.hibernate.type.ParameterType.propertyName">tipo</param>
            </type>
        </property>
    </class>
</hibernate-mapping>

2025-10-30T12:27:03.156+01:00  INFO 35752 --- [restartedMain] o.h.e.t.j.p.i.JtaPlatformInitiator       : HHH000490: Using JtaPlatform implementation: [org.hibernate.engine.transaction.jta.platform.internal.NoJtaPlatform]
2025-10-30T12:27:03.157+01:00  INFO 35752 --- [restartedMain] j.LocalContainerEntityManagerFactoryBean : Initialized JPA EntityManagerFactory for persistence unit 'default'
2025-10-30T12:27:03.320+01:00 TRACE 35752 --- [restartedMain] o.s.b.w.s.ServletContextInitializerBeans : Created Filter initializer for bean 'characterEncodingFilter'; order=-2147483648, resource=class path resource [org/springframework/boot/autoconfigure/web/servlet/HttpEncodingAutoConfiguration.class]
2025-10-30T12:27:03.320+01:00 TRACE 35752 --- [restartedMain] o.s.b.w.s.ServletContextInitializerBeans : Created Filter initializer for bean 'formContentFilter'; order=-9900, resource=class path resource [org/springframework/boot/autoconfigure/web/servlet/WebMvcAutoConfiguration.class]
2025-10-30T12:27:03.320+01:00 TRACE 35752 --- [restartedMain] o.s.b.w.s.ServletContextInitializerBeans : Created Filter initializer for bean 'requestContextFilter'; order=-105, resource=class path resource [org/springframework/boot/autoconfigure/web/servlet/WebMvcAutoConfiguration$WebMvcAutoConfigurationAdapter.class]
2025-10-30T12:27:03.320+01:00 TRACE 35752 --- [restartedMain] o.s.b.w.s.ServletContextInitializerBeans : Created Filter initializer for bean 'jwtAuthenticationFilter'; order=2147483647, resource=file [D:\proyectos\gestPlanes\target\classes\com\melilla\gestPlanes\JWT\JwtAuthenticationFilter.class]
2025-10-30T12:27:03.326+01:00 DEBUG 35752 --- [restartedMain] o.s.b.w.s.ServletContextInitializerBeans : Mapping filters: filterRegistrationBean urls=[/*] order=-2147483647, springSecurityFilterChain urls=[/*] order=-100, characterEncodingFilter urls=[/*] order=-2147483648, formContentFilter urls=[/*] order=-9900, requestContextFilter urls=[/*] order=-105, jwtAuthenticationFilter urls=[/*] order=2147483647
2025-10-30T12:27:03.326+01:00 DEBUG 35752 --- [restartedMain] o.s.b.w.s.ServletContextInitializerBeans : Mapping servlets: dispatcherServlet urls=[/]
2025-10-30T12:27:03.329+01:00 DEBUG 35752 --- [restartedMain] o.s.w.f.ServerHttpObservationFilter      : Filter 'serverHttpObservationFilter' configured for use
2025-10-30T12:27:03.366+01:00 TRACE 35752 --- [restartedMain] eGlobalAuthenticationAutowiredConfigurer : Eagerly initializing {securityConfig=com.melilla.gestPlanes.security.SecurityConfig$$SpringCGLIB$$0@3f7c500b}
2025-10-30T12:27:04.442+01:00  WARN 35752 --- [restartedMain] JpaBaseConfiguration$JpaWebConfiguration : spring.jpa.open-in-view is enabled by default. Therefore, database queries may be performed during view rendering. Explicitly configure spring.jpa.open-in-view to disable this warning
2025-10-30T12:27:04.574+01:00 DEBUG 35752 --- [restartedMain] s.w.s.m.m.a.RequestMappingHandlerMapping : 124 mappings in 'requestMappingHandlerMapping'
2025-10-30T12:27:04.618+01:00 DEBUG 35752 --- [restartedMain] o.s.w.s.handler.SimpleUrlHandlerMapping  : Patterns [/webjars/**, /**, /swagger-ui*/*swagger-initializer.js, /swagger-ui*/**] in 'resourceHandlerMapping'
2025-10-30T12:27:04.717+01:00  INFO 35752 --- [restartedMain] o.s.b.a.e.web.EndpointLinksResolver      : Exposing 1 endpoint(s) beneath base path '/actuator'
2025-10-30T12:27:04.719+01:00 TRACE 35752 --- [restartedMain] s.b.a.e.w.s.WebMvcEndpointHandlerMapping : Register "{GET [/actuator/health], produces [application/vnd.spring-boot.actuator.v3+json || application/vnd.spring-boot.actuator.v2+json || application/json]}" to java.lang.Object org.springframework.boot.actuate.endpoint.web.servlet.AbstractWebMvcEndpointHandlerMapping$OperationHandler.handle(jakarta.servlet.http.HttpServletRequest,java.util.Map<java.lang.String, java.lang.String>)
2025-10-30T12:27:04.719+01:00 TRACE 35752 --- [restartedMain] s.b.a.e.w.s.WebMvcEndpointHandlerMapping : Register "{GET [/actuator/health/**], produces [application/vnd.spring-boot.actuator.v3+json || application/vnd.spring-boot.actuator.v2+json || application/json]}" to java.lang.Object org.springframework.boot.actuate.endpoint.web.servlet.AbstractWebMvcEndpointHandlerMapping$OperationHandler.handle(jakarta.servlet.http.HttpServletRequest,java.util.Map<java.lang.String, java.lang.String>)
2025-10-30T12:27:04.719+01:00 TRACE 35752 --- [restartedMain] s.b.a.e.w.s.WebMvcEndpointHandlerMapping : Register "{GET [/actuator], produces [application/vnd.spring-boot.actuator.v3+json || application/vnd.spring-boot.actuator.v2+json || application/json]}" to public java.util.Map<java.lang.String, java.util.Map<java.lang.String, org.springframework.boot.actuate.endpoint.web.Link>> org.springframework.boot.actuate.endpoint.web.servlet.WebMvcEndpointHandlerMapping$WebMvcLinksHandler.links(jakarta.servlet.http.HttpServletRequest,jakarta.servlet.http.HttpServletResponse)
2025-10-30T12:27:04.740+01:00  INFO 35752 --- [restartedMain] o.s.s.web.DefaultSecurityFilterChain     : Will secure any request with [org.springframework.security.web.session.DisableEncodeUrlFilter@3826af1f, org.springframework.security.web.context.request.async.WebAsyncManagerIntegrationFilter@4240399e, org.springframework.security.web.context.SecurityContextHolderFilter@1f48c73b, org.springframework.security.web.header.HeaderWriterFilter@662e0d51, org.springframework.web.filter.CorsFilter@7eb97ff5, org.springframework.security.web.authentication.logout.LogoutFilter@58f45d18, com.melilla.gestPlanes.JWT.JwtAuthenticationFilter@5084c907, org.springframework.security.web.savedrequest.RequestCacheAwareFilter@2a319f69, org.springframework.security.web.servletapi.SecurityContextHolderAwareRequestFilter@3ce34bfb, org.springframework.security.web.authentication.AnonymousAuthenticationFilter@35a849c2, org.springframework.security.web.session.SessionManagementFilter@49ae858d, org.springframework.security.web.access.ExceptionTranslationFilter@1a75f72c, org.springframework.security.web.access.intercept.AuthorizationFilter@58826b13]
2025-10-30T12:27:04.781+01:00 DEBUG 35752 --- [restartedMain] s.w.s.m.m.a.RequestMappingHandlerAdapter : ControllerAdvice beans: 0 @ModelAttribute, 0 @InitBinder, 1 RequestBodyAdvice, 1 ResponseBodyAdvice
2025-10-30T12:27:04.792+01:00 DEBUG 35752 --- [restartedMain] .m.m.a.ExceptionHandlerExceptionResolver : ControllerAdvice beans: 3 @ExceptionHandler, 1 ResponseBodyAdvice
2025-10-30T12:27:04.810+01:00 DEBUG 35752 --- [restartedMain] .m.m.a.ExceptionHandlerExceptionResolver : ControllerAdvice beans: 3 @ExceptionHandler, 0 ResponseBodyAdvice
2025-10-30T12:27:04.977+01:00  INFO 35752 --- [restartedMain] o.s.b.d.a.OptionalLiveReloadServer       : LiveReload server is running on port 35729
2025-10-30T12:27:05.012+01:00  INFO 35752 --- [restartedMain] o.s.b.w.embedded.tomcat.TomcatWebServer  : Tomcat started on port(s): 9092 (http) with context path ''
2025-10-30T12:27:05.024+01:00  INFO 35752 --- [restartedMain] c.m.gestPlanes.GestPlanesApplication     : Started GestPlanesApplication in 7.288 seconds (process running for 83051.033)
2025-10-30T12:27:05.031+01:00  INFO 35752 --- [restartedMain] .ConditionEvaluationDeltaLoggingListener : Condition evaluation delta:


==========================
CONDITION EVALUATION DELTA
==========================


Positive matches:
-----------------

   LogFileWebEndpointAutoConfiguration#logFileWebEndpoint matched:
      - Log File found logging.file.name appLog.log (LogFileWebEndpointAutoConfiguration.LogFileCondition)
      - @ConditionalOnMissingBean (types: org.springframework.boot.actuate.logging.LogFileWebEndpoint; SearchStrategy: all) did not find any beans (OnBeanCondition)


Negative matches:
-----------------

    None


Exclusions:
-----------

    None


Unconditional classes:
----------------------

    None



2025-10-30T12:31:00.350+01:00  INFO 35752 --- [RMI TCP Connection(1395)-127.0.0.1] inMXBeanRegistrar$SpringApplicationAdmin : Application shutdown requested.
2025-10-30T12:31:00.369+01:00  INFO 35752 --- [RMI TCP Connection(1395)-127.0.0.1] o.apache.catalina.core.StandardService   : Stopping service [Tomcat]
2025-10-30T12:31:00.372+01:00  WARN 35752 --- [RMI TCP Connection(1395)-127.0.0.1] o.a.c.loader.WebappClassLoaderBase       : The web application [ROOT] appears to have started a thread named [HikariPool-3 housekeeper] but has failed to stop it. This is very likely to create a memory leak. Stack trace of thread:
 java.base@17.0.1/jdk.internal.misc.Unsafe.park(Native Method)
 java.base@17.0.1/java.util.concurrent.locks.LockSupport.parkNanos(LockSupport.java:252)
 java.base@17.0.1/java.util.concurrent.locks.AbstractQueuedSynchronizer$ConditionObject.awaitNanos(AbstractQueuedSynchronizer.java:1672)
 java.base@17.0.1/java.util.concurrent.ScheduledThreadPoolExecutor$DelayedWorkQueue.take(ScheduledThreadPoolExecutor.java:1182)
 java.base@17.0.1/java.util.concurrent.ScheduledThreadPoolExecutor$DelayedWorkQueue.take(ScheduledThreadPoolExecutor.java:899)
 java.base@17.0.1/java.util.concurrent.ThreadPoolExecutor.getTask(ThreadPoolExecutor.java:1062)
 java.base@17.0.1/java.util.concurrent.ThreadPoolExecutor.runWorker(ThreadPoolExecutor.java:1122)
 java.base@17.0.1/java.util.concurrent.ThreadPoolExecutor$Worker.run(ThreadPoolExecutor.java:635)
 java.base@17.0.1/java.lang.Thread.run(Thread.java:833)
2025-10-30T12:31:00.379+01:00  INFO 35752 --- [RMI TCP Connection(1395)-127.0.0.1] j.LocalContainerEntityManagerFactoryBean : Closing JPA EntityManagerFactory for persistence unit 'default'
2025-10-30T12:31:00.380+01:00  INFO 35752 --- [RMI TCP Connection(1395)-127.0.0.1] com.zaxxer.hikari.HikariDataSource       : HikariPool-3 - Shutdown initiated...
2025-10-30T12:31:00.385+01:00  INFO 35752 --- [RMI TCP Connection(1395)-127.0.0.1] com.zaxxer.hikari.HikariDataSource       : HikariPool-3 - Shutdown completed.
2025-10-30T12:31:10.881+01:00  INFO 40540 --- [restartedMain] c.m.gestPlanes.GestPlanesApplication     : Starting GestPlanesApplication using Java 17.0.1 with PID 40540 (D:\proyectos\gestPlanes\target\classes started by juancarlos.pmera in D:\proyectos\gestPlanes)
2025-10-30T12:31:10.886+01:00  INFO 40540 --- [restartedMain] c.m.gestPlanes.GestPlanesApplication     : No active profile set, falling back to 1 default profile: "default"
2025-10-30T12:31:10.949+01:00  INFO 40540 --- [restartedMain] .e.DevToolsPropertyDefaultsPostProcessor : Devtools property defaults active! Set 'spring.devtools.add-properties' to 'false' to disable
2025-10-30T12:31:12.304+01:00  INFO 40540 --- [restartedMain] .s.d.r.c.RepositoryConfigurationDelegate : Bootstrapping Spring Data JPA repositories in DEFAULT mode.
2025-10-30T12:31:12.625+01:00  INFO 40540 --- [restartedMain] .s.d.r.c.RepositoryConfigurationDelegate : Finished Spring Data repository scanning in 311 ms. Found 24 JPA repository interfaceinterfaces.
2025-10-30T12:31:13.887+01:00  INFO 40540 --- [restartedMain] o.s.b.w.embedded.tomcat.TomcatWebServer  : Tomcat initialized with port(s): 9092 (http)
2025-10-30T12:31:13.896+01:00  INFO 40540 --- [restartedMain] o.apache.catalina.core.StandardService   : Starting service [Tomcat]
2025-10-30T12:31:13.897+01:00  INFO 40540 --- [restartedMain] o.apache.catalina.core.StandardEngine    : Starting Servlet engine: [Apache Tomcat/10.1.16]
2025-10-30T12:31:13.995+01:00  INFO 40540 --- [restartedMain] o.a.c.c.C.[Tomcat].[localhost].[/]       : Initializing Spring embedded WebApplicationContext
2025-10-30T12:31:13.996+01:00  INFO 40540 --- [restartedMain] w.s.c.ServletWebServerApplicationContext : Root WebApplicationContext: initialization completed in 3046 ms
2025-10-30T12:31:14.118+01:00 TRACE 40540 --- [restartedMain] o.s.b.w.s.ServletContextInitializerBeans : Added existing Filter initializer bean 'webMvcObservationFilter'; order=-2147483647, resource=class path resource [org/springframework/boot/actuate/autoconfigure/observation/web/servlet/WebMvcObservationAutoConfiguration.class]
2025-10-30T12:31:14.118+01:00 TRACE 40540 --- [restartedMain] o.s.b.w.s.ServletContextInitializerBeans : Added existing Filter initializer bean 'securityFilterChainRegistration'; order=-100, resource=class path resource [org/springframework/boot/autoconfigure/security/servlet/SecurityFilterAutoConfiguration.class]
2025-10-30T12:31:14.118+01:00 TRACE 40540 --- [restartedMain] o.s.b.w.s.ServletContextInitializerBeans : Added existing Servlet initializer bean 'dispatcherServletRegistration'; order=2147483647, resource=class path resource [org/springframework/boot/autoconfigure/web/servlet/DispatcherServletAutoConfiguration$DispatcherServletRegistrationConfiguration.class]
2025-10-30T12:31:14.119+01:00 TRACE 40540 --- [restartedMain] o.s.b.w.s.ServletContextInitializerBeans : Added existing ServletContextInitializer initializer bean 'servletEndpointRegistrar'; order=2147483647, resource=class path resource [org/springframework/boot/actuate/autoconfigure/endpoint/web/ServletEndpointManagementContextConfiguration$WebMvcServletEndpointManagementContextConfiguration.class]
2025-10-30T12:31:15.412+01:00  INFO 40540 --- [restartedMain] o.hibernate.jpa.internal.util.LogHelper  : HHH000204: Processing PersistenceUnitInfo [name: default]
2025-10-30T12:31:15.482+01:00  INFO 40540 --- [restartedMain] org.hibernate.Version                    : HHH000412: Hibernate ORM core version 6.1.7.Final
2025-10-30T12:31:15.832+01:00  INFO 40540 --- [restartedMain] com.zaxxer.hikari.HikariDataSource       : HikariPool-1 - Starting...
2025-10-30T12:31:15.924+01:00  INFO 40540 --- [restartedMain] com.zaxxer.hikari.pool.HikariPool        : HikariPool-1 - Added connection org.mariadb.jdbc.Connection@ceff67e
2025-10-30T12:31:15.929+01:00  INFO 40540 --- [restartedMain] com.zaxxer.hikari.HikariDataSource       : HikariPool-1 - Start completed.
2025-10-30T12:31:15.971+01:00  INFO 40540 --- [restartedMain] SQL dialect                              : HHH000400: Using dialect: org.hibernate.dialect.MariaDBDialect
2025-10-30T12:31:16.022+01:00  INFO 40540 --- [restartedMain] o.h.e.boot.internal.EnversServiceImpl    : Envers integration enabled? : true
2025-10-30T12:31:16.436+01:00  INFO 40540 --- [restartedMain] o.h.e.c.i.m.AuditMetadataGenerator       : Adding properties for entity: com.melilla.gestPlanes.model.config.PlanConfig
2025-10-30T12:31:16.440+01:00  INFO 40540 --- [restartedMain] o.h.e.c.i.m.AuditMetadataGenerator       : Adding properties for entity: com.melilla.gestPlanes.model.Plan
2025-10-30T12:31:16.441+01:00  INFO 40540 --- [restartedMain] o.h.e.c.i.m.AuditMetadataGenerator       : Adding properties for entity: com.melilla.gestPlanes.model.SalarioDetalle
2025-10-30T12:31:16.442+01:00  INFO 40540 --- [restartedMain] o.h.e.c.i.m.AuditMetadataGenerator       : Adding properties for entity: com.melilla.gestPlanes.model.Contrato
2025-10-30T12:31:16.443+01:00  INFO 40540 --- [restartedMain] o.h.e.c.i.m.AuditMetadataGenerator       : Adding properties for entity: com.melilla.gestPlanes.model.NotaCiudadano
2025-10-30T12:31:16.444+01:00  INFO 40540 --- [restartedMain] o.h.e.c.i.m.AuditMetadataGenerator       : Adding properties for entity: com.melilla.gestPlanes.model.Documento
2025-10-30T12:31:16.445+01:00  INFO 40540 --- [restartedMain] o.h.e.c.i.m.AuditMetadataGenerator       : Adding properties for entity: com.melilla.gestPlanes.model.Ciudadano
2025-10-30T12:31:16.446+01:00  INFO 40540 --- [restartedMain] o.h.e.c.i.m.AuditMetadataGenerator       : Adding properties for entity: com.melilla.gestPlanes.model.config.PlantillaContratoConfig
2025-10-30T12:31:16.446+01:00  INFO 40540 --- [restartedMain] o.h.e.c.i.m.AuditMetadataGenerator       : Adding properties for entity: com.melilla.gestPlanes.model.Salario
2025-10-30T12:31:16.447+01:00  INFO 40540 --- [restartedMain] o.h.e.c.i.m.AuditMetadataGenerator       : Adding properties for entity: com.melilla.gestPlanes.model.DocumentoPlan
2025-10-30T12:31:16.455+01:00  INFO 40540 --- [restartedMain] .e.b.i.AdditionalJaxbMappingProducerImpl : Adding JAXB document mapping
2025-10-30T12:31:16.745+01:00  INFO 40540 --- [restartedMain] org.hibernate.envers.boot                : HHH90005601: Envers-generated HBM mapping...
<?xml version="1.0" encoding="UTF-8" standalone="yes"?>
<hibernate-mapping auto-import="false" xmlns="http://www.hibernate.org/xsd/orm/hbm">
    <class discriminator-value="PlanConfig" table="plan_config_AUD" entity-name="com.melilla.gestPlanes.model.config.PlanConfig_AUD" abstract="false">
        <composite-id name="originalId">
            <key-property name="idConfig">
                <column name="id_config"/>
                <type name="long">
                    <param name="org.hibernate.type.ParameterType.primaryKey">false</param>
                    <param name="org.hibernate.type.ParameterType.dynamic">true</param>
                    <param name="org.hibernate.type.ParameterType.returnedClass">java.lang.Long</param>
                    <param name="org.hibernate.type.ParameterType.accessType">field</param>
                    <param name="org.hibernate.type.ParameterType.entityClass">com.melilla.gestPlanes.model.config.PlanConfig</param>
                    <param name="org.hibernate.type.ParameterType.propertyName">idConfig</param>
                </type>
            </key-property>
            <key-many-to-one class="com.melilla.gestPlanes.envers.CustomRevisionEntity" name="REV">
                <column name="REV"/>
            </key-many-to-one>
        </composite-id>
        <property insert="true" name="REVTYPE" type="org.hibernate.envers.internal.entities.RevisionTypeType" update="false"/>
        <many-to-one class="com.melilla.gestPlanes.envers.CustomRevisionEntity" insert="true" name="REVEND" update="true">
            <column name="REVEND"/>
        </many-to-one>
        <property insert="true" name="REVEND_TSTMP" type="timestamp" update="true">
            <column name="REVEND_TSTMP"/>
        </property>
        <property insert="true" name="createdAt" update="false">
            <column name="created_at"/>
            <type name="LocalDateTime">
                <param name="org.hibernate.type.ParameterType.primaryKey">false</param>
                <param name="org.hibernate.type.ParameterType.dynamic">true</param>
                <param name="org.hibernate.type.ParameterType.returnedClass">java.time.LocalDateTime</param>
                <param name="org.hibernate.type.ParameterType.accessType">field</param>
                <param name="org.hibernate.type.ParameterType.entityClass">com.melilla.gestPlanes.model.config.PlanConfig</param>
                <param name="org.hibernate.type.ParameterType.propertyName">createdAt</param>
            </type>
        </property>
        <property insert="true" name="deleted" type="boolean" update="false">
            <column name="deleted"/>
        </property>
        <property insert="true" name="deletedAt" update="false">
            <column name="deleted_at"/>
            <type name="LocalDateTime">
                <param name="org.hibernate.type.ParameterType.primaryKey">false</param>
                <param name="org.hibernate.type.ParameterType.dynamic">true</param>
                <param name="org.hibernate.type.ParameterType.returnedClass">java.time.LocalDateTime</param>
                <param name="org.hibernate.type.ParameterType.accessType">field</param>
                <param name="org.hibernate.type.ParameterType.entityClass">com.melilla.gestPlanes.model.config.PlanConfig</param>
                <param name="org.hibernate.type.ParameterType.propertyName">deletedAt</param>
            </type>
        </property>
        <property insert="true" name="tempDir" update="false">
            <column name="temp_dir"/>
            <type name="string">
                <param name="org.hibernate.type.ParameterType.primaryKey">false</param>
                <param name="org.hibernate.type.ParameterType.dynamic">true</param>
                <param name="org.hibernate.type.ParameterType.returnedClass">java.lang.String</param>
                <param name="org.hibernate.type.ParameterType.accessType">field</param>
                <param name="org.hibernate.type.ParameterType.entityClass">com.melilla.gestPlanes.model.config.PlanConfig</param>
                <param name="org.hibernate.type.ParameterType.propertyName">tempDir</param>
            </type>
        </property>
        <property insert="true" name="templateDir" update="false">
            <column name="template_dir"/>
            <type name="string">
                <param name="org.hibernate.type.ParameterType.primaryKey">false</param>
                <param name="org.hibernate.type.ParameterType.dynamic">true</param>
                <param name="org.hibernate.type.ParameterType.returnedClass">java.lang.String</param>
                <param name="org.hibernate.type.ParameterType.accessType">field</param>
                <param name="org.hibernate.type.ParameterType.entityClass">com.melilla.gestPlanes.model.config.PlanConfig</param>
                <param name="org.hibernate.type.ParameterType.propertyName">templateDir</param>
            </type>
        </property>
        <property insert="true" name="trashcanDir" update="false">
            <column name="trashcan_dir"/>
            <type name="string">
                <param name="org.hibernate.type.ParameterType.primaryKey">false</param>
                <param name="org.hibernate.type.ParameterType.dynamic">true</param>
                <param name="org.hibernate.type.ParameterType.returnedClass">java.lang.String</param>
                <param name="org.hibernate.type.ParameterType.accessType">field</param>
                <param name="org.hibernate.type.ParameterType.entityClass">com.melilla.gestPlanes.model.config.PlanConfig</param>
                <param name="org.hibernate.type.ParameterType.propertyName">trashcanDir</param>
            </type>
        </property>
        <property insert="true" name="uploadDir" update="false">
            <column name="upload_dir"/>
            <type name="string">
                <param name="org.hibernate.type.ParameterType.primaryKey">false</param>
                <param name="org.hibernate.type.ParameterType.dynamic">true</param>
                <param name="org.hibernate.type.ParameterType.returnedClass">java.lang.String</param>
                <param name="org.hibernate.type.ParameterType.accessType">field</param>
                <param name="org.hibernate.type.ParameterType.entityClass">com.melilla.gestPlanes.model.config.PlanConfig</param>
                <param name="org.hibernate.type.ParameterType.propertyName">uploadDir</param>
            </type>
        </property>
    </class>
</hibernate-mapping>

2025-10-30T12:31:16.760+01:00  INFO 40540 --- [restartedMain] .e.b.i.AdditionalJaxbMappingProducerImpl : Adding JAXB document mapping
2025-10-30T12:31:16.805+01:00  INFO 40540 --- [restartedMain] org.hibernate.envers.boot                : HHH90005601: Envers-generated HBM mapping...
<?xml version="1.0" encoding="UTF-8" standalone="yes"?>
<hibernate-mapping auto-import="false" xmlns="http://www.hibernate.org/xsd/orm/hbm">
    <class discriminator-value="Plan" table="plan_AUD" entity-name="com.melilla.gestPlanes.model.Plan_AUD" abstract="false">
        <composite-id name="originalId">
            <key-property name="idPlan">
                <column name="id_plan"/>
                <type name="long">
                    <param name="org.hibernate.type.ParameterType.primaryKey">false</param>
                    <param name="org.hibernate.type.ParameterType.dynamic">true</param>
                    <param name="org.hibernate.type.ParameterType.returnedClass">java.lang.Long</param>
                    <param name="org.hibernate.type.ParameterType.accessType">field</param>
                    <param name="org.hibernate.type.ParameterType.entityClass">com.melilla.gestPlanes.model.Plan</param>
                    <param name="org.hibernate.type.ParameterType.propertyName">idPlan</param>
                </type>
            </key-property>
            <key-many-to-one class="com.melilla.gestPlanes.envers.CustomRevisionEntity" name="REV">
                <column name="REV"/>
            </key-many-to-one>
        </composite-id>
        <property insert="true" name="REVTYPE" type="org.hibernate.envers.internal.entities.RevisionTypeType" update="false"/>
        <many-to-one class="com.melilla.gestPlanes.envers.CustomRevisionEntity" insert="true" name="REVEND" update="true">
            <column name="REVEND"/>
        </many-to-one>
        <property insert="true" name="REVEND_TSTMP" type="timestamp" update="true">
            <column name="REVEND_TSTMP"/>
        </property>
        <property insert="true" name="activo" type="boolean" update="false">
            <column name="activo"/>
        </property>
        <property insert="true" name="createdAt" update="false">
            <column name="created_at"/>
            <type name="LocalDateTime">
                <param name="org.hibernate.type.ParameterType.primaryKey">false</param>
                <param name="org.hibernate.type.ParameterType.dynamic">true</param>
                <param name="org.hibernate.type.ParameterType.returnedClass">java.time.LocalDateTime</param>
                <param name="org.hibernate.type.ParameterType.accessType">field</param>
                <param name="org.hibernate.type.ParameterType.entityClass">com.melilla.gestPlanes.model.Plan</param>
                <param name="org.hibernate.type.ParameterType.propertyName">createdAt</param>
            </type>
        </property>
        <property insert="true" name="deleted" type="boolean" update="false">
            <column name="deleted"/>
        </property>
        <property insert="true" name="deletedAt" update="false">
            <column name="deleted_at"/>
            <type name="LocalDateTime">
                <param name="org.hibernate.type.ParameterType.primaryKey">false</param>
                <param name="org.hibernate.type.ParameterType.dynamic">true</param>
                <param name="org.hibernate.type.ParameterType.returnedClass">java.time.LocalDateTime</param>
                <param name="org.hibernate.type.ParameterType.accessType">field</param>
                <param name="org.hibernate.type.ParameterType.entityClass">com.melilla.gestPlanes.model.Plan</param>
                <param name="org.hibernate.type.ParameterType.propertyName">deletedAt</param>
            </type>
        </property>
        <property insert="true" name="denominacion" update="false">
            <column name="denominacion"/>
            <type name="string">
                <param name="org.hibernate.type.ParameterType.primaryKey">false</param>
                <param name="org.hibernate.type.ParameterType.dynamic">true</param>
                <param name="org.hibernate.type.ParameterType.returnedClass">java.lang.String</param>
                <param name="org.hibernate.type.ParameterType.accessType">field</param>
                <param name="org.hibernate.type.ParameterType.entityClass">com.melilla.gestPlanes.model.Plan</param>
                <param name="org.hibernate.type.ParameterType.propertyName">denominacion</param>
            </type>
        </property>
        <property insert="true" name="config_idConfig" update="false">
            <column name="config_id"/>
            <type name="long">
                <param name="org.hibernate.type.ParameterType.primaryKey">false</param>
                <param name="org.hibernate.type.ParameterType.dynamic">true</param>
                <param name="org.hibernate.type.ParameterType.returnedClass">java.lang.Long</param>
                <param name="org.hibernate.type.ParameterType.accessType">field</param>
                <param name="org.hibernate.type.ParameterType.entityClass">com.melilla.gestPlanes.model.config.PlanConfig</param>
                <param name="org.hibernate.type.ParameterType.propertyName">idConfig</param>
            </type>
        </property>
    </class>
</hibernate-mapping>

2025-10-30T12:31:16.806+01:00  INFO 40540 --- [restartedMain] .e.b.i.AdditionalJaxbMappingProducerImpl : Adding JAXB document mapping
2025-10-30T12:31:16.859+01:00  INFO 40540 --- [restartedMain] org.hibernate.envers.boot                : HHH90005601: Envers-generated HBM mapping...
<?xml version="1.0" encoding="UTF-8" standalone="yes"?>
<hibernate-mapping auto-import="false" xmlns="http://www.hibernate.org/xsd/orm/hbm">
    <class discriminator-value="SalarioDetalle" table="salario_detalle_AUD" entity-name="com.melilla.gestPlanes.model.SalarioDetalle_AUD" abstract="false">
        <composite-id name="originalId">
            <key-property name="idSalarioDetalle" type="long">
                <column name="id_salario_detalle"/>
            </key-property>
            <key-many-to-one class="com.melilla.gestPlanes.envers.CustomRevisionEntity" name="REV">
                <column name="REV"/>
            </key-many-to-one>
        </composite-id>
        <property insert="true" name="REVTYPE" type="org.hibernate.envers.internal.entities.RevisionTypeType" update="false"/>
        <many-to-one class="com.melilla.gestPlanes.envers.CustomRevisionEntity" insert="true" name="REVEND" update="true">
            <column name="REVEND"/>
        </many-to-one>
        <property insert="true" name="REVEND_TSTMP" type="timestamp" update="true">
            <column name="REVEND_TSTMP"/>
        </property>
        <property insert="true" name="base" update="false">
            <column name="base"/>
            <type name="string">
                <param name="org.hibernate.type.ParameterType.primaryKey">false</param>
                <param name="org.hibernate.type.ParameterType.dynamic">true</param>
                <param name="org.hibernate.type.ParameterType.returnedClass">java.lang.String</param>
                <param name="org.hibernate.type.ParameterType.accessType">field</param>
                <param name="org.hibernate.type.ParameterType.entityClass">com.melilla.gestPlanes.model.SalarioDetalle</param>
                <param name="org.hibernate.type.ParameterType.propertyName">base</param>
            </type>
        </property>
        <property insert="true" name="createdAt" update="false">
            <column name="created_at"/>
            <type name="LocalDateTime">
                <param name="org.hibernate.type.ParameterType.primaryKey">false</param>
                <param name="org.hibernate.type.ParameterType.dynamic">true</param>
                <param name="org.hibernate.type.ParameterType.returnedClass">java.time.LocalDateTime</param>
                <param name="org.hibernate.type.ParameterType.accessType">field</param>
                <param name="org.hibernate.type.ParameterType.entityClass">com.melilla.gestPlanes.model.SalarioDetalle</param>
                <param name="org.hibernate.type.ParameterType.propertyName">createdAt</param>
            </type>
        </property>
        <property insert="true" name="deleted" type="boolean" update="false">
            <column name="deleted"/>
        </property>
        <property insert="true" name="deletedAt" update="false">
            <column name="deleted_at"/>
            <type name="LocalDateTime">
                <param name="org.hibernate.type.ParameterType.primaryKey">false</param>
                <param name="org.hibernate.type.ParameterType.dynamic">true</param>
                <param name="org.hibernate.type.ParameterType.returnedClass">java.time.LocalDateTime</param>
                <param name="org.hibernate.type.ParameterType.accessType">field</param>
                <param name="org.hibernate.type.ParameterType.entityClass">com.melilla.gestPlanes.model.SalarioDetalle</param>
                <param name="org.hibernate.type.ParameterType.propertyName">deletedAt</param>
            </type>
        </property>
        <property insert="true" name="grupo" type="integer" update="false">
            <column name="grupo"/>
        </property>
        <property insert="true" name="prorrata" update="false">
            <column name="prorrata"/>
            <type name="string">
                <param name="org.hibernate.type.ParameterType.primaryKey">false</param>
                <param name="org.hibernate.type.ParameterType.dynamic">true</param>
                <param name="org.hibernate.type.ParameterType.returnedClass">java.lang.String</param>
                <param name="org.hibernate.type.ParameterType.accessType">field</param>
                <param name="org.hibernate.type.ParameterType.entityClass">com.melilla.gestPlanes.model.SalarioDetalle</param>
                <param name="org.hibernate.type.ParameterType.propertyName">prorrata</param>
            </type>
        </property>
        <property insert="true" name="residencia" update="false">
            <column name="residencia"/>
            <type name="string">
                <param name="org.hibernate.type.ParameterType.primaryKey">false</param>
                <param name="org.hibernate.type.ParameterType.dynamic">true</param>
                <param name="org.hibernate.type.ParameterType.returnedClass">java.lang.String</param>
                <param name="org.hibernate.type.ParameterType.accessType">field</param>
                <param name="org.hibernate.type.ParameterType.entityClass">com.melilla.gestPlanes.model.SalarioDetalle</param>
                <param name="org.hibernate.type.ParameterType.propertyName">residencia</param>
            </type>
        </property>
        <property insert="true" name="total" update="false">
            <column name="total"/>
            <type name="string">
                <param name="org.hibernate.type.ParameterType.primaryKey">false</param>
                <param name="org.hibernate.type.ParameterType.dynamic">true</param>
                <param name="org.hibernate.type.ParameterType.returnedClass">java.lang.String</param>
                <param name="org.hibernate.type.ParameterType.accessType">field</param>
                <param name="org.hibernate.type.ParameterType.entityClass">com.melilla.gestPlanes.model.SalarioDetalle</param>
                <param name="org.hibernate.type.ParameterType.propertyName">total</param>
            </type>
        </property>
        <property insert="true" name="salario_idSalario" update="false">
            <column name="id_salario"/>
            <type name="long">
                <param name="org.hibernate.type.ParameterType.primaryKey">false</param>
                <param name="org.hibernate.type.ParameterType.dynamic">true</param>
                <param name="org.hibernate.type.ParameterType.returnedClass">java.lang.Long</param>
                <param name="org.hibernate.type.ParameterType.accessType">field</param>
                <param name="org.hibernate.type.ParameterType.entityClass">com.melilla.gestPlanes.model.Salario</param>
                <param name="org.hibernate.type.ParameterType.propertyName">idSalario</param>
            </type>
        </property>
    </class>
</hibernate-mapping>

2025-10-30T12:31:16.860+01:00  INFO 40540 --- [restartedMain] .e.b.i.AdditionalJaxbMappingProducerImpl : Adding JAXB document mapping
2025-10-30T12:31:16.917+01:00  INFO 40540 --- [restartedMain] org.hibernate.envers.boot                : HHH90005601: Envers-generated HBM mapping...
<?xml version="1.0" encoding="UTF-8" standalone="yes"?>
<hibernate-mapping auto-import="false" xmlns="http://www.hibernate.org/xsd/orm/hbm">
    <class discriminator-value="Contrato" table="contrato_AUD" entity-name="com.melilla.gestPlanes.model.Contrato_AUD" abstract="false">
        <composite-id name="originalId">
            <key-property name="idContrato">
                <column name="id_contrato"/>
                <type name="long">
                    <param name="org.hibernate.type.ParameterType.primaryKey">false</param>
                    <param name="org.hibernate.type.ParameterType.dynamic">true</param>
                    <param name="org.hibernate.type.ParameterType.returnedClass">java.lang.Long</param>
                    <param name="org.hibernate.type.ParameterType.accessType">field</param>
                    <param name="org.hibernate.type.ParameterType.entityClass">com.melilla.gestPlanes.model.Contrato</param>
                    <param name="org.hibernate.type.ParameterType.propertyName">idContrato</param>
                </type>
            </key-property>
            <key-many-to-one class="com.melilla.gestPlanes.envers.CustomRevisionEntity" name="REV">
                <column name="REV"/>
            </key-many-to-one>
        </composite-id>
        <property insert="true" name="REVTYPE" type="org.hibernate.envers.internal.entities.RevisionTypeType" update="false"/>
        <many-to-one class="com.melilla.gestPlanes.envers.CustomRevisionEntity" insert="true" name="REVEND" update="true">
            <column name="REVEND"/>
        </many-to-one>
        <property insert="true" name="REVEND_TSTMP" type="timestamp" update="true">
            <column name="REVEND_TSTMP"/>
        </property>
        <property insert="true" name="activo" type="boolean" update="false">
            <column name="activo"/>
        </property>
        <property insert="true" name="base" update="false">
            <column name="base"/>
            <type name="string">
                <param name="org.hibernate.type.ParameterType.primaryKey">false</param>
                <param name="org.hibernate.type.ParameterType.dynamic">true</param>
                <param name="org.hibernate.type.ParameterType.returnedClass">java.lang.String</param>
                <param name="org.hibernate.type.ParameterType.accessType">field</param>
                <param name="org.hibernate.type.ParameterType.entityClass">com.melilla.gestPlanes.model.Contrato</param>
                <param name="org.hibernate.type.ParameterType.propertyName">base</param>
            </type>
        </property>
        <property insert="true" name="createdAt" update="false">
            <column name="created_at"/>
            <type name="LocalDateTime">
                <param name="org.hibernate.type.ParameterType.primaryKey">false</param>
                <param name="org.hibernate.type.ParameterType.dynamic">true</param>
                <param name="org.hibernate.type.ParameterType.returnedClass">java.time.LocalDateTime</param>
                <param name="org.hibernate.type.ParameterType.accessType">field</param>
                <param name="org.hibernate.type.ParameterType.entityClass">com.melilla.gestPlanes.model.Contrato</param>
                <param name="org.hibernate.type.ParameterType.propertyName">createdAt</param>
            </type>
        </property>
        <property insert="true" name="deleted" type="boolean" update="false">
            <column name="deleted"/>
        </property>
        <property insert="true" name="deletedAt" update="false">
            <column name="deleted_at"/>
            <type name="LocalDateTime">
                <param name="org.hibernate.type.ParameterType.primaryKey">false</param>
                <param name="org.hibernate.type.ParameterType.dynamic">true</param>
                <param name="org.hibernate.type.ParameterType.returnedClass">java.time.LocalDateTime</param>
                <param name="org.hibernate.type.ParameterType.accessType">field</param>
                <param name="org.hibernate.type.ParameterType.entityClass">com.melilla.gestPlanes.model.Contrato</param>
                <param name="org.hibernate.type.ParameterType.propertyName">deletedAt</param>
            </type>
        </property>
        <property insert="true" name="diasVacaciones" type="integer" update="false">
            <column name="dias_vacaciones"/>
        </property>
        <property insert="true" name="duracion" type="integer" update="false">
            <column name="duracion"/>
        </property>
        <property insert="true" name="fechaExtincion" update="false">
            <column name="fecha_extincion"/>
            <type name="LocalDate">
                <param name="org.hibernate.type.ParameterType.primaryKey">false</param>
                <param name="org.hibernate.type.ParameterType.dynamic">true</param>
                <param name="org.hibernate.type.ParameterType.returnedClass">java.time.LocalDate</param>
                <param name="org.hibernate.type.ParameterType.accessType">field</param>
                <param name="org.hibernate.type.ParameterType.entityClass">com.melilla.gestPlanes.model.Contrato</param>
                <param name="org.hibernate.type.ParameterType.propertyName">fechaExtincion</param>
            </type>
        </property>
        <property insert="true" name="fechaFinal" update="false">
            <column name="fecha_final"/>
            <type name="LocalDate">
                <param name="org.hibernate.type.ParameterType.primaryKey">false</param>
                <param name="org.hibernate.type.ParameterType.dynamic">true</param>
                <param name="org.hibernate.type.ParameterType.returnedClass">java.time.LocalDate</param>
                <param name="org.hibernate.type.ParameterType.accessType">field</param>
                <param name="org.hibernate.type.ParameterType.entityClass">com.melilla.gestPlanes.model.Contrato</param>
                <param name="org.hibernate.type.ParameterType.propertyName">fechaFinal</param>
            </type>
        </property>
        <property insert="true" name="fechaInicio" update="false">
            <column name="fecha_inicio"/>
            <type name="LocalDate">
                <param name="org.hibernate.type.ParameterType.primaryKey">false</param>
                <param name="org.hibernate.type.ParameterType.dynamic">true</param>
                <param name="org.hibernate.type.ParameterType.returnedClass">java.time.LocalDate</param>
                <param name="org.hibernate.type.ParameterType.accessType">field</param>
                <param name="org.hibernate.type.ParameterType.entityClass">com.melilla.gestPlanes.model.Contrato</param>
                <param name="org.hibernate.type.ParameterType.propertyName">fechaInicio</param>
            </type>
        </property>
        <property insert="true" name="gc" update="false">
            <column name="gc"/>
            <type name="string">
                <param name="org.hibernate.type.ParameterType.primaryKey">false</param>
                <param name="org.hibernate.type.ParameterType.dynamic">true</param>
                <param name="org.hibernate.type.ParameterType.returnedClass">java.lang.String</param>
                <param name="org.hibernate.type.ParameterType.accessType">field</param>
                <param name="org.hibernate.type.ParameterType.entityClass">com.melilla.gestPlanes.model.Contrato</param>
                <param name="org.hibernate.type.ParameterType.propertyName">gc</param>
            </type>
        </property>
        <property insert="true" name="porcentajeHoras" update="false">
            <column name="porcentaje_horas"/>
            <type name="string">
                <param name="org.hibernate.type.ParameterType.primaryKey">false</param>
                <param name="org.hibernate.type.ParameterType.dynamic">true</param>
                <param name="org.hibernate.type.ParameterType.returnedClass">java.lang.String</param>
                <param name="org.hibernate.type.ParameterType.accessType">field</param>
                <param name="org.hibernate.type.ParameterType.entityClass">com.melilla.gestPlanes.model.Contrato</param>
                <param name="org.hibernate.type.ParameterType.propertyName">porcentajeHoras</param>
            </type>
        </property>
        <property insert="true" name="prorratas" update="false">
            <column name="prorratas"/>
            <type name="string">
                <param name="org.hibernate.type.ParameterType.primaryKey">false</param>
                <param name="org.hibernate.type.ParameterType.dynamic">true</param>
                <param name="org.hibernate.type.ParameterType.returnedClass">java.lang.String</param>
                <param name="org.hibernate.type.ParameterType.accessType">field</param>
                <param name="org.hibernate.type.ParameterType.entityClass">com.melilla.gestPlanes.model.Contrato</param>
                <param name="org.hibernate.type.ParameterType.propertyName">prorratas</param>
            </type>
        </property>
        <property insert="true" name="residencia" update="false">
            <column name="residencia"/>
            <type name="string">
                <param name="org.hibernate.type.ParameterType.primaryKey">false</param>
                <param name="org.hibernate.type.ParameterType.dynamic">true</param>
                <param name="org.hibernate.type.ParameterType.returnedClass">java.lang.String</param>
                <param name="org.hibernate.type.ParameterType.accessType">field</param>
                <param name="org.hibernate.type.ParameterType.entityClass">com.melilla.gestPlanes.model.Contrato</param>
                <param name="org.hibernate.type.ParameterType.propertyName">residencia</param>
            </type>
        </property>
        <property insert="true" name="total" update="false">
            <column name="total"/>
            <type name="string">
                <param name="org.hibernate.type.ParameterType.primaryKey">false</param>
                <param name="org.hibernate.type.ParameterType.dynamic">true</param>
                <param name="org.hibernate.type.ParameterType.returnedClass">java.lang.String</param>
                <param name="org.hibernate.type.ParameterType.accessType">field</param>
                <param name="org.hibernate.type.ParameterType.entityClass">com.melilla.gestPlanes.model.Contrato</param>
                <param name="org.hibernate.type.ParameterType.propertyName">total</param>
            </type>
        </property>
        <property insert="true" name="turno" update="false">
            <column name="turno"/>
            <type name="string">
                <param name="org.hibernate.type.ParameterType.primaryKey">false</param>
                <param name="org.hibernate.type.ParameterType.dynamic">true</param>
                <param name="org.hibernate.type.ParameterType.returnedClass">java.lang.String</param>
                <param name="org.hibernate.type.ParameterType.accessType">field</param>
                <param name="org.hibernate.type.ParameterType.entityClass">com.melilla.gestPlanes.model.Contrato</param>
                <param name="org.hibernate.type.ParameterType.propertyName">turno</param>
            </type>
        </property>
        <property insert="true" name="ciudadano_idCiudadano" update="false">
            <column name="id_ciudadano"/>
            <type name="long">
                <param name="org.hibernate.type.ParameterType.primaryKey">false</param>
                <param name="org.hibernate.type.ParameterType.dynamic">true</param>
                <param name="org.hibernate.type.ParameterType.returnedClass">java.lang.Long</param>
                <param name="org.hibernate.type.ParameterType.accessType">field</param>
                <param name="org.hibernate.type.ParameterType.entityClass">com.melilla.gestPlanes.model.Ciudadano</param>
                <param name="org.hibernate.type.ParameterType.propertyName">idCiudadano</param>
            </type>
        </property>
        <property insert="true" name="salario_idSalario" update="false">
            <column name="id_salario"/>
            <type name="long">
                <param name="org.hibernate.type.ParameterType.primaryKey">false</param>
                <param name="org.hibernate.type.ParameterType.dynamic">true</param>
                <param name="org.hibernate.type.ParameterType.returnedClass">java.lang.Long</param>
                <param name="org.hibernate.type.ParameterType.accessType">field</param>
                <param name="org.hibernate.type.ParameterType.entityClass">com.melilla.gestPlanes.model.Salario</param>
                <param name="org.hibernate.type.ParameterType.propertyName">idSalario</param>
            </type>
        </property>
    </class>
</hibernate-mapping>

2025-10-30T12:31:16.918+01:00  INFO 40540 --- [restartedMain] .e.b.i.AdditionalJaxbMappingProducerImpl : Adding JAXB document mapping
2025-10-30T12:31:16.962+01:00  INFO 40540 --- [restartedMain] org.hibernate.envers.boot                : HHH90005601: Envers-generated HBM mapping...
<?xml version="1.0" encoding="UTF-8" standalone="yes"?>
<hibernate-mapping auto-import="false" xmlns="http://www.hibernate.org/xsd/orm/hbm">
    <class discriminator-value="NotaCiudadano" table="nota_ciudadano_AUD" entity-name="com.melilla.gestPlanes.model.NotaCiudadano_AUD" abstract="false">
        <composite-id name="originalId">
            <key-property name="idNota">
                <column name="id_nota"/>
                <type name="long">
                    <param name="org.hibernate.type.ParameterType.primaryKey">false</param>
                    <param name="org.hibernate.type.ParameterType.dynamic">true</param>
                    <param name="org.hibernate.type.ParameterType.returnedClass">java.lang.Long</param>
                    <param name="org.hibernate.type.ParameterType.accessType">field</param>
                    <param name="org.hibernate.type.ParameterType.entityClass">com.melilla.gestPlanes.model.NotaCiudadano</param>
                    <param name="org.hibernate.type.ParameterType.propertyName">idNota</param>
                </type>
            </key-property>
            <key-many-to-one class="com.melilla.gestPlanes.envers.CustomRevisionEntity" name="REV">
                <column name="REV"/>
            </key-many-to-one>
        </composite-id>
        <property insert="true" name="REVTYPE" type="org.hibernate.envers.internal.entities.RevisionTypeType" update="false"/>
        <many-to-one class="com.melilla.gestPlanes.envers.CustomRevisionEntity" insert="true" name="REVEND" update="true">
            <column name="REVEND"/>
        </many-to-one>
        <property insert="true" name="REVEND_TSTMP" type="timestamp" update="true">
            <column name="REVEND_TSTMP"/>
        </property>
        <property insert="true" name="asunto" update="false">
            <column name="asunto"/>
            <type name="string">
                <param name="org.hibernate.type.ParameterType.primaryKey">false</param>
                <param name="org.hibernate.type.ParameterType.dynamic">true</param>
                <param name="org.hibernate.type.ParameterType.returnedClass">java.lang.String</param>
                <param name="org.hibernate.type.ParameterType.accessType">field</param>
                <param name="org.hibernate.type.ParameterType.entityClass">com.melilla.gestPlanes.model.NotaCiudadano</param>
                <param name="org.hibernate.type.ParameterType.propertyName">asunto</param>
            </type>
        </property>
        <property insert="true" name="createdAt" update="false">
            <column name="created_at"/>
            <type name="LocalDateTime">
                <param name="org.hibernate.type.ParameterType.primaryKey">false</param>
                <param name="org.hibernate.type.ParameterType.dynamic">true</param>
                <param name="org.hibernate.type.ParameterType.returnedClass">java.time.LocalDateTime</param>
                <param name="org.hibernate.type.ParameterType.accessType">field</param>
                <param name="org.hibernate.type.ParameterType.entityClass">com.melilla.gestPlanes.model.NotaCiudadano</param>
                <param name="org.hibernate.type.ParameterType.propertyName">createdAt</param>
            </type>
        </property>
        <property insert="true" name="deleted" type="boolean" update="false">
            <column name="deleted"/>
        </property>
        <property insert="true" name="deletedAt" update="false">
            <column name="deleted_at"/>
            <type name="LocalDateTime">
                <param name="org.hibernate.type.ParameterType.primaryKey">false</param>
                <param name="org.hibernate.type.ParameterType.dynamic">true</param>
                <param name="org.hibernate.type.ParameterType.returnedClass">java.time.LocalDateTime</param>
                <param name="org.hibernate.type.ParameterType.accessType">field</param>
                <param name="org.hibernate.type.ParameterType.entityClass">com.melilla.gestPlanes.model.NotaCiudadano</param>
                <param name="org.hibernate.type.ParameterType.propertyName">deletedAt</param>
            </type>
        </property>
        <property insert="true" name="fechaNota" update="false">
            <column name="fecha_nota"/>
            <type name="LocalDate">
                <param name="org.hibernate.type.ParameterType.primaryKey">false</param>
                <param name="org.hibernate.type.ParameterType.dynamic">true</param>
                <param name="org.hibernate.type.ParameterType.returnedClass">java.time.LocalDate</param>
                <param name="org.hibernate.type.ParameterType.accessType">field</param>
                <param name="org.hibernate.type.ParameterType.entityClass">com.melilla.gestPlanes.model.NotaCiudadano</param>
                <param name="org.hibernate.type.ParameterType.propertyName">fechaNota</param>
            </type>
        </property>
        <property insert="true" name="nota" update="false">
            <column name="nota"/>
            <type name="string">
                <param name="org.hibernate.type.ParameterType.primaryKey">false</param>
                <param name="org.hibernate.type.ParameterType.dynamic">true</param>
                <param name="org.hibernate.type.ParameterType.returnedClass">java.lang.String</param>
                <param name="org.hibernate.type.ParameterType.accessType">field</param>
                <param name="org.hibernate.type.ParameterType.entityClass">com.melilla.gestPlanes.model.NotaCiudadano</param>
                <param name="org.hibernate.type.ParameterType.propertyName">nota</param>
            </type>
        </property>
        <property insert="true" name="pinned" type="boolean" update="false">
            <column name="pinned"/>
        </property>
        <property insert="true" name="ciudadano_idCiudadano" update="false">
            <column name="id_ciudadano"/>
            <type name="long">
                <param name="org.hibernate.type.ParameterType.primaryKey">false</param>
                <param name="org.hibernate.type.ParameterType.dynamic">true</param>
                <param name="org.hibernate.type.ParameterType.returnedClass">java.lang.Long</param>
                <param name="org.hibernate.type.ParameterType.accessType">field</param>
                <param name="org.hibernate.type.ParameterType.entityClass">com.melilla.gestPlanes.model.Ciudadano</param>
                <param name="org.hibernate.type.ParameterType.propertyName">idCiudadano</param>
            </type>
        </property>
    </class>
</hibernate-mapping>

2025-10-30T12:31:16.963+01:00  INFO 40540 --- [restartedMain] .e.b.i.AdditionalJaxbMappingProducerImpl : Adding JAXB document mapping
2025-10-30T12:31:17.003+01:00  INFO 40540 --- [restartedMain] org.hibernate.envers.boot                : HHH90005601: Envers-generated HBM mapping...
<?xml version="1.0" encoding="UTF-8" standalone="yes"?>
<hibernate-mapping auto-import="false" xmlns="http://www.hibernate.org/xsd/orm/hbm">
    <class discriminator-value="Documento" table="documento_AUD" entity-name="com.melilla.gestPlanes.model.Documento_AUD" abstract="false">
        <composite-id name="originalId">
            <key-property name="idDocumento">
                <column name="id_documento"/>
                <type name="long">
                    <param name="org.hibernate.type.ParameterType.primaryKey">false</param>
                    <param name="org.hibernate.type.ParameterType.dynamic">true</param>
                    <param name="org.hibernate.type.ParameterType.returnedClass">java.lang.Long</param>
                    <param name="org.hibernate.type.ParameterType.accessType">field</param>
                    <param name="org.hibernate.type.ParameterType.entityClass">com.melilla.gestPlanes.model.Documento</param>
                    <param name="org.hibernate.type.ParameterType.propertyName">idDocumento</param>
                </type>
            </key-property>
            <key-many-to-one class="com.melilla.gestPlanes.envers.CustomRevisionEntity" name="REV">
                <column name="REV"/>
            </key-many-to-one>
        </composite-id>
        <property insert="true" name="REVTYPE" type="org.hibernate.envers.internal.entities.RevisionTypeType" update="false"/>
        <many-to-one class="com.melilla.gestPlanes.envers.CustomRevisionEntity" insert="true" name="REVEND" update="true">
            <column name="REVEND"/>
        </many-to-one>
        <property insert="true" name="REVEND_TSTMP" type="timestamp" update="true">
            <column name="REVEND_TSTMP"/>
        </property>
        <property insert="true" name="createdAt" update="false">
            <column name="created_at"/>
            <type name="LocalDateTime">
                <param name="org.hibernate.type.ParameterType.primaryKey">false</param>
                <param name="org.hibernate.type.ParameterType.dynamic">true</param>
                <param name="org.hibernate.type.ParameterType.returnedClass">java.time.LocalDateTime</param>
                <param name="org.hibernate.type.ParameterType.accessType">field</param>
                <param name="org.hibernate.type.ParameterType.entityClass">com.melilla.gestPlanes.model.Documento</param>
                <param name="org.hibernate.type.ParameterType.propertyName">createdAt</param>
            </type>
        </property>
        <property insert="true" name="deleted" type="boolean" update="false">
            <column name="deleted"/>
        </property>
        <property insert="true" name="deletedAt" update="false">
            <column name="deleted_at"/>
            <type name="LocalDateTime">
                <param name="org.hibernate.type.ParameterType.primaryKey">false</param>
                <param name="org.hibernate.type.ParameterType.dynamic">true</param>
                <param name="org.hibernate.type.ParameterType.returnedClass">java.time.LocalDateTime</param>
                <param name="org.hibernate.type.ParameterType.accessType">field</param>
                <param name="org.hibernate.type.ParameterType.entityClass">com.melilla.gestPlanes.model.Documento</param>
                <param name="org.hibernate.type.ParameterType.propertyName">deletedAt</param>
            </type>
        </property>
        <property insert="true" name="nombre" update="false">
            <column name="nombre"/>
            <type name="string">
                <param name="org.hibernate.type.ParameterType.primaryKey">false</param>
                <param name="org.hibernate.type.ParameterType.dynamic">true</param>
                <param name="org.hibernate.type.ParameterType.returnedClass">java.lang.String</param>
                <param name="org.hibernate.type.ParameterType.accessType">field</param>
                <param name="org.hibernate.type.ParameterType.entityClass">com.melilla.gestPlanes.model.Documento</param>
                <param name="org.hibernate.type.ParameterType.propertyName">nombre</param>
            </type>
        </property>
        <property insert="true" name="observaciones" update="false">
            <column name="observaciones"/>
            <type name="string">
                <param name="org.hibernate.type.ParameterType.primaryKey">false</param>
                <param name="org.hibernate.type.ParameterType.dynamic">true</param>
                <param name="org.hibernate.type.ParameterType.returnedClass">java.lang.String</param>
                <param name="org.hibernate.type.ParameterType.accessType">field</param>
                <param name="org.hibernate.type.ParameterType.entityClass">com.melilla.gestPlanes.model.Documento</param>
                <param name="org.hibernate.type.ParameterType.propertyName">observaciones</param>
            </type>
        </property>
        <property insert="true" name="ruta" update="false">
            <column name="ruta"/>
            <type name="string">
                <param name="org.hibernate.type.ParameterType.primaryKey">false</param>
                <param name="org.hibernate.type.ParameterType.dynamic">true</param>
                <param name="org.hibernate.type.ParameterType.returnedClass">java.lang.String</param>
                <param name="org.hibernate.type.ParameterType.accessType">field</param>
                <param name="org.hibernate.type.ParameterType.entityClass">com.melilla.gestPlanes.model.Documento</param>
                <param name="org.hibernate.type.ParameterType.propertyName">ruta</param>
            </type>
        </property>
        <property insert="true" name="tipo" update="false">
            <column name="tipo"/>
            <type name="string">
                <param name="org.hibernate.type.ParameterType.primaryKey">false</param>
                <param name="org.hibernate.type.ParameterType.dynamic">true</param>
                <param name="org.hibernate.type.ParameterType.returnedClass">java.lang.String</param>
                <param name="org.hibernate.type.ParameterType.accessType">field</param>
                <param name="org.hibernate.type.ParameterType.entityClass">com.melilla.gestPlanes.model.Documento</param>
                <param name="org.hibernate.type.ParameterType.propertyName">tipo</param>
            </type>
        </property>
        <property insert="true" name="ciudadano_idCiudadano" update="false">
            <column name="id_ciudadano"/>
            <type name="long">
                <param name="org.hibernate.type.ParameterType.primaryKey">false</param>
                <param name="org.hibernate.type.ParameterType.dynamic">true</param>
                <param name="org.hibernate.type.ParameterType.returnedClass">java.lang.Long</param>
                <param name="org.hibernate.type.ParameterType.accessType">field</param>
                <param name="org.hibernate.type.ParameterType.entityClass">com.melilla.gestPlanes.model.Ciudadano</param>
                <param name="org.hibernate.type.ParameterType.propertyName">idCiudadano</param>
            </type>
        </property>
    </class>
</hibernate-mapping>

2025-10-30T12:31:17.004+01:00  INFO 40540 --- [restartedMain] .e.b.i.AdditionalJaxbMappingProducerImpl : Adding JAXB document mapping
2025-10-30T12:31:17.044+01:00  INFO 40540 --- [restartedMain] org.hibernate.envers.boot                : HHH90005601: Envers-generated HBM mapping...
<?xml version="1.0" encoding="UTF-8" standalone="yes"?>
<hibernate-mapping auto-import="false" xmlns="http://www.hibernate.org/xsd/orm/hbm">
    <class discriminator-value="Ciudadano" table="ciudadano_AUD" entity-name="com.melilla.gestPlanes.model.Ciudadano_AUD" abstract="false">
        <composite-id name="originalId">
            <key-property name="idCiudadano">
                <column name="id_ciudadano"/>
                <type name="long">
                    <param name="org.hibernate.type.ParameterType.primaryKey">false</param>
                    <param name="org.hibernate.type.ParameterType.dynamic">true</param>
                    <param name="org.hibernate.type.ParameterType.returnedClass">java.lang.Long</param>
                    <param name="org.hibernate.type.ParameterType.accessType">field</param>
                    <param name="org.hibernate.type.ParameterType.entityClass">com.melilla.gestPlanes.model.Ciudadano</param>
                    <param name="org.hibernate.type.ParameterType.propertyName">idCiudadano</param>
                </type>
            </key-property>
            <key-many-to-one class="com.melilla.gestPlanes.envers.CustomRevisionEntity" name="REV">
                <column name="REV"/>
            </key-many-to-one>
        </composite-id>
        <property insert="true" name="REVTYPE" type="org.hibernate.envers.internal.entities.RevisionTypeType" update="false"/>
        <many-to-one class="com.melilla.gestPlanes.envers.CustomRevisionEntity" insert="true" name="REVEND" update="true">
            <column name="REVEND"/>
        </many-to-one>
        <property insert="true" name="REVEND_TSTMP" type="timestamp" update="true">
            <column name="REVEND_TSTMP"/>
        </property>
        <property insert="true" name="DNI" update="false">
            <column name="dni"/>
            <type name="string">
                <param name="org.hibernate.type.ParameterType.primaryKey">false</param>
                <param name="org.hibernate.type.ParameterType.dynamic">true</param>
                <param name="org.hibernate.type.ParameterType.returnedClass">java.lang.String</param>
                <param name="org.hibernate.type.ParameterType.accessType">field</param>
                <param name="org.hibernate.type.ParameterType.entityClass">com.melilla.gestPlanes.model.Ciudadano</param>
                <param name="org.hibernate.type.ParameterType.propertyName">DNI</param>
            </type>
        </property>
        <property insert="true" name="altaSS" type="boolean" update="false">
            <column name="altass"/>
        </property>
        <property insert="true" name="antecedentes" type="boolean" update="false">
            <column name="antecedentes"/>
        </property>
        <property insert="true" name="apellido1" update="false">
            <column name="apellido1"/>
            <type name="string">
                <param name="org.hibernate.type.ParameterType.primaryKey">false</param>
                <param name="org.hibernate.type.ParameterType.dynamic">true</param>
                <param name="org.hibernate.type.ParameterType.returnedClass">java.lang.String</param>
                <param name="org.hibernate.type.ParameterType.accessType">field</param>
                <param name="org.hibernate.type.ParameterType.entityClass">com.melilla.gestPlanes.model.Ciudadano</param>
                <param name="org.hibernate.type.ParameterType.propertyName">apellido1</param>
            </type>
        </property>
        <property insert="true" name="apellido2" update="false">
            <column name="apellido2"/>
            <type name="string">
                <param name="org.hibernate.type.ParameterType.primaryKey">false</param>
                <param name="org.hibernate.type.ParameterType.dynamic">true</param>
                <param name="org.hibernate.type.ParameterType.returnedClass">java.lang.String</param>
                <param name="org.hibernate.type.ParameterType.accessType">field</param>
                <param name="org.hibernate.type.ParameterType.entityClass">com.melilla.gestPlanes.model.Ciudadano</param>
                <param name="org.hibernate.type.ParameterType.propertyName">apellido2</param>
            </type>
        </property>
        <property insert="true" name="bajaLaboral" type="boolean" update="false">
            <column name="baja_laboral"/>
        </property>
        <property insert="true" name="bajaMaternal" type="boolean" update="false">
            <column name="baja_maternal"/>
        </property>
        <property insert="true" name="ccc" update="false">
            <column name="ccc"/>
            <type name="string">
                <param name="org.hibernate.type.ParameterType.primaryKey">false</param>
                <param name="org.hibernate.type.ParameterType.dynamic">true</param>
                <param name="org.hibernate.type.ParameterType.returnedClass">java.lang.String</param>
                <param name="org.hibernate.type.ParameterType.accessType">field</param>
                <param name="org.hibernate.type.ParameterType.entityClass">com.melilla.gestPlanes.model.Ciudadano</param>
                <param name="org.hibernate.type.ParameterType.propertyName">ccc</param>
            </type>
        </property>
        <property insert="true" name="contrata" type="boolean" update="false">
            <column name="contrata"/>
        </property>
        <property insert="true" name="createdAt" update="false">
            <column name="created_at"/>
            <type name="LocalDateTime">
                <param name="org.hibernate.type.ParameterType.primaryKey">false</param>
                <param name="org.hibernate.type.ParameterType.dynamic">true</param>
                <param name="org.hibernate.type.ParameterType.returnedClass">java.time.LocalDateTime</param>
                <param name="org.hibernate.type.ParameterType.accessType">field</param>
                <param name="org.hibernate.type.ParameterType.entityClass">com.melilla.gestPlanes.model.Ciudadano</param>
                <param name="org.hibernate.type.ParameterType.propertyName">createdAt</param>
            </type>
        </property>
        <property insert="true" name="cupo" type="boolean" update="false">
            <column name="cupo"/>
        </property>
        <property insert="true" name="deleted" type="boolean" update="false">
            <column name="deleted"/>
        </property>
        <property insert="true" name="deletedAt" update="false">
            <column name="deleted_at"/>
            <type name="LocalDateTime">
                <param name="org.hibernate.type.ParameterType.primaryKey">false</param>
                <param name="org.hibernate.type.ParameterType.dynamic">true</param>
                <param name="org.hibernate.type.ParameterType.returnedClass">java.time.LocalDateTime</param>
                <param name="org.hibernate.type.ParameterType.accessType">field</param>
                <param name="org.hibernate.type.ParameterType.entityClass">com.melilla.gestPlanes.model.Ciudadano</param>
                <param name="org.hibernate.type.ParameterType.propertyName">deletedAt</param>
            </type>
        </property>
        <property insert="true" name="email" update="false">
            <column name="email"/>
            <type name="string">
                <param name="org.hibernate.type.ParameterType.primaryKey">false</param>
                <param name="org.hibernate.type.ParameterType.dynamic">true</param>
                <param name="org.hibernate.type.ParameterType.returnedClass">java.lang.String</param>
                <param name="org.hibernate.type.ParameterType.accessType">field</param>
                <param name="org.hibernate.type.ParameterType.entityClass">com.melilla.gestPlanes.model.Ciudadano</param>
                <param name="org.hibernate.type.ParameterType.propertyName">email</param>
            </type>
        </property>
        <property insert="true" name="esJefeEquipo" type="boolean" update="false">
            <column name="es_jefe_equipo"/>
        </property>
        <property insert="true" name="escaneado" type="boolean" update="false">
            <column name="escaneado"/>
        </property>
        <property insert="true" name="estado" update="false">
            <column name="estado"/>
            <type name="string">
                <param name="org.hibernate.type.ParameterType.primaryKey">false</param>
                <param name="org.hibernate.type.ParameterType.dynamic">true</param>
                <param name="org.hibernate.type.ParameterType.returnedClass">java.lang.String</param>
                <param name="org.hibernate.type.ParameterType.accessType">field</param>
                <param name="org.hibernate.type.ParameterType.entityClass">com.melilla.gestPlanes.model.Ciudadano</param>
                <param name="org.hibernate.type.ParameterType.propertyName">estado</param>
            </type>
        </property>
        <property insert="true" name="estadoCivil" update="false">
            <column name="estado_civil"/>
            <type name="string">
                <param name="org.hibernate.type.ParameterType.primaryKey">false</param>
                <param name="org.hibernate.type.ParameterType.dynamic">true</param>
                <param name="org.hibernate.type.ParameterType.returnedClass">java.lang.String</param>
                <param name="org.hibernate.type.ParameterType.accessType">field</param>
                <param name="org.hibernate.type.ParameterType.entityClass">com.melilla.gestPlanes.model.Ciudadano</param>
                <param name="org.hibernate.type.ParameterType.propertyName">estadoCivil</param>
            </type>
        </property>
        <property insert="true" name="fechaListadoSepe" update="false">
            <column name="fecha_listado_sepe"/>
            <type name="LocalDate">
                <param name="org.hibernate.type.ParameterType.primaryKey">false</param>
                <param name="org.hibernate.type.ParameterType.dynamic">true</param>
                <param name="org.hibernate.type.ParameterType.returnedClass">java.time.LocalDate</param>
                <param name="org.hibernate.type.ParameterType.accessType">field</param>
                <param name="org.hibernate.type.ParameterType.entityClass">com.melilla.gestPlanes.model.Ciudadano</param>
                <param name="org.hibernate.type.ParameterType.propertyName">fechaListadoSepe</param>
            </type>
        </property>
        <property insert="true" name="fechaNacimiento" update="false">
            <column name="fecha_nacimiento"/>
            <type name="LocalDate">
                <param name="org.hibernate.type.ParameterType.primaryKey">false</param>
                <param name="org.hibernate.type.ParameterType.dynamic">true</param>
                <param name="org.hibernate.type.ParameterType.returnedClass">java.time.LocalDate</param>
                <param name="org.hibernate.type.ParameterType.accessType">field</param>
                <param name="org.hibernate.type.ParameterType.entityClass">com.melilla.gestPlanes.model.Ciudadano</param>
                <param name="org.hibernate.type.ParameterType.propertyName">fechaNacimiento</param>
            </type>
        </property>
        <property insert="true" name="fechaRegistro" update="false">
            <column name="fecha_registro"/>
            <type name="LocalDate">
                <param name="org.hibernate.type.ParameterType.primaryKey">false</param>
                <param name="org.hibernate.type.ParameterType.dynamic">true</param>
                <param name="org.hibernate.type.ParameterType.returnedClass">java.time.LocalDate</param>
                <param name="org.hibernate.type.ParameterType.accessType">field</param>
                <param name="org.hibernate.type.ParameterType.entityClass">com.melilla.gestPlanes.model.Ciudadano</param>
                <param name="org.hibernate.type.ParameterType.propertyName">fechaRegistro</param>
            </type>
        </property>
        <property insert="true" name="nacionalidad" update="false">
            <column name="nacionalidad"/>
            <type name="string">
                <param name="org.hibernate.type.ParameterType.primaryKey">false</param>
                <param name="org.hibernate.type.ParameterType.dynamic">true</param>
                <param name="org.hibernate.type.ParameterType.returnedClass">java.lang.String</param>
                <param name="org.hibernate.type.ParameterType.accessType">field</param>
                <param name="org.hibernate.type.ParameterType.entityClass">com.melilla.gestPlanes.model.Ciudadano</param>
                <param name="org.hibernate.type.ParameterType.propertyName">nacionalidad</param>
            </type>
        </property>
        <property insert="true" name="nedaes" type="boolean" update="false">
            <column name="nedaes"/>
        </property>
        <property insert="true" name="nombre" update="false">
            <column name="nombre"/>
            <type name="string">
                <param name="org.hibernate.type.ParameterType.primaryKey">false</param>
                <param name="org.hibernate.type.ParameterType.dynamic">true</param>
                <param name="org.hibernate.type.ParameterType.returnedClass">java.lang.String</param>
                <param name="org.hibernate.type.ParameterType.accessType">field</param>
                <param name="org.hibernate.type.ParameterType.entityClass">com.melilla.gestPlanes.model.Ciudadano</param>
                <param name="org.hibernate.type.ParameterType.propertyName">nombre</param>
            </type>
        </property>
        <property insert="true" name="numeroOrdenSepe" type="integer" update="false">
            <column name="numero_orden_sepe"/>
        </property>
        <property insert="true" name="reclamaSalarios" type="boolean" update="false">
            <column name="reclama_salarios"/>
        </property>
        <property insert="true" name="seguridadSocial" update="false">
            <column name="seguridad_social"/>
            <type name="string">
                <param name="org.hibernate.type.ParameterType.primaryKey">false</param>
                <param name="org.hibernate.type.ParameterType.dynamic">true</param>
                <param name="org.hibernate.type.ParameterType.returnedClass">java.lang.String</param>
                <param name="org.hibernate.type.ParameterType.accessType">field</param>
                <param name="org.hibernate.type.ParameterType.entityClass">com.melilla.gestPlanes.model.Ciudadano</param>
                <param name="org.hibernate.type.ParameterType.propertyName">seguridadSocial</param>
            </type>
        </property>
        <property insert="true" name="sexo" update="false">
            <column name="sexo"/>
            <type name="string">
                <param name="org.hibernate.type.ParameterType.primaryKey">false</param>
                <param name="org.hibernate.type.ParameterType.dynamic">true</param>
                <param name="org.hibernate.type.ParameterType.returnedClass">java.lang.String</param>
                <param name="org.hibernate.type.ParameterType.accessType">field</param>
                <param name="org.hibernate.type.ParameterType.entityClass">com.melilla.gestPlanes.model.Ciudadano</param>
                <param name="org.hibernate.type.ParameterType.propertyName">sexo</param>
            </type>
        </property>
        <property insert="true" name="sinClausula" type="boolean" update="false">
            <column name="sin_clausula"/>
        </property>
        <property insert="true" name="suplente" type="boolean" update="false">
            <column name="suplente"/>
        </property>
        <property insert="true" name="telefono" update="false">
            <column name="telefono"/>
            <type name="string">
                <param name="org.hibernate.type.ParameterType.primaryKey">false</param>
                <param name="org.hibernate.type.ParameterType.dynamic">true</param>
                <param name="org.hibernate.type.ParameterType.returnedClass">java.lang.String</param>
                <param name="org.hibernate.type.ParameterType.accessType">field</param>
                <param name="org.hibernate.type.ParameterType.entityClass">com.melilla.gestPlanes.model.Ciudadano</param>
                <param name="org.hibernate.type.ParameterType.propertyName">telefono</param>
            </type>
        </property>
        <property insert="true" name="vacacionesDisfrutadas" type="integer" update="false">
            <column name="vacaciones_disfrutadas"/>
        </property>
        <property insert="true" name="vg" type="boolean" update="false">
            <column name="vg"/>
        </property>
    </class>
</hibernate-mapping>

2025-10-30T12:31:17.045+01:00  INFO 40540 --- [restartedMain] .e.b.i.AdditionalJaxbMappingProducerImpl : Adding JAXB document mapping
2025-10-30T12:31:17.091+01:00  INFO 40540 --- [restartedMain] org.hibernate.envers.boot                : HHH90005601: Envers-generated HBM mapping...
<?xml version="1.0" encoding="UTF-8" standalone="yes"?>
<hibernate-mapping auto-import="false" xmlns="http://www.hibernate.org/xsd/orm/hbm">
    <class discriminator-value="PlantillaContratoConfig" table="plantilla_contrato_config_AUD" entity-name="com.melilla.gestPlanes.model.config.PlantillaContratoConfig_AUD" abstract="false">
        <composite-id name="originalId">
            <key-property name="idContratoConfig">
                <column name="id_contrato_config"/>
                <type name="long">
                    <param name="org.hibernate.type.ParameterType.primaryKey">false</param>
                    <param name="org.hibernate.type.ParameterType.dynamic">true</param>
                    <param name="org.hibernate.type.ParameterType.returnedClass">java.lang.Long</param>
                    <param name="org.hibernate.type.ParameterType.accessType">field</param>
                    <param name="org.hibernate.type.ParameterType.entityClass">com.melilla.gestPlanes.model.config.PlantillaContratoConfig</param>
                    <param name="org.hibernate.type.ParameterType.propertyName">idContratoConfig</param>
                </type>
            </key-property>
            <key-many-to-one class="com.melilla.gestPlanes.envers.CustomRevisionEntity" name="REV">
                <column name="REV"/>
            </key-many-to-one>
        </composite-id>
        <property insert="true" name="REVTYPE" type="org.hibernate.envers.internal.entities.RevisionTypeType" update="false"/>
        <many-to-one class="com.melilla.gestPlanes.envers.CustomRevisionEntity" insert="true" name="REVEND" update="true">
            <column name="REVEND"/>
        </many-to-one>
        <property insert="true" name="REVEND_TSTMP" type="timestamp" update="true">
            <column name="REVEND_TSTMP"/>
        </property>
        <property insert="true" name="activa" type="boolean" update="false">
            <column name="activa"/>
        </property>
        <property insert="true" name="actividadEconomica" update="false">
            <column name="actividad_economica"/>
            <type name="string">
                <param name="org.hibernate.type.ParameterType.primaryKey">false</param>
                <param name="org.hibernate.type.ParameterType.dynamic">true</param>
                <param name="org.hibernate.type.ParameterType.returnedClass">java.lang.String</param>
                <param name="org.hibernate.type.ParameterType.accessType">field</param>
                <param name="org.hibernate.type.ParameterType.entityClass">com.melilla.gestPlanes.model.config.PlantillaContratoConfig</param>
                <param name="org.hibernate.type.ParameterType.propertyName">actividadEconomica</param>
            </type>
        </property>
        <property insert="true" name="cargoRepresentante" update="false">
            <column name="cargo_representante"/>
            <type name="string">
                <param name="org.hibernate.type.ParameterType.primaryKey">false</param>
                <param name="org.hibernate.type.ParameterType.dynamic">true</param>
                <param name="org.hibernate.type.ParameterType.returnedClass">java.lang.String</param>
                <param name="org.hibernate.type.ParameterType.accessType">field</param>
                <param name="org.hibernate.type.ParameterType.entityClass">com.melilla.gestPlanes.model.config.PlantillaContratoConfig</param>
                <param name="org.hibernate.type.ParameterType.propertyName">cargoRepresentante</param>
            </type>
        </property>
        <property insert="true" name="cif" update="false">
            <column name="cif"/>
            <type name="string">
                <param name="org.hibernate.type.ParameterType.primaryKey">false</param>
                <param name="org.hibernate.type.ParameterType.dynamic">true</param>
                <param name="org.hibernate.type.ParameterType.returnedClass">java.lang.String</param>
                <param name="org.hibernate.type.ParameterType.accessType">field</param>
                <param name="org.hibernate.type.ParameterType.entityClass">com.melilla.gestPlanes.model.config.PlantillaContratoConfig</param>
                <param name="org.hibernate.type.ParameterType.propertyName">cif</param>
            </type>
        </property>
        <property insert="true" name="clausulaAdicional" update="false">
            <column length="255" name="clausula_adicional" sql-type="TEXT"/>
            <type name="string">
                <param name="org.hibernate.type.ParameterType.primaryKey">false</param>
                <param name="org.hibernate.type.ParameterType.dynamic">true</param>
                <param name="org.hibernate.type.ParameterType.returnedClass">java.lang.String</param>
                <param name="org.hibernate.type.ParameterType.accessType">field</param>
                <param name="org.hibernate.type.ParameterType.entityClass">com.melilla.gestPlanes.model.config.PlantillaContratoConfig</param>
                <param name="org.hibernate.type.ParameterType.propertyName">clausulaAdicional</param>
            </type>
        </property>
        <property insert="true" name="clausulaEspecifica" update="false">
            <column length="255" name="clausula_especifica" sql-type="TEXT"/>
            <type name="string">
                <param name="org.hibernate.type.ParameterType.primaryKey">false</param>
                <param name="org.hibernate.type.ParameterType.dynamic">true</param>
                <param name="org.hibernate.type.ParameterType.returnedClass">java.lang.String</param>
                <param name="org.hibernate.type.ParameterType.accessType">field</param>
                <param name="org.hibernate.type.ParameterType.entityClass">com.melilla.gestPlanes.model.config.PlantillaContratoConfig</param>
                <param name="org.hibernate.type.ParameterType.propertyName">clausulaEspecifica</param>
            </type>
        </property>
        <property insert="true" name="codigoCuentaCotizacion" update="false">
            <column name="codigo_cuenta_cotizacion"/>
            <type name="string">
                <param name="org.hibernate.type.ParameterType.primaryKey">false</param>
                <param name="org.hibernate.type.ParameterType.dynamic">true</param>
                <param name="org.hibernate.type.ParameterType.returnedClass">java.lang.String</param>
                <param name="org.hibernate.type.ParameterType.accessType">field</param>
                <param name="org.hibernate.type.ParameterType.entityClass">com.melilla.gestPlanes.model.config.PlantillaContratoConfig</param>
                <param name="org.hibernate.type.ParameterType.propertyName">codigoCuentaCotizacion</param>
            </type>
        </property>
        <property insert="true" name="codigoMunicipioEmpresa" update="false">
            <column name="codigo_municipio_empresa"/>
            <type name="string">
                <param name="org.hibernate.type.ParameterType.primaryKey">false</param>
                <param name="org.hibernate.type.ParameterType.dynamic">true</param>
                <param name="org.hibernate.type.ParameterType.returnedClass">java.lang.String</param>
                <param name="org.hibernate.type.ParameterType.accessType">field</param>
                <param name="org.hibernate.type.ParameterType.entityClass">com.melilla.gestPlanes.model.config.PlantillaContratoConfig</param>
                <param name="org.hibernate.type.ParameterType.propertyName">codigoMunicipioEmpresa</param>
            </type>
        </property>
        <property insert="true" name="codigoPaisEmpresa" update="false">
            <column name="codigo_pais_empresa"/>
            <type name="string">
                <param name="org.hibernate.type.ParameterType.primaryKey">false</param>
                <param name="org.hibernate.type.ParameterType.dynamic">true</param>
                <param name="org.hibernate.type.ParameterType.returnedClass">java.lang.String</param>
                <param name="org.hibernate.type.ParameterType.accessType">field</param>
                <param name="org.hibernate.type.ParameterType.entityClass">com.melilla.gestPlanes.model.config.PlantillaContratoConfig</param>
                <param name="org.hibernate.type.ParameterType.propertyName">codigoPaisEmpresa</param>
            </type>
        </property>
        <property insert="true" name="codigoPostalEmpresa" update="false">
            <column name="codigo_postal_empresa"/>
            <type name="string">
                <param name="org.hibernate.type.ParameterType.primaryKey">false</param>
                <param name="org.hibernate.type.ParameterType.dynamic">true</param>
                <param name="org.hibernate.type.ParameterType.returnedClass">java.lang.String</param>
                <param name="org.hibernate.type.ParameterType.accessType">field</param>
                <param name="org.hibernate.type.ParameterType.entityClass">com.melilla.gestPlanes.model.config.PlantillaContratoConfig</param>
                <param name="org.hibernate.type.ParameterType.propertyName">codigoPostalEmpresa</param>
            </type>
        </property>
        <property insert="true" name="dniRepresentante" update="false">
            <column name="dni_representante"/>
            <type name="string">
                <param name="org.hibernate.type.ParameterType.primaryKey">false</param>
                <param name="org.hibernate.type.ParameterType.dynamic">true</param>
                <param name="org.hibernate.type.ParameterType.returnedClass">java.lang.String</param>
                <param name="org.hibernate.type.ParameterType.accessType">field</param>
                <param name="org.hibernate.type.ParameterType.entityClass">com.melilla.gestPlanes.model.config.PlantillaContratoConfig</param>
                <param name="org.hibernate.type.ParameterType.propertyName">dniRepresentante</param>
            </type>
        </property>
        <property insert="true" name="domicilioSocial" update="false">
            <column name="domicilio_social"/>
            <type name="string">
                <param name="org.hibernate.type.ParameterType.primaryKey">false</param>
                <param name="org.hibernate.type.ParameterType.dynamic">true</param>
                <param name="org.hibernate.type.ParameterType.returnedClass">java.lang.String</param>
                <param name="org.hibernate.type.ParameterType.accessType">field</param>
                <param name="org.hibernate.type.ParameterType.entityClass">com.melilla.gestPlanes.model.config.PlantillaContratoConfig</param>
                <param name="org.hibernate.type.ParameterType.propertyName">domicilioSocial</param>
            </type>
        </property>
        <property insert="true" name="horas" update="false">
            <column name="horas"/>
            <type name="string">
                <param name="org.hibernate.type.ParameterType.primaryKey">false</param>
                <param name="org.hibernate.type.ParameterType.dynamic">true</param>
                <param name="org.hibernate.type.ParameterType.returnedClass">java.lang.String</param>
                <param name="org.hibernate.type.ParameterType.accessType">field</param>
                <param name="org.hibernate.type.ParameterType.entityClass">com.melilla.gestPlanes.model.config.PlantillaContratoConfig</param>
                <param name="org.hibernate.type.ParameterType.propertyName">horas</param>
            </type>
        </property>
        <property insert="true" name="municipioEmpresa" update="false">
            <column name="municipio_empresa"/>
            <type name="string">
                <param name="org.hibernate.type.ParameterType.primaryKey">false</param>
                <param name="org.hibernate.type.ParameterType.dynamic">true</param>
                <param name="org.hibernate.type.ParameterType.returnedClass">java.lang.String</param>
                <param name="org.hibernate.type.ParameterType.accessType">field</param>
                <param name="org.hibernate.type.ParameterType.entityClass">com.melilla.gestPlanes.model.config.PlantillaContratoConfig</param>
                <param name="org.hibernate.type.ParameterType.propertyName">municipioEmpresa</param>
            </type>
        </property>
        <property insert="true" name="nombre" update="false">
            <column name="nombre"/>
            <type name="string">
                <param name="org.hibernate.type.ParameterType.primaryKey">false</param>
                <param name="org.hibernate.type.ParameterType.dynamic">true</param>
                <param name="org.hibernate.type.ParameterType.returnedClass">java.lang.String</param>
                <param name="org.hibernate.type.ParameterType.accessType">field</param>
                <param name="org.hibernate.type.ParameterType.entityClass">com.melilla.gestPlanes.model.config.PlantillaContratoConfig</param>
                <param name="org.hibernate.type.ParameterType.propertyName">nombre</param>
            </type>
        </property>
        <property insert="true" name="nombreFicheroPlantilla" update="false">
            <column name="nombre_fichero_plantilla"/>
            <type name="string">
                <param name="org.hibernate.type.ParameterType.primaryKey">false</param>
                <param name="org.hibernate.type.ParameterType.dynamic">true</param>
                <param name="org.hibernate.type.ParameterType.returnedClass">java.lang.String</param>
                <param name="org.hibernate.type.ParameterType.accessType">field</param>
                <param name="org.hibernate.type.ParameterType.entityClass">com.melilla.gestPlanes.model.config.PlantillaContratoConfig</param>
                <param name="org.hibernate.type.ParameterType.propertyName">nombreFicheroPlantilla</param>
            </type>
        </property>
        <property insert="true" name="nombreRepresentante" update="false">
            <column name="nombre_representante"/>
            <type name="string">
                <param name="org.hibernate.type.ParameterType.primaryKey">false</param>
                <param name="org.hibernate.type.ParameterType.dynamic">true</param>
                <param name="org.hibernate.type.ParameterType.returnedClass">java.lang.String</param>
                <param name="org.hibernate.type.ParameterType.accessType">field</param>
                <param name="org.hibernate.type.ParameterType.entityClass">com.melilla.gestPlanes.model.config.PlantillaContratoConfig</param>
                <param name="org.hibernate.type.ParameterType.propertyName">nombreRepresentante</param>
            </type>
        </property>
        <property insert="true" name="paisEmpresa" update="false">
            <column name="pais_empresa"/>
            <type name="string">
                <param name="org.hibernate.type.ParameterType.primaryKey">false</param>
                <param name="org.hibernate.type.ParameterType.dynamic">true</param>
                <param name="org.hibernate.type.ParameterType.returnedClass">java.lang.String</param>
                <param name="org.hibernate.type.ParameterType.accessType">field</param>
                <param name="org.hibernate.type.ParameterType.entityClass">com.melilla.gestPlanes.model.config.PlantillaContratoConfig</param>
                <param name="org.hibernate.type.ParameterType.propertyName">paisEmpresa</param>
            </type>
        </property>
        <property insert="true" name="razonSocial" update="false">
            <column name="razon_social"/>
            <type name="string">
                <param name="org.hibernate.type.ParameterType.primaryKey">false</param>
                <param name="org.hibernate.type.ParameterType.dynamic">true</param>
                <param name="org.hibernate.type.ParameterType.returnedClass">java.lang.String</param>
                <param name="org.hibernate.type.ParameterType.accessType">field</param>
                <param name="org.hibernate.type.ParameterType.entityClass">com.melilla.gestPlanes.model.config.PlantillaContratoConfig</param>
                <param name="org.hibernate.type.ParameterType.propertyName">razonSocial</param>
            </type>
        </property>
        <property insert="true" name="regimen" update="false">
            <column name="regimen"/>
            <type name="string">
                <param name="org.hibernate.type.ParameterType.primaryKey">false</param>
                <param name="org.hibernate.type.ParameterType.dynamic">true</param>
                <param name="org.hibernate.type.ParameterType.returnedClass">java.lang.String</param>
                <param name="org.hibernate.type.ParameterType.accessType">field</param>
                <param name="org.hibernate.type.ParameterType.entityClass">com.melilla.gestPlanes.model.config.PlantillaContratoConfig</param>
                <param name="org.hibernate.type.ParameterType.propertyName">regimen</param>
            </type>
        </property>
        <property insert="true" name="sepe" update="false">
            <column name="sepe"/>
            <type name="string">
                <param name="org.hibernate.type.ParameterType.primaryKey">false</param>
                <param name="org.hibernate.type.ParameterType.dynamic">true</param>
                <param name="org.hibernate.type.ParameterType.returnedClass">java.lang.String</param>
                <param name="org.hibernate.type.ParameterType.accessType">field</param>
                <param name="org.hibernate.type.ParameterType.entityClass">com.melilla.gestPlanes.model.config.PlantillaContratoConfig</param>
                <param name="org.hibernate.type.ParameterType.propertyName">sepe</param>
            </type>
        </property>
        <property insert="true" name="textoConceptosSalariales" update="false">
            <column name="texto_conceptos_salariales"/>
            <type name="string">
                <param name="org.hibernate.type.ParameterType.primaryKey">false</param>
                <param name="org.hibernate.type.ParameterType.dynamic">true</param>
                <param name="org.hibernate.type.ParameterType.returnedClass">java.lang.String</param>
                <param name="org.hibernate.type.ParameterType.accessType">field</param>
                <param name="org.hibernate.type.ParameterType.entityClass">com.melilla.gestPlanes.model.config.PlantillaContratoConfig</param>
                <param name="org.hibernate.type.ParameterType.propertyName">textoConceptosSalariales</param>
            </type>
        </property>
        <property insert="true" name="url" update="false">
            <column name="url"/>
            <type name="string">
                <param name="org.hibernate.type.ParameterType.primaryKey">false</param>
                <param name="org.hibernate.type.ParameterType.dynamic">true</param>
                <param name="org.hibernate.type.ParameterType.returnedClass">java.lang.String</param>
                <param name="org.hibernate.type.ParameterType.accessType">field</param>
                <param name="org.hibernate.type.ParameterType.entityClass">com.melilla.gestPlanes.model.config.PlantillaContratoConfig</param>
                <param name="org.hibernate.type.ParameterType.propertyName">url</param>
            </type>
        </property>
        <property insert="true" name="plan_idPlan" update="false">
            <column name="id_plan"/>
            <type name="long">
                <param name="org.hibernate.type.ParameterType.primaryKey">false</param>
                <param name="org.hibernate.type.ParameterType.dynamic">true</param>
                <param name="org.hibernate.type.ParameterType.returnedClass">java.lang.Long</param>
                <param name="org.hibernate.type.ParameterType.accessType">field</param>
                <param name="org.hibernate.type.ParameterType.entityClass">com.melilla.gestPlanes.model.Plan</param>
                <param name="org.hibernate.type.ParameterType.propertyName">idPlan</param>
            </type>
        </property>
    </class>
</hibernate-mapping>

2025-10-30T12:31:17.092+01:00  INFO 40540 --- [restartedMain] .e.b.i.AdditionalJaxbMappingProducerImpl : Adding JAXB document mapping
2025-10-30T12:31:17.132+01:00  INFO 40540 --- [restartedMain] org.hibernate.envers.boot                : HHH90005601: Envers-generated HBM mapping...
<?xml version="1.0" encoding="UTF-8" standalone="yes"?>
<hibernate-mapping auto-import="false" xmlns="http://www.hibernate.org/xsd/orm/hbm">
    <class discriminator-value="Salario" table="salario_AUD" entity-name="com.melilla.gestPlanes.model.Salario_AUD" abstract="false">
        <composite-id name="originalId">
            <key-property name="idSalario">
                <column name="id_salario"/>
                <type name="long">
                    <param name="org.hibernate.type.ParameterType.primaryKey">false</param>
                    <param name="org.hibernate.type.ParameterType.dynamic">true</param>
                    <param name="org.hibernate.type.ParameterType.returnedClass">java.lang.Long</param>
                    <param name="org.hibernate.type.ParameterType.accessType">field</param>
                    <param name="org.hibernate.type.ParameterType.entityClass">com.melilla.gestPlanes.model.Salario</param>
                    <param name="org.hibernate.type.ParameterType.propertyName">idSalario</param>
                </type>
            </key-property>
            <key-many-to-one class="com.melilla.gestPlanes.envers.CustomRevisionEntity" name="REV">
                <column name="REV"/>
            </key-many-to-one>
        </composite-id>
        <property insert="true" name="REVTYPE" type="org.hibernate.envers.internal.entities.RevisionTypeType" update="false"/>
        <many-to-one class="com.melilla.gestPlanes.envers.CustomRevisionEntity" insert="true" name="REVEND" update="true">
            <column name="REVEND"/>
        </many-to-one>
        <property insert="true" name="REVEND_TSTMP" type="timestamp" update="true">
            <column name="REVEND_TSTMP"/>
        </property>
        <property insert="true" name="activo" type="boolean" update="false">
            <column name="activo"/>
        </property>
        <property insert="true" name="createdAt" update="false">
            <column name="created_at"/>
            <type name="LocalDateTime">
                <param name="org.hibernate.type.ParameterType.primaryKey">false</param>
                <param name="org.hibernate.type.ParameterType.dynamic">true</param>
                <param name="org.hibernate.type.ParameterType.returnedClass">java.time.LocalDateTime</param>
                <param name="org.hibernate.type.ParameterType.accessType">field</param>
                <param name="org.hibernate.type.ParameterType.entityClass">com.melilla.gestPlanes.model.Salario</param>
                <param name="org.hibernate.type.ParameterType.propertyName">createdAt</param>
            </type>
        </property>
        <property insert="true" name="deleted" type="boolean" update="false">
            <column name="deleted"/>
        </property>
        <property insert="true" name="deletedAt" update="false">
            <column name="deleted_at"/>
            <type name="LocalDateTime">
                <param name="org.hibernate.type.ParameterType.primaryKey">false</param>
                <param name="org.hibernate.type.ParameterType.dynamic">true</param>
                <param name="org.hibernate.type.ParameterType.returnedClass">java.time.LocalDateTime</param>
                <param name="org.hibernate.type.ParameterType.accessType">field</param>
                <param name="org.hibernate.type.ParameterType.entityClass">com.melilla.gestPlanes.model.Salario</param>
                <param name="org.hibernate.type.ParameterType.propertyName">deletedAt</param>
            </type>
        </property>
        <property insert="true" name="descripcion" update="false">
            <column name="descripcion"/>
            <type name="string">
                <param name="org.hibernate.type.ParameterType.primaryKey">false</param>
                <param name="org.hibernate.type.ParameterType.dynamic">true</param>
                <param name="org.hibernate.type.ParameterType.returnedClass">java.lang.String</param>
                <param name="org.hibernate.type.ParameterType.accessType">field</param>
                <param name="org.hibernate.type.ParameterType.entityClass">com.melilla.gestPlanes.model.Salario</param>
                <param name="org.hibernate.type.ParameterType.propertyName">descripcion</param>
            </type>
        </property>
        <property insert="true" name="plan_idPlan" update="false">
            <column name="id_plan"/>
            <type name="long">
                <param name="org.hibernate.type.ParameterType.primaryKey">false</param>
                <param name="org.hibernate.type.ParameterType.dynamic">true</param>
                <param name="org.hibernate.type.ParameterType.returnedClass">java.lang.Long</param>
                <param name="org.hibernate.type.ParameterType.accessType">field</param>
                <param name="org.hibernate.type.ParameterType.entityClass">com.melilla.gestPlanes.model.Plan</param>
                <param name="org.hibernate.type.ParameterType.propertyName">idPlan</param>
            </type>
        </property>
    </class>
</hibernate-mapping>

2025-10-30T12:31:17.134+01:00  INFO 40540 --- [restartedMain] .e.b.i.AdditionalJaxbMappingProducerImpl : Adding JAXB document mapping
2025-10-30T12:31:17.168+01:00  INFO 40540 --- [restartedMain] org.hibernate.envers.boot                : HHH90005601: Envers-generated HBM mapping...
<?xml version="1.0" encoding="UTF-8" standalone="yes"?>
<hibernate-mapping auto-import="false" xmlns="http://www.hibernate.org/xsd/orm/hbm">
    <class discriminator-value="DocumentoPlan" table="documento_plan_AUD" entity-name="com.melilla.gestPlanes.model.DocumentoPlan_AUD" abstract="false">
        <composite-id name="originalId">
            <key-property name="idDocumentoPlan">
                <column name="id_documento_plan"/>
                <type name="long">
                    <param name="org.hibernate.type.ParameterType.primaryKey">false</param>
                    <param name="org.hibernate.type.ParameterType.dynamic">true</param>
                    <param name="org.hibernate.type.ParameterType.returnedClass">java.lang.Long</param>
                    <param name="org.hibernate.type.ParameterType.accessType">field</param>
                    <param name="org.hibernate.type.ParameterType.entityClass">com.melilla.gestPlanes.model.DocumentoPlan</param>
                    <param name="org.hibernate.type.ParameterType.propertyName">idDocumentoPlan</param>
                </type>
            </key-property>
            <key-many-to-one class="com.melilla.gestPlanes.envers.CustomRevisionEntity" name="REV">
                <column name="REV"/>
            </key-many-to-one>
        </composite-id>
        <property insert="true" name="REVTYPE" type="org.hibernate.envers.internal.entities.RevisionTypeType" update="false"/>
        <many-to-one class="com.melilla.gestPlanes.envers.CustomRevisionEntity" insert="true" name="REVEND" update="true">
            <column name="REVEND"/>
        </many-to-one>
        <property insert="true" name="REVEND_TSTMP" type="timestamp" update="true">
            <column name="REVEND_TSTMP"/>
        </property>
        <property insert="true" name="createdAt" update="false">
            <column name="created_at"/>
            <type name="LocalDateTime">
                <param name="org.hibernate.type.ParameterType.primaryKey">false</param>
                <param name="org.hibernate.type.ParameterType.dynamic">true</param>
                <param name="org.hibernate.type.ParameterType.returnedClass">java.time.LocalDateTime</param>
                <param name="org.hibernate.type.ParameterType.accessType">field</param>
                <param name="org.hibernate.type.ParameterType.entityClass">com.melilla.gestPlanes.model.DocumentoPlan</param>
                <param name="org.hibernate.type.ParameterType.propertyName">createdAt</param>
            </type>
        </property>
        <property insert="true" name="deleted" type="boolean" update="false">
            <column name="deleted"/>
        </property>
        <property insert="true" name="deletedAt" update="false">
            <column name="deleted_at"/>
            <type name="LocalDateTime">
                <param name="org.hibernate.type.ParameterType.primaryKey">false</param>
                <param name="org.hibernate.type.ParameterType.dynamic">true</param>
                <param name="org.hibernate.type.ParameterType.returnedClass">java.time.LocalDateTime</param>
                <param name="org.hibernate.type.ParameterType.accessType">field</param>
                <param name="org.hibernate.type.ParameterType.entityClass">com.melilla.gestPlanes.model.DocumentoPlan</param>
                <param name="org.hibernate.type.ParameterType.propertyName">deletedAt</param>
            </type>
        </property>
        <property insert="true" name="nombre" update="false">
            <column name="nombre"/>
            <type name="string">
                <param name="org.hibernate.type.ParameterType.primaryKey">false</param>
                <param name="org.hibernate.type.ParameterType.dynamic">true</param>
                <param name="org.hibernate.type.ParameterType.returnedClass">java.lang.String</param>
                <param name="org.hibernate.type.ParameterType.accessType">field</param>
                <param name="org.hibernate.type.ParameterType.entityClass">com.melilla.gestPlanes.model.DocumentoPlan</param>
                <param name="org.hibernate.type.ParameterType.propertyName">nombre</param>
            </type>
        </property>
        <property insert="true" name="observaciones" update="false">
            <column name="observaciones"/>
            <type name="string">
                <param name="org.hibernate.type.ParameterType.primaryKey">false</param>
                <param name="org.hibernate.type.ParameterType.dynamic">true</param>
                <param name="org.hibernate.type.ParameterType.returnedClass">java.lang.String</param>
                <param name="org.hibernate.type.ParameterType.accessType">field</param>
                <param name="org.hibernate.type.ParameterType.entityClass">com.melilla.gestPlanes.model.DocumentoPlan</param>
                <param name="org.hibernate.type.ParameterType.propertyName">observaciones</param>
            </type>
        </property>
        <property insert="true" name="ruta" update="false">
            <column name="ruta"/>
            <type name="string">
                <param name="org.hibernate.type.ParameterType.primaryKey">false</param>
                <param name="org.hibernate.type.ParameterType.dynamic">true</param>
                <param name="org.hibernate.type.ParameterType.returnedClass">java.lang.String</param>
                <param name="org.hibernate.type.ParameterType.accessType">field</param>
                <param name="org.hibernate.type.ParameterType.entityClass">com.melilla.gestPlanes.model.DocumentoPlan</param>
                <param name="org.hibernate.type.ParameterType.propertyName">ruta</param>
            </type>
        </property>
        <property insert="true" name="tipo" update="false">
            <column name="tipo"/>
            <type name="string">
                <param name="org.hibernate.type.ParameterType.primaryKey">false</param>
                <param name="org.hibernate.type.ParameterType.dynamic">true</param>
                <param name="org.hibernate.type.ParameterType.returnedClass">java.lang.String</param>
                <param name="org.hibernate.type.ParameterType.accessType">field</param>
                <param name="org.hibernate.type.ParameterType.entityClass">com.melilla.gestPlanes.model.DocumentoPlan</param>
                <param name="org.hibernate.type.ParameterType.propertyName">tipo</param>
            </type>
        </property>
    </class>
</hibernate-mapping>

2025-10-30T12:31:18.473+01:00  INFO 40540 --- [restartedMain] o.h.e.t.j.p.i.JtaPlatformInitiator       : HHH000490: Using JtaPlatform implementation: [org.hibernate.engine.transaction.jta.platform.internal.NoJtaPlatform]
2025-10-30T12:31:18.483+01:00  INFO 40540 --- [restartedMain] j.LocalContainerEntityManagerFactoryBean : Initialized JPA EntityManagerFactory for persistence unit 'default'
2025-10-30T12:31:19.081+01:00 TRACE 40540 --- [restartedMain] o.s.b.w.s.ServletContextInitializerBeans : Created Filter initializer for bean 'characterEncodingFilter'; order=-2147483648, resource=class path resource [org/springframework/boot/autoconfigure/web/servlet/HttpEncodingAutoConfiguration.class]
2025-10-30T12:31:19.082+01:00 TRACE 40540 --- [restartedMain] o.s.b.w.s.ServletContextInitializerBeans : Created Filter initializer for bean 'formContentFilter'; order=-9900, resource=class path resource [org/springframework/boot/autoconfigure/web/servlet/WebMvcAutoConfiguration.class]
2025-10-30T12:31:19.082+01:00 TRACE 40540 --- [restartedMain] o.s.b.w.s.ServletContextInitializerBeans : Created Filter initializer for bean 'requestContextFilter'; order=-105, resource=class path resource [org/springframework/boot/autoconfigure/web/servlet/WebMvcAutoConfiguration$WebMvcAutoConfigurationAdapter.class]
2025-10-30T12:31:19.082+01:00 TRACE 40540 --- [restartedMain] o.s.b.w.s.ServletContextInitializerBeans : Created Filter initializer for bean 'jwtAuthenticationFilter'; order=2147483647, resource=file [D:\proyectos\gestPlanes\target\classes\com\melilla\gestPlanes\JWT\JwtAuthenticationFilter.class]
2025-10-30T12:31:19.088+01:00 DEBUG 40540 --- [restartedMain] o.s.b.w.s.ServletContextInitializerBeans : Mapping filters: filterRegistrationBean urls=[/*] order=-2147483647, springSecurityFilterChain urls=[/*] order=-100, characterEncodingFilter urls=[/*] order=-2147483648, formContentFilter urls=[/*] order=-9900, requestContextFilter urls=[/*] order=-105, jwtAuthenticationFilter urls=[/*] order=2147483647
2025-10-30T12:31:19.089+01:00 DEBUG 40540 --- [restartedMain] o.s.b.w.s.ServletContextInitializerBeans : Mapping servlets: dispatcherServlet urls=[/]
2025-10-30T12:31:19.117+01:00 DEBUG 40540 --- [restartedMain] o.s.w.f.ServerHttpObservationFilter      : Filter 'serverHttpObservationFilter' configured for use
2025-10-30T12:31:19.165+01:00 TRACE 40540 --- [restartedMain] eGlobalAuthenticationAutowiredConfigurer : Eagerly initializing {securityConfig=com.melilla.gestPlanes.security.SecurityConfig$$SpringCGLIB$$0@697ae803}
2025-10-30T12:31:20.650+01:00  WARN 40540 --- [restartedMain] JpaBaseConfiguration$JpaWebConfiguration : spring.jpa.open-in-view is enabled by default. Therefore, database queries may be performed during view rendering. Explicitly configure spring.jpa.open-in-view to disable this warning
2025-10-30T12:31:21.018+01:00 DEBUG 40540 --- [restartedMain] s.w.s.m.m.a.RequestMappingHandlerMapping : 124 mappings in 'requestMappingHandlerMapping'
2025-10-30T12:31:21.156+01:00 DEBUG 40540 --- [restartedMain] o.s.w.s.handler.SimpleUrlHandlerMapping  : Patterns [/webjars/**, /**, /swagger-ui*/*swagger-initializer.js, /swagger-ui*/**] in 'resourceHandlerMapping'
2025-10-30T12:31:21.375+01:00  INFO 40540 --- [restartedMain] o.s.b.a.e.web.EndpointLinksResolver      : Exposing 1 endpoint(s) beneath base path '/actuator'
2025-10-30T12:31:21.378+01:00 TRACE 40540 --- [restartedMain] s.b.a.e.w.s.WebMvcEndpointHandlerMapping : Register "{GET [/actuator/health], produces [application/vnd.spring-boot.actuator.v3+json || application/vnd.spring-boot.actuator.v2+json || application/json]}" to java.lang.Object org.springframework.boot.actuate.endpoint.web.servlet.AbstractWebMvcEndpointHandlerMapping$OperationHandler.handle(jakarta.servlet.http.HttpServletRequest,java.util.Map<java.lang.String, java.lang.String>)
2025-10-30T12:31:21.379+01:00 TRACE 40540 --- [restartedMain] s.b.a.e.w.s.WebMvcEndpointHandlerMapping : Register "{GET [/actuator/health/**], produces [application/vnd.spring-boot.actuator.v3+json || application/vnd.spring-boot.actuator.v2+json || application/json]}" to java.lang.Object org.springframework.boot.actuate.endpoint.web.servlet.AbstractWebMvcEndpointHandlerMapping$OperationHandler.handle(jakarta.servlet.http.HttpServletRequest,java.util.Map<java.lang.String, java.lang.String>)
2025-10-30T12:31:21.381+01:00 TRACE 40540 --- [restartedMain] s.b.a.e.w.s.WebMvcEndpointHandlerMapping : Register "{GET [/actuator], produces [application/vnd.spring-boot.actuator.v3+json || application/vnd.spring-boot.actuator.v2+json || application/json]}" to public java.util.Map<java.lang.String, java.util.Map<java.lang.String, org.springframework.boot.actuate.endpoint.web.Link>> org.springframework.boot.actuate.endpoint.web.servlet.WebMvcEndpointHandlerMapping$WebMvcLinksHandler.links(jakarta.servlet.http.HttpServletRequest,jakarta.servlet.http.HttpServletResponse)
2025-10-30T12:31:21.422+01:00  INFO 40540 --- [restartedMain] o.s.s.web.DefaultSecurityFilterChain     : Will secure any request with [org.springframework.security.web.session.DisableEncodeUrlFilter@5be331b2, org.springframework.security.web.context.request.async.WebAsyncManagerIntegrationFilter@8c1984f, org.springframework.security.web.context.SecurityContextHolderFilter@7e4e2bb0, org.springframework.security.web.header.HeaderWriterFilter@44382b72, org.springframework.web.filter.CorsFilter@51ca7279, org.springframework.security.web.authentication.logout.LogoutFilter@72c1cceb, com.melilla.gestPlanes.JWT.JwtAuthenticationFilter@4c20a32e, org.springframework.security.web.savedrequest.RequestCacheAwareFilter@37898d9d, org.springframework.security.web.servletapi.SecurityContextHolderAwareRequestFilter@4185fa16, org.springframework.security.web.authentication.AnonymousAuthenticationFilter@1b9b1f67, org.springframework.security.web.session.SessionManagementFilter@2907bfd1, org.springframework.security.web.access.ExceptionTranslationFilter@3ae0298, org.springframework.security.web.access.intercept.AuthorizationFilter@296f53c2]
2025-10-30T12:31:21.522+01:00 DEBUG 40540 --- [restartedMain] s.w.s.m.m.a.RequestMappingHandlerAdapter : ControllerAdvice beans: 0 @ModelAttribute, 0 @InitBinder, 1 RequestBodyAdvice, 1 ResponseBodyAdvice
2025-10-30T12:31:21.575+01:00 DEBUG 40540 --- [restartedMain] .m.m.a.ExceptionHandlerExceptionResolver : ControllerAdvice beans: 3 @ExceptionHandler, 1 ResponseBodyAdvice
2025-10-30T12:31:21.610+01:00 DEBUG 40540 --- [restartedMain] .m.m.a.ExceptionHandlerExceptionResolver : ControllerAdvice beans: 3 @ExceptionHandler, 0 ResponseBodyAdvice
2025-10-30T12:31:22.002+01:00  INFO 40540 --- [restartedMain] o.s.b.d.a.OptionalLiveReloadServer       : LiveReload server is running on port 35729
2025-10-30T12:31:22.129+01:00  INFO 40540 --- [restartedMain] o.s.b.w.embedded.tomcat.TomcatWebServer  : Tomcat started on port(s): 9092 (http) with context path ''
2025-10-30T12:31:22.155+01:00 DEBUG 40540 --- [restartedMain] .s.b.a.l.ConditionEvaluationReportLogger : 


============================
CONDITIONS EVALUATION REPORT
============================


Positive matches:
-----------------

   AopAutoConfiguration matched:
      - @ConditionalOnProperty (spring.aop.auto=true) matched (OnPropertyCondition)

   AopAutoConfiguration.AspectJAutoProxyingConfiguration matched:
      - @ConditionalOnClass found required class 'org.aspectj.weaver.Advice' (OnClassCondition)

   AopAutoConfiguration.AspectJAutoProxyingConfiguration.CglibAutoProxyConfiguration matched:
      - @ConditionalOnProperty (spring.aop.proxy-target-class=true) matched (OnPropertyCondition)

   ApplicationAvailabilityAutoConfiguration#applicationAvailability matched:
      - @ConditionalOnMissingBean (types: org.springframework.boot.availability.ApplicationAvailability; SearchStrategy: all) did not find any beans (OnBeanCondition)

   AuditEventsEndpointAutoConfiguration matched:
      - @ConditionalOnAvailableEndpoint marked as exposed by a 'management.endpoints.jmx.exposure' property (OnAvailableEndpointCondition)

   BeansEndpointAutoConfiguration matched:
      - @ConditionalOnAvailableEndpoint marked as exposed by a 'management.endpoints.jmx.exposure' property (OnAvailableEndpointCondition)

   BeansEndpointAutoConfiguration#beansEndpoint matched:
      - @ConditionalOnMissingBean (types: org.springframework.boot.actuate.beans.BeansEndpoint; SearchStrategy: all) did not find any beans (OnBeanCondition)

   CacheMeterBinderProvidersConfiguration matched:
      - @ConditionalOnClass found required class 'io.micrometer.core.instrument.binder.MeterBinder' (OnClassCondition)

   CacheMeterBinderProvidersConfiguration.CaffeineCacheMeterBinderProviderConfiguration matched:
      - @ConditionalOnClass found required classes 'org.springframework.cache.caffeine.CaffeineCache', 'com.github.benmanes.caffeine.cache.Cache' (OnClassCondition)

   CachesEndpointAutoConfiguration matched:
      - @ConditionalOnClass found required class 'org.springframework.cache.CacheManager' (OnClassCondition)
      - @ConditionalOnAvailableEndpoint marked as exposed by a 'management.endpoints.jmx.exposure' property (OnAvailableEndpointCondition)

   CachesEndpointAutoConfiguration#cachesEndpoint matched:
      - @ConditionalOnMissingBean (types: org.springframework.boot.actuate.cache.CachesEndpoint; SearchStrategy: all) did not find any beans (OnBeanCondition)

   CaffeineCacheConfiguration matched:
      - @ConditionalOnClass found required classes 'com.github.benmanes.caffeine.cache.Caffeine', 'org.springframework.cache.caffeine.CaffeineCacheManager' (OnClassCondition)
      - Cache org.springframework.boot.autoconfigure.cache.CaffeineCacheConfiguration automatic cache type (CacheCondition)

   CompositeMeterRegistryAutoConfiguration matched:
      - @ConditionalOnClass found required class 'io.micrometer.core.instrument.composite.CompositeMeterRegistry' (OnClassCondition)

   ConditionsReportEndpointAutoConfiguration matched:
      - @ConditionalOnAvailableEndpoint marked as exposed by a 'management.endpoints.jmx.exposure' property (OnAvailableEndpointCondition)

   ConditionsReportEndpointAutoConfiguration#conditionsReportEndpoint matched:
      - @ConditionalOnMissingBean (types: org.springframework.boot.actuate.autoconfigure.condition.ConditionsReportEndpoint; SearchStrategy: current) did not find any beans (OnBeanCondition)

   ConfigurationPropertiesReportEndpointAutoConfiguration matched:
      - @ConditionalOnAvailableEndpoint marked as exposed by a 'management.endpoints.jmx.exposure' property (OnAvailableEndpointCondition)

   ConfigurationPropertiesReportEndpointAutoConfiguration#configurationPropertiesReportEndpoint matched:
      - @ConditionalOnMissingBean (types: org.springframework.boot.actuate.context.properties.ConfigurationPropertiesReportEndpoint; SearchStrategy: all) did not find any beans (OnBeanCondition)

   DataSourceAutoConfiguration matched:
      - @ConditionalOnClass found required classes 'javax.sql.DataSource', 'org.springframework.jdbc.datasource.embedded.EmbeddedDatabaseType' (OnClassCondition)
      - @ConditionalOnMissingBean (types: io.r2dbc.spi.ConnectionFactory; SearchStrategy: all) did not find any beans (OnBeanCondition)

   DataSourceAutoConfiguration.PooledDataSourceConfiguration matched:
      - AnyNestedCondition 1 matched 1 did not; NestedCondition on DataSourceAutoConfiguration.PooledDataSourceCondition.PooledDataSourceAvailable PooledDataSource found supported DataSource; NestedCondition on DataSourceAutoConfiguration.PooledDataSourceCondition.ExplicitType @ConditionalOnProperty (spring.datasource.type) did not find property 'type' (DataSourceAutoConfiguration.PooledDataSourceCondition)
      - @ConditionalOnMissingBean (types: javax.sql.DataSource,javax.sql.XADataSource; SearchStrategy: all) did not find any beans (OnBeanCondition)

   DataSourceConfiguration.Hikari matched:
      - @ConditionalOnClass found required class 'com.zaxxer.hikari.HikariDataSource' (OnClassCondition)
      - @ConditionalOnProperty (spring.datasource.type=com.zaxxer.hikari.HikariDataSource) matched (OnPropertyCondition)
      - @ConditionalOnMissingBean (types: javax.sql.DataSource; SearchStrategy: all) did not find any beans (OnBeanCondition)

   DataSourceHealthContributorAutoConfiguration matched:
      - @ConditionalOnClass found required classes 'org.springframework.jdbc.core.JdbcTemplate', 'org.springframework.jdbc.datasource.lookup.AbstractRoutingDataSource' (OnClassCondition)
      - @ConditionalOnEnabledHealthIndicator management.health.defaults.enabled is considered true (OnEnabledHealthIndicatorCondition)
      - @ConditionalOnBean (types: javax.sql.DataSource; SearchStrategy: all) found bean 'dataSource' (OnBeanCondition)

   DataSourceHealthContributorAutoConfiguration#dbHealthContributor matched:
      - @ConditionalOnMissingBean (names: dbHealthIndicator,dbHealthContributor; SearchStrategy: all) did not find any beans (OnBeanCondition)

   DataSourceInitializationConfiguration matched:
      - @ConditionalOnClass found required class 'org.springframework.jdbc.datasource.init.DatabasePopulator' (OnClassCondition)
      - @ConditionalOnSingleCandidate (types: javax.sql.DataSource; SearchStrategy: all) found a single bean 'dataSource'; @ConditionalOnMissingBean (types: org.springframework.boot.autoconfigure.sql.init.SqlDataSourceScriptDatabaseInitializer,org.springframework.boot.autoconfigure.sql.init.SqlR2dbcScriptDatabaseInitializer; SearchStrategy: all) did not find any beans (OnBeanCondition)

   DataSourceJmxConfiguration matched:
      - @ConditionalOnProperty (spring.jmx.enabled=true) matched (OnPropertyCondition)

   DataSourceJmxConfiguration.Hikari matched:
      - @ConditionalOnClass found required class 'com.zaxxer.hikari.HikariDataSource' (OnClassCondition)
      - @ConditionalOnSingleCandidate (types: javax.sql.DataSource; SearchStrategy: all) found a single bean 'dataSource' (OnBeanCondition)

   DataSourcePoolMetadataProvidersConfiguration.HikariPoolDataSourceMetadataProviderConfiguration matched:
      - @ConditionalOnClass found required class 'com.zaxxer.hikari.HikariDataSource' (OnClassCondition)

   DataSourcePoolMetricsAutoConfiguration matched:
      - @ConditionalOnClass found required classes 'javax.sql.DataSource', 'io.micrometer.core.instrument.MeterRegistry' (OnClassCondition)
      - @ConditionalOnBean (types: javax.sql.DataSource,io.micrometer.core.instrument.MeterRegistry; SearchStrategy: all) found beans 'simpleMeterRegistry', 'dataSource' (OnBeanCondition)

   DataSourcePoolMetricsAutoConfiguration.DataSourcePoolMetadataMetricsConfiguration matched:
      - @ConditionalOnBean (types: org.springframework.boot.jdbc.metadata.DataSourcePoolMetadataProvider; SearchStrategy: all) found bean 'hikariPoolDataSourceMetadataProvider' (OnBeanCondition)

   DataSourcePoolMetricsAutoConfiguration.HikariDataSourceMetricsConfiguration matched:
      - @ConditionalOnClass found required class 'com.zaxxer.hikari.HikariDataSource' (OnClassCondition)

   DataSourceTransactionManagerAutoConfiguration matched:
      - @ConditionalOnClass found required classes 'org.springframework.jdbc.core.JdbcTemplate', 'org.springframework.transaction.TransactionManager' (OnClassCondition)

   DataSourceTransactionManagerAutoConfiguration.JdbcTransactionManagerConfiguration matched:
      - @ConditionalOnSingleCandidate (types: javax.sql.DataSource; SearchStrategy: all) found a single bean 'dataSource' (OnBeanCondition)

   DevToolsDataSourceAutoConfiguration matched:
      - Devtools devtools enabled. (OnEnabledDevToolsCondition)
      - DevTools DataSource Condition found auto-configured DataSource (DevToolsDataSourceAutoConfiguration.DevToolsDataSourceCondition)

   DevToolsDataSourceAutoConfiguration.DatabaseShutdownExecutorEntityManagerFactoryDependsOnPostProcessor matched:
      - @ConditionalOnClass found required class 'org.springframework.orm.jpa.LocalContainerEntityManagerFactoryBean' (OnClassCondition)
      - @ConditionalOnBean (types: org.springframework.orm.jpa.AbstractEntityManagerFactoryBean; SearchStrategy: all) found bean '&entityManagerFactory' (OnBeanCondition)

   DiskSpaceHealthContributorAutoConfiguration matched:
      - @ConditionalOnEnabledHealthIndicator management.health.defaults.enabled is considered true (OnEnabledHealthIndicatorCondition)

   DiskSpaceHealthContributorAutoConfiguration#diskSpaceHealthIndicator matched:
      - @ConditionalOnMissingBean (names: diskSpaceHealthIndicator; SearchStrategy: all) did not find any beans (OnBeanCondition)

   DispatcherServletAutoConfiguration matched:
      - @ConditionalOnClass found required class 'org.springframework.web.servlet.DispatcherServlet' (OnClassCondition)
      - found 'session' scope (OnWebApplicationCondition)

   DispatcherServletAutoConfiguration.DispatcherServletConfiguration matched:
      - @ConditionalOnClass found required class 'jakarta.servlet.ServletRegistration' (OnClassCondition)
      - Default DispatcherServlet did not find dispatcher servlet beans (DispatcherServletAutoConfiguration.DefaultDispatcherServletCondition)

   DispatcherServletAutoConfiguration.DispatcherServletRegistrationConfiguration matched:
      - @ConditionalOnClass found required class 'jakarta.servlet.ServletRegistration' (OnClassCondition)
      - DispatcherServlet Registration did not find servlet registration bean (DispatcherServletAutoConfiguration.DispatcherServletRegistrationCondition)

   DispatcherServletAutoConfiguration.DispatcherServletRegistrationConfiguration#dispatcherServletRegistration matched:
      - @ConditionalOnBean (names: dispatcherServlet types: org.springframework.web.servlet.DispatcherServlet; SearchStrategy: all) found bean 'dispatcherServlet' (OnBeanCondition)

   EmbeddedWebServerFactoryCustomizerAutoConfiguration matched:
      - @ConditionalOnWebApplication (required) found 'session' scope (OnWebApplicationCondition)
      - @ConditionalOnWarDeployment the application is not deployed as a WAR file. (OnWarDeploymentCondition)

   EmbeddedWebServerFactoryCustomizerAutoConfiguration.TomcatWebServerFactoryCustomizerConfiguration matched:
      - @ConditionalOnClass found required classes 'org.apache.catalina.startup.Tomcat', 'org.apache.coyote.UpgradeProtocol' (OnClassCondition)

   EndpointAutoConfiguration#endpointCachingOperationInvokerAdvisor matched:
      - @ConditionalOnMissingBean (types: org.springframework.boot.actuate.endpoint.invoker.cache.CachingOperationInvokerAdvisor; SearchStrategy: all) did not find any beans (OnBeanCondition)

   EndpointAutoConfiguration#endpointOperationParameterMapper matched:
      - @ConditionalOnMissingBean (types: org.springframework.boot.actuate.endpoint.invoke.ParameterValueMapper; SearchStrategy: all) did not find any beans (OnBeanCondition)

   EnvironmentEndpointAutoConfiguration matched:
      - @ConditionalOnAvailableEndpoint marked as exposed by a 'management.endpoints.jmx.exposure' property (OnAvailableEndpointCondition)

   EnvironmentEndpointAutoConfiguration#environmentEndpoint matched:
      - @ConditionalOnMissingBean (types: org.springframework.boot.actuate.env.EnvironmentEndpoint; SearchStrategy: all) did not find any beans (OnBeanCondition)

   ErrorMvcAutoConfiguration matched:
      - @ConditionalOnClass found required classes 'jakarta.servlet.Servlet', 'org.springframework.web.servlet.DispatcherServlet' (OnClassCondition)
      - found 'session' scope (OnWebApplicationCondition)

   ErrorMvcAutoConfiguration#basicErrorController matched:
      - @ConditionalOnMissingBean (types: org.springframework.boot.web.servlet.error.ErrorController; SearchStrategy: current) did not find any beans (OnBeanCondition)

   ErrorMvcAutoConfiguration#errorAttributes matched:
      - @ConditionalOnMissingBean (types: org.springframework.boot.web.servlet.error.ErrorAttributes; SearchStrategy: current) did not find any beans (OnBeanCondition)

   ErrorMvcAutoConfiguration.DefaultErrorViewResolverConfiguration#conventionErrorViewResolver matched:
      - @ConditionalOnBean (types: org.springframework.web.servlet.DispatcherServlet; SearchStrategy: all) found bean 'dispatcherServlet'; @ConditionalOnMissingBean (types: org.springframework.boot.autoconfigure.web.servlet.error.ErrorViewResolver; SearchStrategy: all) did not find any beans (OnBeanCondition)

   GenericCacheConfiguration matched:
      - Cache org.springframework.boot.autoconfigure.cache.GenericCacheConfiguration automatic cache type (CacheCondition)

   HealthContributorAutoConfiguration#pingHealthContributor matched:
      - @ConditionalOnEnabledHealthIndicator management.health.defaults.enabled is considered true (OnEnabledHealthIndicatorCondition)

   HealthEndpointAutoConfiguration matched:
      - @ConditionalOnAvailableEndpoint marked as exposed by a 'management.endpoints.jmx.exposure' property (OnAvailableEndpointCondition)

   HealthEndpointConfiguration#healthContributorRegistry matched:
      - @ConditionalOnMissingBean (types: org.springframework.boot.actuate.health.HealthContributorRegistry; SearchStrategy: all) did not find any beans (OnBeanCondition)

   HealthEndpointConfiguration#healthEndpoint matched:
      - @ConditionalOnMissingBean (types: org.springframework.boot.actuate.health.HealthEndpoint; SearchStrategy: all) did not find any beans (OnBeanCondition)

   HealthEndpointConfiguration#healthEndpointGroups matched:
      - @ConditionalOnMissingBean (types: org.springframework.boot.actuate.health.HealthEndpointGroups; SearchStrategy: all) did not find any beans (OnBeanCondition)

   HealthEndpointConfiguration#healthHttpCodeStatusMapper matched:
      - @ConditionalOnMissingBean (types: org.springframework.boot.actuate.health.HttpCodeStatusMapper; SearchStrategy: all) did not find any beans (OnBeanCondition)

   HealthEndpointConfiguration#healthStatusAggregator matched:
      - @ConditionalOnMissingBean (types: org.springframework.boot.actuate.health.StatusAggregator; SearchStrategy: all) did not find any beans (OnBeanCondition)

   HealthEndpointWebExtensionConfiguration matched:
      - found 'session' scope (OnWebApplicationCondition)
      - @ConditionalOnAvailableEndpoint marked as exposed by a 'management.endpoints.web.exposure' property (OnAvailableEndpointCondition)
      - @ConditionalOnBean (types: org.springframework.boot.actuate.health.HealthEndpoint; SearchStrategy: all) found bean 'healthEndpoint' (OnBeanCondition)

   HealthEndpointWebExtensionConfiguration#healthEndpointWebExtension matched:
      - @ConditionalOnMissingBean (types: org.springframework.boot.actuate.health.HealthEndpointWebExtension; SearchStrategy: all) did not find any beans (OnBeanCondition)

   HealthEndpointWebExtensionConfiguration.MvcAdditionalHealthEndpointPathsConfiguration matched:
      - @ConditionalOnAvailableEndpoint marked as exposed by a 'management.endpoints.web.exposure' property (OnAvailableEndpointCondition)
      - @ConditionalOnBean (types: org.springframework.web.servlet.DispatcherServlet; SearchStrategy: all) found bean 'dispatcherServlet' (OnBeanCondition)

   HeapDumpWebEndpointAutoConfiguration matched:
      - @ConditionalOnAvailableEndpoint marked as exposed by a 'management.endpoints.jmx.exposure' property (OnAvailableEndpointCondition)

   HeapDumpWebEndpointAutoConfiguration#heapDumpWebEndpoint matched:
      - @ConditionalOnMissingBean (types: org.springframework.boot.actuate.management.HeapDumpWebEndpoint; SearchStrategy: all) did not find any beans (OnBeanCondition)

   HibernateJpaAutoConfiguration matched:
      - @ConditionalOnClass found required classes 'org.springframework.orm.jpa.LocalContainerEntityManagerFactoryBean', 'jakarta.persistence.EntityManager', 'org.hibernate.engine.spi.SessionImplementor' (OnClassCondition)

   HibernateJpaConfiguration matched:
      - @ConditionalOnSingleCandidate (types: javax.sql.DataSource; SearchStrategy: all) found a single bean 'dataSource' (OnBeanCondition)

   HttpClientObservationsAutoConfiguration matched:
      - @ConditionalOnClass found required class 'io.micrometer.observation.Observation' (OnClassCondition)
      - @ConditionalOnBean (types: io.micrometer.observation.ObservationRegistry; SearchStrategy: all) found bean 'observationRegistry' (OnBeanCondition)

   HttpClientObservationsAutoConfiguration.MeterFilterConfiguration matched:
      - @ConditionalOnClass found required class 'io.micrometer.core.instrument.MeterRegistry' (OnClassCondition)
      - @ConditionalOnBean (types: io.micrometer.core.instrument.MeterRegistry; SearchStrategy: all) found bean 'simpleMeterRegistry' (OnBeanCondition)

   HttpEncodingAutoConfiguration matched:
      - @ConditionalOnClass found required class 'org.springframework.web.filter.CharacterEncodingFilter' (OnClassCondition)
      - found 'session' scope (OnWebApplicationCondition)
      - @ConditionalOnProperty (server.servlet.encoding.enabled) matched (OnPropertyCondition)

   HttpEncodingAutoConfiguration#characterEncodingFilter matched:
      - @ConditionalOnMissingBean (types: org.springframework.web.filter.CharacterEncodingFilter; SearchStrategy: all) did not find any beans (OnBeanCondition)

   HttpExchangesEndpointAutoConfiguration matched:
      - @ConditionalOnAvailableEndpoint marked as exposed by a 'management.endpoints.jmx.exposure' property (OnAvailableEndpointCondition)

   HttpMessageConvertersAutoConfiguration matched:
      - @ConditionalOnClass found required class 'org.springframework.http.converter.HttpMessageConverter' (OnClassCondition)
      - NoneNestedConditions 0 matched 1 did not; NestedCondition on HttpMessageConvertersAutoConfiguration.NotReactiveWebApplicationCondition.ReactiveWebApplication did not find reactive web application classes (HttpMessageConvertersAutoConfiguration.NotReactiveWebApplicationCondition)

   HttpMessageConvertersAutoConfiguration#messageConverters matched:
      - @ConditionalOnMissingBean (types: org.springframework.boot.autoconfigure.http.HttpMessageConverters; SearchStrategy: all) did not find any beans (OnBeanCondition)

   HttpMessageConvertersAutoConfiguration.StringHttpMessageConverterConfiguration matched:
      - @ConditionalOnClass found required class 'org.springframework.http.converter.StringHttpMessageConverter' (OnClassCondition)

   HttpMessageConvertersAutoConfiguration.StringHttpMessageConverterConfiguration#stringHttpMessageConverter matched:
      - @ConditionalOnMissingBean (types: org.springframework.http.converter.StringHttpMessageConverter; SearchStrategy: all) did not find any beans (OnBeanCondition)

   HypermediaAutoConfiguration matched:
      - @ConditionalOnClass found required classes 'org.springframework.hateoas.EntityModel', 'org.springframework.web.bind.annotation.RequestMapping', 'org.springframework.web.servlet.mvc.method.annotation.RequestMappingHandlerAdapter', 'org.springframework.plugin.core.Plugin' (OnClassCondition)
      - @ConditionalOnWebApplication (required) found 'session' scope (OnWebApplicationCondition)

   HypermediaAutoConfiguration#applicationJsonHalConfiguration matched:
      - @ConditionalOnClass found required class 'com.fasterxml.jackson.databind.ObjectMapper' (OnClassCondition)
      - @ConditionalOnProperty (spring.hateoas.use-hal-as-default-json-media-type) matched (OnPropertyCondition)
      - @ConditionalOnMissingBean (types: org.springframework.hateoas.mediatype.hal.HalConfiguration; SearchStrategy: all) did not find any beans (OnBeanCondition)

   InfoEndpointAutoConfiguration matched:
      - @ConditionalOnAvailableEndpoint marked as exposed by a 'management.endpoints.jmx.exposure' property (OnAvailableEndpointCondition)

   InfoEndpointAutoConfiguration#infoEndpoint matched:
      - @ConditionalOnMissingBean (types: org.springframework.boot.actuate.info.InfoEndpoint; SearchStrategy: all) did not find any beans (OnBeanCondition)

   JacksonAutoConfiguration matched:
      - @ConditionalOnClass found required class 'com.fasterxml.jackson.databind.ObjectMapper' (OnClassCondition)

   JacksonAutoConfiguration.Jackson2ObjectMapperBuilderCustomizerConfiguration matched:
      - @ConditionalOnClass found required class 'org.springframework.http.converter.json.Jackson2ObjectMapperBuilder' (OnClassCondition)

   JacksonAutoConfiguration.JacksonObjectMapperBuilderConfiguration matched:
      - @ConditionalOnClass found required class 'org.springframework.http.converter.json.Jackson2ObjectMapperBuilder' (OnClassCondition)

   JacksonAutoConfiguration.JacksonObjectMapperBuilderConfiguration#jacksonObjectMapperBuilder matched:
      - @ConditionalOnMissingBean (types: org.springframework.http.converter.json.Jackson2ObjectMapperBuilder; SearchStrategy: all) did not find any beans (OnBeanCondition)

   JacksonAutoConfiguration.JacksonObjectMapperConfiguration matched:
      - @ConditionalOnClass found required class 'org.springframework.http.converter.json.Jackson2ObjectMapperBuilder' (OnClassCondition)

   JacksonAutoConfiguration.JacksonObjectMapperConfiguration#jacksonObjectMapper matched:
      - @ConditionalOnMissingBean (types: com.fasterxml.jackson.databind.ObjectMapper; SearchStrategy: all) did not find any beans (OnBeanCondition)

   JacksonAutoConfiguration.ParameterNamesModuleConfiguration matched:
      - @ConditionalOnClass found required class 'com.fasterxml.jackson.module.paramnames.ParameterNamesModule' (OnClassCondition)

   JacksonAutoConfiguration.ParameterNamesModuleConfiguration#parameterNamesModule matched:
      - @ConditionalOnMissingBean (types: com.fasterxml.jackson.module.paramnames.ParameterNamesModule; SearchStrategy: all) did not find any beans (OnBeanCondition)

   JacksonEndpointAutoConfiguration#endpointObjectMapper matched:
      - @ConditionalOnClass found required classes 'com.fasterxml.jackson.databind.ObjectMapper', 'org.springframework.http.converter.json.Jackson2ObjectMapperBuilder' (OnClassCondition)
      - @ConditionalOnProperty (management.endpoints.jackson.isolated-object-mapper) matched (OnPropertyCondition)

   JacksonHttpMessageConvertersConfiguration.MappingJackson2HttpMessageConverterConfiguration matched:
      - @ConditionalOnClass found required class 'com.fasterxml.jackson.databind.ObjectMapper' (OnClassCondition)
      - @ConditionalOnProperty (spring.mvc.converters.preferred-json-mapper=jackson) matched (OnPropertyCondition)
      - @ConditionalOnBean (types: com.fasterxml.jackson.databind.ObjectMapper; SearchStrategy: all) found bean 'jacksonObjectMapper' (OnBeanCondition)

   JacksonHttpMessageConvertersConfiguration.MappingJackson2HttpMessageConverterConfiguration#mappingJackson2HttpMessageConverter matched:
      - @ConditionalOnMissingBean (types: org.springframework.http.converter.json.MappingJackson2HttpMessageConverter ignored: org.springframework.hateoas.server.mvc.TypeConstrainedMappingJackson2HttpMessageConverter,org.springframework.data.rest.webmvc.alps.AlpsJsonHttpMessageConverter; SearchStrategy: all) did not find any beans (OnBeanCondition)

   JdbcTemplateAutoConfiguration matched:
      - @ConditionalOnClass found required classes 'javax.sql.DataSource', 'org.springframework.jdbc.core.JdbcTemplate' (OnClassCondition)
      - @ConditionalOnSingleCandidate (types: javax.sql.DataSource; SearchStrategy: all) found a single bean 'dataSource' (OnBeanCondition)

   JdbcTemplateConfiguration matched:
      - @ConditionalOnMissingBean (types: org.springframework.jdbc.core.JdbcOperations; SearchStrategy: all) did not find any beans (OnBeanCondition)

   JmxAutoConfiguration matched:
      - @ConditionalOnClass found required class 'org.springframework.jmx.export.MBeanExporter' (OnClassCondition)
      - @ConditionalOnProperty (spring.jmx.enabled=true) matched (OnPropertyCondition)

   JmxAutoConfiguration#mbeanExporter matched:
      - @ConditionalOnMissingBean (types: org.springframework.jmx.export.MBeanExporter; SearchStrategy: current) did not find any beans (OnBeanCondition)

   JmxAutoConfiguration#mbeanServer matched:
      - @ConditionalOnMissingBean (types: javax.management.MBeanServer; SearchStrategy: all) did not find any beans (OnBeanCondition)

   JmxAutoConfiguration#objectNamingStrategy matched:
      - @ConditionalOnMissingBean (types: org.springframework.jmx.export.naming.ObjectNamingStrategy; SearchStrategy: current) did not find any beans (OnBeanCondition)

   JmxEndpointAutoConfiguration matched:
      - @ConditionalOnProperty (spring.jmx.enabled=true) matched (OnPropertyCondition)

   JmxEndpointAutoConfiguration#endpointObjectNameFactory matched:
      - @ConditionalOnMissingBean (types: org.springframework.boot.actuate.endpoint.jmx.EndpointObjectNameFactory; SearchStrategy: current) did not find any beans (OnBeanCondition)

   JmxEndpointAutoConfiguration#jmxAnnotationEndpointDiscoverer matched:
      - @ConditionalOnMissingBean (types: org.springframework.boot.actuate.endpoint.jmx.JmxEndpointsSupplier; SearchStrategy: all) did not find any beans (OnBeanCondition)

   JmxEndpointAutoConfiguration#jmxMBeanExporter matched:
      - @ConditionalOnSingleCandidate (types: javax.management.MBeanServer; SearchStrategy: all) found a single bean 'mbeanServer' (OnBeanCondition)

   JpaBaseConfiguration#entityManagerFactory matched:
      - @ConditionalOnMissingBean (types: org.springframework.orm.jpa.LocalContainerEntityManagerFactoryBean,jakarta.persistence.EntityManagerFactory; SearchStrategy: all) did not find any beans (OnBeanCondition)

   JpaBaseConfiguration#entityManagerFactoryBuilder matched:
      - @ConditionalOnMissingBean (types: org.springframework.boot.orm.jpa.EntityManagerFactoryBuilder; SearchStrategy: all) did not find any beans (OnBeanCondition)

   JpaBaseConfiguration#jpaVendorAdapter matched:
      - @ConditionalOnMissingBean (types: org.springframework.orm.jpa.JpaVendorAdapter; SearchStrategy: all) did not find any beans (OnBeanCondition)

   JpaBaseConfiguration#transactionManager matched:
      - @ConditionalOnMissingBean (types: org.springframework.transaction.TransactionManager; SearchStrategy: all) did not find any beans (OnBeanCondition)

   JpaBaseConfiguration.JpaWebConfiguration matched:
      - @ConditionalOnClass found required class 'org.springframework.web.servlet.config.annotation.WebMvcConfigurer' (OnClassCondition)
      - found 'session' scope (OnWebApplicationCondition)
      - @ConditionalOnProperty (spring.jpa.open-in-view=true) matched (OnPropertyCondition)
      - @ConditionalOnMissingBean (types: org.springframework.orm.jpa.support.OpenEntityManagerInViewInterceptor,org.springframework.orm.jpa.support.OpenEntityManagerInViewFilter; SearchStrategy: all) did not find any beans (OnBeanCondition)

   JpaBaseConfiguration.PersistenceManagedTypesConfiguration matched:
      - @ConditionalOnMissingBean (types: org.springframework.orm.jpa.LocalContainerEntityManagerFactoryBean,jakarta.persistence.EntityManagerFactory; SearchStrategy: all) did not find any beans (OnBeanCondition)

   JpaBaseConfiguration.PersistenceManagedTypesConfiguration#persistenceManagedTypes matched:
      - @ConditionalOnMissingBean (types: org.springframework.orm.jpa.persistenceunit.PersistenceManagedTypes; SearchStrategy: all) did not find any beans (OnBeanCondition)

   JtaAutoConfiguration matched:
      - @ConditionalOnClass found required class 'jakarta.transaction.Transaction' (OnClassCondition)
      - @ConditionalOnProperty (spring.jta.enabled) matched (OnPropertyCondition)

   JvmMetricsAutoConfiguration matched:
      - @ConditionalOnClass found required class 'io.micrometer.core.instrument.MeterRegistry' (OnClassCondition)
      - @ConditionalOnBean (types: io.micrometer.core.instrument.MeterRegistry; SearchStrategy: all) found bean 'simpleMeterRegistry' (OnBeanCondition)

   JvmMetricsAutoConfiguration#classLoaderMetrics matched:
      - @ConditionalOnMissingBean (types: io.micrometer.core.instrument.binder.jvm.ClassLoaderMetrics; SearchStrategy: all) did not find any beans (OnBeanCondition)

   JvmMetricsAutoConfiguration#jvmCompilationMetrics matched:
      - @ConditionalOnMissingBean (types: io.micrometer.core.instrument.binder.jvm.JvmCompilationMetrics; SearchStrategy: all) did not find any beans (OnBeanCondition)

   JvmMetricsAutoConfiguration#jvmGcMetrics matched:
      - @ConditionalOnMissingBean (types: io.micrometer.core.instrument.binder.jvm.JvmGcMetrics; SearchStrategy: all) did not find any beans (OnBeanCondition)

   JvmMetricsAutoConfiguration#jvmHeapPressureMetrics matched:
      - @ConditionalOnMissingBean (types: io.micrometer.core.instrument.binder.jvm.JvmHeapPressureMetrics; SearchStrategy: all) did not find any beans (OnBeanCondition)

   JvmMetricsAutoConfiguration#jvmInfoMetrics matched:
      - @ConditionalOnMissingBean (types: io.micrometer.core.instrument.binder.jvm.JvmInfoMetrics; SearchStrategy: all) did not find any beans (OnBeanCondition)

   JvmMetricsAutoConfiguration#jvmMemoryMetrics matched:
      - @ConditionalOnMissingBean (types: io.micrometer.core.instrument.binder.jvm.JvmMemoryMetrics; SearchStrategy: all) did not find any beans (OnBeanCondition)

   JvmMetricsAutoConfiguration#jvmThreadMetrics matched:
      - @ConditionalOnMissingBean (types: io.micrometer.core.instrument.binder.jvm.JvmThreadMetrics; SearchStrategy: all) did not find any beans (OnBeanCondition)

   LifecycleAutoConfiguration#defaultLifecycleProcessor matched:
      - @ConditionalOnMissingBean (names: lifecycleProcessor; SearchStrategy: current) did not find any beans (OnBeanCondition)

   LocalDevToolsAutoConfiguration matched:
      - Initialized Restarter Condition available and initialized (OnInitializedRestarterCondition)

   LocalDevToolsAutoConfiguration.LiveReloadConfiguration matched:
      - @ConditionalOnProperty (spring.devtools.livereload.enabled) matched (OnPropertyCondition)

   LocalDevToolsAutoConfiguration.LiveReloadConfiguration#liveReloadServer matched:
      - @ConditionalOnMissingBean (types: org.springframework.boot.devtools.livereload.LiveReloadServer; SearchStrategy: all) did not find any beans (OnBeanCondition)

   LocalDevToolsAutoConfiguration.RestartConfiguration matched:
      - @ConditionalOnProperty (spring.devtools.restart.enabled) matched (OnPropertyCondition)

   LocalDevToolsAutoConfiguration.RestartConfiguration#classPathFileSystemWatcher matched:
      - @ConditionalOnMissingBean (types: org.springframework.boot.devtools.classpath.ClassPathFileSystemWatcher; SearchStrategy: all) did not find any beans (OnBeanCondition)

   LocalDevToolsAutoConfiguration.RestartConfiguration#classPathRestartStrategy matched:
      - @ConditionalOnMissingBean (types: org.springframework.boot.devtools.classpath.ClassPathRestartStrategy; SearchStrategy: all) did not find any beans (OnBeanCondition)

   LocalDevToolsAutoConfiguration.RestartConfiguration#conditionEvaluationDeltaLoggingListener matched:
      - @ConditionalOnProperty (spring.devtools.restart.log-condition-evaluation-delta) matched (OnPropertyCondition)

   LogFileWebEndpointAutoConfiguration matched:
      - @ConditionalOnAvailableEndpoint marked as exposed by a 'management.endpoints.jmx.exposure' property (OnAvailableEndpointCondition)

   LogFileWebEndpointAutoConfiguration#logFileWebEndpoint matched:
      - Log File found logging.file.name appLog.log (LogFileWebEndpointAutoConfiguration.LogFileCondition)
      - @ConditionalOnMissingBean (types: org.springframework.boot.actuate.logging.LogFileWebEndpoint; SearchStrategy: all) did not find any beans (OnBeanCondition)

   LogbackMetricsAutoConfiguration matched:
      - @ConditionalOnClass found required classes 'io.micrometer.core.instrument.MeterRegistry', 'ch.qos.logback.classic.LoggerContext', 'org.slf4j.LoggerFactory' (OnClassCondition)
      - LogbackLoggingCondition ILoggerFactory is a Logback LoggerContext (LogbackMetricsAutoConfiguration.LogbackLoggingCondition)
      - @ConditionalOnBean (types: io.micrometer.core.instrument.MeterRegistry; SearchStrategy: all) found bean 'simpleMeterRegistry' (OnBeanCondition)

   LogbackMetricsAutoConfiguration#logbackMetrics matched:
      - @ConditionalOnMissingBean (types: io.micrometer.core.instrument.binder.logging.LogbackMetrics; SearchStrategy: all) did not find any beans (OnBeanCondition)

   LoggersEndpointAutoConfiguration matched:
      - @ConditionalOnAvailableEndpoint marked as exposed by a 'management.endpoints.jmx.exposure' property (OnAvailableEndpointCondition)

   LoggersEndpointAutoConfiguration#loggersEndpoint matched:
      - Logging System enabled (LoggersEndpointAutoConfiguration.OnEnabledLoggingSystemCondition)
      - @ConditionalOnBean (types: org.springframework.boot.logging.LoggingSystem; SearchStrategy: all) found bean 'springBootLoggingSystem'; @ConditionalOnMissingBean (types: org.springframework.boot.actuate.logging.LoggersEndpoint; SearchStrategy: all) did not find any beans (OnBeanCondition)

   ManagementContextAutoConfiguration.SameManagementContextConfiguration matched:
      - Management Port actual port type (SAME) matched required type (OnManagementPortCondition)

   MappingsEndpointAutoConfiguration matched:
      - @ConditionalOnAvailableEndpoint marked as exposed by a 'management.endpoints.jmx.exposure' property (OnAvailableEndpointCondition)

   MappingsEndpointAutoConfiguration.ServletWebConfiguration matched:
      - found 'session' scope (OnWebApplicationCondition)

   MappingsEndpointAutoConfiguration.ServletWebConfiguration.SpringMvcConfiguration matched:
      - @ConditionalOnClass found required class 'org.springframework.web.servlet.DispatcherServlet' (OnClassCondition)
      - @ConditionalOnBean (types: org.springframework.web.servlet.DispatcherServlet; SearchStrategy: all) found bean 'dispatcherServlet' (OnBeanCondition)

   MetricsAutoConfiguration matched:
      - @ConditionalOnClass found required class 'io.micrometer.core.annotation.Timed' (OnClassCondition)

   MetricsAutoConfiguration#micrometerClock matched:
      - @ConditionalOnMissingBean (types: io.micrometer.core.instrument.Clock; SearchStrategy: all) did not find any beans (OnBeanCondition)

   MetricsEndpointAutoConfiguration matched:
      - @ConditionalOnClass found required class 'io.micrometer.core.annotation.Timed' (OnClassCondition)
      - @ConditionalOnAvailableEndpoint marked as exposed by a 'management.endpoints.jmx.exposure' property (OnAvailableEndpointCondition)

   MetricsEndpointAutoConfiguration#metricsEndpoint matched:
      - @ConditionalOnBean (types: io.micrometer.core.instrument.MeterRegistry; SearchStrategy: all) found bean 'simpleMeterRegistry'; @ConditionalOnMissingBean (types: org.springframework.boot.actuate.metrics.MetricsEndpoint; SearchStrategy: all) did not find any beans (OnBeanCondition)

   MultipartAutoConfiguration matched:
      - @ConditionalOnClass found required classes 'jakarta.servlet.Servlet', 'org.springframework.web.multipart.support.StandardServletMultipartResolver', 'jakarta.servlet.MultipartConfigElement' (OnClassCondition)
      - found 'session' scope (OnWebApplicationCondition)
      - @ConditionalOnProperty (spring.servlet.multipart.enabled) matched (OnPropertyCondition)

   MultipartAutoConfiguration#multipartConfigElement matched:
      - @ConditionalOnMissingBean (types: jakarta.servlet.MultipartConfigElement; SearchStrategy: all) did not find any beans (OnBeanCondition)

   MultipartAutoConfiguration#multipartResolver matched:
      - @ConditionalOnMissingBean (types: org.springframework.web.multipart.MultipartResolver; SearchStrategy: all) did not find any beans (OnBeanCondition)

   NamedParameterJdbcTemplateConfiguration matched:
      - @ConditionalOnSingleCandidate (types: org.springframework.jdbc.core.JdbcTemplate; SearchStrategy: all) found a single bean 'jdbcTemplate'; @ConditionalOnMissingBean (types: org.springframework.jdbc.core.namedparam.NamedParameterJdbcOperations; SearchStrategy: all) did not find any beans (OnBeanCondition)

   NoOpCacheConfiguration matched:
      - Cache org.springframework.boot.autoconfigure.cache.NoOpCacheConfiguration automatic cache type (CacheCondition)

   OAuth2ResourceServerAutoConfiguration matched:
      - @ConditionalOnClass found required class 'org.springframework.security.oauth2.server.resource.authentication.BearerTokenAuthenticationToken' (OnClassCondition)
      - found 'session' scope (OnWebApplicationCondition)

   OAuth2ResourceServerJwtConfiguration.JwtDecoderConfiguration matched:
      - @ConditionalOnMissingBean (types: org.springframework.security.oauth2.jwt.JwtDecoder; SearchStrategy: all) did not find any beans (OnBeanCondition)

   OAuth2ResourceServerOpaqueTokenConfiguration.OpaqueTokenIntrospectionClientConfiguration matched:
      - @ConditionalOnMissingBean (types: org.springframework.security.oauth2.server.resource.introspection.OpaqueTokenIntrospector; SearchStrategy: all) did not find any beans (OnBeanCondition)

   Oauth2ResourceServerConfiguration.JwtConfiguration matched:
      - @ConditionalOnClass found required class 'org.springframework.security.oauth2.jwt.JwtDecoder' (OnClassCondition)

   ObservationAutoConfiguration matched:
      - @ConditionalOnClass found required class 'io.micrometer.observation.ObservationRegistry' (OnClassCondition)

   ObservationAutoConfiguration#observationRegistry matched:
      - @ConditionalOnMissingBean (types: io.micrometer.observation.ObservationRegistry; SearchStrategy: all) did not find any beans (OnBeanCondition)

   ObservationAutoConfiguration.MeterObservationHandlerConfiguration matched:
      - @ConditionalOnBean (types: io.micrometer.core.instrument.MeterRegistry; SearchStrategy: all) found bean 'simpleMeterRegistry'; @ConditionalOnMissingBean (types: io.micrometer.core.instrument.observation.MeterObservationHandler; SearchStrategy: all) did not find any beans (OnBeanCondition)

   ObservationAutoConfiguration.MeterObservationHandlerConfiguration.OnlyMetricsMeterObservationHandlerConfiguration matched:
      - @ConditionalOnMissingBean (types: io.micrometer.tracing.Tracer; SearchStrategy: all) did not find any beans (OnBeanCondition)

   ObservationAutoConfiguration.OnlyMetricsConfiguration matched:
      - @ConditionalOnClass found required class 'io.micrometer.core.instrument.MeterRegistry'; @ConditionalOnMissingClass did not find unwanted class 'io.micrometer.tracing.Tracer' (OnClassCondition)

   PersistenceExceptionTranslationAutoConfiguration matched:
      - @ConditionalOnClass found required class 'org.springframework.dao.annotation.PersistenceExceptionTranslationPostProcessor' (OnClassCondition)

   PersistenceExceptionTranslationAutoConfiguration#persistenceExceptionTranslationPostProcessor matched:
      - @ConditionalOnProperty (spring.dao.exceptiontranslation.enabled) matched (OnPropertyCondition)
      - @ConditionalOnMissingBean (types: org.springframework.dao.annotation.PersistenceExceptionTranslationPostProcessor; SearchStrategy: all) did not find any beans (OnBeanCondition)

   PropertyPlaceholderAutoConfiguration#propertySourcesPlaceholderConfigurer matched:
      - @ConditionalOnMissingBean (types: org.springframework.context.support.PropertySourcesPlaceholderConfigurer; SearchStrategy: current) did not find any beans (OnBeanCondition)

   RepositoryMetricsAutoConfiguration matched:
      - @ConditionalOnClass found required class 'org.springframework.data.repository.Repository' (OnClassCondition)
      - @ConditionalOnBean (types: io.micrometer.core.instrument.MeterRegistry; SearchStrategy: all) found bean 'simpleMeterRegistry' (OnBeanCondition)

   RepositoryMetricsAutoConfiguration#metricsRepositoryMethodInvocationListener matched:
      - @ConditionalOnMissingBean (types: org.springframework.boot.actuate.metrics.data.MetricsRepositoryMethodInvocationListener; SearchStrategy: all) did not find any beans (OnBeanCondition)

   RepositoryMetricsAutoConfiguration#repositoryTagsProvider matched:
      - @ConditionalOnMissingBean (types: org.springframework.boot.actuate.metrics.data.RepositoryTagsProvider; SearchStrategy: all) did not find any beans (OnBeanCondition)

   RepositoryRestMvcAutoConfiguration matched:
      - @ConditionalOnClass found required class 'org.springframework.data.rest.webmvc.config.RepositoryRestMvcConfiguration' (OnClassCondition)
      - found 'session' scope (OnWebApplicationCondition)
      - @ConditionalOnMissingBean (types: org.springframework.data.rest.webmvc.config.RepositoryRestMvcConfiguration; SearchStrategy: all) did not find any beans (OnBeanCondition)

   RestTemplateAutoConfiguration matched:
      - @ConditionalOnClass found required class 'org.springframework.web.client.RestTemplate' (OnClassCondition)
      - NoneNestedConditions 0 matched 1 did not; NestedCondition on RestTemplateAutoConfiguration.NotReactiveWebApplicationCondition.ReactiveWebApplication did not find reactive web application classes (RestTemplateAutoConfiguration.NotReactiveWebApplicationCondition)

   RestTemplateAutoConfiguration#restTemplateBuilder matched:
      - @ConditionalOnMissingBean (types: org.springframework.boot.web.client.RestTemplateBuilder; SearchStrategy: all) did not find any beans (OnBeanCondition)

   RestTemplateAutoConfiguration#restTemplateBuilderConfigurer matched:
      - @ConditionalOnMissingBean (types: org.springframework.boot.autoconfigure.web.client.RestTemplateBuilderConfigurer; SearchStrategy: all) did not find any beans (OnBeanCondition)

   RestTemplateObservationConfiguration matched:
      - @ConditionalOnClass found required class 'org.springframework.web.client.RestTemplate' (OnClassCondition)
      - @ConditionalOnBean (types: org.springframework.boot.web.client.RestTemplateBuilder; SearchStrategy: all) found bean 'restTemplateBuilder' (OnBeanCondition)

   ScheduledTasksEndpointAutoConfiguration matched:
      - @ConditionalOnAvailableEndpoint marked as exposed by a 'management.endpoints.jmx.exposure' property (OnAvailableEndpointCondition)

   ScheduledTasksEndpointAutoConfiguration#scheduledTasksEndpoint matched:
      - @ConditionalOnMissingBean (types: org.springframework.boot.actuate.scheduling.ScheduledTasksEndpoint; SearchStrategy: all) did not find any beans (OnBeanCondition)

   SecurityAutoConfiguration matched:
      - @ConditionalOnClass found required class 'org.springframework.security.authentication.DefaultAuthenticationEventPublisher' (OnClassCondition)

   SecurityAutoConfiguration#authenticationEventPublisher matched:
      - @ConditionalOnMissingBean (types: org.springframework.security.authentication.AuthenticationEventPublisher; SearchStrategy: all) did not find any beans (OnBeanCondition)

   SecurityFilterAutoConfiguration matched:
      - @ConditionalOnClass found required classes 'org.springframework.security.web.context.AbstractSecurityWebApplicationInitializer', 'org.springframework.security.config.http.SessionCreationPolicy' (OnClassCondition)
      - found 'session' scope (OnWebApplicationCondition)

   SecurityFilterAutoConfiguration#securityFilterChainRegistration matched:
      - @ConditionalOnBean (names: springSecurityFilterChain; SearchStrategy: all) found bean 'springSecurityFilterChain' (OnBeanCondition)

   SecurityRequestMatchersManagementContextConfiguration matched:
      - @ConditionalOnClass found required class 'org.springframework.security.web.util.matcher.RequestMatcher' (OnClassCondition)
      - found 'session' scope (OnWebApplicationCondition)

   SecurityRequestMatchersManagementContextConfiguration.MvcRequestMatcherConfiguration matched:
      - @ConditionalOnClass found required class 'org.springframework.web.servlet.DispatcherServlet' (OnClassCondition)
      - @ConditionalOnBean (types: org.springframework.boot.autoconfigure.web.servlet.DispatcherServletPath; SearchStrategy: all) found bean 'dispatcherServletRegistration' (OnBeanCondition)

   SecurityRequestMatchersManagementContextConfiguration.MvcRequestMatcherConfiguration#requestMatcherProvider matched:
      - @ConditionalOnClass found required class 'org.springframework.web.servlet.DispatcherServlet' (OnClassCondition)
      - @ConditionalOnMissingBean (types: org.springframework.boot.autoconfigure.security.servlet.RequestMatcherProvider; SearchStrategy: all) did not find any beans (OnBeanCondition)

   ServletEndpointManagementContextConfiguration matched:
      - found 'session' scope (OnWebApplicationCondition)

   ServletEndpointManagementContextConfiguration.WebMvcServletEndpointManagementContextConfiguration matched:
      - @ConditionalOnClass found required class 'org.springframework.web.servlet.DispatcherServlet' (OnClassCondition)

   ServletManagementContextAutoConfiguration matched:
      - @ConditionalOnClass found required class 'jakarta.servlet.Servlet' (OnClassCondition)
      - found 'session' scope (OnWebApplicationCondition)

   ServletWebServerFactoryAutoConfiguration matched:
      - @ConditionalOnClass found required class 'jakarta.servlet.ServletRequest' (OnClassCondition)
      - found 'session' scope (OnWebApplicationCondition)

   ServletWebServerFactoryAutoConfiguration#tomcatServletWebServerFactoryCustomizer matched:
      - @ConditionalOnClass found required class 'org.apache.catalina.startup.Tomcat' (OnClassCondition)

   ServletWebServerFactoryConfiguration.EmbeddedTomcat matched:
      - @ConditionalOnClass found required classes 'jakarta.servlet.Servlet', 'org.apache.catalina.startup.Tomcat', 'org.apache.coyote.UpgradeProtocol' (OnClassCondition)
      - @ConditionalOnMissingBean (types: org.springframework.boot.web.servlet.server.ServletWebServerFactory; SearchStrategy: current) did not find any beans (OnBeanCondition)

   SimpleCacheConfiguration matched:
      - Cache org.springframework.boot.autoconfigure.cache.SimpleCacheConfiguration automatic cache type (CacheCondition)

   SimpleMetricsExportAutoConfiguration matched:
      - @ConditionalOnEnabledMetricsExport management.defaults.metrics.export.enabled is considered true (OnMetricsExportEnabledCondition)
      - @ConditionalOnBean (types: io.micrometer.core.instrument.Clock; SearchStrategy: all) found bean 'micrometerClock'; @ConditionalOnMissingBean (types: io.micrometer.core.instrument.MeterRegistry; SearchStrategy: all) did not find any beans (OnBeanCondition)

   SimpleMetricsExportAutoConfiguration#simpleConfig matched:
      - @ConditionalOnMissingBean (types: io.micrometer.core.instrument.simple.SimpleConfig; SearchStrategy: all) did not find any beans (OnBeanCondition)

   SpringApplicationAdminJmxAutoConfiguration matched:
      - @ConditionalOnProperty (spring.application.admin.enabled=true) matched (OnPropertyCondition)

   SpringApplicationAdminJmxAutoConfiguration#springApplicationAdminRegistrar matched:
      - @ConditionalOnMissingBean (types: org.springframework.boot.admin.SpringApplicationAdminMXBeanRegistrar; SearchStrategy: all) did not find any beans (OnBeanCondition)

   SpringBootWebSecurityConfiguration matched:
      - found 'session' scope (OnWebApplicationCondition)

   SpringDocConfigProperties matched:
      - @ConditionalOnProperty (springdoc.api-docs.enabled) matched (OnPropertyCondition)
      - @ConditionalOnBean (types: org.springdoc.core.configuration.SpringDocConfiguration; SearchStrategy: all) found bean 'org.springdoc.core.configuration.SpringDocConfiguration' (OnBeanCondition)

   SpringDocConfiguration matched:
      - @ConditionalOnWebApplication (required) found 'session' scope (OnWebApplicationCondition)
      - @ConditionalOnProperty (springdoc.api-docs.enabled) matched (OnPropertyCondition)

   SpringDocConfiguration#fileSupportConverter matched:
      - @ConditionalOnMissingBean (types: org.springdoc.core.converters.FileSupportConverter; SearchStrategy: all) did not find any beans (OnBeanCondition)

   SpringDocConfiguration#openAPIBuilder matched:
      - @ConditionalOnMissingBean (types: org.springdoc.core.service.OpenAPIService; SearchStrategy: all) did not find any beans (OnBeanCondition)

   SpringDocConfiguration#operationBuilder matched:
      - @ConditionalOnMissingBean (types: org.springdoc.core.service.OperationService; SearchStrategy: all) did not find any beans (OnBeanCondition)

   SpringDocConfiguration#parameterBuilder matched:
      - @ConditionalOnMissingBean (types: org.springdoc.core.service.GenericParameterService; SearchStrategy: all) did not find any beans (OnBeanCondition)

   SpringDocConfiguration#polymorphicModelConverter matched:
      - @ConditionalOnProperty (springdoc.model-converters.polymorphic-converter.enabled) matched (OnPropertyCondition)
      - @ConditionalOnMissingBean (types: org.springdoc.core.converters.PolymorphicModelConverter; SearchStrategy: all) did not find any beans (OnBeanCondition)

   SpringDocConfiguration#requestBodyBuilder matched:
      - @ConditionalOnMissingBean (types: org.springdoc.core.service.RequestBodyService; SearchStrategy: all) did not find any beans (OnBeanCondition)

   SpringDocConfiguration#responseSupportConverter matched:
      - @ConditionalOnMissingBean (types: org.springdoc.core.converters.ResponseSupportConverter; SearchStrategy: all) did not find any beans (OnBeanCondition)

   SpringDocConfiguration#schemaPropertyDeprecatingConverter matched:
      - @ConditionalOnProperty (springdoc.model-converters.deprecating-converter.enabled) matched (OnPropertyCondition)
      - @ConditionalOnMissingBean (types: org.springdoc.core.converters.SchemaPropertyDeprecatingConverter; SearchStrategy: all) did not find any beans (OnBeanCondition)

   SpringDocConfiguration#securityParser matched:
      - @ConditionalOnMissingBean (types: org.springdoc.core.service.SecurityService; SearchStrategy: all) did not find any beans (OnBeanCondition)

   SpringDocConfiguration#springDocCustomizers matched:
      - @ConditionalOnMissingBean (types: org.springdoc.core.customizers.SpringDocCustomizers; SearchStrategy: all) did not find any beans (OnBeanCondition)

   SpringDocConfiguration#springDocProviders matched:
      - @ConditionalOnMissingBean (types: org.springdoc.core.providers.SpringDocProviders; SearchStrategy: all) did not find any beans (OnBeanCondition)

   SpringDocConfiguration#springdocObjectMapperProvider matched:
      - @ConditionalOnMissingBean (types: org.springdoc.core.providers.ObjectMapperProvider; SearchStrategy: all) did not find any beans (OnBeanCondition)

   SpringDocConfiguration.QuerydslProvider matched:
      - @ConditionalOnClass found required class 'org.springframework.data.querydsl.binding.QuerydslBindingsFactory' (OnClassCondition)

   SpringDocConfiguration.QuerydslProvider#queryDslQuerydslPredicateOperationCustomizer matched:
      - @ConditionalOnMissingBean (types: org.springdoc.core.customizers.QuerydslPredicateOperationCustomizer; SearchStrategy: all) did not find any beans (OnBeanCondition)

   SpringDocConfiguration.SpringDocRepositoryRestConfiguration matched:
      - @ConditionalOnClass found required class 'org.springframework.data.rest.core.config.RepositoryRestConfiguration' (OnClassCondition)

   SpringDocConfiguration.SpringDocRepositoryRestConfiguration#repositoryRestConfigurationProvider matched:
      - @ConditionalOnMissingBean (types: org.springdoc.core.providers.RepositoryRestConfigurationProvider; SearchStrategy: all) did not find any beans (OnBeanCondition)

   SpringDocConfiguration.SpringDocSpringDataWebPropertiesProvider matched:
      - @ConditionalOnClass found required class 'org.springframework.boot.autoconfigure.data.web.SpringDataWebProperties' (OnClassCondition)

   SpringDocConfiguration.SpringDocSpringDataWebPropertiesProvider#springDataWebPropertiesProvider matched:
      - @ConditionalOnMissingBean (types: org.springdoc.core.providers.SpringDataWebPropertiesProvider; SearchStrategy: all) did not find any beans (OnBeanCondition)

   SpringDocConfiguration.WebConversionServiceConfiguration matched:
      - @ConditionalOnClass found required class 'org.springframework.boot.autoconfigure.web.format.WebConversionService' (OnClassCondition)

   SpringDocDataRestConfiguration matched:
      - @ConditionalOnClass found required class 'org.springframework.data.rest.core.config.RepositoryRestConfiguration' (OnClassCondition)
      - @ConditionalOnWebApplication (required) found 'session' scope (OnWebApplicationCondition)
      - @ConditionalOnExpression (#{${springdoc.api-docs.enabled:true} and ${springdoc.enable-data-rest:true}}) resulted in true (OnExpressionCondition)
      - @ConditionalOnBean (types: org.springdoc.core.configuration.SpringDocConfiguration; SearchStrategy: all) found bean 'org.springdoc.core.configuration.SpringDocConfiguration' (OnBeanCondition)

   SpringDocDataRestConfiguration#halProvider matched:
      - @ConditionalOnMissingBean (types: org.springdoc.core.providers.DataRestHalProvider; SearchStrategy: all) did not find any beans (OnBeanCondition)

   SpringDocDataRestConfiguration.SpringRepositoryRestResourceProviderConfiguration matched:
      - @ConditionalOnClass found required class 'org.springframework.data.rest.webmvc.RepositoryRestHandlerMapping' (OnClassCondition)

   SpringDocDataRestConfiguration.SpringRepositoryRestResourceProviderConfiguration#dataRestOperationBuilder matched:
      - @ConditionalOnMissingBean (types: org.springdoc.core.data.DataRestOperationService; SearchStrategy: all) did not find any beans (OnBeanCondition)

   SpringDocDataRestConfiguration.SpringRepositoryRestResourceProviderConfiguration#dataRestRequestBuilder matched:
      - @ConditionalOnMissingBean (types: org.springdoc.core.data.DataRestRequestService; SearchStrategy: all) did not find any beans (OnBeanCondition)

   SpringDocDataRestConfiguration.SpringRepositoryRestResourceProviderConfiguration#dataRestResponseBuilder matched:
      - @ConditionalOnMissingBean (types: org.springdoc.core.data.DataRestResponseService; SearchStrategy: all) did not find any beans (OnBeanCondition)

   SpringDocDataRestConfiguration.SpringRepositoryRestResourceProviderConfiguration#dataRestRouterOperationBuilder matched:
      - @ConditionalOnMissingBean (types: org.springdoc.core.data.DataRestRouterOperationService; SearchStrategy: all) did not find any beans (OnBeanCondition)

   SpringDocDataRestConfiguration.SpringRepositoryRestResourceProviderConfiguration#dataRestTagsBuilder matched:
      - @ConditionalOnMissingBean (types: org.springdoc.core.data.DataRestTagsService; SearchStrategy: all) did not find any beans (OnBeanCondition)

   SpringDocDataRestConfiguration.SpringRepositoryRestResourceProviderConfiguration#springDocDataRestUtils matched:
      - @ConditionalOnMissingBean (types: org.springdoc.core.utils.SpringDocDataRestUtils; SearchStrategy: all) did not find any beans (OnBeanCondition)

   SpringDocDataRestConfiguration.SpringRepositoryRestResourceProviderConfiguration#springRepositoryRestResourceProvider matched:
      - @ConditionalOnMissingBean (types: org.springdoc.core.providers.SpringRepositoryRestResourceProvider; SearchStrategy: all) did not find any beans (OnBeanCondition)

   SpringDocHateoasConfiguration matched:
      - @ConditionalOnClass found required class 'org.springframework.hateoas.server.LinkRelationProvider' (OnClassCondition)
      - @ConditionalOnWebApplication (required) found 'session' scope (OnWebApplicationCondition)
      - @ConditionalOnExpression (#{${springdoc.api-docs.enabled:true} and ${springdoc.enable-hateoas:true}}) resulted in true (OnExpressionCondition)
      - @ConditionalOnBean (types: org.springdoc.core.configuration.SpringDocConfiguration; SearchStrategy: all) found bean 'org.springdoc.core.configuration.SpringDocConfiguration' (OnBeanCondition)

   SpringDocHateoasConfiguration#collectionModelContentConverter matched:
      - @ConditionalOnMissingBean (types: org.springdoc.core.converters.CollectionModelContentConverter; SearchStrategy: all) did not find any beans (OnBeanCondition)

   SpringDocHateoasConfiguration#linksSchemaCustomizer matched:
      - @ConditionalOnMissingBean (types: org.springdoc.core.customizers.GlobalOpenApiCustomizer; SearchStrategy: all) did not find any beans (OnBeanCondition)

   SpringDocPageableConfiguration matched:
      - @ConditionalOnClass found required class 'org.springframework.data.domain.Pageable' (OnClassCondition)
      - @ConditionalOnWebApplication (required) found 'session' scope (OnWebApplicationCondition)
      - @ConditionalOnProperty (springdoc.api-docs.enabled) matched (OnPropertyCondition)
      - @ConditionalOnBean (types: org.springdoc.core.configuration.SpringDocConfiguration; SearchStrategy: all) found bean 'org.springdoc.core.configuration.SpringDocConfiguration' (OnBeanCondition)

   SpringDocPageableConfiguration#delegatingMethodParameterCustomizer matched:
      - @ConditionalOnMissingBean (types: org.springdoc.core.customizers.DelegatingMethodParameterCustomizer; SearchStrategy: all) did not find any beans (OnBeanCondition)

   SpringDocPageableConfiguration#pageableOpenAPIConverter matched:
      - @ConditionalOnProperty (springdoc.model-converters.pageable-converter.enabled) matched (OnPropertyCondition)
      - @ConditionalOnMissingBean (types: org.springdoc.core.converters.PageableOpenAPIConverter; SearchStrategy: all) did not find any beans (OnBeanCondition)

   SpringDocSecurityConfiguration matched:
      - @ConditionalOnClass found required class 'org.springframework.security.web.SecurityFilterChain' (OnClassCondition)
      - @ConditionalOnWebApplication (required) found 'session' scope (OnWebApplicationCondition)
      - @ConditionalOnExpression (#{${springdoc.api-docs.enabled:true} and ${springdoc.enable-spring-security:true}}) resulted in true (OnExpressionCondition)
      - @ConditionalOnBean (types: org.springdoc.core.configuration.SpringDocConfiguration; SearchStrategy: all) found bean 'org.springdoc.core.configuration.SpringDocConfiguration' (OnBeanCondition)

   SpringDocSecurityConfiguration.SpringSecurityLoginEndpointConfiguration matched:
      - @ConditionalOnClass found required class 'jakarta.servlet.Filter' (OnClassCondition)

   SpringDocSortConfiguration matched:
      - @ConditionalOnClass found required class 'org.springframework.data.domain.Sort' (OnClassCondition)
      - @ConditionalOnWebApplication (required) found 'session' scope (OnWebApplicationCondition)
      - @ConditionalOnProperty (springdoc.api-docs.enabled) matched (OnPropertyCondition)
      - @ConditionalOnBean (types: org.springdoc.core.configuration.SpringDocConfiguration; SearchStrategy: all) found bean 'org.springdoc.core.configuration.SpringDocConfiguration' (OnBeanCondition)

   SpringDocSortConfiguration#sortOpenAPIConverter matched:
      - @ConditionalOnProperty (springdoc.model-converters.sort-converter.enabled) matched (OnPropertyCondition)
      - @ConditionalOnMissingBean (types: org.springdoc.core.converters.SortOpenAPIConverter; SearchStrategy: all) did not find any beans (OnBeanCondition)

   SpringDocUIConfiguration matched:
      - @ConditionalOnWebApplication (required) found 'session' scope (OnWebApplicationCondition)
      - @ConditionalOnBean (types: org.springdoc.core.configuration.SpringDocConfiguration; SearchStrategy: all) found bean 'org.springdoc.core.configuration.SpringDocConfiguration' (OnBeanCondition)

   SpringDocWebMvcConfiguration matched:
      - found 'session' scope (OnWebApplicationCondition)
      - @ConditionalOnProperty (springdoc.api-docs.enabled) matched (OnPropertyCondition)
      - @ConditionalOnBean (types: org.springdoc.core.configuration.SpringDocConfiguration; SearchStrategy: all) found bean 'org.springdoc.core.configuration.SpringDocConfiguration' (OnBeanCondition)

   SpringDocWebMvcConfiguration#openApiResource matched:
      - @ConditionalOnProperty (springdoc.use-management-port=false) matched (OnPropertyCondition)
      - @ConditionalOnMissingBean (types: org.springdoc.webmvc.api.OpenApiWebMvcResource; SearchStrategy: all) did not find any beans (OnBeanCondition)

   SpringDocWebMvcConfiguration#requestBuilder matched:
      - @ConditionalOnMissingBean (types: org.springdoc.webmvc.core.service.RequestService; SearchStrategy: all) did not find any beans (OnBeanCondition)

   SpringDocWebMvcConfiguration#responseBuilder matched:
      - @ConditionalOnMissingBean (types: org.springdoc.core.service.GenericResponseService; SearchStrategy: all) did not find any beans (OnBeanCondition)

   SpringDocWebMvcConfiguration#springWebProvider matched:
      - @ConditionalOnMissingBean (types: org.springdoc.core.providers.SpringWebProvider; SearchStrategy: all) did not find any beans (OnBeanCondition)

   SpringDocWebMvcConfiguration.SpringDocWebMvcActuatorConfiguration matched:
      - @ConditionalOnClass found required class 'org.springframework.boot.actuate.endpoint.web.servlet.WebMvcEndpointHandlerMapping' (OnClassCondition)

   SpringDocWebMvcConfiguration.SpringDocWebMvcRouterConfiguration matched:
      - @ConditionalOnClass found required class 'org.springframework.web.servlet.function.RouterFunction' (OnClassCondition)

   SpringDocWebMvcConfiguration.SpringDocWebMvcRouterConfiguration#routerFunctionProvider matched:
      - @ConditionalOnMissingBean (types: org.springdoc.webmvc.core.providers.RouterFunctionWebMvcProvider; SearchStrategy: all) did not find any beans (OnBeanCondition)

   SqlInitializationAutoConfiguration matched:
      - @ConditionalOnProperty (spring.sql.init.enabled) matched (OnPropertyCondition)
      - NoneNestedConditions 0 matched 1 did not; NestedCondition on SqlInitializationAutoConfiguration.SqlInitializationModeCondition.ModeIsNever @ConditionalOnProperty (spring.sql.init.mode=never) did not find property 'mode' (SqlInitializationAutoConfiguration.SqlInitializationModeCondition)

   StartupTimeMetricsListenerAutoConfiguration matched:
      - @ConditionalOnClass found required class 'io.micrometer.core.instrument.MeterRegistry' (OnClassCondition)
      - @ConditionalOnBean (types: io.micrometer.core.instrument.MeterRegistry; SearchStrategy: all) found bean 'simpleMeterRegistry' (OnBeanCondition)

   StartupTimeMetricsListenerAutoConfiguration#startupTimeMetrics matched:
      - @ConditionalOnMissingBean (types: org.springframework.boot.actuate.metrics.startup.StartupTimeMetricsListener; SearchStrategy: all) did not find any beans (OnBeanCondition)

   SwaggerConfig matched:
      - found 'session' scope (OnWebApplicationCondition)
      - @ConditionalOnProperty (springdoc.swagger-ui.enabled) matched (OnPropertyCondition)
      - @ConditionalOnBean (types: org.springdoc.core.configuration.SpringDocConfiguration; SearchStrategy: all) found bean 'org.springdoc.core.configuration.SpringDocConfiguration' (OnBeanCondition)

   SwaggerConfig#indexPageTransformer matched:
      - @ConditionalOnMissingBean (types: org.springdoc.webmvc.ui.SwaggerIndexTransformer; SearchStrategy: all) did not find any beans (OnBeanCondition)

   SwaggerConfig#swaggerConfigResource matched:
      - @ConditionalOnProperty (springdoc.use-management-port=false) matched (OnPropertyCondition)
      - @ConditionalOnMissingBean (types: org.springdoc.webmvc.ui.SwaggerConfigResource; SearchStrategy: all) did not find any beans (OnBeanCondition)

   SwaggerConfig#swaggerResourceResolver matched:
      - @ConditionalOnMissingBean (types: org.springdoc.webmvc.ui.SwaggerResourceResolver; SearchStrategy: all) did not find any beans (OnBeanCondition)

   SwaggerConfig#swaggerWebMvcConfigurer matched:
      - @ConditionalOnMissingBean (types: org.springdoc.webmvc.ui.SwaggerWebMvcConfigurer; SearchStrategy: all) did not find any beans (OnBeanCondition)

   SwaggerConfig#swaggerWelcome matched:
      - @ConditionalOnProperty (springdoc.use-management-port=false) matched (OnPropertyCondition)
      - @ConditionalOnMissingBean (types: org.springdoc.webmvc.ui.SwaggerWelcomeWebMvc; SearchStrategy: all) did not find any beans (OnBeanCondition)

   SwaggerUiConfigParameters matched:
      - @ConditionalOnProperty (springdoc.swagger-ui.enabled) matched (OnPropertyCondition)
      - @ConditionalOnBean (types: org.springdoc.core.configuration.SpringDocConfiguration; SearchStrategy: all) found bean 'org.springdoc.core.configuration.SpringDocConfiguration' (OnBeanCondition)

   SwaggerUiConfigProperties matched:
      - @ConditionalOnProperty (springdoc.swagger-ui.enabled) matched (OnPropertyCondition)
      - @ConditionalOnBean (types: org.springdoc.core.configuration.SpringDocConfiguration; SearchStrategy: all) found bean 'org.springdoc.core.configuration.SpringDocConfiguration' (OnBeanCondition)

   SwaggerUiOAuthProperties matched:
      - @ConditionalOnProperty (springdoc.swagger-ui.enabled) matched (OnPropertyCondition)
      - @ConditionalOnBean (types: org.springdoc.core.configuration.SpringDocConfiguration; SearchStrategy: all) found bean 'org.springdoc.core.configuration.SpringDocConfiguration' (OnBeanCondition)

   SystemMetricsAutoConfiguration matched:
      - @ConditionalOnClass found required class 'io.micrometer.core.instrument.MeterRegistry' (OnClassCondition)
      - @ConditionalOnBean (types: io.micrometer.core.instrument.MeterRegistry; SearchStrategy: all) found bean 'simpleMeterRegistry' (OnBeanCondition)

   SystemMetricsAutoConfiguration#diskSpaceMetrics matched:
      - @ConditionalOnMissingBean (types: org.springframework.boot.actuate.metrics.system.DiskSpaceMetricsBinder; SearchStrategy: all) did not find any beans (OnBeanCondition)

   SystemMetricsAutoConfiguration#fileDescriptorMetrics matched:
      - @ConditionalOnMissingBean (types: io.micrometer.core.instrument.binder.system.FileDescriptorMetrics; SearchStrategy: all) did not find any beans (OnBeanCondition)

   SystemMetricsAutoConfiguration#processorMetrics matched:
      - @ConditionalOnMissingBean (types: io.micrometer.core.instrument.binder.system.ProcessorMetrics; SearchStrategy: all) did not find any beans (OnBeanCondition)

   SystemMetricsAutoConfiguration#uptimeMetrics matched:
      - @ConditionalOnMissingBean (types: io.micrometer.core.instrument.binder.system.UptimeMetrics; SearchStrategy: all) did not find any beans (OnBeanCondition)

   TaskExecutionAutoConfiguration matched:
      - @ConditionalOnClass found required class 'org.springframework.scheduling.concurrent.ThreadPoolTaskExecutor' (OnClassCondition)

   TaskExecutionAutoConfiguration#applicationTaskExecutor matched:
      - @ConditionalOnMissingBean (types: java.util.concurrent.Executor; SearchStrategy: all) did not find any beans (OnBeanCondition)

   TaskExecutionAutoConfiguration#taskExecutorBuilder matched:
      - @ConditionalOnMissingBean (types: org.springframework.boot.task.TaskExecutorBuilder; SearchStrategy: all) did not find any beans (OnBeanCondition)

   TaskExecutorMetricsAutoConfiguration matched:
      - @ConditionalOnClass found required class 'io.micrometer.core.instrument.binder.jvm.ExecutorServiceMetrics' (OnClassCondition)
      - @ConditionalOnBean (types: java.util.concurrent.Executor,io.micrometer.core.instrument.MeterRegistry; SearchStrategy: all) found beans 'applicationTaskExecutor', 'simpleMeterRegistry' (OnBeanCondition)

   TaskSchedulingAutoConfiguration matched:
      - @ConditionalOnClass found required class 'org.springframework.scheduling.concurrent.ThreadPoolTaskScheduler' (OnClassCondition)

   TaskSchedulingAutoConfiguration#taskSchedulerBuilder matched:
      - @ConditionalOnMissingBean (types: org.springframework.boot.task.TaskSchedulerBuilder; SearchStrategy: all) did not find any beans (OnBeanCondition)

   ThreadDumpEndpointAutoConfiguration matched:
      - @ConditionalOnAvailableEndpoint marked as exposed by a 'management.endpoints.jmx.exposure' property (OnAvailableEndpointCondition)

   ThreadDumpEndpointAutoConfiguration#dumpEndpoint matched:
      - @ConditionalOnMissingBean (types: org.springframework.boot.actuate.management.ThreadDumpEndpoint; SearchStrategy: all) did not find any beans (OnBeanCondition)

   TomcatMetricsAutoConfiguration matched:
      - @ConditionalOnClass found required classes 'io.micrometer.core.instrument.binder.tomcat.TomcatMetrics', 'org.apache.catalina.Manager' (OnClassCondition)
      - @ConditionalOnWebApplication (required) found 'session' scope (OnWebApplicationCondition)

   TomcatMetricsAutoConfiguration#tomcatMetricsBinder matched:
      - @ConditionalOnBean (types: io.micrometer.core.instrument.MeterRegistry; SearchStrategy: all) found bean 'simpleMeterRegistry'; @ConditionalOnMissingBean (types: io.micrometer.core.instrument.binder.tomcat.TomcatMetrics,org.springframework.boot.actuate.metrics.web.tomcat.TomcatMetricsBinder; SearchStrategy: all) did not find any beans (OnBeanCondition)

   TransactionAutoConfiguration matched:
      - @ConditionalOnClass found required class 'org.springframework.transaction.PlatformTransactionManager' (OnClassCondition)

   TransactionAutoConfiguration#platformTransactionManagerCustomizers matched:
      - @ConditionalOnMissingBean (types: org.springframework.boot.autoconfigure.transaction.TransactionManagerCustomizers; SearchStrategy: all) did not find any beans (OnBeanCondition)

   TransactionAutoConfiguration.TransactionTemplateConfiguration matched:
      - @ConditionalOnSingleCandidate (types: org.springframework.transaction.PlatformTransactionManager; SearchStrategy: all) found a single bean 'transactionManager' (OnBeanCondition)

   TransactionAutoConfiguration.TransactionTemplateConfiguration#transactionTemplate matched:
      - @ConditionalOnMissingBean (types: org.springframework.transaction.support.TransactionOperations; SearchStrategy: all) did not find any beans (OnBeanCondition)

   ValidationAutoConfiguration matched:
      - @ConditionalOnClass found required class 'jakarta.validation.executable.ExecutableValidator' (OnClassCondition)
      - @ConditionalOnResource found location classpath:META-INF/services/jakarta.validation.spi.ValidationProvider (OnResourceCondition)

   ValidationAutoConfiguration#defaultValidator matched:
      - @ConditionalOnMissingBean (types: jakarta.validation.Validator; SearchStrategy: all) did not find any beans (OnBeanCondition)

   ValidationAutoConfiguration#methodValidationPostProcessor matched:
      - @ConditionalOnMissingBean (types: org.springframework.validation.beanvalidation.MethodValidationPostProcessor; SearchStrategy: current) did not find any beans (OnBeanCondition)

   WebEndpointAutoConfiguration matched:
      - @ConditionalOnWebApplication (required) found 'session' scope (OnWebApplicationCondition)

   WebEndpointAutoConfiguration#controllerEndpointDiscoverer matched:
      - @ConditionalOnMissingBean (types: org.springframework.boot.actuate.endpoint.web.annotation.ControllerEndpointsSupplier; SearchStrategy: all) did not find any beans (OnBeanCondition)

   WebEndpointAutoConfiguration#endpointMediaTypes matched:
      - @ConditionalOnMissingBean (types: org.springframework.boot.actuate.endpoint.web.EndpointMediaTypes; SearchStrategy: all) did not find any beans (OnBeanCondition)

   WebEndpointAutoConfiguration#pathMappedEndpoints matched:
      - @ConditionalOnMissingBean (types: org.springframework.boot.actuate.endpoint.web.PathMappedEndpoints; SearchStrategy: all) did not find any beans (OnBeanCondition)

   WebEndpointAutoConfiguration#webEndpointDiscoverer matched:
      - @ConditionalOnMissingBean (types: org.springframework.boot.actuate.endpoint.web.WebEndpointsSupplier; SearchStrategy: all) did not find any beans (OnBeanCondition)

   WebEndpointAutoConfiguration.WebEndpointServletConfiguration matched:
      - found 'session' scope (OnWebApplicationCondition)

   WebEndpointAutoConfiguration.WebEndpointServletConfiguration#servletEndpointDiscoverer matched:
      - @ConditionalOnMissingBean (types: org.springframework.boot.actuate.endpoint.web.annotation.ServletEndpointsSupplier; SearchStrategy: all) did not find any beans (OnBeanCondition)

   WebMvcAutoConfiguration matched:
      - @ConditionalOnClass found required classes 'jakarta.servlet.Servlet', 'org.springframework.web.servlet.DispatcherServlet', 'org.springframework.web.servlet.config.annotation.WebMvcConfigurer' (OnClassCondition)
      - found 'session' scope (OnWebApplicationCondition)
      - @ConditionalOnMissingBean (types: org.springframework.web.servlet.config.annotation.WebMvcConfigurationSupport; SearchStrategy: all) did not find any beans (OnBeanCondition)

   WebMvcAutoConfiguration#formContentFilter matched:
      - @ConditionalOnProperty (spring.mvc.formcontent.filter.enabled) matched (OnPropertyCondition)
      - @ConditionalOnMissingBean (types: org.springframework.web.filter.FormContentFilter; SearchStrategy: all) did not find any beans (OnBeanCondition)

   WebMvcAutoConfiguration.EnableWebMvcConfiguration#flashMapManager matched:
      - @ConditionalOnMissingBean (names: flashMapManager; SearchStrategy: all) did not find any beans (OnBeanCondition)

   WebMvcAutoConfiguration.EnableWebMvcConfiguration#localeResolver matched:
      - @ConditionalOnMissingBean (names: localeResolver; SearchStrategy: all) did not find any beans (OnBeanCondition)

   WebMvcAutoConfiguration.EnableWebMvcConfiguration#themeResolver matched:
      - @ConditionalOnMissingBean (names: themeResolver; SearchStrategy: all) did not find any beans (OnBeanCondition)

   WebMvcAutoConfiguration.WebMvcAutoConfigurationAdapter#defaultViewResolver matched:
      - @ConditionalOnMissingBean (types: org.springframework.web.servlet.view.InternalResourceViewResolver; SearchStrategy: all) did not find any beans (OnBeanCondition)

   WebMvcAutoConfiguration.WebMvcAutoConfigurationAdapter#requestContextFilter matched:
      - @ConditionalOnMissingBean (types: org.springframework.web.context.request.RequestContextListener,org.springframework.web.filter.RequestContextFilter; SearchStrategy: all) did not find any beans (OnBeanCondition)

   WebMvcAutoConfiguration.WebMvcAutoConfigurationAdapter#viewResolver matched:
      - @ConditionalOnBean (types: org.springframework.web.servlet.ViewResolver; SearchStrategy: all) found beans 'defaultViewResolver', 'mvcViewResolver'; @ConditionalOnMissingBean (names: viewResolver types: org.springframework.web.servlet.view.ContentNegotiatingViewResolver; SearchStrategy: all) did not find any beans (OnBeanCondition)

   WebMvcEndpointManagementContextConfiguration matched:
      - @ConditionalOnClass found required class 'org.springframework.web.servlet.DispatcherServlet' (OnClassCondition)
      - found 'session' scope (OnWebApplicationCondition)
      - @ConditionalOnBean (types: org.springframework.web.servlet.DispatcherServlet,org.springframework.boot.actuate.endpoint.web.WebEndpointsSupplier; SearchStrategy: all) found beans 'webEndpointDiscoverer', 'dispatcherServlet' (OnBeanCondition)

   WebMvcEndpointManagementContextConfiguration#controllerEndpointHandlerMapping matched:
      - @ConditionalOnMissingBean (types: org.springframework.boot.actuate.endpoint.web.servlet.ControllerEndpointHandlerMapping; SearchStrategy: all) did not find any beans (OnBeanCondition)

   WebMvcEndpointManagementContextConfiguration#endpointObjectMapperWebMvcConfigurer matched:
      - @ConditionalOnBean (types: org.springframework.boot.actuate.endpoint.jackson.EndpointObjectMapper; SearchStrategy: all) found bean 'endpointObjectMapper' (OnBeanCondition)

   WebMvcEndpointManagementContextConfiguration#webEndpointServletHandlerMapping matched:
      - @ConditionalOnMissingBean (types: org.springframework.boot.actuate.endpoint.web.servlet.WebMvcEndpointHandlerMapping; SearchStrategy: all) did not find any beans (OnBeanCondition)

   WebMvcObservationAutoConfiguration matched:
      - @ConditionalOnClass found required classes 'org.springframework.web.servlet.DispatcherServlet', 'io.micrometer.observation.Observation' (OnClassCondition)
      - found 'session' scope (OnWebApplicationCondition)
      - @ConditionalOnBean (types: io.micrometer.observation.ObservationRegistry; SearchStrategy: all) found bean 'observationRegistry' (OnBeanCondition)

   WebMvcObservationAutoConfiguration#webMvcObservationFilter matched:
      - @ConditionalOnMissingBean (types: org.springframework.web.filter.ServerHttpObservationFilter; SearchStrategy: all) did not find any beans (OnBeanCondition)

   WebMvcObservationAutoConfiguration.MeterFilterConfiguration matched:
      - @ConditionalOnClass found required class 'io.micrometer.core.instrument.MeterRegistry' (OnClassCondition)
      - @ConditionalOnBean (types: io.micrometer.core.instrument.MeterRegistry; SearchStrategy: all) found bean 'simpleMeterRegistry' (OnBeanCondition)

   WebSocketMessagingAutoConfiguration matched:
      - @ConditionalOnClass found required class 'org.springframework.web.socket.config.annotation.WebSocketMessageBrokerConfigurer' (OnClassCondition)
      - found 'session' scope (OnWebApplicationCondition)

   WebSocketServletAutoConfiguration matched:
      - @ConditionalOnClass found required classes 'jakarta.servlet.Servlet', 'jakarta.websocket.server.ServerContainer' (OnClassCondition)
      - found 'session' scope (OnWebApplicationCondition)

   WebSocketServletAutoConfiguration.TomcatWebSocketConfiguration matched:
      - @ConditionalOnClass found required classes 'org.apache.catalina.startup.Tomcat', 'org.apache.tomcat.websocket.server.WsSci' (OnClassCondition)

   WebSocketServletAutoConfiguration.TomcatWebSocketConfiguration#websocketServletWebServerCustomizer matched:
      - @ConditionalOnMissingBean (names: websocketServletWebServerCustomizer; SearchStrategy: all) did not find any beans (OnBeanCondition)


Negative matches:
-----------------

   AopAutoConfiguration.AspectJAutoProxyingConfiguration.JdkDynamicAutoProxyConfiguration:
      Did not match:
         - @ConditionalOnProperty (spring.aop.proxy-target-class=false) did not find property 'proxy-target-class' (OnPropertyCondition)

   AopAutoConfiguration.ClassProxyingConfiguration:
      Did not match:
         - @ConditionalOnMissingClass found unwanted class 'org.aspectj.weaver.Advice' (OnClassCondition)

   AppOpticsMetricsExportAutoConfiguration:
      Did not match:
         - @ConditionalOnClass did not find required class 'io.micrometer.appoptics.AppOpticsMeterRegistry' (OnClassCondition)

   ArtemisAutoConfiguration:
      Did not match:
         - @ConditionalOnClass did not find required class 'jakarta.jms.ConnectionFactory' (OnClassCondition)

   AtlasMetricsExportAutoConfiguration:
      Did not match:
         - @ConditionalOnClass did not find required class 'io.micrometer.atlas.AtlasMeterRegistry' (OnClassCondition)

   AuditAutoConfiguration:
      Did not match:
         - @ConditionalOnBean (types: org.springframework.boot.actuate.audit.AuditEventRepository; SearchStrategy: all) did not find any beans of type org.springframework.boot.actuate.audit.AuditEventRepository (OnBeanCondition)
      Matched:
         - @ConditionalOnProperty (management.auditevents.enabled) matched (OnPropertyCondition)

   AuditEventsEndpointAutoConfiguration#auditEventsEndpoint:
      Did not match:
         - @ConditionalOnBean (types: org.springframework.boot.actuate.audit.AuditEventRepository; SearchStrategy: all) did not find any beans of type org.springframework.boot.actuate.audit.AuditEventRepository (OnBeanCondition)

   AvailabilityHealthContributorAutoConfiguration#livenessStateHealthIndicator:
      Did not match:
         - @ConditionalOnProperty (management.health.livenessstate.enabled=true) did not find property 'enabled' (OnPropertyCondition)

   AvailabilityHealthContributorAutoConfiguration#readinessStateHealthIndicator:
      Did not match:
         - @ConditionalOnProperty (management.health.readinessstate.enabled=true) did not find property 'enabled' (OnPropertyCondition)

   AvailabilityProbesAutoConfiguration:
      Did not match:
         - Probes availability not running on a supported cloud platform (AvailabilityProbesAutoConfiguration.ProbesCondition)

   BatchAutoConfiguration:
      Did not match:
         - @ConditionalOnClass did not find required class 'org.springframework.batch.core.launch.JobLauncher' (OnClassCondition)

   BatchObservationAutoConfiguration:
      Did not match:
         - @ConditionalOnClass did not find required class 'org.springframework.batch.core.configuration.annotation.BatchObservabilityBeanPostProcessor' (OnClassCondition)

   BraveAutoConfiguration:
      Did not match:
         - @ConditionalOnClass did not find required class 'brave.Tracer' (OnClassCondition)

   Cache2kCacheConfiguration:
      Did not match:
         - @ConditionalOnClass did not find required class 'org.cache2k.Cache2kBuilder' (OnClassCondition)

   CacheAutoConfiguration:
      Did not match:
         - @ConditionalOnBean (types: org.springframework.cache.interceptor.CacheAspectSupport; SearchStrategy: all) did not find any beans of type org.springframework.cache.interceptor.CacheAspectSupport (OnBeanCondition)
      Matched:
         - @ConditionalOnClass found required class 'org.springframework.cache.CacheManager' (OnClassCondition)

   CacheAutoConfiguration.CacheManagerEntityManagerFactoryDependsOnPostProcessor:
      Did not match:
         - Ancestor org.springframework.boot.autoconfigure.cache.CacheAutoConfiguration did not match (ConditionEvaluationReport.AncestorsMatchedCondition)
      Matched:
         - @ConditionalOnClass found required class 'org.springframework.orm.jpa.LocalContainerEntityManagerFactoryBean' (OnClassCondition)

   CacheMeterBinderProvidersConfiguration.Cache2kCacheMeterBinderProviderConfiguration:
      Did not match:
         - @ConditionalOnClass did not find required classes 'org.cache2k.Cache2kBuilder', 'org.cache2k.extra.spring.SpringCache2kCache', 'org.cache2k.extra.micrometer.Cache2kCacheMetrics' (OnClassCondition)

   CacheMeterBinderProvidersConfiguration.HazelcastCacheMeterBinderProviderConfiguration:
      Did not match:
         - @ConditionalOnClass did not find required classes 'com.hazelcast.spring.cache.HazelcastCache', 'com.hazelcast.core.Hazelcast' (OnClassCondition)

   CacheMeterBinderProvidersConfiguration.JCacheCacheMeterBinderProviderConfiguration:
      Did not match:
         - @ConditionalOnClass did not find required class 'javax.cache.CacheManager' (OnClassCondition)

   CacheMeterBinderProvidersConfiguration.RedisCacheMeterBinderProviderConfiguration:
      Did not match:
         - @ConditionalOnClass did not find required class 'org.springframework.data.redis.cache.RedisCache' (OnClassCondition)

   CacheMetricsAutoConfiguration:
      Did not match:
         - @ConditionalOnBean (types: org.springframework.cache.CacheManager; SearchStrategy: all) did not find any beans of type org.springframework.cache.CacheManager (OnBeanCondition)

   CachesEndpointAutoConfiguration#cachesEndpointWebExtension:
      Did not match:
         - @ConditionalOnAvailableEndpoint no 'management.endpoints' property marked it as exposed (OnAvailableEndpointCondition)
      Matched:
         - @ConditionalOnBean (types: org.springframework.boot.actuate.cache.CachesEndpoint; SearchStrategy: all) found bean 'cachesEndpoint'; @ConditionalOnMissingBean (types: org.springframework.boot.actuate.cache.CachesEndpointWebExtension; SearchStrategy: all) did not find any beans (OnBeanCondition)

   CassandraAutoConfiguration:
      Did not match:
         - @ConditionalOnClass did not find required class 'com.datastax.oss.driver.api.core.CqlSession' (OnClassCondition)

   CassandraDataAutoConfiguration:
      Did not match:
         - @ConditionalOnClass did not find required class 'com.datastax.oss.driver.api.core.CqlSession' (OnClassCondition)

   CassandraHealthContributorAutoConfiguration:
      Did not match:
         - @ConditionalOnClass did not find required class 'com.datastax.oss.driver.api.core.CqlSession' (OnClassCondition)

   CassandraReactiveDataAutoConfiguration:
      Did not match:
         - @ConditionalOnClass did not find required class 'com.datastax.oss.driver.api.core.CqlSession' (OnClassCondition)

   CassandraReactiveHealthContributorAutoConfiguration:
      Did not match:
         - @ConditionalOnClass did not find required class 'com.datastax.oss.driver.api.core.CqlSession' (OnClassCondition)

   CassandraReactiveRepositoriesAutoConfiguration:
      Did not match:
         - @ConditionalOnClass did not find required class 'org.springframework.data.cassandra.ReactiveSession' (OnClassCondition)

   CassandraRepositoriesAutoConfiguration:
      Did not match:
         - @ConditionalOnClass did not find required class 'com.datastax.oss.driver.api.core.CqlSession' (OnClassCondition)

   ClientHttpConnectorAutoConfiguration:
      Did not match:
         - @ConditionalOnClass did not find required class 'org.springframework.web.reactive.function.client.WebClient' (OnClassCondition)

   CloudFoundryActuatorAutoConfiguration:
      Did not match:
         - @ConditionalOnCloudPlatform did not find CLOUD_FOUNDRY (OnCloudPlatformCondition)
      Matched:
         - @ConditionalOnClass found required class 'org.springframework.web.servlet.DispatcherServlet' (OnClassCondition)
         - found 'session' scope (OnWebApplicationCondition)
         - @ConditionalOnProperty (management.cloudfoundry.enabled) matched (OnPropertyCondition)

   CodecsAutoConfiguration:
      Did not match:
         - @ConditionalOnClass did not find required class 'org.springframework.web.reactive.function.client.WebClient' (OnClassCondition)

   CompositeMeterRegistryConfiguration:
      Did not match:
         - NoneNestedConditions 1 matched 1 did not; NestedCondition on CompositeMeterRegistryConfiguration.MultipleNonPrimaryMeterRegistriesCondition.SingleInjectableMeterRegistry @ConditionalOnSingleCandidate (types: io.micrometer.core.instrument.MeterRegistry; SearchStrategy: all) found a single bean 'simpleMeterRegistry'; NestedCondition on CompositeMeterRegistryConfiguration.MultipleNonPrimaryMeterRegistriesCondition.NoMeterRegistryCondition @ConditionalOnMissingBean (types: io.micrometer.core.instrument.MeterRegistry; SearchStrategy: all) found beans of type 'io.micrometer.core.instrument.MeterRegistry' simpleMeterRegistry (CompositeMeterRegistryConfiguration.MultipleNonPrimaryMeterRegistriesCondition)

   ConfigurationPropertiesReportEndpointAutoConfiguration#configurationPropertiesReportEndpointWebExtension:
      Did not match:
         - @ConditionalOnAvailableEndpoint no 'management.endpoints' property marked it as exposed (OnAvailableEndpointCondition)
      Matched:
         - @ConditionalOnBean (types: org.springframework.boot.actuate.context.properties.ConfigurationPropertiesReportEndpoint; SearchStrategy: all) found bean 'configurationPropertiesReportEndpoint'; @ConditionalOnMissingBean (types: org.springframework.boot.actuate.context.properties.ConfigurationPropertiesReportEndpointWebExtension; SearchStrategy: all) did not find any beans (OnBeanCondition)

   ConnectionFactoryHealthContributorAutoConfiguration:
      Did not match:
         - @ConditionalOnClass did not find required class 'io.r2dbc.spi.ConnectionFactory' (OnClassCondition)

   ConnectionPoolMetricsAutoConfiguration:
      Did not match:
         - @ConditionalOnClass did not find required class 'io.r2dbc.pool.ConnectionPool' (OnClassCondition)

   CouchbaseAutoConfiguration:
      Did not match:
         - @ConditionalOnClass did not find required class 'com.couchbase.client.java.Cluster' (OnClassCondition)

   CouchbaseCacheConfiguration:
      Did not match:
         - @ConditionalOnClass did not find required class 'com.couchbase.client.java.Cluster' (OnClassCondition)

   CouchbaseDataAutoConfiguration:
      Did not match:
         - @ConditionalOnClass did not find required class 'com.couchbase.client.java.Bucket' (OnClassCondition)

   CouchbaseHealthContributorAutoConfiguration:
      Did not match:
         - @ConditionalOnClass did not find required class 'com.couchbase.client.java.Cluster' (OnClassCondition)

   CouchbaseReactiveDataAutoConfiguration:
      Did not match:
         - @ConditionalOnClass did not find required class 'com.couchbase.client.java.Cluster' (OnClassCondition)

   CouchbaseReactiveHealthContributorAutoConfiguration:
      Did not match:
         - @ConditionalOnClass did not find required class 'com.couchbase.client.java.Cluster' (OnClassCondition)

   CouchbaseReactiveRepositoriesAutoConfiguration:
      Did not match:
         - @ConditionalOnClass did not find required class 'com.couchbase.client.java.Cluster' (OnClassCondition)

   CouchbaseRepositoriesAutoConfiguration:
      Did not match:
         - @ConditionalOnClass did not find required class 'com.couchbase.client.java.Bucket' (OnClassCondition)

   DataSourceAutoConfiguration.EmbeddedDatabaseConfiguration:
      Did not match:
         - EmbeddedDataSource spring.datasource.url is set (DataSourceAutoConfiguration.EmbeddedDatabaseCondition)

   DataSourceConfiguration.Dbcp2:
      Did not match:
         - @ConditionalOnClass did not find required class 'org.apache.commons.dbcp2.BasicDataSource' (OnClassCondition)

   DataSourceConfiguration.Generic:
      Did not match:
         - @ConditionalOnProperty (spring.datasource.type) did not find property 'spring.datasource.type' (OnPropertyCondition)

   DataSourceConfiguration.OracleUcp:
      Did not match:
         - @ConditionalOnClass did not find required classes 'oracle.ucp.jdbc.PoolDataSourceImpl', 'oracle.jdbc.OracleConnection' (OnClassCondition)

   DataSourceConfiguration.Tomcat:
      Did not match:
         - @ConditionalOnClass did not find required class 'org.apache.tomcat.jdbc.pool.DataSource' (OnClassCondition)

   DataSourceJmxConfiguration.TomcatDataSourceJmxConfiguration:
      Did not match:
         - @ConditionalOnClass did not find required class 'org.apache.tomcat.jdbc.pool.DataSourceProxy' (OnClassCondition)

   DataSourcePoolMetadataProvidersConfiguration.CommonsDbcp2PoolDataSourceMetadataProviderConfiguration:
      Did not match:
         - @ConditionalOnClass did not find required class 'org.apache.commons.dbcp2.BasicDataSource' (OnClassCondition)

   DataSourcePoolMetadataProvidersConfiguration.OracleUcpPoolDataSourceMetadataProviderConfiguration:
      Did not match:
         - @ConditionalOnClass did not find required classes 'oracle.ucp.jdbc.PoolDataSource', 'oracle.jdbc.OracleConnection' (OnClassCondition)

   DataSourcePoolMetadataProvidersConfiguration.TomcatDataSourcePoolMetadataProviderConfiguration:
      Did not match:
         - @ConditionalOnClass did not find required class 'org.apache.tomcat.jdbc.pool.DataSource' (OnClassCondition)

   DataSourceTransactionManagerAutoConfiguration.JdbcTransactionManagerConfiguration#transactionManager:
      Did not match:
         - @ConditionalOnMissingBean (types: org.springframework.transaction.TransactionManager; SearchStrategy: all) found beans of type 'org.springframework.transaction.TransactionManager' transactionManager (OnBeanCondition)

   DatadogMetricsExportAutoConfiguration:
      Did not match:
         - @ConditionalOnClass did not find required class 'io.micrometer.datadog.DatadogMeterRegistry' (OnClassCondition)

   DevToolsR2dbcAutoConfiguration:
      Did not match:
         - @ConditionalOnClass did not find required class 'io.r2dbc.spi.ConnectionFactory' (OnClassCondition)

   DispatcherServletAutoConfiguration.DispatcherServletConfiguration#multipartResolver:
      Did not match:
         - @ConditionalOnBean (types: org.springframework.web.multipart.MultipartResolver; SearchStrategy: all) did not find any beans of type org.springframework.web.multipart.MultipartResolver (OnBeanCondition)

   DynatraceMetricsExportAutoConfiguration:
      Did not match:
         - @ConditionalOnClass did not find required class 'io.micrometer.dynatrace.DynatraceMeterRegistry' (OnClassCondition)

   ElasticMetricsExportAutoConfiguration:
      Did not match:
         - @ConditionalOnClass did not find required class 'io.micrometer.elastic.ElasticMeterRegistry' (OnClassCondition)

   ElasticsearchClientAutoConfiguration:
      Did not match:
         - @ConditionalOnClass did not find required class 'co.elastic.clients.elasticsearch.ElasticsearchClient' (OnClassCondition)

   ElasticsearchDataAutoConfiguration:
      Did not match:
         - @ConditionalOnClass did not find required class 'org.springframework.data.elasticsearch.client.elc.ElasticsearchTemplate' (OnClassCondition)

   ElasticsearchReactiveHealthContributorAutoConfiguration:
      Did not match:
         - @ConditionalOnClass did not find required class 'reactor.core.publisher.Flux' (OnClassCondition)

   ElasticsearchRepositoriesAutoConfiguration:
      Did not match:
         - @ConditionalOnClass did not find required class 'org.springframework.data.elasticsearch.repository.ElasticsearchRepository' (OnClassCondition)

   ElasticsearchRestClientAutoConfiguration:
      Did not match:
         - @ConditionalOnClass did not find required class 'org.elasticsearch.client.RestClientBuilder' (OnClassCondition)

   ElasticsearchRestHealthContributorAutoConfiguration:
      Did not match:
         - @ConditionalOnClass did not find required class 'org.elasticsearch.client.RestClient' (OnClassCondition)

   EmbeddedLdapAutoConfiguration:
      Did not match:
         - @ConditionalOnClass did not find required class 'com.unboundid.ldap.listener.InMemoryDirectoryServer' (OnClassCondition)

   EmbeddedWebServerFactoryCustomizerAutoConfiguration.JettyWebServerFactoryCustomizerConfiguration:
      Did not match:
         - @ConditionalOnClass did not find required classes 'org.eclipse.jetty.server.Server', 'org.eclipse.jetty.util.Loader', 'org.eclipse.jetty.webapp.WebAppContext' (OnClassCondition)

   EmbeddedWebServerFactoryCustomizerAutoConfiguration.NettyWebServerFactoryCustomizerConfiguration:
      Did not match:
         - @ConditionalOnClass did not find required class 'reactor.netty.http.server.HttpServer' (OnClassCondition)

   EmbeddedWebServerFactoryCustomizerAutoConfiguration.UndertowWebServerFactoryCustomizerConfiguration:
      Did not match:
         - @ConditionalOnClass did not find required classes 'io.undertow.Undertow', 'org.xnio.SslClientAuthMode' (OnClassCondition)

   EnvironmentEndpointAutoConfiguration#environmentEndpointWebExtension:
      Did not match:
         - @ConditionalOnAvailableEndpoint no 'management.endpoints' property marked it as exposed (OnAvailableEndpointCondition)
      Matched:
         - @ConditionalOnBean (types: org.springframework.boot.actuate.env.EnvironmentEndpoint; SearchStrategy: all) found bean 'environmentEndpoint'; @ConditionalOnMissingBean (types: org.springframework.boot.actuate.env.EnvironmentEndpointWebExtension; SearchStrategy: all) did not find any beans (OnBeanCondition)

   ErrorMvcAutoConfiguration.WhitelabelErrorViewConfiguration:
      Did not match:
         - @ConditionalOnProperty (server.error.whitelabel.enabled) found different value in property 'enabled' (OnPropertyCondition)

   ErrorWebFluxAutoConfiguration:
      Did not match:
         - @ConditionalOnClass did not find required class 'org.springframework.web.reactive.config.WebFluxConfigurer' (OnClassCondition)

   FlywayAutoConfiguration:
      Did not match:
         - @ConditionalOnClass did not find required class 'org.flywaydb.core.Flyway' (OnClassCondition)

   FlywayEndpointAutoConfiguration:
      Did not match:
         - @ConditionalOnClass did not find required class 'org.flywaydb.core.Flyway' (OnClassCondition)

   FreeMarkerAutoConfiguration:
      Did not match:
         - @ConditionalOnClass did not find required class 'freemarker.template.Configuration' (OnClassCondition)

   GangliaMetricsExportAutoConfiguration:
      Did not match:
         - @ConditionalOnClass did not find required class 'io.micrometer.ganglia.GangliaMeterRegistry' (OnClassCondition)

   GraphQlAutoConfiguration:
      Did not match:
         - @ConditionalOnClass did not find required class 'graphql.GraphQL' (OnClassCondition)

   GraphQlObservationAutoConfiguration:
      Did not match:
         - @ConditionalOnClass did not find required class 'graphql.GraphQL' (OnClassCondition)

   GraphQlQueryByExampleAutoConfiguration:
      Did not match:
         - @ConditionalOnClass did not find required class 'graphql.GraphQL' (OnClassCondition)

   GraphQlQuerydslAutoConfiguration:
      Did not match:
         - @ConditionalOnClass did not find required class 'graphql.GraphQL' (OnClassCondition)

   GraphQlRSocketAutoConfiguration:
      Did not match:
         - @ConditionalOnClass did not find required class 'graphql.GraphQL' (OnClassCondition)

   GraphQlReactiveQueryByExampleAutoConfiguration:
      Did not match:
         - @ConditionalOnClass did not find required class 'graphql.GraphQL' (OnClassCondition)

   GraphQlReactiveQuerydslAutoConfiguration:
      Did not match:
         - @ConditionalOnClass did not find required class 'graphql.GraphQL' (OnClassCondition)

   GraphQlWebFluxAutoConfiguration:
      Did not match:
         - @ConditionalOnClass did not find required class 'graphql.GraphQL' (OnClassCondition)

   GraphQlWebFluxSecurityAutoConfiguration:
      Did not match:
         - @ConditionalOnClass did not find required class 'graphql.GraphQL' (OnClassCondition)

   GraphQlWebMvcAutoConfiguration:
      Did not match:
         - @ConditionalOnClass did not find required class 'graphql.GraphQL' (OnClassCondition)

   GraphQlWebMvcSecurityAutoConfiguration:
      Did not match:
         - @ConditionalOnClass did not find required class 'graphql.GraphQL' (OnClassCondition)

   GraphiteMetricsExportAutoConfiguration:
      Did not match:
         - @ConditionalOnClass did not find required class 'io.micrometer.graphite.GraphiteMeterRegistry' (OnClassCondition)

   GroovyTemplateAutoConfiguration:
      Did not match:
         - @ConditionalOnClass did not find required class 'groovy.text.markup.MarkupTemplateEngine' (OnClassCondition)

   GsonAutoConfiguration:
      Did not match:
         - @ConditionalOnClass did not find required class 'com.google.gson.Gson' (OnClassCondition)

   GsonHttpMessageConvertersConfiguration:
      Did not match:
         - @ConditionalOnClass did not find required class 'com.google.gson.Gson' (OnClassCondition)

   H2ConsoleAutoConfiguration:
      Did not match:
         - @ConditionalOnClass did not find required class 'org.h2.server.web.JakartaWebServlet' (OnClassCondition)

   HazelcastAutoConfiguration:
      Did not match:
         - @ConditionalOnClass did not find required class 'com.hazelcast.core.HazelcastInstance' (OnClassCondition)

   HazelcastCacheConfiguration:
      Did not match:
         - @ConditionalOnClass did not find required class 'com.hazelcast.core.HazelcastInstance' (OnClassCondition)

   HazelcastHealthContributorAutoConfiguration:
      Did not match:
         - @ConditionalOnClass did not find required class 'com.hazelcast.core.HazelcastInstance' (OnClassCondition)

   HazelcastJpaDependencyAutoConfiguration:
      Did not match:
         - @ConditionalOnClass did not find required class 'com.hazelcast.core.HazelcastInstance' (OnClassCondition)

   HealthEndpointReactiveWebExtensionConfiguration:
      Did not match:
         - did not find reactive web application classes (OnWebApplicationCondition)

   HealthEndpointWebExtensionConfiguration.JerseyAdditionalHealthEndpointPathsConfiguration:
      Did not match:
         - @ConditionalOnClass did not find required class 'org.glassfish.jersey.server.ResourceConfig' (OnClassCondition)

   HibernateMetricsAutoConfiguration:
      Did not match:
         - @ConditionalOnClass did not find required class 'org.hibernate.stat.HibernateMetrics' (OnClassCondition)

   HttpExchangesAutoConfiguration:
      Did not match:
         - @ConditionalOnBean (types: org.springframework.boot.actuate.web.exchanges.HttpExchangeRepository; SearchStrategy: all) did not find any beans of type org.springframework.boot.actuate.web.exchanges.HttpExchangeRepository (OnBeanCondition)
      Matched:
         - @ConditionalOnWebApplication (required) found 'session' scope (OnWebApplicationCondition)
         - @ConditionalOnProperty (management.httpexchanges.recording.enabled) matched (OnPropertyCondition)

   HttpExchangesAutoConfiguration.ReactiveHttpExchangesConfiguration:
      Did not match:
         - did not find reactive web application classes (OnWebApplicationCondition)
         - Ancestor org.springframework.boot.actuate.autoconfigure.web.exchanges.HttpExchangesAutoConfiguration did not match (ConditionEvaluationReport.AncestorsMatchedCondition)

   HttpExchangesAutoConfiguration.ServletHttpExchangesConfiguration:
      Did not match:
         - Ancestor org.springframework.boot.actuate.autoconfigure.web.exchanges.HttpExchangesAutoConfiguration did not match (ConditionEvaluationReport.AncestorsMatchedCondition)
      Matched:
         - found 'session' scope (OnWebApplicationCondition)

   HttpExchangesEndpointAutoConfiguration#httpExchangesEndpoint:
      Did not match:
         - @ConditionalOnBean (types: org.springframework.boot.actuate.web.exchanges.HttpExchangeRepository; SearchStrategy: all) did not find any beans of type org.springframework.boot.actuate.web.exchanges.HttpExchangeRepository (OnBeanCondition)

   HttpHandlerAutoConfiguration:
      Did not match:
         - @ConditionalOnClass did not find required class 'org.springframework.web.reactive.DispatcherHandler' (OnClassCondition)

   HumioMetricsExportAutoConfiguration:
      Did not match:
         - @ConditionalOnClass did not find required class 'io.micrometer.humio.HumioMeterRegistry' (OnClassCondition)

   HypermediaAutoConfiguration.HypermediaConfiguration:
      Did not match:
         - @ConditionalOnMissingBean (types: org.springframework.hateoas.client.LinkDiscoverers; SearchStrategy: all) found beans of type 'org.springframework.hateoas.client.LinkDiscoverers' linkDiscoverers (OnBeanCondition)
      Matched:
         - @ConditionalOnClass found required class 'com.fasterxml.jackson.databind.ObjectMapper' (OnClassCondition)

   InfinispanCacheConfiguration:
      Did not match:
         - @ConditionalOnClass did not find required class 'org.infinispan.spring.embedded.provider.SpringEmbeddedCacheManager' (OnClassCondition)

   InfluxDbAutoConfiguration:
      Did not match:
         - @ConditionalOnClass did not find required class 'org.influxdb.InfluxDB' (OnClassCondition)

   InfluxDbHealthContributorAutoConfiguration:
      Did not match:
         - @ConditionalOnClass did not find required class 'org.influxdb.InfluxDB' (OnClassCondition)

   InfluxMetricsExportAutoConfiguration:
      Did not match:
         - @ConditionalOnClass did not find required class 'io.micrometer.influx.InfluxMeterRegistry' (OnClassCondition)

   InfoContributorAutoConfiguration#buildInfoContributor:
      Did not match:
         - @ConditionalOnSingleCandidate (types: org.springframework.boot.info.BuildProperties; SearchStrategy: all) did not find any beans (OnBeanCondition)
      Matched:
         - @ConditionalOnEnabledInfoContributor management.info.defaults.enabled is considered true (OnEnabledInfoContributorCondition)

   InfoContributorAutoConfiguration#envInfoContributor:
      Did not match:
         - @ConditionalOnEnabledInfoContributor management.info.env.enabled is not true (OnEnabledInfoContributorCondition)

   InfoContributorAutoConfiguration#gitInfoContributor:
      Did not match:
         - @ConditionalOnSingleCandidate (types: org.springframework.boot.info.GitProperties; SearchStrategy: all) did not find any beans (OnBeanCondition)
      Matched:
         - @ConditionalOnEnabledInfoContributor management.info.defaults.enabled is considered true (OnEnabledInfoContributorCondition)

   InfoContributorAutoConfiguration#javaInfoContributor:
      Did not match:
         - @ConditionalOnEnabledInfoContributor management.info.java.enabled is not true (OnEnabledInfoContributorCondition)

   InfoContributorAutoConfiguration#osInfoContributor:
      Did not match:
         - @ConditionalOnEnabledInfoContributor management.info.os.enabled is not true (OnEnabledInfoContributorCondition)

   IntegrationAutoConfiguration:
      Did not match:
         - @ConditionalOnClass did not find required class 'org.springframework.integration.config.EnableIntegration' (OnClassCondition)

   IntegrationGraphEndpointAutoConfiguration:
      Did not match:
         - @ConditionalOnClass did not find required class 'org.springframework.integration.graph.IntegrationGraphServer' (OnClassCondition)

   JCacheCacheConfiguration:
      Did not match:
         - @ConditionalOnClass did not find required class 'javax.cache.Caching' (OnClassCondition)

   JacksonHttpMessageConvertersConfiguration.MappingJackson2XmlHttpMessageConverterConfiguration:
      Did not match:
         - @ConditionalOnClass did not find required class 'com.fasterxml.jackson.dataformat.xml.XmlMapper' (OnClassCondition)

   JdbcRepositoriesAutoConfiguration:
      Did not match:
         - @ConditionalOnClass did not find required class 'org.springframework.data.jdbc.repository.config.AbstractJdbcConfiguration' (OnClassCondition)

   JerseyAutoConfiguration:
      Did not match:
         - @ConditionalOnClass did not find required class 'org.glassfish.jersey.server.spring.SpringComponentProvider' (OnClassCondition)

   JerseySameManagementContextConfiguration:
      Did not match:
         - @ConditionalOnClass did not find required class 'org.glassfish.jersey.server.ResourceConfig' (OnClassCondition)

   JerseyServerMetricsAutoConfiguration:
      Did not match:
         - @ConditionalOnClass did not find required class 'io.micrometer.core.instrument.binder.jersey.server.MetricsApplicationEventListener' (OnClassCondition)

   JerseyWebEndpointManagementContextConfiguration:
      Did not match:
         - @ConditionalOnClass did not find required class 'org.glassfish.jersey.server.ResourceConfig' (OnClassCondition)

   JettyMetricsAutoConfiguration:
      Did not match:
         - @ConditionalOnClass did not find required class 'org.eclipse.jetty.server.Server' (OnClassCondition)

   JmsAutoConfiguration:
      Did not match:
         - @ConditionalOnClass did not find required class 'jakarta.jms.Message' (OnClassCondition)

   JmsHealthContributorAutoConfiguration:
      Did not match:
         - @ConditionalOnClass did not find required class 'jakarta.jms.ConnectionFactory' (OnClassCondition)

   JmxMetricsExportAutoConfiguration:
      Did not match:
         - @ConditionalOnClass did not find required class 'io.micrometer.jmx.JmxMeterRegistry' (OnClassCondition)

   JndiConnectionFactoryAutoConfiguration:
      Did not match:
         - @ConditionalOnClass did not find required class 'org.springframework.jms.core.JmsTemplate' (OnClassCondition)

   JndiDataSourceAutoConfiguration:
      Did not match:
         - @ConditionalOnProperty (spring.datasource.jndi-name) did not find property 'jndi-name' (OnPropertyCondition)
      Matched:
         - @ConditionalOnClass found required classes 'javax.sql.DataSource', 'org.springframework.jdbc.datasource.embedded.EmbeddedDatabaseType' (OnClassCondition)

   JndiJtaConfiguration:
      Did not match:
         - @ConditionalOnJndi JNDI environment is not available (OnJndiCondition)
      Matched:
         - @ConditionalOnClass found required class 'org.springframework.transaction.jta.JtaTransactionManager' (OnClassCondition)

   JooqAutoConfiguration:
      Did not match:
         - @ConditionalOnClass did not find required class 'org.jooq.DSLContext' (OnClassCondition)

   JpaRepositoriesAutoConfiguration:
      Did not match:
         - @ConditionalOnMissingBean (types: org.springframework.data.jpa.repository.support.JpaRepositoryFactoryBean,org.springframework.data.jpa.repository.config.JpaRepositoryConfigExtension; SearchStrategy: all) found beans of type 'org.springframework.data.jpa.repository.support.JpaRepositoryFactoryBean' &plantillaContratoRepository, &ciudadanoRepository, &planRepository, &documentoRepository, &equipoRepository, &organismoOcupacionRepository, &categoriaRepository, &presentacionRepository, &notasRepository, &organismoRepository, &salarioDetalleRepository, &vacacionesRepository, &roleRepository, &tipoDocumentoRepository, &estadoCiudadanoRepository, &planConfigRepository, &destinoRepository, &ocupacionRepository, &contratoRepository, &refreshTokenRepository, &documentoPlanRepository, &userRepository, &tipoDocumentoPlanRepository, &salarioRepository and found beans of type 'org.springframework.data.jpa.repository.config.JpaRepositoryConfigExtension' org.springframework.data.jpa.repository.config.JpaRepositoryConfigExtension#0 (OnBeanCondition)
      Matched:
         - @ConditionalOnClass found required class 'org.springframework.data.jpa.repository.JpaRepository' (OnClassCondition)
         - @ConditionalOnProperty (spring.data.jpa.repositories.enabled=true) matched (OnPropertyCondition)

   JsonbAutoConfiguration:
      Did not match:
         - @ConditionalOnClass did not find required class 'jakarta.json.bind.Jsonb' (OnClassCondition)

   JsonbHttpMessageConvertersConfiguration:
      Did not match:
         - @ConditionalOnClass did not find required class 'jakarta.json.bind.Jsonb' (OnClassCondition)

   KafkaAutoConfiguration:
      Did not match:
         - @ConditionalOnClass did not find required class 'org.springframework.kafka.core.KafkaTemplate' (OnClassCondition)

   KafkaMetricsAutoConfiguration:
      Did not match:
         - @ConditionalOnClass did not find required class 'org.springframework.kafka.core.ProducerFactory' (OnClassCondition)

   KairosMetricsExportAutoConfiguration:
      Did not match:
         - @ConditionalOnClass did not find required class 'io.micrometer.kairos.KairosMeterRegistry' (OnClassCondition)

   LdapAutoConfiguration:
      Did not match:
         - @ConditionalOnClass did not find required class 'org.springframework.ldap.core.ContextSource' (OnClassCondition)

   LdapHealthContributorAutoConfiguration:
      Did not match:
         - @ConditionalOnClass did not find required class 'org.springframework.ldap.core.LdapOperations' (OnClassCondition)

   LdapRepositoriesAutoConfiguration:
      Did not match:
         - @ConditionalOnClass did not find required class 'org.springframework.data.ldap.repository.LdapRepository' (OnClassCondition)

   LettuceMetricsAutoConfiguration:
      Did not match:
         - @ConditionalOnClass did not find required class 'io.lettuce.core.metrics.MicrometerCommandLatencyRecorder' (OnClassCondition)

   LiquibaseAutoConfiguration:
      Did not match:
         - @ConditionalOnClass did not find required class 'liquibase.change.DatabaseChange' (OnClassCondition)

   LiquibaseEndpointAutoConfiguration:
      Did not match:
         - @ConditionalOnClass did not find required class 'liquibase.integration.spring.SpringLiquibase' (OnClassCondition)

   Log4J2MetricsAutoConfiguration:
      Did not match:
         - @ConditionalOnClass did not find required class 'org.apache.logging.log4j.core.LoggerContext' (OnClassCondition)

   MailHealthContributorAutoConfiguration:
      Did not match:
         - @ConditionalOnBean (types: org.springframework.mail.javamail.JavaMailSenderImpl; SearchStrategy: all) did not find any beans of type org.springframework.mail.javamail.JavaMailSenderImpl (OnBeanCondition)
      Matched:
         - @ConditionalOnClass found required class 'org.springframework.mail.javamail.JavaMailSenderImpl' (OnClassCondition)
         - @ConditionalOnEnabledHealthIndicator management.health.defaults.enabled is considered true (OnEnabledHealthIndicatorCondition)

   MailSenderAutoConfiguration:
      Did not match:
         - AnyNestedCondition 0 matched 2 did not; NestedCondition on MailSenderAutoConfiguration.MailSenderCondition.JndiNameProperty @ConditionalOnProperty (spring.mail.jndi-name) did not find property 'jndi-name'; NestedCondition on MailSenderAutoConfiguration.MailSenderCondition.HostProperty @ConditionalOnProperty (spring.mail.host) did not find property 'host' (MailSenderAutoConfiguration.MailSenderCondition)
      Matched:
         - @ConditionalOnClass found required classes 'jakarta.mail.internet.MimeMessage', 'jakarta.activation.MimeType', 'org.springframework.mail.MailSender' (OnClassCondition)

   MailSenderValidatorAutoConfiguration:
      Did not match:
         - @ConditionalOnProperty (spring.mail.test-connection) did not find property 'test-connection' (OnPropertyCondition)

   ManagementContextAutoConfiguration.DifferentManagementContextConfiguration:
      Did not match:
         - Management Port actual port type (SAME) did not match required type (DIFFERENT) (OnManagementPortCondition)

   ManagementWebSecurityAutoConfiguration:
      Did not match:
         - AllNestedConditions 1 matched 1 did not; NestedCondition on DefaultWebSecurityCondition.Beans @ConditionalOnMissingBean (types: org.springframework.security.web.SecurityFilterChain; SearchStrategy: all) found beans of type 'org.springframework.security.web.SecurityFilterChain' securityFilterChain; NestedCondition on DefaultWebSecurityCondition.Classes @ConditionalOnClass found required classes 'org.springframework.security.web.SecurityFilterChain', 'org.springframework.security.config.annotation.web.builders.HttpSecurity' (DefaultWebSecurityCondition)
      Matched:
         - found 'session' scope (OnWebApplicationCondition)

   MappingsEndpointAutoConfiguration.ReactiveWebConfiguration:
      Did not match:
         - @ConditionalOnClass did not find required class 'org.springframework.web.reactive.DispatcherHandler' (OnClassCondition)

   MessageSourceAutoConfiguration:
      Did not match:
         - ResourceBundle did not find bundle with basename messages (MessageSourceAutoConfiguration.ResourceBundleCondition)

   MicrometerTracingAutoConfiguration:
      Did not match:
         - @ConditionalOnClass did not find required class 'io.micrometer.tracing.Tracer' (OnClassCondition)

   MongoAutoConfiguration:
      Did not match:
         - @ConditionalOnClass did not find required class 'com.mongodb.client.MongoClient' (OnClassCondition)

   MongoDataAutoConfiguration:
      Did not match:
         - @ConditionalOnClass did not find required class 'com.mongodb.client.MongoClient' (OnClassCondition)

   MongoHealthContributorAutoConfiguration:
      Did not match:
         - @ConditionalOnClass did not find required class 'org.springframework.data.mongodb.core.MongoTemplate' (OnClassCondition)

   MongoMetricsAutoConfiguration:
      Did not match:
         - @ConditionalOnClass did not find required class 'com.mongodb.MongoClientSettings' (OnClassCondition)

   MongoReactiveAutoConfiguration:
      Did not match:
         - @ConditionalOnClass did not find required class 'com.mongodb.reactivestreams.client.MongoClient' (OnClassCondition)

   MongoReactiveDataAutoConfiguration:
      Did not match:
         - @ConditionalOnClass did not find required class 'com.mongodb.reactivestreams.client.MongoClient' (OnClassCondition)

   MongoReactiveHealthContributorAutoConfiguration:
      Did not match:
         - @ConditionalOnClass did not find required class 'reactor.core.publisher.Flux' (OnClassCondition)

   MongoReactiveRepositoriesAutoConfiguration:
      Did not match:
         - @ConditionalOnClass did not find required class 'com.mongodb.reactivestreams.client.MongoClient' (OnClassCondition)

   MongoRepositoriesAutoConfiguration:
      Did not match:
         - @ConditionalOnClass did not find required class 'com.mongodb.client.MongoClient' (OnClassCondition)

   MultipleOpenApiSupportConfiguration:
      Did not match:
         - AnyNestedCondition 0 matched 2 did not; NestedCondition on MultipleOpenApiSupportCondition.OnActuatorDifferentPort found non-matching nested conditions Management Port actual port type (SAME) did not match required type (DIFFERENT), @ConditionalOnProperty (springdoc.show-actuator) did not find property 'springdoc.show-actuator'; NestedCondition on MultipleOpenApiSupportCondition.OnMultipleOpenApiSupportCondition AnyNestedCondition 0 matched 2 did not; NestedCondition on MultipleOpenApiGroupsCondition.OnGroupConfigProperty @ConditionalOnProperty (springdoc.group-configs[0].group) did not find property 'springdoc.group-configs[0].group'; NestedCondition on MultipleOpenApiGroupsCondition.OnGroupedOpenApiBean @ConditionalOnBean (types: org.springdoc.core.models.GroupedOpenApi; SearchStrategy: all) did not find any beans of type org.springdoc.core.models.GroupedOpenApi (MultipleOpenApiSupportCondition)
      Matched:
         - found 'session' scope (OnWebApplicationCondition)
         - @ConditionalOnProperty (springdoc.api-docs.enabled) matched (OnPropertyCondition)

   MultipleOpenApiSupportConfiguration.SpringDocWebMvcActuatorDifferentConfiguration:
      Did not match:
         - Management Port actual port type (SAME) did not match required type (DIFFERENT) (OnManagementPortCondition)
         - Ancestor org.springdoc.webmvc.core.configuration.MultipleOpenApiSupportConfiguration did not match (ConditionEvaluationReport.AncestorsMatchedCondition)
      Matched:
         - @ConditionalOnClass found required class 'org.springframework.boot.actuate.endpoint.web.servlet.WebMvcEndpointHandlerMapping' (OnClassCondition)

   MustacheAutoConfiguration:
      Did not match:
         - @ConditionalOnClass did not find required class 'com.samskivert.mustache.Mustache' (OnClassCondition)

   Neo4jAutoConfiguration:
      Did not match:
         - @ConditionalOnClass did not find required class 'org.neo4j.driver.Driver' (OnClassCondition)

   Neo4jDataAutoConfiguration:
      Did not match:
         - @ConditionalOnClass did not find required class 'org.neo4j.driver.Driver' (OnClassCondition)

   Neo4jHealthContributorAutoConfiguration:
      Did not match:
         - @ConditionalOnClass did not find required class 'org.neo4j.driver.Driver' (OnClassCondition)

   Neo4jReactiveDataAutoConfiguration:
      Did not match:
         - @ConditionalOnClass did not find required class 'org.neo4j.driver.Driver' (OnClassCondition)

   Neo4jReactiveRepositoriesAutoConfiguration:
      Did not match:
         - @ConditionalOnClass did not find required class 'org.neo4j.driver.Driver' (OnClassCondition)

   Neo4jRepositoriesAutoConfiguration:
      Did not match:
         - @ConditionalOnClass did not find required class 'org.neo4j.driver.Driver' (OnClassCondition)

   NettyAutoConfiguration:
      Did not match:
         - @ConditionalOnClass did not find required class 'io.netty.util.NettyRuntime' (OnClassCondition)

   NewRelicMetricsExportAutoConfiguration:
      Did not match:
         - @ConditionalOnClass did not find required class 'io.micrometer.newrelic.NewRelicMeterRegistry' (OnClassCondition)

   NoOpMeterRegistryConfiguration:
      Did not match:
         - @ConditionalOnMissingBean (types: io.micrometer.core.instrument.MeterRegistry; SearchStrategy: all) found beans of type 'io.micrometer.core.instrument.MeterRegistry' simpleMeterRegistry (OnBeanCondition)

   OAuth2ClientAutoConfiguration:
      Did not match:
         - @ConditionalOnClass did not find required class 'org.springframework.security.oauth2.client.registration.ClientRegistration' (OnClassCondition)

   OAuth2ResourceServerJwtConfiguration.JwtDecoderConfiguration#jwtDecoderByIssuerUri:
      Did not match:
         - OpenID Connect Issuer URI Condition did not find issuer-uri property (IssuerUriCondition)

   OAuth2ResourceServerJwtConfiguration.JwtDecoderConfiguration#jwtDecoderByJwkKeySetUri:
      Did not match:
         - @ConditionalOnProperty (spring.security.oauth2.resourceserver.jwt.jwk-set-uri) did not find property 'spring.security.oauth2.resourceserver.jwt.jwk-set-uri' (OnPropertyCondition)

   OAuth2ResourceServerJwtConfiguration.JwtDecoderConfiguration#jwtDecoderByPublicKeyValue:
      Did not match:
         - Public Key Value Condition did not find public-key-location property (KeyValueCondition)

   OAuth2ResourceServerJwtConfiguration.OAuth2SecurityFilterChainConfiguration:
      Did not match:
         - AllNestedConditions 1 matched 1 did not; NestedCondition on DefaultWebSecurityCondition.Beans @ConditionalOnMissingBean (types: org.springframework.security.web.SecurityFilterChain; SearchStrategy: all) found beans of type 'org.springframework.security.web.SecurityFilterChain' securityFilterChain; NestedCondition on DefaultWebSecurityCondition.Classes @ConditionalOnClass found required classes 'org.springframework.security.web.SecurityFilterChain', 'org.springframework.security.config.annotation.web.builders.HttpSecurity' (DefaultWebSecurityCondition)

   OAuth2ResourceServerOpaqueTokenConfiguration.OAuth2SecurityFilterChainConfiguration:
      Did not match:
         - AllNestedConditions 1 matched 1 did not; NestedCondition on DefaultWebSecurityCondition.Beans @ConditionalOnMissingBean (types: org.springframework.security.web.SecurityFilterChain; SearchStrategy: all) found beans of type 'org.springframework.security.web.SecurityFilterChain' securityFilterChain; NestedCondition on DefaultWebSecurityCondition.Classes @ConditionalOnClass found required classes 'org.springframework.security.web.SecurityFilterChain', 'org.springframework.security.config.annotation.web.builders.HttpSecurity' (DefaultWebSecurityCondition)

   OAuth2ResourceServerOpaqueTokenConfiguration.OpaqueTokenIntrospectionClientConfiguration#opaqueTokenIntrospector:
      Did not match:
         - @ConditionalOnProperty (spring.security.oauth2.resourceserver.opaquetoken.introspection-uri) did not find property 'spring.security.oauth2.resourceserver.opaquetoken.introspection-uri' (OnPropertyCondition)

   ObservationAutoConfiguration.MeterObservationHandlerConfiguration.TracingAndMetricsObservationHandlerConfiguration:
      Did not match:
         - @ConditionalOnBean did not find required type 'io.micrometer.tracing.Tracer' (OnBeanCondition)
         - @ConditionalOnBean (types: io.micrometer.tracing.Tracer; SearchStrategy: all) did not find any beans of type io.micrometer.tracing.Tracer (OnBeanCondition)

   ObservationAutoConfiguration.MetricsWithTracingConfiguration:
      Did not match:
         - @ConditionalOnClass did not find required class 'io.micrometer.tracing.Tracer' (OnClassCondition)

   ObservationAutoConfiguration.OnlyTracingConfiguration:
      Did not match:
         - @ConditionalOnClass did not find required class 'io.micrometer.tracing.Tracer' (OnClassCondition)

   OpenTelemetryAutoConfiguration:
      Did not match:
         - @ConditionalOnClass did not find required class 'io.micrometer.tracing.otel.bridge.OtelTracer' (OnClassCondition)

   OtlpMetricsExportAutoConfiguration:
      Did not match:
         - @ConditionalOnClass did not find required class 'io.micrometer.registry.otlp.OtlpMeterRegistry' (OnClassCondition)

   ProjectInfoAutoConfiguration#buildProperties:
      Did not match:
         - @ConditionalOnResource did not find resource '${spring.info.build.location:classpath:META-INF/build-info.properties}' (OnResourceCondition)

   ProjectInfoAutoConfiguration#gitProperties:
      Did not match:
         - GitResource did not find git info at classpath:git.properties (ProjectInfoAutoConfiguration.GitResourceAvailableCondition)

   PrometheusExemplarsAutoConfiguration:
      Did not match:
         - @ConditionalOnClass did not find required class 'io.micrometer.tracing.Tracer' (OnClassCondition)

   PrometheusMetricsExportAutoConfiguration:
      Did not match:
         - @ConditionalOnClass did not find required class 'io.micrometer.prometheus.PrometheusMeterRegistry' (OnClassCondition)

   QuartzAutoConfiguration:
      Did not match:
         - @ConditionalOnClass did not find required class 'org.quartz.Scheduler' (OnClassCondition)

   QuartzEndpointAutoConfiguration:
      Did not match:
         - @ConditionalOnClass did not find required class 'org.quartz.Scheduler' (OnClassCondition)

   R2dbcAutoConfiguration:
      Did not match:
         - @ConditionalOnClass did not find required class 'io.r2dbc.spi.ConnectionFactory' (OnClassCondition)

   R2dbcDataAutoConfiguration:
      Did not match:
         - @ConditionalOnClass did not find required class 'org.springframework.data.r2dbc.core.R2dbcEntityTemplate' (OnClassCondition)

   R2dbcInitializationConfiguration:
      Did not match:
         - @ConditionalOnClass did not find required classes 'io.r2dbc.spi.ConnectionFactory', 'org.springframework.r2dbc.connection.init.DatabasePopulator' (OnClassCondition)

   R2dbcRepositoriesAutoConfiguration:
      Did not match:
         - @ConditionalOnClass did not find required class 'io.r2dbc.spi.ConnectionFactory' (OnClassCondition)

   R2dbcTransactionManagerAutoConfiguration:
      Did not match:
         - @ConditionalOnClass did not find required class 'org.springframework.r2dbc.connection.R2dbcTransactionManager' (OnClassCondition)

   RSocketGraphQlClientAutoConfiguration:
      Did not match:
         - @ConditionalOnClass did not find required class 'graphql.GraphQL' (OnClassCondition)

   RSocketMessagingAutoConfiguration:
      Did not match:
         - @ConditionalOnClass did not find required class 'io.rsocket.RSocket' (OnClassCondition)

   RSocketRequesterAutoConfiguration:
      Did not match:
         - @ConditionalOnClass did not find required class 'io.rsocket.RSocket' (OnClassCondition)

   RSocketSecurityAutoConfiguration:
      Did not match:
         - @ConditionalOnClass did not find required class 'org.springframework.security.rsocket.core.SecuritySocketAcceptorInterceptor' (OnClassCondition)

   RSocketServerAutoConfiguration:
      Did not match:
         - @ConditionalOnClass did not find required class 'io.rsocket.core.RSocketServer' (OnClassCondition)

   RSocketStrategiesAutoConfiguration:
      Did not match:
         - @ConditionalOnClass did not find required class 'io.netty.buffer.PooledByteBufAllocator' (OnClassCondition)

   RabbitAutoConfiguration:
      Did not match:
         - @ConditionalOnClass did not find required class 'com.rabbitmq.client.Channel' (OnClassCondition)

   RabbitHealthContributorAutoConfiguration:
      Did not match:
         - @ConditionalOnClass did not find required class 'org.springframework.amqp.rabbit.core.RabbitTemplate' (OnClassCondition)

   RabbitMetricsAutoConfiguration:
      Did not match:
         - @ConditionalOnClass did not find required class 'com.rabbitmq.client.ConnectionFactory' (OnClassCondition)

   ReactiveCloudFoundryActuatorAutoConfiguration:
      Did not match:
         - @ConditionalOnWebApplication did not find reactive web application classes (OnWebApplicationCondition)

   ReactiveElasticsearchClientAutoConfiguration:
      Did not match:
         - @ConditionalOnClass did not find required class 'co.elastic.clients.transport.ElasticsearchTransport' (OnClassCondition)

   ReactiveElasticsearchRepositoriesAutoConfiguration:
      Did not match:
         - @ConditionalOnClass did not find required class 'org.springframework.data.elasticsearch.client.elc.ReactiveElasticsearchClient' (OnClassCondition)

   ReactiveHealthEndpointConfiguration:
      Did not match:
         - @ConditionalOnClass did not find required class 'reactor.core.publisher.Flux' (OnClassCondition)

   ReactiveManagementContextAutoConfiguration:
      Did not match:
         - @ConditionalOnClass did not find required class 'reactor.core.publisher.Flux' (OnClassCondition)

   ReactiveManagementWebSecurityAutoConfiguration:
      Did not match:
         - @ConditionalOnWebApplication did not find reactive web application classes (OnWebApplicationCondition)

   ReactiveMultipartAutoConfiguration:
      Did not match:
         - @ConditionalOnClass did not find required class 'org.springframework.web.reactive.config.WebFluxConfigurer' (OnClassCondition)

   ReactiveOAuth2ClientAutoConfiguration:
      Did not match:
         - @ConditionalOnClass did not find required class 'reactor.core.publisher.Flux' (OnClassCondition)

   ReactiveOAuth2ResourceServerAutoConfiguration:
      Did not match:
         - @ConditionalOnWebApplication did not find reactive web application classes (OnWebApplicationCondition)

   ReactiveSecurityAutoConfiguration:
      Did not match:
         - @ConditionalOnClass did not find required class 'reactor.core.publisher.Flux' (OnClassCondition)

   ReactiveUserDetailsServiceAutoConfiguration:
      Did not match:
         - AnyNestedCondition 0 matched 2 did not; NestedCondition on ReactiveUserDetailsServiceAutoConfiguration.ReactiveUserDetailsServiceCondition.ReactiveWebApplicationCondition did not find reactive web application classes; NestedCondition on ReactiveUserDetailsServiceAutoConfiguration.ReactiveUserDetailsServiceCondition.RSocketSecurityEnabledCondition @ConditionalOnBean (types: org.springframework.messaging.rsocket.annotation.support.RSocketMessageHandler; SearchStrategy: all) did not find any beans of type org.springframework.messaging.rsocket.annotation.support.RSocketMessageHandler (ReactiveUserDetailsServiceAutoConfiguration.ReactiveUserDetailsServiceCondition)
      Matched:
         - @ConditionalOnClass found required class 'org.springframework.security.authentication.ReactiveAuthenticationManager' (OnClassCondition)

   ReactiveWebServerFactoryAutoConfiguration:
      Did not match:
         - @ConditionalOnWebApplication did not find reactive web application classes (OnWebApplicationCondition)

   RedisAutoConfiguration:
      Did not match:
         - @ConditionalOnClass did not find required class 'org.springframework.data.redis.core.RedisOperations' (OnClassCondition)

   RedisCacheConfiguration:
      Did not match:
         - @ConditionalOnClass did not find required class 'org.springframework.data.redis.connection.RedisConnectionFactory' (OnClassCondition)

   RedisHealthContributorAutoConfiguration:
      Did not match:
         - @ConditionalOnClass did not find required class 'org.springframework.data.redis.connection.RedisConnectionFactory' (OnClassCondition)

   RedisReactiveAutoConfiguration:
      Did not match:
         - @ConditionalOnClass did not find required class 'reactor.core.publisher.Flux' (OnClassCondition)

   RedisReactiveHealthContributorAutoConfiguration:
      Did not match:
         - @ConditionalOnClass did not find required class 'reactor.core.publisher.Flux' (OnClassCondition)

   RedisRepositoriesAutoConfiguration:
      Did not match:
         - @ConditionalOnClass did not find required class 'org.springframework.data.redis.repository.configuration.EnableRedisRepositories' (OnClassCondition)

   RemoteDevToolsAutoConfiguration:
      Did not match:
         - @ConditionalOnProperty (spring.devtools.remote.secret) did not find property 'secret' (OnPropertyCondition)
      Matched:
         - @ConditionalOnClass found required classes 'jakarta.servlet.Filter', 'org.springframework.http.server.ServerHttpRequest' (OnClassCondition)

   Saml2RelyingPartyAutoConfiguration:
      Did not match:
         - @ConditionalOnClass did not find required class 'org.springframework.security.saml2.provider.service.registration.RelyingPartyRegistrationRepository' (OnClassCondition)

   SecurityDataConfiguration:
      Did not match:
         - @ConditionalOnClass did not find required class 'org.springframework.security.data.repository.query.SecurityEvaluationContextExtension' (OnClassCondition)

   SecurityRequestMatchersManagementContextConfiguration.JerseyRequestMatcherConfiguration:
      Did not match:
         - @ConditionalOnClass did not find required class 'org.glassfish.jersey.server.ResourceConfig' (OnClassCondition)

   SendGridAutoConfiguration:
      Did not match:
         - @ConditionalOnClass did not find required class 'com.sendgrid.SendGrid' (OnClassCondition)

   ServletEndpointManagementContextConfiguration.JerseyServletEndpointManagementContextConfiguration:
      Did not match:
         - @ConditionalOnClass did not find required class 'org.glassfish.jersey.server.ResourceConfig' (OnClassCondition)

   ServletManagementContextAutoConfiguration.ApplicationContextFilterConfiguration:
      Did not match:
         - @ConditionalOnProperty (management.server.add-application-context-header=true) did not find property 'add-application-context-header' (OnPropertyCondition)

   ServletWebServerFactoryAutoConfiguration.ForwardedHeaderFilterConfiguration:
      Did not match:
         - @ConditionalOnProperty (server.forward-headers-strategy=framework) did not find property 'server.forward-headers-strategy' (OnPropertyCondition)

   ServletWebServerFactoryConfiguration.EmbeddedJetty:
      Did not match:
         - @ConditionalOnClass did not find required classes 'org.eclipse.jetty.server.Server', 'org.eclipse.jetty.util.Loader', 'org.eclipse.jetty.webapp.WebAppContext' (OnClassCondition)

   ServletWebServerFactoryConfiguration.EmbeddedUndertow:
      Did not match:
         - @ConditionalOnClass did not find required classes 'io.undertow.Undertow', 'org.xnio.SslClientAuthMode' (OnClassCondition)

   SessionAutoConfiguration:
      Did not match:
         - @ConditionalOnClass did not find required class 'org.springframework.session.Session' (OnClassCondition)

   SessionsEndpointAutoConfiguration:
      Did not match:
         - @ConditionalOnClass did not find required class 'org.springframework.session.FindByIndexNameSessionRepository' (OnClassCondition)

   ShutdownEndpointAutoConfiguration:
      Did not match:
         - @ConditionalOnAvailableEndpoint no property management.endpoint.shutdown.enabled found so using endpoint default of false (OnAvailableEndpointCondition)

   SignalFxMetricsExportAutoConfiguration:
      Did not match:
         - @ConditionalOnClass did not find required class 'io.micrometer.signalfx.SignalFxMeterRegistry' (OnClassCondition)

   SpringBootWebSecurityConfiguration.SecurityFilterChainConfiguration:
      Did not match:
         - AllNestedConditions 1 matched 1 did not; NestedCondition on DefaultWebSecurityCondition.Beans @ConditionalOnMissingBean (types: org.springframework.security.web.SecurityFilterChain; SearchStrategy: all) found beans of type 'org.springframework.security.web.SecurityFilterChain' securityFilterChain; NestedCondition on DefaultWebSecurityCondition.Classes @ConditionalOnClass found required classes 'org.springframework.security.web.SecurityFilterChain', 'org.springframework.security.config.annotation.web.builders.HttpSecurity' (DefaultWebSecurityCondition)

   SpringBootWebSecurityConfiguration.WebSecurityEnablerConfiguration:
      Did not match:
         - @ConditionalOnMissingBean (names: springSecurityFilterChain; SearchStrategy: all) found beans named springSecurityFilterChain (OnBeanCondition)
      Matched:
         - @ConditionalOnClass found required class 'org.springframework.security.config.annotation.web.configuration.EnableWebSecurity' (OnClassCondition)

   SpringDataWebAutoConfiguration:
      Did not match:
         - @ConditionalOnMissingBean (types: org.springframework.data.web.PageableHandlerMethodArgumentResolver; SearchStrategy: all) found beans of type 'org.springframework.data.web.PageableHandlerMethodArgumentResolver' pageableResolver (OnBeanCondition)
      Matched:
         - @ConditionalOnClass found required classes 'org.springframework.data.web.PageableHandlerMethodArgumentResolver', 'org.springframework.web.servlet.config.annotation.WebMvcConfigurer' (OnClassCondition)
         - found 'session' scope (OnWebApplicationCondition)

   SpringDocConfiguration#propertiesResolverForSchema:
      Did not match:
         - @ConditionalOnProperty (springdoc.api-docs.resolve-schema-properties) did not find property 'springdoc.api-docs.resolve-schema-properties' (OnPropertyCondition)

   SpringDocConfiguration#propertyCustomizingConverter:
      Did not match:
         - @ConditionalOnBean (types: org.springdoc.core.customizers.PropertyCustomizer; SearchStrategy: all) did not find any beans of type org.springdoc.core.customizers.PropertyCustomizer (OnBeanCondition)

   SpringDocConfiguration#springdocBeanFactoryPostProcessor:
      Did not match:
         - AnyNestedCondition 0 matched 2 did not; NestedCondition on CacheOrGroupedOpenApiCondition.OnCacheDisabled found non-matching nested conditions @ConditionalOnProperty (springdoc.cache.disabled) did not find property 'springdoc.cache.disabled'; NestedCondition on CacheOrGroupedOpenApiCondition.OnMultipleOpenApiSupportCondition AnyNestedCondition 0 matched 2 did not; NestedCondition on MultipleOpenApiSupportCondition.OnActuatorDifferentPort found non-matching nested conditions Management Port actual port type (SAME) did not match required type (DIFFERENT), @ConditionalOnProperty (springdoc.show-actuator) did not find property 'springdoc.show-actuator'; NestedCondition on MultipleOpenApiSupportCondition.OnMultipleOpenApiSupportCondition AnyNestedCondition 0 matched 2 did not; NestedCondition on MultipleOpenApiGroupsCondition.OnGroupConfigProperty @ConditionalOnProperty (springdoc.group-configs[0].group) did not find property 'springdoc.group-configs[0].group'; NestedCondition on MultipleOpenApiGroupsCondition.OnGroupedOpenApiBean @ConditionalOnBean (types: org.springdoc.core.models.GroupedOpenApi; SearchStrategy: all) did not find any beans of type org.springdoc.core.models.GroupedOpenApi (CacheOrGroupedOpenApiCondition)
      Matched:
         - @ConditionalOnClass found required class 'org.springframework.boot.context.properties.bind.BindResult' (OnClassCondition)

   SpringDocConfiguration#springdocBeanFactoryPostProcessor2:
      Did not match:
         - @ConditionalOnMissingClass found unwanted class 'org.springframework.boot.context.properties.bind.BindResult' (OnClassCondition)

   SpringDocConfiguration.SpringDocActuatorConfiguration:
      Did not match:
         - @ConditionalOnProperty (springdoc.show-actuator) did not find property 'springdoc.show-actuator' (OnPropertyCondition)
      Matched:
         - @ConditionalOnClass found required class 'org.springframework.boot.actuate.autoconfigure.endpoint.web.WebEndpointProperties' (OnClassCondition)

   SpringDocConfiguration.SpringDocWebFluxSupportConfiguration:
      Did not match:
         - @ConditionalOnClass did not find required class 'reactor.core.publisher.Flux' (OnClassCondition)

   SpringDocFunctionCatalogConfiguration:
      Did not match:
         - @ConditionalOnClass did not find required class 'org.springframework.cloud.function.web.function.FunctionEndpointInitializer' (OnClassCondition)

   SpringDocGroovyConfiguration:
      Did not match:
         - @ConditionalOnClass did not find required class 'groovy.lang.MetaClass' (OnClassCondition)

   SpringDocHateoasConfiguration#hateoasHalProvider:
      Did not match:
         - @ConditionalOnMissingBean (types: org.springdoc.core.providers.HateoasHalProvider; SearchStrategy: all) found beans of type 'org.springdoc.core.providers.HateoasHalProvider' halProvider (OnBeanCondition)

   SpringDocJacksonKotlinModuleConfiguration:
      Did not match:
         - @ConditionalOnClass did not find required class 'com.fasterxml.jackson.module.kotlin.KotlinModule' (OnClassCondition)

   SpringDocJavadocConfiguration:
      Did not match:
         - @ConditionalOnClass did not find required class 'com.github.therapi.runtimejavadoc.CommentFormatter' (OnClassCondition)

   SpringDocKotlinConfiguration:
      Did not match:
         - @ConditionalOnClass did not find required class 'kotlin.coroutines.Continuation' (OnClassCondition)

   SpringDocKotlinxConfiguration:
      Did not match:
         - @ConditionalOnClass did not find required class 'kotlinx.coroutines.flow.Flow' (OnClassCondition)

   SpringDocSecurityConfiguration.SpringDocSecurityOAuth2Configuration:
      Did not match:
         - @ConditionalOnClass did not find required class 'org.springframework.security.oauth2.server.authorization.OAuth2AuthorizationService' (OnClassCondition)

   SpringDocSecurityConfiguration.SpringSecurityLoginEndpointConfiguration#springSecurityLoginEndpointCustomiser:
      Did not match:
         - @ConditionalOnProperty (springdoc.show-login-endpoint) did not find property 'springdoc.show-login-endpoint' (OnPropertyCondition)

   SpringDocSortConfiguration#delegatingMethodParameterCustomizer:
      Did not match:
         - @ConditionalOnMissingBean (types: org.springdoc.core.customizers.DelegatingMethodParameterCustomizer; SearchStrategy: all) found beans of type 'org.springdoc.core.customizers.DelegatingMethodParameterCustomizer' delegatingMethodParameterCustomizer (OnBeanCondition)

   SpringDocWebMvcConfiguration.SpringDocWebMvcActuatorConfiguration#actuatorProvider:
      Did not match:
         - @ConditionalOnExpression (#{${springdoc.show-actuator:false} or ${springdoc.use-management-port:false}}) resulted in false (OnExpressionCondition)

   SpringDocWebMvcConfiguration.SpringDocWebMvcActuatorConfiguration#openApiActuatorResource:
      Did not match:
         - @ConditionalOnProperty (springdoc.use-management-port) did not find property 'springdoc.use-management-port' (OnPropertyCondition)

   StackdriverMetricsExportAutoConfiguration:
      Did not match:
         - @ConditionalOnClass did not find required class 'io.micrometer.stackdriver.StackdriverMeterRegistry' (OnClassCondition)

   StartupEndpointAutoConfiguration:
      Did not match:
         - ApplicationStartup configured applicationStartup is of type class org.springframework.core.metrics.DefaultApplicationStartup, expected BufferingApplicationStartup. (StartupEndpointAutoConfiguration.ApplicationStartupCondition)

   StatsdMetricsExportAutoConfiguration:
      Did not match:
         - @ConditionalOnClass did not find required class 'io.micrometer.statsd.StatsdMeterRegistry' (OnClassCondition)

   SwaggerConfig#springWebProvider:
      Did not match:
         - @ConditionalOnMissingBean (types: org.springdoc.core.providers.SpringWebProvider; SearchStrategy: all) found beans of type 'org.springdoc.core.providers.SpringWebProvider' springWebProvider (OnBeanCondition)

   SwaggerConfig#swaggerUiConfigParameters:
      Did not match:
         - @ConditionalOnMissingBean (types: org.springdoc.core.properties.SwaggerUiConfigParameters; SearchStrategy: all) found beans of type 'org.springdoc.core.properties.SwaggerUiConfigParameters' org.springdoc.core.properties.SwaggerUiConfigParameters (OnBeanCondition)

   SwaggerConfig#swaggerUiHome:
      Did not match:
         - @ConditionalOnProperty (springdoc.swagger-ui.use-root-path=true) did not find property 'springdoc.swagger-ui.use-root-path' (OnPropertyCondition)

   SwaggerConfig.SwaggerActuatorWelcomeConfiguration:
      Did not match:
         - @ConditionalOnProperty (springdoc.use-management-port) did not find property 'springdoc.use-management-port' (OnPropertyCondition)
      Matched:
         - @ConditionalOnClass found required class 'org.springframework.boot.actuate.endpoint.web.servlet.WebMvcEndpointHandlerMapping' (OnClassCondition)

   TaskSchedulingAutoConfiguration#scheduledBeanLazyInitializationExcludeFilter:
      Did not match:
         - @ConditionalOnBean (names: org.springframework.context.annotation.internalScheduledAnnotationProcessor; SearchStrategy: all) did not find any beans named org.springframework.context.annotation.internalScheduledAnnotationProcessor (OnBeanCondition)

   TaskSchedulingAutoConfiguration#taskScheduler:
      Did not match:
         - @ConditionalOnBean (names: org.springframework.context.annotation.internalScheduledAnnotationProcessor; SearchStrategy: all) did not find any beans named org.springframework.context.annotation.internalScheduledAnnotationProcessor (OnBeanCondition)

   ThymeleafAutoConfiguration:
      Did not match:
         - @ConditionalOnClass did not find required class 'org.thymeleaf.spring6.SpringTemplateEngine' (OnClassCondition)

   TransactionAutoConfiguration#transactionalOperator:
      Did not match:
         - @ConditionalOnSingleCandidate (types: org.springframework.transaction.ReactiveTransactionManager; SearchStrategy: all) did not find any beans (OnBeanCondition)

   TransactionAutoConfiguration.AspectJTransactionManagementConfiguration:
      Did not match:
         - @ConditionalOnBean (types: org.springframework.transaction.aspectj.AbstractTransactionAspect; SearchStrategy: all) did not find any beans of type org.springframework.transaction.aspectj.AbstractTransactionAspect (OnBeanCondition)

   TransactionAutoConfiguration.EnableTransactionManagementConfiguration:
      Did not match:
         - @ConditionalOnMissingBean (types: org.springframework.transaction.annotation.AbstractTransactionManagementConfiguration; SearchStrategy: all) found beans of type 'org.springframework.transaction.annotation.AbstractTransactionManagementConfiguration' org.springframework.transaction.annotation.ProxyTransactionManagementConfiguration (OnBeanCondition)

   TransactionAutoConfiguration.EnableTransactionManagementConfiguration.CglibAutoProxyConfiguration:
      Did not match:
         - Ancestor org.springframework.boot.autoconfigure.transaction.TransactionAutoConfiguration$EnableTransactionManagementConfiguration did not match (ConditionEvaluationReport.AncestorsMatchedCondition)
      Matched:
         - @ConditionalOnProperty (spring.aop.proxy-target-class=true) matched (OnPropertyCondition)

   TransactionAutoConfiguration.EnableTransactionManagementConfiguration.JdkDynamicAutoProxyConfiguration:
      Did not match:
         - @ConditionalOnProperty (spring.aop.proxy-target-class=false) did not find property 'proxy-target-class' (OnPropertyCondition)
         - Ancestor org.springframework.boot.autoconfigure.transaction.TransactionAutoConfiguration$EnableTransactionManagementConfiguration did not match (ConditionEvaluationReport.AncestorsMatchedCondition)

   UserDetailsServiceAutoConfiguration:
      Did not match:
         - @ConditionalOnMissingBean (types: org.springframework.security.authentication.AuthenticationManager,org.springframework.security.authentication.AuthenticationProvider,org.springframework.security.core.userdetails.UserDetailsService,org.springframework.security.authentication.AuthenticationManagerResolver,org.springframework.security.oauth2.jwt.JwtDecoder,org.springframework.security.oauth2.server.resource.introspection.OpaqueTokenIntrospector,org.springframework.security.oauth2.client.registration.ClientRegistrationRepository,org.springframework.security.saml2.provider.service.registration.RelyingPartyRegistrationRepository; SearchStrategy: all) found beans of type 'org.springframework.security.authentication.AuthenticationManager' authenticationManager and found beans of type 'org.springframework.security.authentication.AuthenticationProvider' authenticationProvider (OnBeanCondition)
      Matched:
         - @ConditionalOnClass found required class 'org.springframework.security.authentication.AuthenticationManager' (OnClassCondition)

   WavefrontAutoConfiguration:
      Did not match:
         - @ConditionalOnClass did not find required class 'com.wavefront.sdk.common.application.ApplicationTags' (OnClassCondition)

   WavefrontMetricsExportAutoConfiguration:
      Did not match:
         - @ConditionalOnClass did not find required class 'com.wavefront.sdk.common.WavefrontSender' (OnClassCondition)

   WavefrontTracingAutoConfiguration:
      Did not match:
         - @ConditionalOnClass did not find required class 'com.wavefront.sdk.common.WavefrontSender' (OnClassCondition)

   WebClientAutoConfiguration:
      Did not match:
         - @ConditionalOnClass did not find required class 'org.springframework.web.reactive.function.client.WebClient' (OnClassCondition)

   WebClientObservationConfiguration:
      Did not match:
         - @ConditionalOnClass did not find required class 'org.springframework.web.reactive.function.client.WebClient' (OnClassCondition)

   WebFluxAutoConfiguration:
      Did not match:
         - @ConditionalOnClass did not find required class 'org.springframework.web.reactive.config.WebFluxConfigurer' (OnClassCondition)

   WebFluxEndpointManagementContextConfiguration:
      Did not match:
         - @ConditionalOnClass did not find required class 'org.springframework.web.reactive.DispatcherHandler' (OnClassCondition)

   WebFluxObservationAutoConfiguration:
      Did not match:
         - @ConditionalOnWebApplication did not find reactive web application classes (OnWebApplicationCondition)

   WebMvcAutoConfiguration#hiddenHttpMethodFilter:
      Did not match:
         - @ConditionalOnProperty (spring.mvc.hiddenmethod.filter.enabled) did not find property 'enabled' (OnPropertyCondition)

   WebMvcAutoConfiguration.ProblemDetailsErrorHandlingConfiguration:
      Did not match:
         - @ConditionalOnProperty (spring.mvc.problemdetails.enabled=true) did not find property 'enabled' (OnPropertyCondition)

   WebMvcAutoConfiguration.ResourceChainCustomizerConfiguration:
      Did not match:
         - @ConditionalOnEnabledResourceChain did not find class org.webjars.WebJarAssetLocator (OnEnabledResourceChainCondition)

   WebMvcAutoConfiguration.WebMvcAutoConfigurationAdapter#beanNameViewResolver:
      Did not match:
         - @ConditionalOnBean (types: org.springframework.web.servlet.View; SearchStrategy: all) did not find any beans of type org.springframework.web.servlet.View (OnBeanCondition)

   WebMvcEndpointManagementContextConfiguration#managementHealthEndpointWebMvcHandlerMapping:
      Did not match:
         - Management Port actual port type (SAME) did not match required type (DIFFERENT) (OnManagementPortCondition)

   WebServiceTemplateAutoConfiguration:
      Did not match:
         - @ConditionalOnClass did not find required class 'org.springframework.oxm.Marshaller' (OnClassCondition)

   WebServicesAutoConfiguration:
      Did not match:
         - @ConditionalOnClass did not find required class 'org.springframework.ws.transport.http.MessageDispatcherServlet' (OnClassCondition)

   WebSessionIdResolverAutoConfiguration:
      Did not match:
         - @ConditionalOnClass did not find required class 'reactor.core.publisher.Mono' (OnClassCondition)

   WebSocketMessagingAutoConfiguration.WebSocketMessageConverterConfiguration:
      Did not match:
         - @ConditionalOnBean (types: org.springframework.web.socket.config.annotation.DelegatingWebSocketMessageBrokerConfiguration,com.fasterxml.jackson.databind.ObjectMapper; SearchStrategy: all) did not find any beans of type org.springframework.web.socket.config.annotation.DelegatingWebSocketMessageBrokerConfiguration (OnBeanCondition)
      Matched:
         - @ConditionalOnClass found required classes 'com.fasterxml.jackson.databind.ObjectMapper', 'org.springframework.messaging.simp.config.AbstractMessageBrokerConfiguration' (OnClassCondition)

   WebSocketReactiveAutoConfiguration:
      Did not match:
         - @ConditionalOnWebApplication did not find reactive web application classes (OnWebApplicationCondition)

   WebSocketServletAutoConfiguration.JettyWebSocketConfiguration:
      Did not match:
         - @ConditionalOnClass did not find required class 'org.eclipse.jetty.websocket.jakarta.server.config.JakartaWebSocketServletContainerInitializer' (OnClassCondition)

   WebSocketServletAutoConfiguration.UndertowWebSocketConfiguration:
      Did not match:
         - @ConditionalOnClass did not find required class 'io.undertow.websockets.jsr.Bootstrap' (OnClassCondition)

   XADataSourceAutoConfiguration:
      Did not match:
         - @ConditionalOnBean (types: org.springframework.boot.jdbc.XADataSourceWrapper; SearchStrategy: all) did not find any beans of type org.springframework.boot.jdbc.XADataSourceWrapper (OnBeanCondition)
      Matched:
         - @ConditionalOnClass found required classes 'javax.sql.DataSource', 'jakarta.transaction.TransactionManager', 'org.springframework.jdbc.datasource.embedded.EmbeddedDatabaseType' (OnClassCondition)

   ZipkinAutoConfiguration:
      Did not match:
         - @ConditionalOnClass did not find required class 'zipkin2.reporter.Sender' (OnClassCondition)


Exclusions:
-----------

    None


Unconditional classes:
----------------------

    org.springframework.boot.autoconfigure.context.ConfigurationPropertiesAutoConfiguration

    org.springframework.boot.actuate.autoconfigure.availability.AvailabilityHealthContributorAutoConfiguration

    org.springframework.boot.actuate.autoconfigure.info.InfoContributorAutoConfiguration

    org.springframework.boot.autoconfigure.context.PropertyPlaceholderAutoConfiguration

    org.springframework.boot.autoconfigure.context.LifecycleAutoConfiguration

    org.springframework.boot.actuate.autoconfigure.metrics.integration.IntegrationMetricsAutoConfiguration

    org.springframework.boot.actuate.autoconfigure.endpoint.EndpointAutoConfiguration

    org.springframework.boot.actuate.autoconfigure.web.server.ManagementContextAutoConfiguration

    org.springframework.boot.actuate.autoconfigure.health.HealthContributorAutoConfiguration

    org.springframework.boot.actuate.autoconfigure.endpoint.jackson.JacksonEndpointAutoConfiguration

    org.springframework.boot.autoconfigure.availability.ApplicationAvailabilityAutoConfiguration

    org.springframework.boot.autoconfigure.info.ProjectInfoAutoConfiguration



2025-10-30T12:31:22.162+01:00  INFO 40540 --- [restartedMain] c.m.gestPlanes.GestPlanesApplication     : Started GestPlanesApplication in 11.775 seconds (process running for 13.182)
2025-10-30T12:31:22.382+01:00  INFO 40540 --- [RMI TCP Connection(4)-127.0.0.1] o.a.c.c.C.[Tomcat].[localhost].[/]       : Initializing Spring DispatcherServlet 'dispatcherServlet'
2025-10-30T12:31:22.382+01:00  INFO 40540 --- [RMI TCP Connection(4)-127.0.0.1] o.s.web.servlet.DispatcherServlet        : Initializing Servlet 'dispatcherServlet'
2025-10-30T12:31:22.382+01:00 DEBUG 40540 --- [RMI TCP Connection(4)-127.0.0.1] o.s.web.servlet.DispatcherServlet        : Detected StandardServletMultipartResolver
2025-10-30T12:31:22.383+01:00 DEBUG 40540 --- [RMI TCP Connection(4)-127.0.0.1] o.s.web.servlet.DispatcherServlet        : Detected AcceptHeaderLocaleResolver
2025-10-30T12:31:22.383+01:00 DEBUG 40540 --- [RMI TCP Connection(4)-127.0.0.1] o.s.web.servlet.DispatcherServlet        : Detected FixedThemeResolver
2025-10-30T12:31:22.385+01:00 DEBUG 40540 --- [RMI TCP Connection(4)-127.0.0.1] o.s.web.servlet.DispatcherServlet        : Detected org.springframework.web.servlet.view.DefaultRequestToViewNameTranslator@567d6fd0
2025-10-30T12:31:22.386+01:00 DEBUG 40540 --- [RMI TCP Connection(4)-127.0.0.1] o.s.web.servlet.DispatcherServlet        : Detected org.springframework.web.servlet.support.SessionFlashMapManager@51567028
2025-10-30T12:31:22.386+01:00 DEBUG 40540 --- [RMI TCP Connection(4)-127.0.0.1] o.s.web.servlet.DispatcherServlet        : enableLoggingRequestDetails='true': request parameters and headers will be shown which may lead to unsafe logging of potentially sensitive data
2025-10-30T12:31:22.387+01:00  INFO 40540 --- [RMI TCP Connection(4)-127.0.0.1] o.s.web.servlet.DispatcherServlet        : Completed initialization in 4 ms
2025-10-30T12:32:42.849+01:00 TRACE 40540 --- [http-nio-9092-exec-2] o.s.security.web.FilterChainProxy        : Trying to match request against DefaultSecurityFilterChain [RequestMatcher=any request, Filters=[org.springframework.security.web.session.DisableEncodeUrlFilter@5be331b2, org.springframework.security.web.context.request.async.WebAsyncManagerIntegrationFilter@8c1984f, org.springframework.security.web.context.SecurityContextHolderFilter@7e4e2bb0, org.springframework.security.web.header.HeaderWriterFilter@44382b72, org.springframework.web.filter.CorsFilter@51ca7279, org.springframework.security.web.authentication.logout.LogoutFilter@72c1cceb, com.melilla.gestPlanes.JWT.JwtAuthenticationFilter@4c20a32e, org.springframework.security.web.savedrequest.RequestCacheAwareFilter@37898d9d, org.springframework.security.web.servletapi.SecurityContextHolderAwareRequestFilter@4185fa16, org.springframework.security.web.authentication.AnonymousAuthenticationFilter@1b9b1f67, org.springframework.security.web.session.SessionManagementFilter@2907bfd1, org.springframework.security.web.access.ExceptionTranslationFilter@3ae0298, org.springframework.security.web.access.intercept.AuthorizationFilter@296f53c2]] (1/1)
2025-10-30T12:32:42.849+01:00 TRACE 40540 --- [http-nio-9092-exec-1] o.s.security.web.FilterChainProxy        : Trying to match request against DefaultSecurityFilterChain [RequestMatcher=any request, Filters=[org.springframework.security.web.session.DisableEncodeUrlFilter@5be331b2, org.springframework.security.web.context.request.async.WebAsyncManagerIntegrationFilter@8c1984f, org.springframework.security.web.context.SecurityContextHolderFilter@7e4e2bb0, org.springframework.security.web.header.HeaderWriterFilter@44382b72, org.springframework.web.filter.CorsFilter@51ca7279, org.springframework.security.web.authentication.logout.LogoutFilter@72c1cceb, com.melilla.gestPlanes.JWT.JwtAuthenticationFilter@4c20a32e, org.springframework.security.web.savedrequest.RequestCacheAwareFilter@37898d9d, org.springframework.security.web.servletapi.SecurityContextHolderAwareRequestFilter@4185fa16, org.springframework.security.web.authentication.AnonymousAuthenticationFilter@1b9b1f67, org.springframework.security.web.session.SessionManagementFilter@2907bfd1, org.springframework.security.web.access.ExceptionTranslationFilter@3ae0298, org.springframework.security.web.access.intercept.AuthorizationFilter@296f53c2]] (1/1)
2025-10-30T12:32:42.851+01:00 DEBUG 40540 --- [http-nio-9092-exec-1] o.s.security.web.FilterChainProxy        : Securing OPTIONS /checkToken
2025-10-30T12:32:42.851+01:00 DEBUG 40540 --- [http-nio-9092-exec-2] o.s.security.web.FilterChainProxy        : Securing OPTIONS /checkToken
2025-10-30T12:32:42.854+01:00 TRACE 40540 --- [http-nio-9092-exec-2] o.s.security.web.FilterChainProxy        : Invoking DisableEncodeUrlFilter (1/13)
2025-10-30T12:32:42.854+01:00 TRACE 40540 --- [http-nio-9092-exec-1] o.s.security.web.FilterChainProxy        : Invoking DisableEncodeUrlFilter (1/13)
2025-10-30T12:32:42.863+01:00 TRACE 40540 --- [http-nio-9092-exec-1] o.s.security.web.FilterChainProxy        : Invoking WebAsyncManagerIntegrationFilter (2/13)
2025-10-30T12:32:42.863+01:00 TRACE 40540 --- [http-nio-9092-exec-2] o.s.security.web.FilterChainProxy        : Invoking WebAsyncManagerIntegrationFilter (2/13)
2025-10-30T12:32:42.865+01:00 TRACE 40540 --- [http-nio-9092-exec-1] o.s.security.web.FilterChainProxy        : Invoking SecurityContextHolderFilter (3/13)
2025-10-30T12:32:42.865+01:00 TRACE 40540 --- [http-nio-9092-exec-2] o.s.security.web.FilterChainProxy        : Invoking SecurityContextHolderFilter (3/13)
2025-10-30T12:32:42.867+01:00 TRACE 40540 --- [http-nio-9092-exec-1] o.s.security.web.FilterChainProxy        : Invoking HeaderWriterFilter (4/13)
2025-10-30T12:32:42.867+01:00 TRACE 40540 --- [http-nio-9092-exec-2] o.s.security.web.FilterChainProxy        : Invoking HeaderWriterFilter (4/13)
2025-10-30T12:32:42.870+01:00 TRACE 40540 --- [http-nio-9092-exec-1] o.s.security.web.FilterChainProxy        : Invoking CorsFilter (5/13)
2025-10-30T12:32:42.870+01:00 TRACE 40540 --- [http-nio-9092-exec-2] o.s.security.web.FilterChainProxy        : Invoking CorsFilter (5/13)
2025-10-30T12:32:42.896+01:00 TRACE 40540 --- [http-nio-9092-exec-1] o.s.s.w.header.writers.HstsHeaderWriter  : Not injecting HSTS header since it did not match request to [Is Secure]
2025-10-30T12:32:42.896+01:00 TRACE 40540 --- [http-nio-9092-exec-2] o.s.s.w.header.writers.HstsHeaderWriter  : Not injecting HSTS header since it did not match request to [Is Secure]
2025-10-30T12:32:42.908+01:00 TRACE 40540 --- [http-nio-9092-exec-4] o.s.security.web.FilterChainProxy        : Trying to match request against DefaultSecurityFilterChain [RequestMatcher=any request, Filters=[org.springframework.security.web.session.DisableEncodeUrlFilter@5be331b2, org.springframework.security.web.context.request.async.WebAsyncManagerIntegrationFilter@8c1984f, org.springframework.security.web.context.SecurityContextHolderFilter@7e4e2bb0, org.springframework.security.web.header.HeaderWriterFilter@44382b72, org.springframework.web.filter.CorsFilter@51ca7279, org.springframework.security.web.authentication.logout.LogoutFilter@72c1cceb, com.melilla.gestPlanes.JWT.JwtAuthenticationFilter@4c20a32e, org.springframework.security.web.savedrequest.RequestCacheAwareFilter@37898d9d, org.springframework.security.web.servletapi.SecurityContextHolderAwareRequestFilter@4185fa16, org.springframework.security.web.authentication.AnonymousAuthenticationFilter@1b9b1f67, org.springframework.security.web.session.SessionManagementFilter@2907bfd1, org.springframework.security.web.access.ExceptionTranslationFilter@3ae0298, org.springframework.security.web.access.intercept.AuthorizationFilter@296f53c2]] (1/1)
2025-10-30T12:32:42.909+01:00 DEBUG 40540 --- [http-nio-9092-exec-4] o.s.security.web.FilterChainProxy        : Securing POST /checkToken
2025-10-30T12:32:42.909+01:00 TRACE 40540 --- [http-nio-9092-exec-3] o.s.security.web.FilterChainProxy        : Trying to match request against DefaultSecurityFilterChain [RequestMatcher=any request, Filters=[org.springframework.security.web.session.DisableEncodeUrlFilter@5be331b2, org.springframework.security.web.context.request.async.WebAsyncManagerIntegrationFilter@8c1984f, org.springframework.security.web.context.SecurityContextHolderFilter@7e4e2bb0, org.springframework.security.web.header.HeaderWriterFilter@44382b72, org.springframework.web.filter.CorsFilter@51ca7279, org.springframework.security.web.authentication.logout.LogoutFilter@72c1cceb, com.melilla.gestPlanes.JWT.JwtAuthenticationFilter@4c20a32e, org.springframework.security.web.savedrequest.RequestCacheAwareFilter@37898d9d, org.springframework.security.web.servletapi.SecurityContextHolderAwareRequestFilter@4185fa16, org.springframework.security.web.authentication.AnonymousAuthenticationFilter@1b9b1f67, org.springframework.security.web.session.SessionManagementFilter@2907bfd1, org.springframework.security.web.access.ExceptionTranslationFilter@3ae0298, org.springframework.security.web.access.intercept.AuthorizationFilter@296f53c2]] (1/1)
2025-10-30T12:32:42.909+01:00 DEBUG 40540 --- [http-nio-9092-exec-3] o.s.security.web.FilterChainProxy        : Securing POST /checkToken
2025-10-30T12:32:42.909+01:00 TRACE 40540 --- [http-nio-9092-exec-4] o.s.security.web.FilterChainProxy        : Invoking DisableEncodeUrlFilter (1/13)
2025-10-30T12:32:42.909+01:00 TRACE 40540 --- [http-nio-9092-exec-3] o.s.security.web.FilterChainProxy        : Invoking DisableEncodeUrlFilter (1/13)
2025-10-30T12:32:42.909+01:00 TRACE 40540 --- [http-nio-9092-exec-4] o.s.security.web.FilterChainProxy        : Invoking WebAsyncManagerIntegrationFilter (2/13)
2025-10-30T12:32:42.909+01:00 TRACE 40540 --- [http-nio-9092-exec-3] o.s.security.web.FilterChainProxy        : Invoking WebAsyncManagerIntegrationFilter (2/13)
2025-10-30T12:32:42.910+01:00 TRACE 40540 --- [http-nio-9092-exec-4] o.s.security.web.FilterChainProxy        : Invoking SecurityContextHolderFilter (3/13)
2025-10-30T12:32:42.910+01:00 TRACE 40540 --- [http-nio-9092-exec-3] o.s.security.web.FilterChainProxy        : Invoking SecurityContextHolderFilter (3/13)
2025-10-30T12:32:42.910+01:00 TRACE 40540 --- [http-nio-9092-exec-4] o.s.security.web.FilterChainProxy        : Invoking HeaderWriterFilter (4/13)
2025-10-30T12:32:42.910+01:00 TRACE 40540 --- [http-nio-9092-exec-3] o.s.security.web.FilterChainProxy        : Invoking HeaderWriterFilter (4/13)
2025-10-30T12:32:42.910+01:00 TRACE 40540 --- [http-nio-9092-exec-4] o.s.security.web.FilterChainProxy        : Invoking CorsFilter (5/13)
2025-10-30T12:32:42.910+01:00 TRACE 40540 --- [http-nio-9092-exec-3] o.s.security.web.FilterChainProxy        : Invoking CorsFilter (5/13)
2025-10-30T12:32:42.915+01:00 TRACE 40540 --- [http-nio-9092-exec-4] o.s.security.web.FilterChainProxy        : Invoking LogoutFilter (6/13)
2025-10-30T12:32:42.915+01:00 TRACE 40540 --- [http-nio-9092-exec-3] o.s.security.web.FilterChainProxy        : Invoking LogoutFilter (6/13)
2025-10-30T12:32:42.915+01:00 TRACE 40540 --- [http-nio-9092-exec-4] o.s.s.w.a.logout.LogoutFilter            : Did not match request to Or [Ant [pattern='/logout', GET], Ant [pattern='/logout', POST], Ant [pattern='/logout', PUT], Ant [pattern='/logout', DELETE]]
2025-10-30T12:32:42.915+01:00 TRACE 40540 --- [http-nio-9092-exec-3] o.s.s.w.a.logout.LogoutFilter            : Did not match request to Or [Ant [pattern='/logout', GET], Ant [pattern='/logout', POST], Ant [pattern='/logout', PUT], Ant [pattern='/logout', DELETE]]
2025-10-30T12:32:42.915+01:00 TRACE 40540 --- [http-nio-9092-exec-4] o.s.security.web.FilterChainProxy        : Invoking JwtAuthenticationFilter (7/13)
2025-10-30T12:32:42.915+01:00 TRACE 40540 --- [http-nio-9092-exec-3] o.s.security.web.FilterChainProxy        : Invoking JwtAuthenticationFilter (7/13)
2025-10-30T12:32:42.917+01:00  INFO 40540 --- [http-nio-9092-exec-3] c.m.g.JWT.JwtAuthenticationFilter        : Bearer eyJhbGciOiJIUzUxMiJ9.eyJzdWIiOiJhZG1pbiIsImlhdCI6MTc2MTc0MjE4NywiZXhwIjoxNzYxNzQzNjI3fQ.JXA6H20dUelAqDV6uzTYdpBlL8Xes3EFiQURs4iEGSxLt_0hPuHBBAMrogeA7ViA6Y_0FAxAFxliz8ZdMe8fjg
2025-10-30T12:32:42.917+01:00  INFO 40540 --- [http-nio-9092-exec-4] c.m.g.JWT.JwtAuthenticationFilter        : Bearer eyJhbGciOiJIUzUxMiJ9.eyJzdWIiOiJhZG1pbiIsImlhdCI6MTc2MTc0MjE4NywiZXhwIjoxNzYxNzQzNjI3fQ.JXA6H20dUelAqDV6uzTYdpBlL8Xes3EFiQURs4iEGSxLt_0hPuHBBAMrogeA7ViA6Y_0FAxAFxliz8ZdMe8fjg
2025-10-30T12:32:42.977+01:00  WARN 40540 --- [http-nio-9092-exec-4] c.m.g.service.impl.JWTServiceImpl        : JWT expired at 2025-10-29T13:13:47Z. Current time: 2025-10-30T11:32:42Z, a difference of 80335974 milliseconds.  Allowed clock skew: 0 milliseconds.
2025-10-30T12:32:42.977+01:00  WARN 40540 --- [http-nio-9092-exec-3] c.m.g.service.impl.JWTServiceImpl        : JWT expired at 2025-10-29T13:13:47Z. Current time: 2025-10-30T11:32:42Z, a difference of 80335974 milliseconds.  Allowed clock skew: 0 milliseconds.
2025-10-30T12:32:42.977+01:00  INFO 40540 --- [http-nio-9092-exec-4] c.m.g.JWT.JwtAuthenticationFilter        : 
2025-10-30T12:32:42.977+01:00  INFO 40540 --- [http-nio-9092-exec-3] c.m.g.JWT.JwtAuthenticationFilter        : 
2025-10-30T12:32:42.977+01:00 TRACE 40540 --- [http-nio-9092-exec-4] o.s.security.web.FilterChainProxy        : Invoking RequestCacheAwareFilter (8/13)
2025-10-30T12:32:42.977+01:00 TRACE 40540 --- [http-nio-9092-exec-3] o.s.security.web.FilterChainProxy        : Invoking RequestCacheAwareFilter (8/13)
2025-10-30T12:32:42.977+01:00 TRACE 40540 --- [http-nio-9092-exec-4] o.s.security.web.FilterChainProxy        : Invoking SecurityContextHolderAwareRequestFilter (9/13)
2025-10-30T12:32:42.977+01:00 TRACE 40540 --- [http-nio-9092-exec-3] o.s.security.web.FilterChainProxy        : Invoking SecurityContextHolderAwareRequestFilter (9/13)
2025-10-30T12:32:42.979+01:00 TRACE 40540 --- [http-nio-9092-exec-4] o.s.security.web.FilterChainProxy        : Invoking AnonymousAuthenticationFilter (10/13)
2025-10-30T12:32:42.979+01:00 TRACE 40540 --- [http-nio-9092-exec-3] o.s.security.web.FilterChainProxy        : Invoking AnonymousAuthenticationFilter (10/13)
2025-10-30T12:32:42.979+01:00 TRACE 40540 --- [http-nio-9092-exec-4] o.s.security.web.FilterChainProxy        : Invoking SessionManagementFilter (11/13)
2025-10-30T12:32:42.980+01:00 TRACE 40540 --- [http-nio-9092-exec-3] o.s.security.web.FilterChainProxy        : Invoking SessionManagementFilter (11/13)
2025-10-30T12:32:42.980+01:00 TRACE 40540 --- [http-nio-9092-exec-4] .s.s.w.c.SupplierDeferredSecurityContext : Created SecurityContextImpl [Null authentication]
2025-10-30T12:32:42.980+01:00 TRACE 40540 --- [http-nio-9092-exec-3] .s.s.w.c.SupplierDeferredSecurityContext : Created SecurityContextImpl [Null authentication]
2025-10-30T12:32:42.981+01:00 TRACE 40540 --- [http-nio-9092-exec-4] o.s.s.w.a.AnonymousAuthenticationFilter  : Set SecurityContextHolder to AnonymousAuthenticationToken [Principal=anonymousUser, Credentials=[PROTECTED], Authenticated=true, Details=WebAuthenticationDetails [RemoteIpAddress=0:0:0:0:0:0:0:1, SessionId=null], Granted Authorities=[ROLE_ANONYMOUS]]
2025-10-30T12:32:42.981+01:00 TRACE 40540 --- [http-nio-9092-exec-3] o.s.s.w.a.AnonymousAuthenticationFilter  : Set SecurityContextHolder to AnonymousAuthenticationToken [Principal=anonymousUser, Credentials=[PROTECTED], Authenticated=true, Details=WebAuthenticationDetails [RemoteIpAddress=0:0:0:0:0:0:0:1, SessionId=null], Granted Authorities=[ROLE_ANONYMOUS]]
2025-10-30T12:32:42.981+01:00 TRACE 40540 --- [http-nio-9092-exec-4] o.s.security.web.FilterChainProxy        : Invoking ExceptionTranslationFilter (12/13)
2025-10-30T12:32:42.981+01:00 TRACE 40540 --- [http-nio-9092-exec-3] o.s.security.web.FilterChainProxy        : Invoking ExceptionTranslationFilter (12/13)
2025-10-30T12:32:42.981+01:00 TRACE 40540 --- [http-nio-9092-exec-4] o.s.security.web.FilterChainProxy        : Invoking AuthorizationFilter (13/13)
2025-10-30T12:32:42.981+01:00 TRACE 40540 --- [http-nio-9092-exec-3] o.s.security.web.FilterChainProxy        : Invoking AuthorizationFilter (13/13)
2025-10-30T12:32:42.983+01:00 TRACE 40540 --- [http-nio-9092-exec-3] estMatcherDelegatingAuthorizationManager : Authorizing SecurityContextHolderAwareRequestWrapper[ org.springframework.security.web.header.HeaderWriterFilter$HeaderWriterRequest@3ebc9220]
2025-10-30T12:32:42.983+01:00 TRACE 40540 --- [http-nio-9092-exec-4] estMatcherDelegatingAuthorizationManager : Authorizing SecurityContextHolderAwareRequestWrapper[ org.springframework.security.web.header.HeaderWriterFilter$HeaderWriterRequest@36314da5]
2025-10-30T12:32:42.984+01:00  WARN 40540 --- [http-nio-9092-exec-3] o.s.w.s.h.HandlerMappingIntrospector     : Cache miss for REQUEST dispatch to '/checkToken' (previous null). Performing MatchableHandlerMapping lookup. This is logged once only at WARN level, and every time at TRACE.
2025-10-30T12:32:42.990+01:00 DEBUG 40540 --- [http-nio-9092-exec-3] s.w.s.m.m.a.RequestMappingHandlerMapping : Mapped to com.melilla.gestPlanes.controller.AuthenticationController#compruebaToken(Map)
2025-10-30T12:32:42.990+01:00 DEBUG 40540 --- [http-nio-9092-exec-4] s.w.s.m.m.a.RequestMappingHandlerMapping : Mapped to com.melilla.gestPlanes.controller.AuthenticationController#compruebaToken(Map)
2025-10-30T12:32:42.992+01:00 DEBUG 40540 --- [http-nio-9092-exec-3] s.w.s.m.m.a.RequestMappingHandlerMapping : Mapped to com.melilla.gestPlanes.controller.AuthenticationController#compruebaToken(Map)
2025-10-30T12:32:42.992+01:00 DEBUG 40540 --- [http-nio-9092-exec-4] s.w.s.m.m.a.RequestMappingHandlerMapping : Mapped to com.melilla.gestPlanes.controller.AuthenticationController#compruebaToken(Map)
2025-10-30T12:32:42.992+01:00 DEBUG 40540 --- [http-nio-9092-exec-4] s.w.s.m.m.a.RequestMappingHandlerMapping : Mapped to com.melilla.gestPlanes.controller.AuthenticationController#compruebaToken(Map)
2025-10-30T12:32:42.992+01:00 DEBUG 40540 --- [http-nio-9092-exec-3] s.w.s.m.m.a.RequestMappingHandlerMapping : Mapped to com.melilla.gestPlanes.controller.AuthenticationController#compruebaToken(Map)
2025-10-30T12:32:42.993+01:00 DEBUG 40540 --- [http-nio-9092-exec-4] s.w.s.m.m.a.RequestMappingHandlerMapping : Mapped to com.melilla.gestPlanes.controller.AuthenticationController#compruebaToken(Map)
2025-10-30T12:32:42.993+01:00 DEBUG 40540 --- [http-nio-9092-exec-3] s.w.s.m.m.a.RequestMappingHandlerMapping : Mapped to com.melilla.gestPlanes.controller.AuthenticationController#compruebaToken(Map)
2025-10-30T12:32:42.993+01:00 DEBUG 40540 --- [http-nio-9092-exec-4] s.w.s.m.m.a.RequestMappingHandlerMapping : Mapped to com.melilla.gestPlanes.controller.AuthenticationController#compruebaToken(Map)
2025-10-30T12:32:42.993+01:00 DEBUG 40540 --- [http-nio-9092-exec-3] s.w.s.m.m.a.RequestMappingHandlerMapping : Mapped to com.melilla.gestPlanes.controller.AuthenticationController#compruebaToken(Map)
2025-10-30T12:32:42.993+01:00 DEBUG 40540 --- [http-nio-9092-exec-4] s.w.s.m.m.a.RequestMappingHandlerMapping : Mapped to com.melilla.gestPlanes.controller.AuthenticationController#compruebaToken(Map)
2025-10-30T12:32:42.993+01:00 DEBUG 40540 --- [http-nio-9092-exec-3] s.w.s.m.m.a.RequestMappingHandlerMapping : Mapped to com.melilla.gestPlanes.controller.AuthenticationController#compruebaToken(Map)
2025-10-30T12:32:42.994+01:00 TRACE 40540 --- [http-nio-9092-exec-4] estMatcherDelegatingAuthorizationManager : Checking authorization on SecurityContextHolderAwareRequestWrapper[ org.springframework.security.web.header.HeaderWriterFilter$HeaderWriterRequest@36314da5] using org.springframework.security.config.annotation.web.configurers.AuthorizeHttpRequestsConfigurer$$Lambda$1595/0x00000008016c9f70@609ce5c6
2025-10-30T12:32:42.994+01:00 TRACE 40540 --- [http-nio-9092-exec-3] estMatcherDelegatingAuthorizationManager : Checking authorization on SecurityContextHolderAwareRequestWrapper[ org.springframework.security.web.header.HeaderWriterFilter$HeaderWriterRequest@3ebc9220] using org.springframework.security.config.annotation.web.configurers.AuthorizeHttpRequestsConfigurer$$Lambda$1595/0x00000008016c9f70@609ce5c6
2025-10-30T12:32:42.998+01:00 DEBUG 40540 --- [http-nio-9092-exec-4] o.s.security.web.FilterChainProxy        : Secured POST /checkToken
2025-10-30T12:32:42.998+01:00 DEBUG 40540 --- [http-nio-9092-exec-3] o.s.security.web.FilterChainProxy        : Secured POST /checkToken
2025-10-30T12:32:43.000+01:00 DEBUG 40540 --- [http-nio-9092-exec-4] o.s.web.servlet.DispatcherServlet        : POST "/checkToken", parameters={}
2025-10-30T12:32:43.000+01:00 DEBUG 40540 --- [http-nio-9092-exec-3] o.s.web.servlet.DispatcherServlet        : POST "/checkToken", parameters={}
2025-10-30T12:32:43.002+01:00 DEBUG 40540 --- [http-nio-9092-exec-3] s.w.s.m.m.a.RequestMappingHandlerMapping : Mapped to com.melilla.gestPlanes.controller.AuthenticationController#compruebaToken(Map)
2025-10-30T12:32:43.002+01:00 DEBUG 40540 --- [http-nio-9092-exec-4] s.w.s.m.m.a.RequestMappingHandlerMapping : Mapped to com.melilla.gestPlanes.controller.AuthenticationController#compruebaToken(Map)
2025-10-30T12:32:43.020+01:00 DEBUG 40540 --- [http-nio-9092-exec-3] m.m.a.RequestResponseBodyMethodProcessor : Read "application/json;charset=UTF-8" to [{token=eyJhbGciOiJIUzUxMiJ9.eyJzdWIiOiJhZG1pbiIsImlhdCI6MTc2MTc0MjE4NywiZXhwIjoxNzYxNzQzNjI3fQ.JXA6H (truncated)...]
2025-10-30T12:32:43.020+01:00 DEBUG 40540 --- [http-nio-9092-exec-4] m.m.a.RequestResponseBodyMethodProcessor : Read "application/json;charset=UTF-8" to [{token=eyJhbGciOiJIUzUxMiJ9.eyJzdWIiOiJhZG1pbiIsImlhdCI6MTc2MTc0MjE4NywiZXhwIjoxNzYxNzQzNjI3fQ.JXA6H (truncated)...]
2025-10-30T12:32:43.235+01:00  WARN 40540 --- [http-nio-9092-exec-3] c.m.g.service.impl.JWTServiceImpl        : JWT expired at 2025-10-29T13:13:47Z. Current time: 2025-10-30T11:32:43Z, a difference of 80336235 milliseconds.  Allowed clock skew: 0 milliseconds.
2025-10-30T12:32:43.235+01:00  WARN 40540 --- [http-nio-9092-exec-4] c.m.g.service.impl.JWTServiceImpl        : JWT expired at 2025-10-29T13:13:47Z. Current time: 2025-10-30T11:32:43Z, a difference of 80336235 milliseconds.  Allowed clock skew: 0 milliseconds.
2025-10-30T12:32:43.240+01:00 DEBUG 40540 --- [http-nio-9092-exec-4] o.s.web.servlet.DispatcherServlet        : Failed to complete request: java.lang.NullPointerException: Cannot invoke "String.equals(Object)" because "userName" is null
2025-10-30T12:32:43.240+01:00 DEBUG 40540 --- [http-nio-9092-exec-3] o.s.web.servlet.DispatcherServlet        : Failed to complete request: java.lang.NullPointerException: Cannot invoke "String.equals(Object)" because "userName" is null
2025-10-30T12:32:43.242+01:00 TRACE 40540 --- [http-nio-9092-exec-3] o.s.s.w.header.writers.HstsHeaderWriter  : Not injecting HSTS header since it did not match request to [Is Secure]
2025-10-30T12:32:43.245+01:00 TRACE 40540 --- [http-nio-9092-exec-4] o.s.s.w.header.writers.HstsHeaderWriter  : Not injecting HSTS header since it did not match request to [Is Secure]
2025-10-30T12:32:43.246+01:00 ERROR 40540 --- [http-nio-9092-exec-4] o.a.c.c.C.[.[.[/].[dispatcherServlet]    : Servlet.service() for servlet [dispatcherServlet] in context with path [] threw exception [Request processing failed: java.lang.NullPointerException: Cannot invoke "String.equals(Object)" because "userName" is null] with root cause

java.lang.NullPointerException: Cannot invoke "String.equals(Object)" because "userName" is null
	at com.melilla.gestPlanes.service.impl.JWTServiceImpl.isTokenValid(JWTServiceImpl.java:49) ~[classes/:na]
	at com.melilla.gestPlanes.service.impl.AuthenticationServiceImpl.checkToken(AuthenticationServiceImpl.java:67) ~[classes/:na]
	at com.melilla.gestPlanes.controller.AuthenticationController.compruebaToken(AuthenticationController.java:84) ~[classes/:na]
	at java.base/jdk.internal.reflect.NativeMethodAccessorImpl.invoke0(Native Method) ~[na:na]
	at java.base/jdk.internal.reflect.NativeMethodAccessorImpl.invoke(NativeMethodAccessorImpl.java:77) ~[na:na]
	at java.base/jdk.internal.reflect.DelegatingMethodAccessorImpl.invoke(DelegatingMethodAccessorImpl.java:43) ~[na:na]
	at java.base/java.lang.reflect.Method.invoke(Method.java:568) ~[na:na]
	at org.springframework.web.method.support.InvocableHandlerMethod.doInvoke(InvocableHandlerMethod.java:205) ~[spring-web-6.0.14.jar:6.0.14]
	at org.springframework.web.method.support.InvocableHandlerMethod.invokeForRequest(InvocableHandlerMethod.java:150) ~[spring-web-6.0.14.jar:6.0.14]
	at org.springframework.web.servlet.mvc.method.annotation.ServletInvocableHandlerMethod.invokeAndHandle(ServletInvocableHandlerMethod.java:118) ~[spring-webmvc-6.0.14.jar:6.0.14]
	at org.springframework.web.servlet.mvc.method.annotation.RequestMappingHandlerAdapter.invokeHandlerMethod(RequestMappingHandlerAdapter.java:884) ~[spring-webmvc-6.0.14.jar:6.0.14]
	at org.springframework.web.servlet.mvc.method.annotation.RequestMappingHandlerAdapter.handleInternal(RequestMappingHandlerAdapter.java:797) ~[spring-webmvc-6.0.14.jar:6.0.14]
	at org.springframework.web.servlet.mvc.method.AbstractHandlerMethodAdapter.handle(AbstractHandlerMethodAdapter.java:87) ~[spring-webmvc-6.0.14.jar:6.0.14]
	at org.springframework.web.servlet.DispatcherServlet.doDispatch(DispatcherServlet.java:1081) ~[spring-webmvc-6.0.14.jar:6.0.14]
	at org.springframework.web.servlet.DispatcherServlet.doService(DispatcherServlet.java:974) ~[spring-webmvc-6.0.14.jar:6.0.14]
	at org.springframework.web.servlet.FrameworkServlet.processRequest(FrameworkServlet.java:1014) ~[spring-webmvc-6.0.14.jar:6.0.14]
	at org.springframework.web.servlet.FrameworkServlet.doPost(FrameworkServlet.java:914) ~[spring-webmvc-6.0.14.jar:6.0.14]
	at jakarta.servlet.http.HttpServlet.service(HttpServlet.java:590) ~[tomcat-embed-core-10.1.16.jar:6.0]
	at org.springframework.web.servlet.FrameworkServlet.service(FrameworkServlet.java:885) ~[spring-webmvc-6.0.14.jar:6.0.14]
	at jakarta.servlet.http.HttpServlet.service(HttpServlet.java:658) ~[tomcat-embed-core-10.1.16.jar:6.0]
	at org.apache.catalina.core.ApplicationFilterChain.internalDoFilter(ApplicationFilterChain.java:205) ~[tomcat-embed-core-10.1.16.jar:10.1.16]
	at org.apache.catalina.core.ApplicationFilterChain.doFilter(ApplicationFilterChain.java:149) ~[tomcat-embed-core-10.1.16.jar:10.1.16]
	at org.apache.tomcat.websocket.server.WsFilter.doFilter(WsFilter.java:51) ~[tomcat-embed-websocket-10.1.16.jar:10.1.16]
	at org.apache.catalina.core.ApplicationFilterChain.internalDoFilter(ApplicationFilterChain.java:174) ~[tomcat-embed-core-10.1.16.jar:10.1.16]
	at org.apache.catalina.core.ApplicationFilterChain.doFilter(ApplicationFilterChain.java:149) ~[tomcat-embed-core-10.1.16.jar:10.1.16]
	at org.springframework.web.filter.OncePerRequestFilter.doFilter(OncePerRequestFilter.java:110) ~[spring-web-6.0.14.jar:6.0.14]
	at org.apache.catalina.core.ApplicationFilterChain.internalDoFilter(ApplicationFilterChain.java:174) ~[tomcat-embed-core-10.1.16.jar:10.1.16]
	at org.apache.catalina.core.ApplicationFilterChain.doFilter(ApplicationFilterChain.java:149) ~[tomcat-embed-core-10.1.16.jar:10.1.16]
	at org.springframework.security.web.FilterChainProxy.lambda$doFilterInternal$3(FilterChainProxy.java:231) ~[spring-security-web-6.0.8.jar:6.0.8]
	at org.springframework.security.web.ObservationFilterChainDecorator$FilterObservation$SimpleFilterObservation.lambda$wrap$1(ObservationFilterChainDecorator.java:426) ~[spring-security-web-6.0.8.jar:6.0.8]
	at org.springframework.security.web.ObservationFilterChainDecorator$AroundFilterObservation$SimpleAroundFilterObservation.lambda$wrap$1(ObservationFilterChainDecorator.java:287) ~[spring-security-web-6.0.8.jar:6.0.8]
	at org.springframework.security.web.ObservationFilterChainDecorator.lambda$wrapSecured$0(ObservationFilterChainDecorator.java:80) ~[spring-security-web-6.0.8.jar:6.0.8]
	at org.springframework.security.web.ObservationFilterChainDecorator$VirtualFilterChain.doFilter(ObservationFilterChainDecorator.java:126) ~[spring-security-web-6.0.8.jar:6.0.8]
	at org.springframework.security.web.access.intercept.AuthorizationFilter.doFilter(AuthorizationFilter.java:100) ~[spring-security-web-6.0.8.jar:6.0.8]
	at org.springframework.security.web.ObservationFilterChainDecorator$ObservationFilter.wrapFilter(ObservationFilterChainDecorator.java:187) ~[spring-security-web-6.0.8.jar:6.0.8]
	at org.springframework.security.web.ObservationFilterChainDecorator$ObservationFilter.doFilter(ObservationFilterChainDecorator.java:174) ~[spring-security-web-6.0.8.jar:6.0.8]
	at org.springframework.security.web.ObservationFilterChainDecorator$VirtualFilterChain.doFilter(ObservationFilterChainDecorator.java:135) ~[spring-security-web-6.0.8.jar:6.0.8]
	at org.springframework.security.web.access.ExceptionTranslationFilter.doFilter(ExceptionTranslationFilter.java:126) ~[spring-security-web-6.0.8.jar:6.0.8]
	at org.springframework.security.web.access.ExceptionTranslationFilter.doFilter(ExceptionTranslationFilter.java:120) ~[spring-security-web-6.0.8.jar:6.0.8]
	at org.springframework.security.web.ObservationFilterChainDecorator$ObservationFilter.wrapFilter(ObservationFilterChainDecorator.java:187) ~[spring-security-web-6.0.8.jar:6.0.8]
	at org.springframework.security.web.ObservationFilterChainDecorator$ObservationFilter.doFilter(ObservationFilterChainDecorator.java:174) ~[spring-security-web-6.0.8.jar:6.0.8]
	at org.springframework.security.web.ObservationFilterChainDecorator$VirtualFilterChain.doFilter(ObservationFilterChainDecorator.java:135) ~[spring-security-web-6.0.8.jar:6.0.8]
	at org.springframework.security.web.session.SessionManagementFilter.doFilter(SessionManagementFilter.java:131) ~[spring-security-web-6.0.8.jar:6.0.8]
	at org.springframework.security.web.session.SessionManagementFilter.doFilter(SessionManagementFilter.java:85) ~[spring-security-web-6.0.8.jar:6.0.8]
	at org.springframework.security.web.ObservationFilterChainDecorator$ObservationFilter.wrapFilter(ObservationFilterChainDecorator.java:187) ~[spring-security-web-6.0.8.jar:6.0.8]
	at org.springframework.security.web.ObservationFilterChainDecorator$ObservationFilter.doFilter(ObservationFilterChainDecorator.java:174) ~[spring-security-web-6.0.8.jar:6.0.8]
	at org.springframework.security.web.ObservationFilterChainDecorator$VirtualFilterChain.doFilter(ObservationFilterChainDecorator.java:135) ~[spring-security-web-6.0.8.jar:6.0.8]
	at org.springframework.security.web.authentication.AnonymousAuthenticationFilter.doFilter(AnonymousAuthenticationFilter.java:100) ~[spring-security-web-6.0.8.jar:6.0.8]
	at org.springframework.security.web.ObservationFilterChainDecorator$ObservationFilter.wrapFilter(ObservationFilterChainDecorator.java:187) ~[spring-security-web-6.0.8.jar:6.0.8]
	at org.springframework.security.web.ObservationFilterChainDecorator$ObservationFilter.doFilter(ObservationFilterChainDecorator.java:174) ~[spring-security-web-6.0.8.jar:6.0.8]
	at org.springframework.security.web.ObservationFilterChainDecorator$VirtualFilterChain.doFilter(ObservationFilterChainDecorator.java:135) ~[spring-security-web-6.0.8.jar:6.0.8]
	at org.springframework.security.web.servletapi.SecurityContextHolderAwareRequestFilter.doFilter(SecurityContextHolderAwareRequestFilter.java:179) ~[spring-security-web-6.0.8.jar:6.0.8]
	at org.springframework.security.web.ObservationFilterChainDecorator$ObservationFilter.wrapFilter(ObservationFilterChainDecorator.java:187) ~[spring-security-web-6.0.8.jar:6.0.8]
	at org.springframework.security.web.ObservationFilterChainDecorator$ObservationFilter.doFilter(ObservationFilterChainDecorator.java:174) ~[spring-security-web-6.0.8.jar:6.0.8]
	at org.springframework.security.web.ObservationFilterChainDecorator$VirtualFilterChain.doFilter(ObservationFilterChainDecorator.java:135) ~[spring-security-web-6.0.8.jar:6.0.8]
	at org.springframework.security.web.savedrequest.RequestCacheAwareFilter.doFilter(RequestCacheAwareFilter.java:63) ~[spring-security-web-6.0.8.jar:6.0.8]
	at org.springframework.security.web.ObservationFilterChainDecorator$ObservationFilter.wrapFilter(ObservationFilterChainDecorator.java:187) ~[spring-security-web-6.0.8.jar:6.0.8]
	at org.springframework.security.web.ObservationFilterChainDecorator$ObservationFilter.doFilter(ObservationFilterChainDecorator.java:174) ~[spring-security-web-6.0.8.jar:6.0.8]
	at org.springframework.security.web.ObservationFilterChainDecorator$VirtualFilterChain.doFilter(ObservationFilterChainDecorator.java:135) ~[spring-security-web-6.0.8.jar:6.0.8]
	at com.melilla.gestPlanes.JWT.JwtAuthenticationFilter.doFilterInternal(JwtAuthenticationFilter.java:68) ~[classes/:na]
	at org.springframework.web.filter.OncePerRequestFilter.doFilter(OncePerRequestFilter.java:116) ~[spring-web-6.0.14.jar:6.0.14]
	at org.springframework.security.web.ObservationFilterChainDecorator$ObservationFilter.wrapFilter(ObservationFilterChainDecorator.java:187) ~[spring-security-web-6.0.8.jar:6.0.8]
	at org.springframework.security.web.ObservationFilterChainDecorator$ObservationFilter.doFilter(ObservationFilterChainDecorator.java:174) ~[spring-security-web-6.0.8.jar:6.0.8]
	at org.springframework.security.web.ObservationFilterChainDecorator$VirtualFilterChain.doFilter(ObservationFilterChainDecorator.java:135) ~[spring-security-web-6.0.8.jar:6.0.8]
	at org.springframework.security.web.authentication.logout.LogoutFilter.doFilter(LogoutFilter.java:107) ~[spring-security-web-6.0.8.jar:6.0.8]
	at org.springframework.security.web.authentication.logout.LogoutFilter.doFilter(LogoutFilter.java:93) ~[spring-security-web-6.0.8.jar:6.0.8]
	at org.springframework.security.web.ObservationFilterChainDecorator$ObservationFilter.wrapFilter(ObservationFilterChainDecorator.java:187) ~[spring-security-web-6.0.8.jar:6.0.8]
	at org.springframework.security.web.ObservationFilterChainDecorator$ObservationFilter.doFilter(ObservationFilterChainDecorator.java:174) ~[spring-security-web-6.0.8.jar:6.0.8]
	at org.springframework.security.web.ObservationFilterChainDecorator$VirtualFilterChain.doFilter(ObservationFilterChainDecorator.java:135) ~[spring-security-web-6.0.8.jar:6.0.8]
	at org.springframework.web.filter.CorsFilter.doFilterInternal(CorsFilter.java:91) ~[spring-web-6.0.14.jar:6.0.14]
	at org.springframework.web.filter.OncePerRequestFilter.doFilter(OncePerRequestFilter.java:116) ~[spring-web-6.0.14.jar:6.0.14]
	at org.springframework.security.web.ObservationFilterChainDecorator$ObservationFilter.wrapFilter(ObservationFilterChainDecorator.java:187) ~[spring-security-web-6.0.8.jar:6.0.8]
	at org.springframework.security.web.ObservationFilterChainDecorator$ObservationFilter.doFilter(ObservationFilterChainDecorator.java:174) ~[spring-security-web-6.0.8.jar:6.0.8]
	at org.springframework.security.web.ObservationFilterChainDecorator$VirtualFilterChain.doFilter(ObservationFilterChainDecorator.java:135) ~[spring-security-web-6.0.8.jar:6.0.8]
	at org.springframework.security.web.header.HeaderWriterFilter.doHeadersAfter(HeaderWriterFilter.java:90) ~[spring-security-web-6.0.8.jar:6.0.8]
	at org.springframework.security.web.header.HeaderWriterFilter.doFilterInternal(HeaderWriterFilter.java:75) ~[spring-security-web-6.0.8.jar:6.0.8]
	at org.springframework.web.filter.OncePerRequestFilter.doFilter(OncePerRequestFilter.java:116) ~[spring-web-6.0.14.jar:6.0.14]
	at org.springframework.security.web.ObservationFilterChainDecorator$ObservationFilter.wrapFilter(ObservationFilterChainDecorator.java:187) ~[spring-security-web-6.0.8.jar:6.0.8]
	at org.springframework.security.web.ObservationFilterChainDecorator$ObservationFilter.doFilter(ObservationFilterChainDecorator.java:174) ~[spring-security-web-6.0.8.jar:6.0.8]
	at org.springframework.security.web.ObservationFilterChainDecorator$VirtualFilterChain.doFilter(ObservationFilterChainDecorator.java:135) ~[spring-security-web-6.0.8.jar:6.0.8]
	at org.springframework.security.web.context.SecurityContextHolderFilter.doFilter(SecurityContextHolderFilter.java:82) ~[spring-security-web-6.0.8.jar:6.0.8]
	at org.springframework.security.web.context.SecurityContextHolderFilter.doFilter(SecurityContextHolderFilter.java:69) ~[spring-security-web-6.0.8.jar:6.0.8]
	at org.springframework.security.web.ObservationFilterChainDecorator$ObservationFilter.wrapFilter(ObservationFilterChainDecorator.java:187) ~[spring-security-web-6.0.8.jar:6.0.8]
	at org.springframework.security.web.ObservationFilterChainDecorator$ObservationFilter.doFilter(ObservationFilterChainDecorator.java:174) ~[spring-security-web-6.0.8.jar:6.0.8]
	at org.springframework.security.web.ObservationFilterChainDecorator$VirtualFilterChain.doFilter(ObservationFilterChainDecorator.java:135) ~[spring-security-web-6.0.8.jar:6.0.8]
	at org.springframework.security.web.context.request.async.WebAsyncManagerIntegrationFilter.doFilterInternal(WebAsyncManagerIntegrationFilter.java:62) ~[spring-security-web-6.0.8.jar:6.0.8]
	at org.springframework.web.filter.OncePerRequestFilter.doFilter(OncePerRequestFilter.java:116) ~[spring-web-6.0.14.jar:6.0.14]
	at org.springframework.security.web.ObservationFilterChainDecorator$ObservationFilter.wrapFilter(ObservationFilterChainDecorator.java:187) ~[spring-security-web-6.0.8.jar:6.0.8]
	at org.springframework.security.web.ObservationFilterChainDecorator$ObservationFilter.doFilter(ObservationFilterChainDecorator.java:174) ~[spring-security-web-6.0.8.jar:6.0.8]
	at org.springframework.security.web.ObservationFilterChainDecorator$VirtualFilterChain.doFilter(ObservationFilterChainDecorator.java:135) ~[spring-security-web-6.0.8.jar:6.0.8]
	at org.springframework.security.web.session.DisableEncodeUrlFilter.doFilterInternal(DisableEncodeUrlFilter.java:42) ~[spring-security-web-6.0.8.jar:6.0.8]
	at org.springframework.web.filter.OncePerRequestFilter.doFilter(OncePerRequestFilter.java:116) ~[spring-web-6.0.14.jar:6.0.14]
	at org.springframework.security.web.ObservationFilterChainDecorator$ObservationFilter.wrapFilter(ObservationFilterChainDecorator.java:187) ~[spring-security-web-6.0.8.jar:6.0.8]
	at org.springframework.security.web.ObservationFilterChainDecorator$AroundFilterObservation$SimpleAroundFilterObservation.lambda$wrap$0(ObservationFilterChainDecorator.java:270) ~[spring-security-web-6.0.8.jar:6.0.8]
	at org.springframework.security.web.ObservationFilterChainDecorator$ObservationFilter.doFilter(ObservationFilterChainDecorator.java:171) ~[spring-security-web-6.0.8.jar:6.0.8]
	at org.springframework.security.web.ObservationFilterChainDecorator$VirtualFilterChain.doFilter(ObservationFilterChainDecorator.java:135) ~[spring-security-web-6.0.8.jar:6.0.8]
	at org.springframework.security.web.FilterChainProxy.doFilterInternal(FilterChainProxy.java:233) ~[spring-security-web-6.0.8.jar:6.0.8]
	at org.springframework.security.web.FilterChainProxy.doFilter(FilterChainProxy.java:191) ~[spring-security-web-6.0.8.jar:6.0.8]
	at org.springframework.web.filter.DelegatingFilterProxy.invokeDelegate(DelegatingFilterProxy.java:352) ~[spring-web-6.0.14.jar:6.0.14]
	at org.springframework.web.filter.DelegatingFilterProxy.doFilter(DelegatingFilterProxy.java:268) ~[spring-web-6.0.14.jar:6.0.14]
	at org.apache.catalina.core.ApplicationFilterChain.internalDoFilter(ApplicationFilterChain.java:174) ~[tomcat-embed-core-10.1.16.jar:10.1.16]
	at org.apache.catalina.core.ApplicationFilterChain.doFilter(ApplicationFilterChain.java:149) ~[tomcat-embed-core-10.1.16.jar:10.1.16]
	at org.springframework.web.filter.RequestContextFilter.doFilterInternal(RequestContextFilter.java:100) ~[spring-web-6.0.14.jar:6.0.14]
	at org.springframework.web.filter.OncePerRequestFilter.doFilter(OncePerRequestFilter.java:116) ~[spring-web-6.0.14.jar:6.0.14]
	at org.apache.catalina.core.ApplicationFilterChain.internalDoFilter(ApplicationFilterChain.java:174) ~[tomcat-embed-core-10.1.16.jar:10.1.16]
	at org.apache.catalina.core.ApplicationFilterChain.doFilter(ApplicationFilterChain.java:149) ~[tomcat-embed-core-10.1.16.jar:10.1.16]
	at org.springframework.web.filter.FormContentFilter.doFilterInternal(FormContentFilter.java:93) ~[spring-web-6.0.14.jar:6.0.14]
	at org.springframework.web.filter.OncePerRequestFilter.doFilter(OncePerRequestFilter.java:116) ~[spring-web-6.0.14.jar:6.0.14]
	at org.apache.catalina.core.ApplicationFilterChain.internalDoFilter(ApplicationFilterChain.java:174) ~[tomcat-embed-core-10.1.16.jar:10.1.16]
	at org.apache.catalina.core.ApplicationFilterChain.doFilter(ApplicationFilterChain.java:149) ~[tomcat-embed-core-10.1.16.jar:10.1.16]
	at org.springframework.web.filter.ServerHttpObservationFilter.doFilterInternal(ServerHttpObservationFilter.java:109) ~[spring-web-6.0.14.jar:6.0.14]
	at org.springframework.web.filter.OncePerRequestFilter.doFilter(OncePerRequestFilter.java:116) ~[spring-web-6.0.14.jar:6.0.14]
	at org.apache.catalina.core.ApplicationFilterChain.internalDoFilter(ApplicationFilterChain.java:174) ~[tomcat-embed-core-10.1.16.jar:10.1.16]
	at org.apache.catalina.core.ApplicationFilterChain.doFilter(ApplicationFilterChain.java:149) ~[tomcat-embed-core-10.1.16.jar:10.1.16]
	at org.springframework.web.filter.CharacterEncodingFilter.doFilterInternal(CharacterEncodingFilter.java:201) ~[spring-web-6.0.14.jar:6.0.14]
	at org.springframework.web.filter.OncePerRequestFilter.doFilter(OncePerRequestFilter.java:116) ~[spring-web-6.0.14.jar:6.0.14]
	at org.apache.catalina.core.ApplicationFilterChain.internalDoFilter(ApplicationFilterChain.java:174) ~[tomcat-embed-core-10.1.16.jar:10.1.16]
	at org.apache.catalina.core.ApplicationFilterChain.doFilter(ApplicationFilterChain.java:149) ~[tomcat-embed-core-10.1.16.jar:10.1.16]
	at org.apache.catalina.core.StandardWrapperValve.invoke(StandardWrapperValve.java:167) ~[tomcat-embed-core-10.1.16.jar:10.1.16]
	at org.apache.catalina.core.StandardContextValve.invoke(StandardContextValve.java:90) ~[tomcat-embed-core-10.1.16.jar:10.1.16]
	at org.apache.catalina.authenticator.AuthenticatorBase.invoke(AuthenticatorBase.java:482) ~[tomcat-embed-core-10.1.16.jar:10.1.16]
	at org.apache.catalina.core.StandardHostValve.invoke(StandardHostValve.java:115) ~[tomcat-embed-core-10.1.16.jar:10.1.16]
	at org.apache.catalina.valves.ErrorReportValve.invoke(ErrorReportValve.java:93) ~[tomcat-embed-core-10.1.16.jar:10.1.16]
	at org.apache.catalina.core.StandardEngineValve.invoke(StandardEngineValve.java:74) ~[tomcat-embed-core-10.1.16.jar:10.1.16]
	at org.apache.catalina.connector.CoyoteAdapter.service(CoyoteAdapter.java:340) ~[tomcat-embed-core-10.1.16.jar:10.1.16]
	at org.apache.coyote.http11.Http11Processor.service(Http11Processor.java:391) ~[tomcat-embed-core-10.1.16.jar:10.1.16]
	at org.apache.coyote.AbstractProcessorLight.process(AbstractProcessorLight.java:63) ~[tomcat-embed-core-10.1.16.jar:10.1.16]
	at org.apache.coyote.AbstractProtocol$ConnectionHandler.process(AbstractProtocol.java:896) ~[tomcat-embed-core-10.1.16.jar:10.1.16]
	at org.apache.tomcat.util.net.NioEndpoint$SocketProcessor.doRun(NioEndpoint.java:1744) ~[tomcat-embed-core-10.1.16.jar:10.1.16]
	at org.apache.tomcat.util.net.SocketProcessorBase.run(SocketProcessorBase.java:52) ~[tomcat-embed-core-10.1.16.jar:10.1.16]
	at org.apache.tomcat.util.threads.ThreadPoolExecutor.runWorker(ThreadPoolExecutor.java:1191) ~[tomcat-embed-core-10.1.16.jar:10.1.16]
	at org.apache.tomcat.util.threads.ThreadPoolExecutor$Worker.run(ThreadPoolExecutor.java:659) ~[tomcat-embed-core-10.1.16.jar:10.1.16]
	at org.apache.tomcat.util.threads.TaskThread$WrappingRunnable.run(TaskThread.java:61) ~[tomcat-embed-core-10.1.16.jar:10.1.16]
	at java.base/java.lang.Thread.run(Thread.java:833) ~[na:na]

2025-10-30T12:32:43.243+01:00 ERROR 40540 --- [http-nio-9092-exec-3] o.a.c.c.C.[.[.[/].[dispatcherServlet]    : Servlet.service() for servlet [dispatcherServlet] in context with path [] threw exception [Request processing failed: java.lang.NullPointerException: Cannot invoke "String.equals(Object)" because "userName" is null] with root cause

java.lang.NullPointerException: Cannot invoke "String.equals(Object)" because "userName" is null
	at com.melilla.gestPlanes.service.impl.JWTServiceImpl.isTokenValid(JWTServiceImpl.java:49) ~[classes/:na]
	at com.melilla.gestPlanes.service.impl.AuthenticationServiceImpl.checkToken(AuthenticationServiceImpl.java:67) ~[classes/:na]
	at com.melilla.gestPlanes.controller.AuthenticationController.compruebaToken(AuthenticationController.java:84) ~[classes/:na]
	at java.base/jdk.internal.reflect.NativeMethodAccessorImpl.invoke0(Native Method) ~[na:na]
	at java.base/jdk.internal.reflect.NativeMethodAccessorImpl.invoke(NativeMethodAccessorImpl.java:77) ~[na:na]
	at java.base/jdk.internal.reflect.DelegatingMethodAccessorImpl.invoke(DelegatingMethodAccessorImpl.java:43) ~[na:na]
	at java.base/java.lang.reflect.Method.invoke(Method.java:568) ~[na:na]
	at org.springframework.web.method.support.InvocableHandlerMethod.doInvoke(InvocableHandlerMethod.java:205) ~[spring-web-6.0.14.jar:6.0.14]
	at org.springframework.web.method.support.InvocableHandlerMethod.invokeForRequest(InvocableHandlerMethod.java:150) ~[spring-web-6.0.14.jar:6.0.14]
	at org.springframework.web.servlet.mvc.method.annotation.ServletInvocableHandlerMethod.invokeAndHandle(ServletInvocableHandlerMethod.java:118) ~[spring-webmvc-6.0.14.jar:6.0.14]
	at org.springframework.web.servlet.mvc.method.annotation.RequestMappingHandlerAdapter.invokeHandlerMethod(RequestMappingHandlerAdapter.java:884) ~[spring-webmvc-6.0.14.jar:6.0.14]
	at org.springframework.web.servlet.mvc.method.annotation.RequestMappingHandlerAdapter.handleInternal(RequestMappingHandlerAdapter.java:797) ~[spring-webmvc-6.0.14.jar:6.0.14]
	at org.springframework.web.servlet.mvc.method.AbstractHandlerMethodAdapter.handle(AbstractHandlerMethodAdapter.java:87) ~[spring-webmvc-6.0.14.jar:6.0.14]
	at org.springframework.web.servlet.DispatcherServlet.doDispatch(DispatcherServlet.java:1081) ~[spring-webmvc-6.0.14.jar:6.0.14]
	at org.springframework.web.servlet.DispatcherServlet.doService(DispatcherServlet.java:974) ~[spring-webmvc-6.0.14.jar:6.0.14]
	at org.springframework.web.servlet.FrameworkServlet.processRequest(FrameworkServlet.java:1014) ~[spring-webmvc-6.0.14.jar:6.0.14]
	at org.springframework.web.servlet.FrameworkServlet.doPost(FrameworkServlet.java:914) ~[spring-webmvc-6.0.14.jar:6.0.14]
	at jakarta.servlet.http.HttpServlet.service(HttpServlet.java:590) ~[tomcat-embed-core-10.1.16.jar:6.0]
	at org.springframework.web.servlet.FrameworkServlet.service(FrameworkServlet.java:885) ~[spring-webmvc-6.0.14.jar:6.0.14]
	at jakarta.servlet.http.HttpServlet.service(HttpServlet.java:658) ~[tomcat-embed-core-10.1.16.jar:6.0]
	at org.apache.catalina.core.ApplicationFilterChain.internalDoFilter(ApplicationFilterChain.java:205) ~[tomcat-embed-core-10.1.16.jar:10.1.16]
	at org.apache.catalina.core.ApplicationFilterChain.doFilter(ApplicationFilterChain.java:149) ~[tomcat-embed-core-10.1.16.jar:10.1.16]
	at org.apache.tomcat.websocket.server.WsFilter.doFilter(WsFilter.java:51) ~[tomcat-embed-websocket-10.1.16.jar:10.1.16]
	at org.apache.catalina.core.ApplicationFilterChain.internalDoFilter(ApplicationFilterChain.java:174) ~[tomcat-embed-core-10.1.16.jar:10.1.16]
	at org.apache.catalina.core.ApplicationFilterChain.doFilter(ApplicationFilterChain.java:149) ~[tomcat-embed-core-10.1.16.jar:10.1.16]
	at org.springframework.web.filter.OncePerRequestFilter.doFilter(OncePerRequestFilter.java:110) ~[spring-web-6.0.14.jar:6.0.14]
	at org.apache.catalina.core.ApplicationFilterChain.internalDoFilter(ApplicationFilterChain.java:174) ~[tomcat-embed-core-10.1.16.jar:10.1.16]
	at org.apache.catalina.core.ApplicationFilterChain.doFilter(ApplicationFilterChain.java:149) ~[tomcat-embed-core-10.1.16.jar:10.1.16]
	at org.springframework.security.web.FilterChainProxy.lambda$doFilterInternal$3(FilterChainProxy.java:231) ~[spring-security-web-6.0.8.jar:6.0.8]
	at org.springframework.security.web.ObservationFilterChainDecorator$FilterObservation$SimpleFilterObservation.lambda$wrap$1(ObservationFilterChainDecorator.java:426) ~[spring-security-web-6.0.8.jar:6.0.8]
	at org.springframework.security.web.ObservationFilterChainDecorator$AroundFilterObservation$SimpleAroundFilterObservation.lambda$wrap$1(ObservationFilterChainDecorator.java:287) ~[spring-security-web-6.0.8.jar:6.0.8]
	at org.springframework.security.web.ObservationFilterChainDecorator.lambda$wrapSecured$0(ObservationFilterChainDecorator.java:80) ~[spring-security-web-6.0.8.jar:6.0.8]
	at org.springframework.security.web.ObservationFilterChainDecorator$VirtualFilterChain.doFilter(ObservationFilterChainDecorator.java:126) ~[spring-security-web-6.0.8.jar:6.0.8]
	at org.springframework.security.web.access.intercept.AuthorizationFilter.doFilter(AuthorizationFilter.java:100) ~[spring-security-web-6.0.8.jar:6.0.8]
	at org.springframework.security.web.ObservationFilterChainDecorator$ObservationFilter.wrapFilter(ObservationFilterChainDecorator.java:187) ~[spring-security-web-6.0.8.jar:6.0.8]
	at org.springframework.security.web.ObservationFilterChainDecorator$ObservationFilter.doFilter(ObservationFilterChainDecorator.java:174) ~[spring-security-web-6.0.8.jar:6.0.8]
	at org.springframework.security.web.ObservationFilterChainDecorator$VirtualFilterChain.doFilter(ObservationFilterChainDecorator.java:135) ~[spring-security-web-6.0.8.jar:6.0.8]
	at org.springframework.security.web.access.ExceptionTranslationFilter.doFilter(ExceptionTranslationFilter.java:126) ~[spring-security-web-6.0.8.jar:6.0.8]
	at org.springframework.security.web.access.ExceptionTranslationFilter.doFilter(ExceptionTranslationFilter.java:120) ~[spring-security-web-6.0.8.jar:6.0.8]
	at org.springframework.security.web.ObservationFilterChainDecorator$ObservationFilter.wrapFilter(ObservationFilterChainDecorator.java:187) ~[spring-security-web-6.0.8.jar:6.0.8]
	at org.springframework.security.web.ObservationFilterChainDecorator$ObservationFilter.doFilter(ObservationFilterChainDecorator.java:174) ~[spring-security-web-6.0.8.jar:6.0.8]
	at org.springframework.security.web.ObservationFilterChainDecorator$VirtualFilterChain.doFilter(ObservationFilterChainDecorator.java:135) ~[spring-security-web-6.0.8.jar:6.0.8]
	at org.springframework.security.web.session.SessionManagementFilter.doFilter(SessionManagementFilter.java:131) ~[spring-security-web-6.0.8.jar:6.0.8]
	at org.springframework.security.web.session.SessionManagementFilter.doFilter(SessionManagementFilter.java:85) ~[spring-security-web-6.0.8.jar:6.0.8]
	at org.springframework.security.web.ObservationFilterChainDecorator$ObservationFilter.wrapFilter(ObservationFilterChainDecorator.java:187) ~[spring-security-web-6.0.8.jar:6.0.8]
	at org.springframework.security.web.ObservationFilterChainDecorator$ObservationFilter.doFilter(ObservationFilterChainDecorator.java:174) ~[spring-security-web-6.0.8.jar:6.0.8]
	at org.springframework.security.web.ObservationFilterChainDecorator$VirtualFilterChain.doFilter(ObservationFilterChainDecorator.java:135) ~[spring-security-web-6.0.8.jar:6.0.8]
	at org.springframework.security.web.authentication.AnonymousAuthenticationFilter.doFilter(AnonymousAuthenticationFilter.java:100) ~[spring-security-web-6.0.8.jar:6.0.8]
	at org.springframework.security.web.ObservationFilterChainDecorator$ObservationFilter.wrapFilter(ObservationFilterChainDecorator.java:187) ~[spring-security-web-6.0.8.jar:6.0.8]
	at org.springframework.security.web.ObservationFilterChainDecorator$ObservationFilter.doFilter(ObservationFilterChainDecorator.java:174) ~[spring-security-web-6.0.8.jar:6.0.8]
	at org.springframework.security.web.ObservationFilterChainDecorator$VirtualFilterChain.doFilter(ObservationFilterChainDecorator.java:135) ~[spring-security-web-6.0.8.jar:6.0.8]
	at org.springframework.security.web.servletapi.SecurityContextHolderAwareRequestFilter.doFilter(SecurityContextHolderAwareRequestFilter.java:179) ~[spring-security-web-6.0.8.jar:6.0.8]
	at org.springframework.security.web.ObservationFilterChainDecorator$ObservationFilter.wrapFilter(ObservationFilterChainDecorator.java:187) ~[spring-security-web-6.0.8.jar:6.0.8]
	at org.springframework.security.web.ObservationFilterChainDecorator$ObservationFilter.doFilter(ObservationFilterChainDecorator.java:174) ~[spring-security-web-6.0.8.jar:6.0.8]
	at org.springframework.security.web.ObservationFilterChainDecorator$VirtualFilterChain.doFilter(ObservationFilterChainDecorator.java:135) ~[spring-security-web-6.0.8.jar:6.0.8]
	at org.springframework.security.web.savedrequest.RequestCacheAwareFilter.doFilter(RequestCacheAwareFilter.java:63) ~[spring-security-web-6.0.8.jar:6.0.8]
	at org.springframework.security.web.ObservationFilterChainDecorator$ObservationFilter.wrapFilter(ObservationFilterChainDecorator.java:187) ~[spring-security-web-6.0.8.jar:6.0.8]
	at org.springframework.security.web.ObservationFilterChainDecorator$ObservationFilter.doFilter(ObservationFilterChainDecorator.java:174) ~[spring-security-web-6.0.8.jar:6.0.8]
	at org.springframework.security.web.ObservationFilterChainDecorator$VirtualFilterChain.doFilter(ObservationFilterChainDecorator.java:135) ~[spring-security-web-6.0.8.jar:6.0.8]
	at com.melilla.gestPlanes.JWT.JwtAuthenticationFilter.doFilterInternal(JwtAuthenticationFilter.java:68) ~[classes/:na]
	at org.springframework.web.filter.OncePerRequestFilter.doFilter(OncePerRequestFilter.java:116) ~[spring-web-6.0.14.jar:6.0.14]
	at org.springframework.security.web.ObservationFilterChainDecorator$ObservationFilter.wrapFilter(ObservationFilterChainDecorator.java:187) ~[spring-security-web-6.0.8.jar:6.0.8]
	at org.springframework.security.web.ObservationFilterChainDecorator$ObservationFilter.doFilter(ObservationFilterChainDecorator.java:174) ~[spring-security-web-6.0.8.jar:6.0.8]
	at org.springframework.security.web.ObservationFilterChainDecorator$VirtualFilterChain.doFilter(ObservationFilterChainDecorator.java:135) ~[spring-security-web-6.0.8.jar:6.0.8]
	at org.springframework.security.web.authentication.logout.LogoutFilter.doFilter(LogoutFilter.java:107) ~[spring-security-web-6.0.8.jar:6.0.8]
	at org.springframework.security.web.authentication.logout.LogoutFilter.doFilter(LogoutFilter.java:93) ~[spring-security-web-6.0.8.jar:6.0.8]
	at org.springframework.security.web.ObservationFilterChainDecorator$ObservationFilter.wrapFilter(ObservationFilterChainDecorator.java:187) ~[spring-security-web-6.0.8.jar:6.0.8]
	at org.springframework.security.web.ObservationFilterChainDecorator$ObservationFilter.doFilter(ObservationFilterChainDecorator.java:174) ~[spring-security-web-6.0.8.jar:6.0.8]
	at org.springframework.security.web.ObservationFilterChainDecorator$VirtualFilterChain.doFilter(ObservationFilterChainDecorator.java:135) ~[spring-security-web-6.0.8.jar:6.0.8]
	at org.springframework.web.filter.CorsFilter.doFilterInternal(CorsFilter.java:91) ~[spring-web-6.0.14.jar:6.0.14]
	at org.springframework.web.filter.OncePerRequestFilter.doFilter(OncePerRequestFilter.java:116) ~[spring-web-6.0.14.jar:6.0.14]
	at org.springframework.security.web.ObservationFilterChainDecorator$ObservationFilter.wrapFilter(ObservationFilterChainDecorator.java:187) ~[spring-security-web-6.0.8.jar:6.0.8]
	at org.springframework.security.web.ObservationFilterChainDecorator$ObservationFilter.doFilter(ObservationFilterChainDecorator.java:174) ~[spring-security-web-6.0.8.jar:6.0.8]
	at org.springframework.security.web.ObservationFilterChainDecorator$VirtualFilterChain.doFilter(ObservationFilterChainDecorator.java:135) ~[spring-security-web-6.0.8.jar:6.0.8]
	at org.springframework.security.web.header.HeaderWriterFilter.doHeadersAfter(HeaderWriterFilter.java:90) ~[spring-security-web-6.0.8.jar:6.0.8]
	at org.springframework.security.web.header.HeaderWriterFilter.doFilterInternal(HeaderWriterFilter.java:75) ~[spring-security-web-6.0.8.jar:6.0.8]
	at org.springframework.web.filter.OncePerRequestFilter.doFilter(OncePerRequestFilter.java:116) ~[spring-web-6.0.14.jar:6.0.14]
	at org.springframework.security.web.ObservationFilterChainDecorator$ObservationFilter.wrapFilter(ObservationFilterChainDecorator.java:187) ~[spring-security-web-6.0.8.jar:6.0.8]
	at org.springframework.security.web.ObservationFilterChainDecorator$ObservationFilter.doFilter(ObservationFilterChainDecorator.java:174) ~[spring-security-web-6.0.8.jar:6.0.8]
	at org.springframework.security.web.ObservationFilterChainDecorator$VirtualFilterChain.doFilter(ObservationFilterChainDecorator.java:135) ~[spring-security-web-6.0.8.jar:6.0.8]
	at org.springframework.security.web.context.SecurityContextHolderFilter.doFilter(SecurityContextHolderFilter.java:82) ~[spring-security-web-6.0.8.jar:6.0.8]
	at org.springframework.security.web.context.SecurityContextHolderFilter.doFilter(SecurityContextHolderFilter.java:69) ~[spring-security-web-6.0.8.jar:6.0.8]
	at org.springframework.security.web.ObservationFilterChainDecorator$ObservationFilter.wrapFilter(ObservationFilterChainDecorator.java:187) ~[spring-security-web-6.0.8.jar:6.0.8]
	at org.springframework.security.web.ObservationFilterChainDecorator$ObservationFilter.doFilter(ObservationFilterChainDecorator.java:174) ~[spring-security-web-6.0.8.jar:6.0.8]
	at org.springframework.security.web.ObservationFilterChainDecorator$VirtualFilterChain.doFilter(ObservationFilterChainDecorator.java:135) ~[spring-security-web-6.0.8.jar:6.0.8]
	at org.springframework.security.web.context.request.async.WebAsyncManagerIntegrationFilter.doFilterInternal(WebAsyncManagerIntegrationFilter.java:62) ~[spring-security-web-6.0.8.jar:6.0.8]
	at org.springframework.web.filter.OncePerRequestFilter.doFilter(OncePerRequestFilter.java:116) ~[spring-web-6.0.14.jar:6.0.14]
	at org.springframework.security.web.ObservationFilterChainDecorator$ObservationFilter.wrapFilter(ObservationFilterChainDecorator.java:187) ~[spring-security-web-6.0.8.jar:6.0.8]
	at org.springframework.security.web.ObservationFilterChainDecorator$ObservationFilter.doFilter(ObservationFilterChainDecorator.java:174) ~[spring-security-web-6.0.8.jar:6.0.8]
	at org.springframework.security.web.ObservationFilterChainDecorator$VirtualFilterChain.doFilter(ObservationFilterChainDecorator.java:135) ~[spring-security-web-6.0.8.jar:6.0.8]
	at org.springframework.security.web.session.DisableEncodeUrlFilter.doFilterInternal(DisableEncodeUrlFilter.java:42) ~[spring-security-web-6.0.8.jar:6.0.8]
	at org.springframework.web.filter.OncePerRequestFilter.doFilter(OncePerRequestFilter.java:116) ~[spring-web-6.0.14.jar:6.0.14]
	at org.springframework.security.web.ObservationFilterChainDecorator$ObservationFilter.wrapFilter(ObservationFilterChainDecorator.java:187) ~[spring-security-web-6.0.8.jar:6.0.8]
	at org.springframework.security.web.ObservationFilterChainDecorator$AroundFilterObservation$SimpleAroundFilterObservation.lambda$wrap$0(ObservationFilterChainDecorator.java:270) ~[spring-security-web-6.0.8.jar:6.0.8]
	at org.springframework.security.web.ObservationFilterChainDecorator$ObservationFilter.doFilter(ObservationFilterChainDecorator.java:171) ~[spring-security-web-6.0.8.jar:6.0.8]
	at org.springframework.security.web.ObservationFilterChainDecorator$VirtualFilterChain.doFilter(ObservationFilterChainDecorator.java:135) ~[spring-security-web-6.0.8.jar:6.0.8]
	at org.springframework.security.web.FilterChainProxy.doFilterInternal(FilterChainProxy.java:233) ~[spring-security-web-6.0.8.jar:6.0.8]
	at org.springframework.security.web.FilterChainProxy.doFilter(FilterChainProxy.java:191) ~[spring-security-web-6.0.8.jar:6.0.8]
	at org.springframework.web.filter.DelegatingFilterProxy.invokeDelegate(DelegatingFilterProxy.java:352) ~[spring-web-6.0.14.jar:6.0.14]
	at org.springframework.web.filter.DelegatingFilterProxy.doFilter(DelegatingFilterProxy.java:268) ~[spring-web-6.0.14.jar:6.0.14]
	at org.apache.catalina.core.ApplicationFilterChain.internalDoFilter(ApplicationFilterChain.java:174) ~[tomcat-embed-core-10.1.16.jar:10.1.16]
	at org.apache.catalina.core.ApplicationFilterChain.doFilter(ApplicationFilterChain.java:149) ~[tomcat-embed-core-10.1.16.jar:10.1.16]
	at org.springframework.web.filter.RequestContextFilter.doFilterInternal(RequestContextFilter.java:100) ~[spring-web-6.0.14.jar:6.0.14]
	at org.springframework.web.filter.OncePerRequestFilter.doFilter(OncePerRequestFilter.java:116) ~[spring-web-6.0.14.jar:6.0.14]
	at org.apache.catalina.core.ApplicationFilterChain.internalDoFilter(ApplicationFilterChain.java:174) ~[tomcat-embed-core-10.1.16.jar:10.1.16]
	at org.apache.catalina.core.ApplicationFilterChain.doFilter(ApplicationFilterChain.java:149) ~[tomcat-embed-core-10.1.16.jar:10.1.16]
	at org.springframework.web.filter.FormContentFilter.doFilterInternal(FormContentFilter.java:93) ~[spring-web-6.0.14.jar:6.0.14]
	at org.springframework.web.filter.OncePerRequestFilter.doFilter(OncePerRequestFilter.java:116) ~[spring-web-6.0.14.jar:6.0.14]
	at org.apache.catalina.core.ApplicationFilterChain.internalDoFilter(ApplicationFilterChain.java:174) ~[tomcat-embed-core-10.1.16.jar:10.1.16]
	at org.apache.catalina.core.ApplicationFilterChain.doFilter(ApplicationFilterChain.java:149) ~[tomcat-embed-core-10.1.16.jar:10.1.16]
	at org.springframework.web.filter.ServerHttpObservationFilter.doFilterInternal(ServerHttpObservationFilter.java:109) ~[spring-web-6.0.14.jar:6.0.14]
	at org.springframework.web.filter.OncePerRequestFilter.doFilter(OncePerRequestFilter.java:116) ~[spring-web-6.0.14.jar:6.0.14]
	at org.apache.catalina.core.ApplicationFilterChain.internalDoFilter(ApplicationFilterChain.java:174) ~[tomcat-embed-core-10.1.16.jar:10.1.16]
	at org.apache.catalina.core.ApplicationFilterChain.doFilter(ApplicationFilterChain.java:149) ~[tomcat-embed-core-10.1.16.jar:10.1.16]
	at org.springframework.web.filter.CharacterEncodingFilter.doFilterInternal(CharacterEncodingFilter.java:201) ~[spring-web-6.0.14.jar:6.0.14]
	at org.springframework.web.filter.OncePerRequestFilter.doFilter(OncePerRequestFilter.java:116) ~[spring-web-6.0.14.jar:6.0.14]
	at org.apache.catalina.core.ApplicationFilterChain.internalDoFilter(ApplicationFilterChain.java:174) ~[tomcat-embed-core-10.1.16.jar:10.1.16]
	at org.apache.catalina.core.ApplicationFilterChain.doFilter(ApplicationFilterChain.java:149) ~[tomcat-embed-core-10.1.16.jar:10.1.16]
	at org.apache.catalina.core.StandardWrapperValve.invoke(StandardWrapperValve.java:167) ~[tomcat-embed-core-10.1.16.jar:10.1.16]
	at org.apache.catalina.core.StandardContextValve.invoke(StandardContextValve.java:90) ~[tomcat-embed-core-10.1.16.jar:10.1.16]
	at org.apache.catalina.authenticator.AuthenticatorBase.invoke(AuthenticatorBase.java:482) ~[tomcat-embed-core-10.1.16.jar:10.1.16]
	at org.apache.catalina.core.StandardHostValve.invoke(StandardHostValve.java:115) ~[tomcat-embed-core-10.1.16.jar:10.1.16]
	at org.apache.catalina.valves.ErrorReportValve.invoke(ErrorReportValve.java:93) ~[tomcat-embed-core-10.1.16.jar:10.1.16]
	at org.apache.catalina.core.StandardEngineValve.invoke(StandardEngineValve.java:74) ~[tomcat-embed-core-10.1.16.jar:10.1.16]
	at org.apache.catalina.connector.CoyoteAdapter.service(CoyoteAdapter.java:340) ~[tomcat-embed-core-10.1.16.jar:10.1.16]
	at org.apache.coyote.http11.Http11Processor.service(Http11Processor.java:391) ~[tomcat-embed-core-10.1.16.jar:10.1.16]
	at org.apache.coyote.AbstractProcessorLight.process(AbstractProcessorLight.java:63) ~[tomcat-embed-core-10.1.16.jar:10.1.16]
	at org.apache.coyote.AbstractProtocol$ConnectionHandler.process(AbstractProtocol.java:896) ~[tomcat-embed-core-10.1.16.jar:10.1.16]
	at org.apache.tomcat.util.net.NioEndpoint$SocketProcessor.doRun(NioEndpoint.java:1744) ~[tomcat-embed-core-10.1.16.jar:10.1.16]
	at org.apache.tomcat.util.net.SocketProcessorBase.run(SocketProcessorBase.java:52) ~[tomcat-embed-core-10.1.16.jar:10.1.16]
	at org.apache.tomcat.util.threads.ThreadPoolExecutor.runWorker(ThreadPoolExecutor.java:1191) ~[tomcat-embed-core-10.1.16.jar:10.1.16]
	at org.apache.tomcat.util.threads.ThreadPoolExecutor$Worker.run(ThreadPoolExecutor.java:659) ~[tomcat-embed-core-10.1.16.jar:10.1.16]
	at org.apache.tomcat.util.threads.TaskThread$WrappingRunnable.run(TaskThread.java:61) ~[tomcat-embed-core-10.1.16.jar:10.1.16]
	at java.base/java.lang.Thread.run(Thread.java:833) ~[na:na]

2025-10-30T12:32:43.262+01:00 TRACE 40540 --- [http-nio-9092-exec-4] o.s.security.web.FilterChainProxy        : Trying to match request against DefaultSecurityFilterChain [RequestMatcher=any request, Filters=[org.springframework.security.web.session.DisableEncodeUrlFilter@5be331b2, org.springframework.security.web.context.request.async.WebAsyncManagerIntegrationFilter@8c1984f, org.springframework.security.web.context.SecurityContextHolderFilter@7e4e2bb0, org.springframework.security.web.header.HeaderWriterFilter@44382b72, org.springframework.web.filter.CorsFilter@51ca7279, org.springframework.security.web.authentication.logout.LogoutFilter@72c1cceb, com.melilla.gestPlanes.JWT.JwtAuthenticationFilter@4c20a32e, org.springframework.security.web.savedrequest.RequestCacheAwareFilter@37898d9d, org.springframework.security.web.servletapi.SecurityContextHolderAwareRequestFilter@4185fa16, org.springframework.security.web.authentication.AnonymousAuthenticationFilter@1b9b1f67, org.springframework.security.web.session.SessionManagementFilter@2907bfd1, org.springframework.security.web.access.ExceptionTranslationFilter@3ae0298, org.springframework.security.web.access.intercept.AuthorizationFilter@296f53c2]] (1/1)
2025-10-30T12:32:43.262+01:00 TRACE 40540 --- [http-nio-9092-exec-3] o.s.security.web.FilterChainProxy        : Trying to match request against DefaultSecurityFilterChain [RequestMatcher=any request, Filters=[org.springframework.security.web.session.DisableEncodeUrlFilter@5be331b2, org.springframework.security.web.context.request.async.WebAsyncManagerIntegrationFilter@8c1984f, org.springframework.security.web.context.SecurityContextHolderFilter@7e4e2bb0, org.springframework.security.web.header.HeaderWriterFilter@44382b72, org.springframework.web.filter.CorsFilter@51ca7279, org.springframework.security.web.authentication.logout.LogoutFilter@72c1cceb, com.melilla.gestPlanes.JWT.JwtAuthenticationFilter@4c20a32e, org.springframework.security.web.savedrequest.RequestCacheAwareFilter@37898d9d, org.springframework.security.web.servletapi.SecurityContextHolderAwareRequestFilter@4185fa16, org.springframework.security.web.authentication.AnonymousAuthenticationFilter@1b9b1f67, org.springframework.security.web.session.SessionManagementFilter@2907bfd1, org.springframework.security.web.access.ExceptionTranslationFilter@3ae0298, org.springframework.security.web.access.intercept.AuthorizationFilter@296f53c2]] (1/1)
2025-10-30T12:32:43.262+01:00 DEBUG 40540 --- [http-nio-9092-exec-4] o.s.security.web.FilterChainProxy        : Securing POST /error
2025-10-30T12:32:43.262+01:00 DEBUG 40540 --- [http-nio-9092-exec-3] o.s.security.web.FilterChainProxy        : Securing POST /error
2025-10-30T12:32:43.262+01:00 TRACE 40540 --- [http-nio-9092-exec-3] o.s.security.web.FilterChainProxy        : Invoking DisableEncodeUrlFilter (1/13)
2025-10-30T12:32:43.262+01:00 TRACE 40540 --- [http-nio-9092-exec-4] o.s.security.web.FilterChainProxy        : Invoking DisableEncodeUrlFilter (1/13)
2025-10-30T12:32:43.263+01:00 TRACE 40540 --- [http-nio-9092-exec-4] o.s.security.web.FilterChainProxy        : Invoking WebAsyncManagerIntegrationFilter (2/13)
2025-10-30T12:32:43.263+01:00 TRACE 40540 --- [http-nio-9092-exec-3] o.s.security.web.FilterChainProxy        : Invoking WebAsyncManagerIntegrationFilter (2/13)
2025-10-30T12:32:43.263+01:00 TRACE 40540 --- [http-nio-9092-exec-4] o.s.security.web.FilterChainProxy        : Invoking SecurityContextHolderFilter (3/13)
2025-10-30T12:32:43.263+01:00 TRACE 40540 --- [http-nio-9092-exec-3] o.s.security.web.FilterChainProxy        : Invoking SecurityContextHolderFilter (3/13)
2025-10-30T12:32:43.263+01:00 TRACE 40540 --- [http-nio-9092-exec-4] o.s.security.web.FilterChainProxy        : Invoking HeaderWriterFilter (4/13)
2025-10-30T12:32:43.263+01:00 TRACE 40540 --- [http-nio-9092-exec-3] o.s.security.web.FilterChainProxy        : Invoking HeaderWriterFilter (4/13)
2025-10-30T12:32:43.263+01:00 TRACE 40540 --- [http-nio-9092-exec-4] o.s.security.web.FilterChainProxy        : Invoking CorsFilter (5/13)
2025-10-30T12:32:43.263+01:00 TRACE 40540 --- [http-nio-9092-exec-3] o.s.security.web.FilterChainProxy        : Invoking CorsFilter (5/13)
2025-10-30T12:32:43.264+01:00 TRACE 40540 --- [http-nio-9092-exec-4] o.s.security.web.FilterChainProxy        : Invoking LogoutFilter (6/13)
2025-10-30T12:32:43.264+01:00 TRACE 40540 --- [http-nio-9092-exec-3] o.s.security.web.FilterChainProxy        : Invoking LogoutFilter (6/13)
2025-10-30T12:32:43.264+01:00 TRACE 40540 --- [http-nio-9092-exec-4] o.s.s.w.a.logout.LogoutFilter            : Did not match request to Or [Ant [pattern='/logout', GET], Ant [pattern='/logout', POST], Ant [pattern='/logout', PUT], Ant [pattern='/logout', DELETE]]
2025-10-30T12:32:43.264+01:00 TRACE 40540 --- [http-nio-9092-exec-3] o.s.s.w.a.logout.LogoutFilter            : Did not match request to Or [Ant [pattern='/logout', GET], Ant [pattern='/logout', POST], Ant [pattern='/logout', PUT], Ant [pattern='/logout', DELETE]]
2025-10-30T12:32:43.264+01:00 TRACE 40540 --- [http-nio-9092-exec-4] o.s.security.web.FilterChainProxy        : Invoking JwtAuthenticationFilter (7/13)
2025-10-30T12:32:43.264+01:00 TRACE 40540 --- [http-nio-9092-exec-3] o.s.security.web.FilterChainProxy        : Invoking JwtAuthenticationFilter (7/13)
2025-10-30T12:32:43.264+01:00 TRACE 40540 --- [http-nio-9092-exec-4] o.s.security.web.FilterChainProxy        : Invoking RequestCacheAwareFilter (8/13)
2025-10-30T12:32:43.264+01:00 TRACE 40540 --- [http-nio-9092-exec-3] o.s.security.web.FilterChainProxy        : Invoking RequestCacheAwareFilter (8/13)
2025-10-30T12:32:43.264+01:00 TRACE 40540 --- [http-nio-9092-exec-3] o.s.security.web.FilterChainProxy        : Invoking SecurityContextHolderAwareRequestFilter (9/13)
2025-10-30T12:32:43.264+01:00 TRACE 40540 --- [http-nio-9092-exec-4] o.s.security.web.FilterChainProxy        : Invoking SecurityContextHolderAwareRequestFilter (9/13)
2025-10-30T12:32:43.265+01:00 TRACE 40540 --- [http-nio-9092-exec-3] o.s.security.web.FilterChainProxy        : Invoking AnonymousAuthenticationFilter (10/13)
2025-10-30T12:32:43.265+01:00 TRACE 40540 --- [http-nio-9092-exec-3] o.s.security.web.FilterChainProxy        : Invoking SessionManagementFilter (11/13)
2025-10-30T12:32:43.265+01:00 TRACE 40540 --- [http-nio-9092-exec-4] o.s.security.web.FilterChainProxy        : Invoking AnonymousAuthenticationFilter (10/13)
2025-10-30T12:32:43.265+01:00 TRACE 40540 --- [http-nio-9092-exec-3] o.s.security.web.FilterChainProxy        : Invoking ExceptionTranslationFilter (12/13)
2025-10-30T12:32:43.265+01:00 TRACE 40540 --- [http-nio-9092-exec-4] o.s.security.web.FilterChainProxy        : Invoking SessionManagementFilter (11/13)
2025-10-30T12:32:43.265+01:00 TRACE 40540 --- [http-nio-9092-exec-3] o.s.security.web.FilterChainProxy        : Invoking AuthorizationFilter (13/13)
2025-10-30T12:32:43.265+01:00 TRACE 40540 --- [http-nio-9092-exec-4] o.s.security.web.FilterChainProxy        : Invoking ExceptionTranslationFilter (12/13)
2025-10-30T12:32:43.265+01:00 TRACE 40540 --- [http-nio-9092-exec-4] o.s.security.web.FilterChainProxy        : Invoking AuthorizationFilter (13/13)
2025-10-30T12:32:43.266+01:00 TRACE 40540 --- [http-nio-9092-exec-4] estMatcherDelegatingAuthorizationManager : Authorizing SecurityContextHolderAwareRequestWrapper[ FirewalledRequest[ org.apache.catalina.core.ApplicationHttpRequest@148fe996]]
2025-10-30T12:32:43.266+01:00 TRACE 40540 --- [http-nio-9092-exec-3] estMatcherDelegatingAuthorizationManager : Authorizing SecurityContextHolderAwareRequestWrapper[ FirewalledRequest[ org.apache.catalina.core.ApplicationHttpRequest@2f7dd39d]]
2025-10-30T12:32:43.271+01:00 DEBUG 40540 --- [http-nio-9092-exec-3] s.w.s.m.m.a.RequestMappingHandlerMapping : Mapped to org.springframework.boot.autoconfigure.web.servlet.error.BasicErrorController#error(HttpServletRequest)
2025-10-30T12:32:43.271+01:00 DEBUG 40540 --- [http-nio-9092-exec-4] s.w.s.m.m.a.RequestMappingHandlerMapping : Mapped to org.springframework.boot.autoconfigure.web.servlet.error.BasicErrorController#error(HttpServletRequest)
2025-10-30T12:32:43.272+01:00 DEBUG 40540 --- [http-nio-9092-exec-3] s.w.s.m.m.a.RequestMappingHandlerMapping : Mapped to org.springframework.boot.autoconfigure.web.servlet.error.BasicErrorController#error(HttpServletRequest)
2025-10-30T12:32:43.272+01:00 DEBUG 40540 --- [http-nio-9092-exec-4] s.w.s.m.m.a.RequestMappingHandlerMapping : Mapped to org.springframework.boot.autoconfigure.web.servlet.error.BasicErrorController#error(HttpServletRequest)
2025-10-30T12:32:43.273+01:00 DEBUG 40540 --- [http-nio-9092-exec-3] s.w.s.m.m.a.RequestMappingHandlerMapping : Mapped to org.springframework.boot.autoconfigure.web.servlet.error.BasicErrorController#error(HttpServletRequest)
2025-10-30T12:32:43.273+01:00 DEBUG 40540 --- [http-nio-9092-exec-4] s.w.s.m.m.a.RequestMappingHandlerMapping : Mapped to org.springframework.boot.autoconfigure.web.servlet.error.BasicErrorController#error(HttpServletRequest)
2025-10-30T12:32:43.274+01:00 DEBUG 40540 --- [http-nio-9092-exec-3] s.w.s.m.m.a.RequestMappingHandlerMapping : Mapped to org.springframework.boot.autoconfigure.web.servlet.error.BasicErrorController#error(HttpServletRequest)
2025-10-30T12:32:43.274+01:00 DEBUG 40540 --- [http-nio-9092-exec-4] s.w.s.m.m.a.RequestMappingHandlerMapping : Mapped to org.springframework.boot.autoconfigure.web.servlet.error.BasicErrorController#error(HttpServletRequest)
2025-10-30T12:32:43.275+01:00 DEBUG 40540 --- [http-nio-9092-exec-3] s.w.s.m.m.a.RequestMappingHandlerMapping : Mapped to org.springframework.boot.autoconfigure.web.servlet.error.BasicErrorController#error(HttpServletRequest)
2025-10-30T12:32:43.275+01:00 DEBUG 40540 --- [http-nio-9092-exec-4] s.w.s.m.m.a.RequestMappingHandlerMapping : Mapped to org.springframework.boot.autoconfigure.web.servlet.error.BasicErrorController#error(HttpServletRequest)
2025-10-30T12:32:43.275+01:00 DEBUG 40540 --- [http-nio-9092-exec-3] s.w.s.m.m.a.RequestMappingHandlerMapping : Mapped to org.springframework.boot.autoconfigure.web.servlet.error.BasicErrorController#error(HttpServletRequest)
2025-10-30T12:32:43.276+01:00 DEBUG 40540 --- [http-nio-9092-exec-4] s.w.s.m.m.a.RequestMappingHandlerMapping : Mapped to org.springframework.boot.autoconfigure.web.servlet.error.BasicErrorController#error(HttpServletRequest)
2025-10-30T12:32:43.276+01:00 DEBUG 40540 --- [http-nio-9092-exec-3] s.w.s.m.m.a.RequestMappingHandlerMapping : Mapped to org.springframework.boot.autoconfigure.web.servlet.error.BasicErrorController#error(HttpServletRequest)
2025-10-30T12:32:43.276+01:00 TRACE 40540 --- [http-nio-9092-exec-3] estMatcherDelegatingAuthorizationManager : Checking authorization on SecurityContextHolderAwareRequestWrapper[ FirewalledRequest[ org.apache.catalina.core.ApplicationHttpRequest@2f7dd39d]] using org.springframework.security.config.annotation.web.configurers.AuthorizeHttpRequestsConfigurer$$Lambda$1595/0x00000008016c9f70@609ce5c6
2025-10-30T12:32:43.276+01:00 DEBUG 40540 --- [http-nio-9092-exec-4] s.w.s.m.m.a.RequestMappingHandlerMapping : Mapped to org.springframework.boot.autoconfigure.web.servlet.error.BasicErrorController#error(HttpServletRequest)
2025-10-30T12:32:43.277+01:00 DEBUG 40540 --- [http-nio-9092-exec-3] o.s.security.web.FilterChainProxy        : Secured POST /error
2025-10-30T12:32:43.277+01:00 TRACE 40540 --- [http-nio-9092-exec-4] estMatcherDelegatingAuthorizationManager : Checking authorization on SecurityContextHolderAwareRequestWrapper[ FirewalledRequest[ org.apache.catalina.core.ApplicationHttpRequest@148fe996]] using org.springframework.security.config.annotation.web.configurers.AuthorizeHttpRequestsConfigurer$$Lambda$1595/0x00000008016c9f70@609ce5c6
2025-10-30T12:32:43.277+01:00 DEBUG 40540 --- [http-nio-9092-exec-3] o.s.web.servlet.DispatcherServlet        : "ERROR" dispatch for POST "/error", parameters={}
2025-10-30T12:32:43.277+01:00 DEBUG 40540 --- [http-nio-9092-exec-4] o.s.security.web.FilterChainProxy        : Secured POST /error
2025-10-30T12:32:43.277+01:00 DEBUG 40540 --- [http-nio-9092-exec-4] o.s.web.servlet.DispatcherServlet        : "ERROR" dispatch for POST "/error", parameters={}
2025-10-30T12:32:43.278+01:00 DEBUG 40540 --- [http-nio-9092-exec-3] s.w.s.m.m.a.RequestMappingHandlerMapping : Mapped to org.springframework.boot.autoconfigure.web.servlet.error.BasicErrorController#error(HttpServletRequest)
2025-10-30T12:32:43.279+01:00 DEBUG 40540 --- [http-nio-9092-exec-4] s.w.s.m.m.a.RequestMappingHandlerMapping : Mapped to org.springframework.boot.autoconfigure.web.servlet.error.BasicErrorController#error(HttpServletRequest)
2025-10-30T12:32:43.289+01:00 DEBUG 40540 --- [http-nio-9092-exec-3] o.s.w.s.m.m.a.HttpEntityMethodProcessor  : Using 'application/json', given [application/json, text/plain, */*] and supported [application/json, application/*+json]
2025-10-30T12:32:43.289+01:00 DEBUG 40540 --- [http-nio-9092-exec-4] o.s.w.s.m.m.a.HttpEntityMethodProcessor  : Using 'application/json', given [application/json, text/plain, */*] and supported [application/json, application/*+json]
2025-10-30T12:32:43.291+01:00 DEBUG 40540 --- [http-nio-9092-exec-3] o.s.w.s.m.m.a.HttpEntityMethodProcessor  : Writing [{timestamp=Thu Oct 30 12:32:43 CET 2025, status=500, error=Internal Server Error, trace=java.lang.Nu (truncated)...]
2025-10-30T12:32:43.291+01:00 DEBUG 40540 --- [http-nio-9092-exec-4] o.s.w.s.m.m.a.HttpEntityMethodProcessor  : Writing [{timestamp=Thu Oct 30 12:32:43 CET 2025, status=500, error=Internal Server Error, trace=java.lang.Nu (truncated)...]
2025-10-30T12:32:43.313+01:00 DEBUG 40540 --- [http-nio-9092-exec-4] o.s.web.servlet.DispatcherServlet        : Exiting from "ERROR" dispatch, status 500
2025-10-30T12:32:43.313+01:00 DEBUG 40540 --- [http-nio-9092-exec-3] o.s.web.servlet.DispatcherServlet        : Exiting from "ERROR" dispatch, status 500
2025-10-30T12:32:43.314+01:00 TRACE 40540 --- [http-nio-9092-exec-3] .s.s.w.c.SupplierDeferredSecurityContext : Created SecurityContextImpl [Null authentication]
2025-10-30T12:32:43.314+01:00 TRACE 40540 --- [http-nio-9092-exec-4] .s.s.w.c.SupplierDeferredSecurityContext : Created SecurityContextImpl [Null authentication]
2025-10-30T12:32:43.314+01:00 TRACE 40540 --- [http-nio-9092-exec-3] o.s.s.w.a.AnonymousAuthenticationFilter  : Set SecurityContextHolder to AnonymousAuthenticationToken [Principal=anonymousUser, Credentials=[PROTECTED], Authenticated=true, Details=WebAuthenticationDetails [RemoteIpAddress=0:0:0:0:0:0:0:1, SessionId=null], Granted Authorities=[ROLE_ANONYMOUS]]
2025-10-30T12:32:43.314+01:00 TRACE 40540 --- [http-nio-9092-exec-4] o.s.s.w.a.AnonymousAuthenticationFilter  : Set SecurityContextHolder to AnonymousAuthenticationToken [Principal=anonymousUser, Credentials=[PROTECTED], Authenticated=true, Details=WebAuthenticationDetails [RemoteIpAddress=0:0:0:0:0:0:0:1, SessionId=null], Granted Authorities=[ROLE_ANONYMOUS]]
2025-10-30T12:32:49.101+01:00 TRACE 40540 --- [http-nio-9092-exec-5] o.s.security.web.FilterChainProxy        : Trying to match request against DefaultSecurityFilterChain [RequestMatcher=any request, Filters=[org.springframework.security.web.session.DisableEncodeUrlFilter@5be331b2, org.springframework.security.web.context.request.async.WebAsyncManagerIntegrationFilter@8c1984f, org.springframework.security.web.context.SecurityContextHolderFilter@7e4e2bb0, org.springframework.security.web.header.HeaderWriterFilter@44382b72, org.springframework.web.filter.CorsFilter@51ca7279, org.springframework.security.web.authentication.logout.LogoutFilter@72c1cceb, com.melilla.gestPlanes.JWT.JwtAuthenticationFilter@4c20a32e, org.springframework.security.web.savedrequest.RequestCacheAwareFilter@37898d9d, org.springframework.security.web.servletapi.SecurityContextHolderAwareRequestFilter@4185fa16, org.springframework.security.web.authentication.AnonymousAuthenticationFilter@1b9b1f67, org.springframework.security.web.session.SessionManagementFilter@2907bfd1, org.springframework.security.web.access.ExceptionTranslationFilter@3ae0298, org.springframework.security.web.access.intercept.AuthorizationFilter@296f53c2]] (1/1)
2025-10-30T12:32:49.102+01:00 DEBUG 40540 --- [http-nio-9092-exec-5] o.s.security.web.FilterChainProxy        : Securing OPTIONS /login
2025-10-30T12:32:49.102+01:00 TRACE 40540 --- [http-nio-9092-exec-5] o.s.security.web.FilterChainProxy        : Invoking DisableEncodeUrlFilter (1/13)
2025-10-30T12:32:49.102+01:00 TRACE 40540 --- [http-nio-9092-exec-5] o.s.security.web.FilterChainProxy        : Invoking WebAsyncManagerIntegrationFilter (2/13)
2025-10-30T12:32:49.103+01:00 TRACE 40540 --- [http-nio-9092-exec-5] o.s.security.web.FilterChainProxy        : Invoking SecurityContextHolderFilter (3/13)
2025-10-30T12:32:49.103+01:00 TRACE 40540 --- [http-nio-9092-exec-5] o.s.security.web.FilterChainProxy        : Invoking HeaderWriterFilter (4/13)
2025-10-30T12:32:49.103+01:00 TRACE 40540 --- [http-nio-9092-exec-5] o.s.security.web.FilterChainProxy        : Invoking CorsFilter (5/13)
2025-10-30T12:32:49.104+01:00 TRACE 40540 --- [http-nio-9092-exec-5] o.s.s.w.header.writers.HstsHeaderWriter  : Not injecting HSTS header since it did not match request to [Is Secure]
2025-10-30T12:32:49.110+01:00 TRACE 40540 --- [http-nio-9092-exec-6] o.s.security.web.FilterChainProxy        : Trying to match request against DefaultSecurityFilterChain [RequestMatcher=any request, Filters=[org.springframework.security.web.session.DisableEncodeUrlFilter@5be331b2, org.springframework.security.web.context.request.async.WebAsyncManagerIntegrationFilter@8c1984f, org.springframework.security.web.context.SecurityContextHolderFilter@7e4e2bb0, org.springframework.security.web.header.HeaderWriterFilter@44382b72, org.springframework.web.filter.CorsFilter@51ca7279, org.springframework.security.web.authentication.logout.LogoutFilter@72c1cceb, com.melilla.gestPlanes.JWT.JwtAuthenticationFilter@4c20a32e, org.springframework.security.web.savedrequest.RequestCacheAwareFilter@37898d9d, org.springframework.security.web.servletapi.SecurityContextHolderAwareRequestFilter@4185fa16, org.springframework.security.web.authentication.AnonymousAuthenticationFilter@1b9b1f67, org.springframework.security.web.session.SessionManagementFilter@2907bfd1, org.springframework.security.web.access.ExceptionTranslationFilter@3ae0298, org.springframework.security.web.access.intercept.AuthorizationFilter@296f53c2]] (1/1)
2025-10-30T12:32:49.110+01:00 DEBUG 40540 --- [http-nio-9092-exec-6] o.s.security.web.FilterChainProxy        : Securing POST /login
2025-10-30T12:32:49.111+01:00 TRACE 40540 --- [http-nio-9092-exec-6] o.s.security.web.FilterChainProxy        : Invoking DisableEncodeUrlFilter (1/13)
2025-10-30T12:32:49.111+01:00 TRACE 40540 --- [http-nio-9092-exec-6] o.s.security.web.FilterChainProxy        : Invoking WebAsyncManagerIntegrationFilter (2/13)
2025-10-30T12:32:49.111+01:00 TRACE 40540 --- [http-nio-9092-exec-6] o.s.security.web.FilterChainProxy        : Invoking SecurityContextHolderFilter (3/13)
2025-10-30T12:32:49.111+01:00 TRACE 40540 --- [http-nio-9092-exec-6] o.s.security.web.FilterChainProxy        : Invoking HeaderWriterFilter (4/13)
2025-10-30T12:32:49.112+01:00 TRACE 40540 --- [http-nio-9092-exec-6] o.s.security.web.FilterChainProxy        : Invoking CorsFilter (5/13)
2025-10-30T12:32:49.112+01:00 TRACE 40540 --- [http-nio-9092-exec-6] o.s.security.web.FilterChainProxy        : Invoking LogoutFilter (6/13)
2025-10-30T12:32:49.113+01:00 TRACE 40540 --- [http-nio-9092-exec-6] o.s.s.w.a.logout.LogoutFilter            : Did not match request to Or [Ant [pattern='/logout', GET], Ant [pattern='/logout', POST], Ant [pattern='/logout', PUT], Ant [pattern='/logout', DELETE]]
2025-10-30T12:32:49.113+01:00 TRACE 40540 --- [http-nio-9092-exec-6] o.s.security.web.FilterChainProxy        : Invoking JwtAuthenticationFilter (7/13)
2025-10-30T12:32:49.113+01:00 TRACE 40540 --- [http-nio-9092-exec-6] o.s.security.web.FilterChainProxy        : Invoking RequestCacheAwareFilter (8/13)
2025-10-30T12:32:49.113+01:00 TRACE 40540 --- [http-nio-9092-exec-6] o.s.security.web.FilterChainProxy        : Invoking SecurityContextHolderAwareRequestFilter (9/13)
2025-10-30T12:32:49.113+01:00 TRACE 40540 --- [http-nio-9092-exec-6] o.s.security.web.FilterChainProxy        : Invoking AnonymousAuthenticationFilter (10/13)
2025-10-30T12:32:49.114+01:00 TRACE 40540 --- [http-nio-9092-exec-6] o.s.security.web.FilterChainProxy        : Invoking SessionManagementFilter (11/13)
2025-10-30T12:32:49.114+01:00 TRACE 40540 --- [http-nio-9092-exec-6] .s.s.w.c.SupplierDeferredSecurityContext : Created SecurityContextImpl [Null authentication]
2025-10-30T12:32:49.114+01:00 TRACE 40540 --- [http-nio-9092-exec-6] o.s.s.w.a.AnonymousAuthenticationFilter  : Set SecurityContextHolder to AnonymousAuthenticationToken [Principal=anonymousUser, Credentials=[PROTECTED], Authenticated=true, Details=WebAuthenticationDetails [RemoteIpAddress=0:0:0:0:0:0:0:1, SessionId=null], Granted Authorities=[ROLE_ANONYMOUS]]
2025-10-30T12:32:49.114+01:00 TRACE 40540 --- [http-nio-9092-exec-6] o.s.security.web.FilterChainProxy        : Invoking ExceptionTranslationFilter (12/13)
2025-10-30T12:32:49.114+01:00 TRACE 40540 --- [http-nio-9092-exec-6] o.s.security.web.FilterChainProxy        : Invoking AuthorizationFilter (13/13)
2025-10-30T12:32:49.114+01:00 TRACE 40540 --- [http-nio-9092-exec-6] estMatcherDelegatingAuthorizationManager : Authorizing SecurityContextHolderAwareRequestWrapper[ org.springframework.security.web.header.HeaderWriterFilter$HeaderWriterRequest@3c9c13de]
2025-10-30T12:32:49.115+01:00 DEBUG 40540 --- [http-nio-9092-exec-6] s.w.s.m.m.a.RequestMappingHandlerMapping : Mapped to com.melilla.gestPlanes.controller.AuthenticationController#login(LoginDTO)
2025-10-30T12:32:49.115+01:00 TRACE 40540 --- [http-nio-9092-exec-6] estMatcherDelegatingAuthorizationManager : Checking authorization on SecurityContextHolderAwareRequestWrapper[ org.springframework.security.web.header.HeaderWriterFilter$HeaderWriterRequest@3c9c13de] using org.springframework.security.config.annotation.web.configurers.AuthorizeHttpRequestsConfigurer$$Lambda$1595/0x00000008016c9f70@609ce5c6
2025-10-30T12:32:49.115+01:00 DEBUG 40540 --- [http-nio-9092-exec-6] o.s.security.web.FilterChainProxy        : Secured POST /login
2025-10-30T12:32:49.116+01:00 DEBUG 40540 --- [http-nio-9092-exec-6] o.s.web.servlet.DispatcherServlet        : POST "/login", parameters={}
2025-10-30T12:32:49.116+01:00 DEBUG 40540 --- [http-nio-9092-exec-6] s.w.s.m.m.a.RequestMappingHandlerMapping : Mapped to com.melilla.gestPlanes.controller.AuthenticationController#login(LoginDTO)
2025-10-30T12:32:49.141+01:00 DEBUG 40540 --- [http-nio-9092-exec-6] m.m.a.RequestResponseBodyMethodProcessor : Read "application/json;charset=UTF-8" to [LoginDTO(userName=admin, password=admin)]
2025-10-30T12:32:49.142+01:00 TRACE 40540 --- [http-nio-9092-exec-6] o.s.s.authentication.ProviderManager     : Authenticating request with DaoAuthenticationProvider (1/1)
2025-10-30T12:32:49.377+01:00 DEBUG 40540 --- [http-nio-9092-exec-6] o.s.s.a.dao.DaoAuthenticationProvider    : Authenticated user
2025-10-30T12:32:49.497+01:00 DEBUG 40540 --- [http-nio-9092-exec-6] o.s.w.s.m.m.a.HttpEntityMethodProcessor  : Using 'application/json', given [application/json, text/plain, */*] and supported [application/json, application/*+json]
2025-10-30T12:32:49.498+01:00 DEBUG 40540 --- [http-nio-9092-exec-6] o.s.w.s.m.m.a.HttpEntityMethodProcessor  : Writing [JwtResponseDTO(estado=200 OK, userName=admin, roles=[ADMIN, FUNCIONARIO, SUPERUSUARIO], token=eyJhbG (truncated)...]
2025-10-30T12:32:49.499+01:00 TRACE 40540 --- [http-nio-9092-exec-6] o.s.s.w.header.writers.HstsHeaderWriter  : Not injecting HSTS header since it did not match request to [Is Secure]
2025-10-30T12:32:49.500+01:00 DEBUG 40540 --- [http-nio-9092-exec-6] o.s.web.servlet.DispatcherServlet        : Completed 200 OK
2025-10-30T12:32:49.510+01:00 TRACE 40540 --- [http-nio-9092-exec-7] o.s.security.web.FilterChainProxy        : Trying to match request against DefaultSecurityFilterChain [RequestMatcher=any request, Filters=[org.springframework.security.web.session.DisableEncodeUrlFilter@5be331b2, org.springframework.security.web.context.request.async.WebAsyncManagerIntegrationFilter@8c1984f, org.springframework.security.web.context.SecurityContextHolderFilter@7e4e2bb0, org.springframework.security.web.header.HeaderWriterFilter@44382b72, org.springframework.web.filter.CorsFilter@51ca7279, org.springframework.security.web.authentication.logout.LogoutFilter@72c1cceb, com.melilla.gestPlanes.JWT.JwtAuthenticationFilter@4c20a32e, org.springframework.security.web.savedrequest.RequestCacheAwareFilter@37898d9d, org.springframework.security.web.servletapi.SecurityContextHolderAwareRequestFilter@4185fa16, org.springframework.security.web.authentication.AnonymousAuthenticationFilter@1b9b1f67, org.springframework.security.web.session.SessionManagementFilter@2907bfd1, org.springframework.security.web.access.ExceptionTranslationFilter@3ae0298, org.springframework.security.web.access.intercept.AuthorizationFilter@296f53c2]] (1/1)
2025-10-30T12:32:49.510+01:00 DEBUG 40540 --- [http-nio-9092-exec-7] o.s.security.web.FilterChainProxy        : Securing OPTIONS /planActivo
2025-10-30T12:32:49.511+01:00 TRACE 40540 --- [http-nio-9092-exec-7] o.s.security.web.FilterChainProxy        : Invoking DisableEncodeUrlFilter (1/13)
2025-10-30T12:32:49.511+01:00 TRACE 40540 --- [http-nio-9092-exec-7] o.s.security.web.FilterChainProxy        : Invoking WebAsyncManagerIntegrationFilter (2/13)
2025-10-30T12:32:49.511+01:00 TRACE 40540 --- [http-nio-9092-exec-7] o.s.security.web.FilterChainProxy        : Invoking SecurityContextHolderFilter (3/13)
2025-10-30T12:32:49.511+01:00 TRACE 40540 --- [http-nio-9092-exec-7] o.s.security.web.FilterChainProxy        : Invoking HeaderWriterFilter (4/13)
2025-10-30T12:32:49.511+01:00 TRACE 40540 --- [http-nio-9092-exec-7] o.s.security.web.FilterChainProxy        : Invoking CorsFilter (5/13)
2025-10-30T12:32:49.512+01:00 TRACE 40540 --- [http-nio-9092-exec-7] o.s.s.w.header.writers.HstsHeaderWriter  : Not injecting HSTS header since it did not match request to [Is Secure]
2025-10-30T12:32:49.519+01:00 TRACE 40540 --- [http-nio-9092-exec-8] o.s.security.web.FilterChainProxy        : Trying to match request against DefaultSecurityFilterChain [RequestMatcher=any request, Filters=[org.springframework.security.web.session.DisableEncodeUrlFilter@5be331b2, org.springframework.security.web.context.request.async.WebAsyncManagerIntegrationFilter@8c1984f, org.springframework.security.web.context.SecurityContextHolderFilter@7e4e2bb0, org.springframework.security.web.header.HeaderWriterFilter@44382b72, org.springframework.web.filter.CorsFilter@51ca7279, org.springframework.security.web.authentication.logout.LogoutFilter@72c1cceb, com.melilla.gestPlanes.JWT.JwtAuthenticationFilter@4c20a32e, org.springframework.security.web.savedrequest.RequestCacheAwareFilter@37898d9d, org.springframework.security.web.servletapi.SecurityContextHolderAwareRequestFilter@4185fa16, org.springframework.security.web.authentication.AnonymousAuthenticationFilter@1b9b1f67, org.springframework.security.web.session.SessionManagementFilter@2907bfd1, org.springframework.security.web.access.ExceptionTranslationFilter@3ae0298, org.springframework.security.web.access.intercept.AuthorizationFilter@296f53c2]] (1/1)
2025-10-30T12:32:49.519+01:00 DEBUG 40540 --- [http-nio-9092-exec-8] o.s.security.web.FilterChainProxy        : Securing GET /planActivo
2025-10-30T12:32:49.519+01:00 TRACE 40540 --- [http-nio-9092-exec-8] o.s.security.web.FilterChainProxy        : Invoking DisableEncodeUrlFilter (1/13)
2025-10-30T12:32:49.520+01:00 TRACE 40540 --- [http-nio-9092-exec-8] o.s.security.web.FilterChainProxy        : Invoking WebAsyncManagerIntegrationFilter (2/13)
2025-10-30T12:32:49.520+01:00 TRACE 40540 --- [http-nio-9092-exec-8] o.s.security.web.FilterChainProxy        : Invoking SecurityContextHolderFilter (3/13)
2025-10-30T12:32:49.520+01:00 TRACE 40540 --- [http-nio-9092-exec-8] o.s.security.web.FilterChainProxy        : Invoking HeaderWriterFilter (4/13)
2025-10-30T12:32:49.520+01:00 TRACE 40540 --- [http-nio-9092-exec-8] o.s.security.web.FilterChainProxy        : Invoking CorsFilter (5/13)
2025-10-30T12:32:49.521+01:00 TRACE 40540 --- [http-nio-9092-exec-8] o.s.security.web.FilterChainProxy        : Invoking LogoutFilter (6/13)
2025-10-30T12:32:49.521+01:00 TRACE 40540 --- [http-nio-9092-exec-8] o.s.s.w.a.logout.LogoutFilter            : Did not match request to Or [Ant [pattern='/logout', GET], Ant [pattern='/logout', POST], Ant [pattern='/logout', PUT], Ant [pattern='/logout', DELETE]]
2025-10-30T12:32:49.521+01:00 TRACE 40540 --- [http-nio-9092-exec-8] o.s.security.web.FilterChainProxy        : Invoking JwtAuthenticationFilter (7/13)
2025-10-30T12:32:49.521+01:00  INFO 40540 --- [http-nio-9092-exec-8] c.m.g.JWT.JwtAuthenticationFilter        : Bearer eyJhbGciOiJIUzUxMiJ9.eyJzdWIiOiJhZG1pbiIsImlhdCI6MTc2MTgyMzk2OSwiZXhwIjoxNzYxODI1NDA5fQ.R4aVMltenIL4KaBKwTKf-vInlBPAvv14ct7H7Rxc1mYWoizsLsW-xQjJo15qa83ot_ddgSgm8mBmQ00u2U6ngg
2025-10-30T12:32:49.524+01:00  INFO 40540 --- [http-nio-9092-exec-8] c.m.g.JWT.JwtAuthenticationFilter        : admin
2025-10-30T12:32:49.524+01:00 TRACE 40540 --- [http-nio-9092-exec-8] .s.s.w.c.SupplierDeferredSecurityContext : Created SecurityContextImpl [Null authentication]
2025-10-30T12:32:49.562+01:00  INFO 40540 --- [http-nio-9092-exec-8] c.m.g.JWT.JwtAuthenticationFilter        : Token válido
2025-10-30T12:32:49.562+01:00  INFO 40540 --- [http-nio-9092-exec-8] c.m.g.JWT.JwtAuthenticationFilter        : admin
2025-10-30T12:32:49.563+01:00 TRACE 40540 --- [http-nio-9092-exec-8] o.s.security.web.FilterChainProxy        : Invoking RequestCacheAwareFilter (8/13)
2025-10-30T12:32:49.563+01:00 TRACE 40540 --- [http-nio-9092-exec-8] o.s.security.web.FilterChainProxy        : Invoking SecurityContextHolderAwareRequestFilter (9/13)
2025-10-30T12:32:49.563+01:00 TRACE 40540 --- [http-nio-9092-exec-8] o.s.security.web.FilterChainProxy        : Invoking AnonymousAuthenticationFilter (10/13)
2025-10-30T12:32:49.563+01:00 TRACE 40540 --- [http-nio-9092-exec-8] o.s.security.web.FilterChainProxy        : Invoking SessionManagementFilter (11/13)
2025-10-30T12:32:49.567+01:00 TRACE 40540 --- [http-nio-9092-exec-8] o.s.s.w.a.AnonymousAuthenticationFilter  : Did not set SecurityContextHolder since already authenticated UsernamePasswordAuthenticationToken [Principal=User(id=1, userName=admin, password=$2y$10$fExtjY0FqU8wt37WHSPuCu7lxZ5cjhk7aw.h9Vn4.2XvY4P88vVcu, active=true, roles=[com.melilla.gestPlanes.model.Role@e949042, com.melilla.gestPlanes.model.Role@408d655b, com.melilla.gestPlanes.model.Role@7596d3ed], version=1, createdAt=null, deleted=false, deletedAt=null), Credentials=[PROTECTED], Authenticated=true, Details=WebAuthenticationDetails [RemoteIpAddress=0:0:0:0:0:0:0:1, SessionId=null], Granted Authorities=[ADMIN, FUNCIONARIO, SUPERUSUARIO]]
2025-10-30T12:32:49.568+01:00 TRACE 40540 --- [http-nio-9092-exec-8] s.CompositeSessionAuthenticationStrategy : Preparing session with ChangeSessionIdAuthenticationStrategy (1/1)
2025-10-30T12:32:49.568+01:00 TRACE 40540 --- [http-nio-9092-exec-8] o.s.security.web.FilterChainProxy        : Invoking ExceptionTranslationFilter (12/13)
2025-10-30T12:32:49.568+01:00 TRACE 40540 --- [http-nio-9092-exec-8] o.s.security.web.FilterChainProxy        : Invoking AuthorizationFilter (13/13)
2025-10-30T12:32:49.568+01:00 TRACE 40540 --- [http-nio-9092-exec-8] estMatcherDelegatingAuthorizationManager : Authorizing SecurityContextHolderAwareRequestWrapper[ org.springframework.security.web.header.HeaderWriterFilter$HeaderWriterRequest@3f273eff]
2025-10-30T12:32:49.569+01:00 DEBUG 40540 --- [http-nio-9092-exec-8] s.w.s.m.m.a.RequestMappingHandlerMapping : Mapped to com.melilla.gestPlanes.controller.PlanController#obtenerPlanActivo()
2025-10-30T12:32:49.569+01:00 DEBUG 40540 --- [http-nio-9092-exec-8] s.w.s.m.m.a.RequestMappingHandlerMapping : Mapped to com.melilla.gestPlanes.controller.PlanController#obtenerPlanActivo()
2025-10-30T12:32:49.570+01:00 DEBUG 40540 --- [http-nio-9092-exec-8] s.w.s.m.m.a.RequestMappingHandlerMapping : Mapped to com.melilla.gestPlanes.controller.PlanController#obtenerPlanActivo()
2025-10-30T12:32:49.570+01:00 DEBUG 40540 --- [http-nio-9092-exec-8] s.w.s.m.m.a.RequestMappingHandlerMapping : Mapped to com.melilla.gestPlanes.controller.PlanController#obtenerPlanActivo()
2025-10-30T12:32:49.570+01:00 DEBUG 40540 --- [http-nio-9092-exec-8] s.w.s.m.m.a.RequestMappingHandlerMapping : Mapped to com.melilla.gestPlanes.controller.PlanController#obtenerPlanActivo()
2025-10-30T12:32:49.570+01:00 DEBUG 40540 --- [http-nio-9092-exec-8] s.w.s.m.m.a.RequestMappingHandlerMapping : Mapped to com.melilla.gestPlanes.controller.PlanController#obtenerPlanActivo()
2025-10-30T12:32:49.571+01:00 DEBUG 40540 --- [http-nio-9092-exec-8] s.w.s.m.m.a.RequestMappingHandlerMapping : Mapped to com.melilla.gestPlanes.controller.PlanController#obtenerPlanActivo()
2025-10-30T12:32:49.571+01:00 TRACE 40540 --- [http-nio-9092-exec-8] estMatcherDelegatingAuthorizationManager : Checking authorization on SecurityContextHolderAwareRequestWrapper[ org.springframework.security.web.header.HeaderWriterFilter$HeaderWriterRequest@3f273eff] using org.springframework.security.authorization.AuthenticatedAuthorizationManager@6e9dc3d0
2025-10-30T12:32:49.571+01:00 DEBUG 40540 --- [http-nio-9092-exec-8] o.s.security.web.FilterChainProxy        : Secured GET /planActivo
2025-10-30T12:32:49.572+01:00 DEBUG 40540 --- [http-nio-9092-exec-8] o.s.web.servlet.DispatcherServlet        : GET "/planActivo", parameters={}
2025-10-30T12:32:49.572+01:00 DEBUG 40540 --- [http-nio-9092-exec-8] s.w.s.m.m.a.RequestMappingHandlerMapping : Mapped to com.melilla.gestPlanes.controller.PlanController#obtenerPlanActivo()
2025-10-30T12:32:49.584+01:00 DEBUG 40540 --- [http-nio-9092-exec-8] o.s.w.s.m.m.a.HttpEntityMethodProcessor  : Using 'application/json', given [application/json, text/plain, */*] and supported [application/json, application/*+json]
2025-10-30T12:32:49.594+01:00 DEBUG 40540 --- [http-nio-9092-exec-8] o.s.w.s.m.m.a.HttpEntityMethodProcessor  : Writing [java.lang.StackOverflowError]
2025-10-30T12:32:49.609+01:00 TRACE 40540 --- [http-nio-9092-exec-8] o.s.s.w.header.writers.HstsHeaderWriter  : Not injecting HSTS header since it did not match request to [Is Secure]
2025-10-30T12:32:49.610+01:00 DEBUG 40540 --- [http-nio-9092-exec-8] o.s.web.servlet.DispatcherServlet        : Completed 200 OK
2025-10-30T12:32:49.759+01:00 TRACE 40540 --- [http-nio-9092-exec-9] o.s.security.web.FilterChainProxy        : Trying to match request against DefaultSecurityFilterChain [RequestMatcher=any request, Filters=[org.springframework.security.web.session.DisableEncodeUrlFilter@5be331b2, org.springframework.security.web.context.request.async.WebAsyncManagerIntegrationFilter@8c1984f, org.springframework.security.web.context.SecurityContextHolderFilter@7e4e2bb0, org.springframework.security.web.header.HeaderWriterFilter@44382b72, org.springframework.web.filter.CorsFilter@51ca7279, org.springframework.security.web.authentication.logout.LogoutFilter@72c1cceb, com.melilla.gestPlanes.JWT.JwtAuthenticationFilter@4c20a32e, org.springframework.security.web.savedrequest.RequestCacheAwareFilter@37898d9d, org.springframework.security.web.servletapi.SecurityContextHolderAwareRequestFilter@4185fa16, org.springframework.security.web.authentication.AnonymousAuthenticationFilter@1b9b1f67, org.springframework.security.web.session.SessionManagementFilter@2907bfd1, org.springframework.security.web.access.ExceptionTranslationFilter@3ae0298, org.springframework.security.web.access.intercept.AuthorizationFilter@296f53c2]] (1/1)
2025-10-30T12:32:49.759+01:00 DEBUG 40540 --- [http-nio-9092-exec-9] o.s.security.web.FilterChainProxy        : Securing OPTIONS /dashBoard/ciudadanoPorEstado/11
2025-10-30T12:32:49.759+01:00 TRACE 40540 --- [http-nio-9092-exec-9] o.s.security.web.FilterChainProxy        : Invoking DisableEncodeUrlFilter (1/13)
2025-10-30T12:32:49.760+01:00 TRACE 40540 --- [http-nio-9092-exec-9] o.s.security.web.FilterChainProxy        : Invoking WebAsyncManagerIntegrationFilter (2/13)
2025-10-30T12:32:49.760+01:00 TRACE 40540 --- [http-nio-9092-exec-9] o.s.security.web.FilterChainProxy        : Invoking SecurityContextHolderFilter (3/13)
2025-10-30T12:32:49.760+01:00 TRACE 40540 --- [http-nio-9092-exec-9] o.s.security.web.FilterChainProxy        : Invoking HeaderWriterFilter (4/13)
2025-10-30T12:32:49.761+01:00 TRACE 40540 --- [http-nio-9092-exec-9] o.s.security.web.FilterChainProxy        : Invoking CorsFilter (5/13)
2025-10-30T12:32:49.765+01:00 TRACE 40540 --- [http-nio-9092-exec-9] o.s.s.w.header.writers.HstsHeaderWriter  : Not injecting HSTS header since it did not match request to [Is Secure]
2025-10-30T12:32:49.765+01:00 TRACE 40540 --- [http-nio-9092-exec-10] o.s.security.web.FilterChainProxy        : Trying to match request against DefaultSecurityFilterChain [RequestMatcher=any request, Filters=[org.springframework.security.web.session.DisableEncodeUrlFilter@5be331b2, org.springframework.security.web.context.request.async.WebAsyncManagerIntegrationFilter@8c1984f, org.springframework.security.web.context.SecurityContextHolderFilter@7e4e2bb0, org.springframework.security.web.header.HeaderWriterFilter@44382b72, org.springframework.web.filter.CorsFilter@51ca7279, org.springframework.security.web.authentication.logout.LogoutFilter@72c1cceb, com.melilla.gestPlanes.JWT.JwtAuthenticationFilter@4c20a32e, org.springframework.security.web.savedrequest.RequestCacheAwareFilter@37898d9d, org.springframework.security.web.servletapi.SecurityContextHolderAwareRequestFilter@4185fa16, org.springframework.security.web.authentication.AnonymousAuthenticationFilter@1b9b1f67, org.springframework.security.web.session.SessionManagementFilter@2907bfd1, org.springframework.security.web.access.ExceptionTranslationFilter@3ae0298, org.springframework.security.web.access.intercept.AuthorizationFilter@296f53c2]] (1/1)
2025-10-30T12:32:49.766+01:00 DEBUG 40540 --- [http-nio-9092-exec-10] o.s.security.web.FilterChainProxy        : Securing OPTIONS /dashBoard/ciudadanoPorEstado/11
2025-10-30T12:32:49.766+01:00 TRACE 40540 --- [http-nio-9092-exec-10] o.s.security.web.FilterChainProxy        : Invoking DisableEncodeUrlFilter (1/13)
2025-10-30T12:32:49.766+01:00 TRACE 40540 --- [http-nio-9092-exec-10] o.s.security.web.FilterChainProxy        : Invoking WebAsyncManagerIntegrationFilter (2/13)
2025-10-30T12:32:49.767+01:00 TRACE 40540 --- [http-nio-9092-exec-10] o.s.security.web.FilterChainProxy        : Invoking SecurityContextHolderFilter (3/13)
2025-10-30T12:32:49.767+01:00 TRACE 40540 --- [http-nio-9092-exec-10] o.s.security.web.FilterChainProxy        : Invoking HeaderWriterFilter (4/13)
2025-10-30T12:32:49.767+01:00 TRACE 40540 --- [http-nio-9092-exec-10] o.s.security.web.FilterChainProxy        : Invoking CorsFilter (5/13)
2025-10-30T12:32:49.770+01:00 TRACE 40540 --- [http-nio-9092-exec-10] o.s.s.w.header.writers.HstsHeaderWriter  : Not injecting HSTS header since it did not match request to [Is Secure]
2025-10-30T12:32:49.778+01:00 TRACE 40540 --- [http-nio-9092-exec-1] o.s.security.web.FilterChainProxy        : Trying to match request against DefaultSecurityFilterChain [RequestMatcher=any request, Filters=[org.springframework.security.web.session.DisableEncodeUrlFilter@5be331b2, org.springframework.security.web.context.request.async.WebAsyncManagerIntegrationFilter@8c1984f, org.springframework.security.web.context.SecurityContextHolderFilter@7e4e2bb0, org.springframework.security.web.header.HeaderWriterFilter@44382b72, org.springframework.web.filter.CorsFilter@51ca7279, org.springframework.security.web.authentication.logout.LogoutFilter@72c1cceb, com.melilla.gestPlanes.JWT.JwtAuthenticationFilter@4c20a32e, org.springframework.security.web.savedrequest.RequestCacheAwareFilter@37898d9d, org.springframework.security.web.servletapi.SecurityContextHolderAwareRequestFilter@4185fa16, org.springframework.security.web.authentication.AnonymousAuthenticationFilter@1b9b1f67, org.springframework.security.web.session.SessionManagementFilter@2907bfd1, org.springframework.security.web.access.ExceptionTranslationFilter@3ae0298, org.springframework.security.web.access.intercept.AuthorizationFilter@296f53c2]] (1/1)
2025-10-30T12:32:49.778+01:00 DEBUG 40540 --- [http-nio-9092-exec-1] o.s.security.web.FilterChainProxy        : Securing GET /planActivo
2025-10-30T12:32:49.778+01:00 TRACE 40540 --- [http-nio-9092-exec-1] o.s.security.web.FilterChainProxy        : Invoking DisableEncodeUrlFilter (1/13)
2025-10-30T12:32:49.779+01:00 TRACE 40540 --- [http-nio-9092-exec-1] o.s.security.web.FilterChainProxy        : Invoking WebAsyncManagerIntegrationFilter (2/13)
2025-10-30T12:32:49.779+01:00 TRACE 40540 --- [http-nio-9092-exec-1] o.s.security.web.FilterChainProxy        : Invoking SecurityContextHolderFilter (3/13)
2025-10-30T12:32:49.779+01:00 TRACE 40540 --- [http-nio-9092-exec-1] o.s.security.web.FilterChainProxy        : Invoking HeaderWriterFilter (4/13)
2025-10-30T12:32:49.779+01:00 TRACE 40540 --- [http-nio-9092-exec-1] o.s.security.web.FilterChainProxy        : Invoking CorsFilter (5/13)
2025-10-30T12:32:49.780+01:00 TRACE 40540 --- [http-nio-9092-exec-1] o.s.security.web.FilterChainProxy        : Invoking LogoutFilter (6/13)
2025-10-30T12:32:49.781+01:00 TRACE 40540 --- [http-nio-9092-exec-1] o.s.s.w.a.logout.LogoutFilter            : Did not match request to Or [Ant [pattern='/logout', GET], Ant [pattern='/logout', POST], Ant [pattern='/logout', PUT], Ant [pattern='/logout', DELETE]]
2025-10-30T12:32:49.781+01:00 TRACE 40540 --- [http-nio-9092-exec-1] o.s.security.web.FilterChainProxy        : Invoking JwtAuthenticationFilter (7/13)
2025-10-30T12:32:49.781+01:00  INFO 40540 --- [http-nio-9092-exec-1] c.m.g.JWT.JwtAuthenticationFilter        : Bearer eyJhbGciOiJIUzUxMiJ9.eyJzdWIiOiJhZG1pbiIsImlhdCI6MTc2MTgyMzk2OSwiZXhwIjoxNzYxODI1NDA5fQ.R4aVMltenIL4KaBKwTKf-vInlBPAvv14ct7H7Rxc1mYWoizsLsW-xQjJo15qa83ot_ddgSgm8mBmQ00u2U6ngg
2025-10-30T12:32:49.785+01:00  INFO 40540 --- [http-nio-9092-exec-1] c.m.g.JWT.JwtAuthenticationFilter        : admin
2025-10-30T12:32:49.785+01:00 TRACE 40540 --- [http-nio-9092-exec-1] .s.s.w.c.SupplierDeferredSecurityContext : Created SecurityContextImpl [Null authentication]
2025-10-30T12:32:49.807+01:00  INFO 40540 --- [http-nio-9092-exec-1] c.m.g.JWT.JwtAuthenticationFilter        : Token válido
2025-10-30T12:32:49.807+01:00  INFO 40540 --- [http-nio-9092-exec-1] c.m.g.JWT.JwtAuthenticationFilter        : admin
2025-10-30T12:32:49.807+01:00 TRACE 40540 --- [http-nio-9092-exec-1] o.s.security.web.FilterChainProxy        : Invoking RequestCacheAwareFilter (8/13)
2025-10-30T12:32:49.807+01:00 TRACE 40540 --- [http-nio-9092-exec-1] o.s.security.web.FilterChainProxy        : Invoking SecurityContextHolderAwareRequestFilter (9/13)
2025-10-30T12:32:49.808+01:00 TRACE 40540 --- [http-nio-9092-exec-1] o.s.security.web.FilterChainProxy        : Invoking AnonymousAuthenticationFilter (10/13)
2025-10-30T12:32:49.808+01:00 TRACE 40540 --- [http-nio-9092-exec-1] o.s.security.web.FilterChainProxy        : Invoking SessionManagementFilter (11/13)
2025-10-30T12:32:49.808+01:00 TRACE 40540 --- [http-nio-9092-exec-1] o.s.s.w.a.AnonymousAuthenticationFilter  : Did not set SecurityContextHolder since already authenticated UsernamePasswordAuthenticationToken [Principal=User(id=1, userName=admin, password=$2y$10$fExtjY0FqU8wt37WHSPuCu7lxZ5cjhk7aw.h9Vn4.2XvY4P88vVcu, active=true, roles=[com.melilla.gestPlanes.model.Role@11e49a99, com.melilla.gestPlanes.model.Role@2b48aad, com.melilla.gestPlanes.model.Role@4c7f3893], version=1, createdAt=null, deleted=false, deletedAt=null), Credentials=[PROTECTED], Authenticated=true, Details=WebAuthenticationDetails [RemoteIpAddress=0:0:0:0:0:0:0:1, SessionId=null], Granted Authorities=[ADMIN, FUNCIONARIO, SUPERUSUARIO]]
2025-10-30T12:32:49.808+01:00 TRACE 40540 --- [http-nio-9092-exec-1] s.CompositeSessionAuthenticationStrategy : Preparing session with ChangeSessionIdAuthenticationStrategy (1/1)
2025-10-30T12:32:49.808+01:00 TRACE 40540 --- [http-nio-9092-exec-1] o.s.security.web.FilterChainProxy        : Invoking ExceptionTranslationFilter (12/13)
2025-10-30T12:32:49.808+01:00 TRACE 40540 --- [http-nio-9092-exec-1] o.s.security.web.FilterChainProxy        : Invoking AuthorizationFilter (13/13)
2025-10-30T12:32:49.809+01:00 TRACE 40540 --- [http-nio-9092-exec-1] estMatcherDelegatingAuthorizationManager : Authorizing SecurityContextHolderAwareRequestWrapper[ org.springframework.security.web.header.HeaderWriterFilter$HeaderWriterRequest@6098ce46]
2025-10-30T12:32:49.809+01:00 DEBUG 40540 --- [http-nio-9092-exec-1] s.w.s.m.m.a.RequestMappingHandlerMapping : Mapped to com.melilla.gestPlanes.controller.PlanController#obtenerPlanActivo()
2025-10-30T12:32:49.810+01:00 DEBUG 40540 --- [http-nio-9092-exec-1] s.w.s.m.m.a.RequestMappingHandlerMapping : Mapped to com.melilla.gestPlanes.controller.PlanController#obtenerPlanActivo()
2025-10-30T12:32:49.810+01:00 DEBUG 40540 --- [http-nio-9092-exec-1] s.w.s.m.m.a.RequestMappingHandlerMapping : Mapped to com.melilla.gestPlanes.controller.PlanController#obtenerPlanActivo()
2025-10-30T12:32:49.811+01:00 DEBUG 40540 --- [http-nio-9092-exec-1] s.w.s.m.m.a.RequestMappingHandlerMapping : Mapped to com.melilla.gestPlanes.controller.PlanController#obtenerPlanActivo()
2025-10-30T12:32:49.812+01:00 DEBUG 40540 --- [http-nio-9092-exec-1] s.w.s.m.m.a.RequestMappingHandlerMapping : Mapped to com.melilla.gestPlanes.controller.PlanController#obtenerPlanActivo()
2025-10-30T12:32:49.816+01:00 DEBUG 40540 --- [http-nio-9092-exec-1] s.w.s.m.m.a.RequestMappingHandlerMapping : Mapped to com.melilla.gestPlanes.controller.PlanController#obtenerPlanActivo()
2025-10-30T12:32:49.816+01:00 DEBUG 40540 --- [http-nio-9092-exec-1] s.w.s.m.m.a.RequestMappingHandlerMapping : Mapped to com.melilla.gestPlanes.controller.PlanController#obtenerPlanActivo()
2025-10-30T12:32:49.816+01:00 TRACE 40540 --- [http-nio-9092-exec-2] o.s.security.web.FilterChainProxy        : Trying to match request against DefaultSecurityFilterChain [RequestMatcher=any request, Filters=[org.springframework.security.web.session.DisableEncodeUrlFilter@5be331b2, org.springframework.security.web.context.request.async.WebAsyncManagerIntegrationFilter@8c1984f, org.springframework.security.web.context.SecurityContextHolderFilter@7e4e2bb0, org.springframework.security.web.header.HeaderWriterFilter@44382b72, org.springframework.web.filter.CorsFilter@51ca7279, org.springframework.security.web.authentication.logout.LogoutFilter@72c1cceb, com.melilla.gestPlanes.JWT.JwtAuthenticationFilter@4c20a32e, org.springframework.security.web.savedrequest.RequestCacheAwareFilter@37898d9d, org.springframework.security.web.servletapi.SecurityContextHolderAwareRequestFilter@4185fa16, org.springframework.security.web.authentication.AnonymousAuthenticationFilter@1b9b1f67, org.springframework.security.web.session.SessionManagementFilter@2907bfd1, org.springframework.security.web.access.ExceptionTranslationFilter@3ae0298, org.springframework.security.web.access.intercept.AuthorizationFilter@296f53c2]] (1/1)
2025-10-30T12:32:49.817+01:00 TRACE 40540 --- [http-nio-9092-exec-1] estMatcherDelegatingAuthorizationManager : Checking authorization on SecurityContextHolderAwareRequestWrapper[ org.springframework.security.web.header.HeaderWriterFilter$HeaderWriterRequest@6098ce46] using org.springframework.security.authorization.AuthenticatedAuthorizationManager@6e9dc3d0
2025-10-30T12:32:49.817+01:00 DEBUG 40540 --- [http-nio-9092-exec-2] o.s.security.web.FilterChainProxy        : Securing GET /dashBoard/ciudadanoPorEstado/11
2025-10-30T12:32:49.817+01:00 TRACE 40540 --- [http-nio-9092-exec-2] o.s.security.web.FilterChainProxy        : Invoking DisableEncodeUrlFilter (1/13)
2025-10-30T12:32:49.817+01:00 DEBUG 40540 --- [http-nio-9092-exec-1] o.s.security.web.FilterChainProxy        : Secured GET /planActivo
2025-10-30T12:32:49.817+01:00 TRACE 40540 --- [http-nio-9092-exec-2] o.s.security.web.FilterChainProxy        : Invoking WebAsyncManagerIntegrationFilter (2/13)
2025-10-30T12:32:49.817+01:00 DEBUG 40540 --- [http-nio-9092-exec-1] o.s.web.servlet.DispatcherServlet        : GET "/planActivo", parameters={}
2025-10-30T12:32:49.817+01:00 TRACE 40540 --- [http-nio-9092-exec-2] o.s.security.web.FilterChainProxy        : Invoking SecurityContextHolderFilter (3/13)
2025-10-30T12:32:49.817+01:00 TRACE 40540 --- [http-nio-9092-exec-2] o.s.security.web.FilterChainProxy        : Invoking HeaderWriterFilter (4/13)
2025-10-30T12:32:49.818+01:00 TRACE 40540 --- [http-nio-9092-exec-2] o.s.security.web.FilterChainProxy        : Invoking CorsFilter (5/13)
2025-10-30T12:32:49.818+01:00 DEBUG 40540 --- [http-nio-9092-exec-1] s.w.s.m.m.a.RequestMappingHandlerMapping : Mapped to com.melilla.gestPlanes.controller.PlanController#obtenerPlanActivo()
2025-10-30T12:32:49.818+01:00 TRACE 40540 --- [http-nio-9092-exec-2] o.s.security.web.FilterChainProxy        : Invoking LogoutFilter (6/13)
2025-10-30T12:32:49.818+01:00 TRACE 40540 --- [http-nio-9092-exec-2] o.s.s.w.a.logout.LogoutFilter            : Did not match request to Or [Ant [pattern='/logout', GET], Ant [pattern='/logout', POST], Ant [pattern='/logout', PUT], Ant [pattern='/logout', DELETE]]
2025-10-30T12:32:49.819+01:00 TRACE 40540 --- [http-nio-9092-exec-2] o.s.security.web.FilterChainProxy        : Invoking JwtAuthenticationFilter (7/13)
2025-10-30T12:32:49.819+01:00  INFO 40540 --- [http-nio-9092-exec-2] c.m.g.JWT.JwtAuthenticationFilter        : Bearer eyJhbGciOiJIUzUxMiJ9.eyJzdWIiOiJhZG1pbiIsImlhdCI6MTc2MTgyMzk2OSwiZXhwIjoxNzYxODI1NDA5fQ.R4aVMltenIL4KaBKwTKf-vInlBPAvv14ct7H7Rxc1mYWoizsLsW-xQjJo15qa83ot_ddgSgm8mBmQ00u2U6ngg
2025-10-30T12:32:49.822+01:00  INFO 40540 --- [http-nio-9092-exec-2] c.m.g.JWT.JwtAuthenticationFilter        : admin
2025-10-30T12:32:49.822+01:00 TRACE 40540 --- [http-nio-9092-exec-2] .s.s.w.c.SupplierDeferredSecurityContext : Created SecurityContextImpl [Null authentication]
2025-10-30T12:32:49.829+01:00 DEBUG 40540 --- [http-nio-9092-exec-1] o.s.w.s.m.m.a.HttpEntityMethodProcessor  : Using 'application/json', given [application/json, text/plain, */*] and supported [application/json, application/*+json]
2025-10-30T12:32:49.839+01:00 DEBUG 40540 --- [http-nio-9092-exec-1] o.s.w.s.m.m.a.HttpEntityMethodProcessor  : Writing [java.lang.StackOverflowError]
2025-10-30T12:32:49.842+01:00  INFO 40540 --- [http-nio-9092-exec-2] c.m.g.JWT.JwtAuthenticationFilter        : Token válido
2025-10-30T12:32:49.842+01:00  INFO 40540 --- [http-nio-9092-exec-2] c.m.g.JWT.JwtAuthenticationFilter        : admin
2025-10-30T12:32:49.843+01:00 TRACE 40540 --- [http-nio-9092-exec-2] o.s.security.web.FilterChainProxy        : Invoking RequestCacheAwareFilter (8/13)
2025-10-30T12:32:49.843+01:00 TRACE 40540 --- [http-nio-9092-exec-2] o.s.security.web.FilterChainProxy        : Invoking SecurityContextHolderAwareRequestFilter (9/13)
2025-10-30T12:32:49.843+01:00 TRACE 40540 --- [http-nio-9092-exec-2] o.s.security.web.FilterChainProxy        : Invoking AnonymousAuthenticationFilter (10/13)
2025-10-30T12:32:49.843+01:00 TRACE 40540 --- [http-nio-9092-exec-2] o.s.security.web.FilterChainProxy        : Invoking SessionManagementFilter (11/13)
2025-10-30T12:32:49.843+01:00 TRACE 40540 --- [http-nio-9092-exec-2] o.s.s.w.a.AnonymousAuthenticationFilter  : Did not set SecurityContextHolder since already authenticated UsernamePasswordAuthenticationToken [Principal=User(id=1, userName=admin, password=$2y$10$fExtjY0FqU8wt37WHSPuCu7lxZ5cjhk7aw.h9Vn4.2XvY4P88vVcu, active=true, roles=[com.melilla.gestPlanes.model.Role@47a8f63, com.melilla.gestPlanes.model.Role@6b212d6f, com.melilla.gestPlanes.model.Role@1bfe477], version=1, createdAt=null, deleted=false, deletedAt=null), Credentials=[PROTECTED], Authenticated=true, Details=WebAuthenticationDetails [RemoteIpAddress=0:0:0:0:0:0:0:1, SessionId=null], Granted Authorities=[ADMIN, FUNCIONARIO, SUPERUSUARIO]]
2025-10-30T12:32:49.843+01:00 TRACE 40540 --- [http-nio-9092-exec-2] s.CompositeSessionAuthenticationStrategy : Preparing session with ChangeSessionIdAuthenticationStrategy (1/1)
2025-10-30T12:32:49.843+01:00 TRACE 40540 --- [http-nio-9092-exec-2] o.s.security.web.FilterChainProxy        : Invoking ExceptionTranslationFilter (12/13)
2025-10-30T12:32:49.843+01:00 TRACE 40540 --- [http-nio-9092-exec-2] o.s.security.web.FilterChainProxy        : Invoking AuthorizationFilter (13/13)
2025-10-30T12:32:49.844+01:00 TRACE 40540 --- [http-nio-9092-exec-2] estMatcherDelegatingAuthorizationManager : Authorizing SecurityContextHolderAwareRequestWrapper[ org.springframework.security.web.header.HeaderWriterFilter$HeaderWriterRequest@7f44ea99]
2025-10-30T12:32:49.845+01:00 DEBUG 40540 --- [http-nio-9092-exec-2] s.w.s.m.m.a.RequestMappingHandlerMapping : Mapped to com.melilla.gestPlanes.controller.DashBoardController#trabajadoresPorEstadoGenero(Long)
2025-10-30T12:32:49.846+01:00 DEBUG 40540 --- [http-nio-9092-exec-2] s.w.s.m.m.a.RequestMappingHandlerMapping : Mapped to com.melilla.gestPlanes.controller.DashBoardController#trabajadoresPorEstadoGenero(Long)
2025-10-30T12:32:49.847+01:00 DEBUG 40540 --- [http-nio-9092-exec-2] s.w.s.m.m.a.RequestMappingHandlerMapping : Mapped to com.melilla.gestPlanes.controller.DashBoardController#trabajadoresPorEstadoGenero(Long)
2025-10-30T12:32:49.848+01:00 DEBUG 40540 --- [http-nio-9092-exec-2] s.w.s.m.m.a.RequestMappingHandlerMapping : Mapped to com.melilla.gestPlanes.controller.DashBoardController#trabajadoresPorEstadoGenero(Long)
2025-10-30T12:32:49.848+01:00 TRACE 40540 --- [http-nio-9092-exec-1] o.s.s.w.header.writers.HstsHeaderWriter  : Not injecting HSTS header since it did not match request to [Is Secure]
2025-10-30T12:32:49.848+01:00 DEBUG 40540 --- [http-nio-9092-exec-2] s.w.s.m.m.a.RequestMappingHandlerMapping : Mapped to com.melilla.gestPlanes.controller.DashBoardController#trabajadoresPorEstadoGenero(Long)
2025-10-30T12:32:49.849+01:00 DEBUG 40540 --- [http-nio-9092-exec-2] s.w.s.m.m.a.RequestMappingHandlerMapping : Mapped to com.melilla.gestPlanes.controller.DashBoardController#trabajadoresPorEstadoGenero(Long)
2025-10-30T12:32:49.849+01:00 DEBUG 40540 --- [http-nio-9092-exec-1] o.s.web.servlet.DispatcherServlet        : Completed 200 OK
2025-10-30T12:32:49.849+01:00 DEBUG 40540 --- [http-nio-9092-exec-2] s.w.s.m.m.a.RequestMappingHandlerMapping : Mapped to com.melilla.gestPlanes.controller.DashBoardController#trabajadoresPorEstadoGenero(Long)
2025-10-30T12:32:49.850+01:00 TRACE 40540 --- [http-nio-9092-exec-2] estMatcherDelegatingAuthorizationManager : Checking authorization on SecurityContextHolderAwareRequestWrapper[ org.springframework.security.web.header.HeaderWriterFilter$HeaderWriterRequest@7f44ea99] using org.springframework.security.authorization.AuthenticatedAuthorizationManager@6e9dc3d0
2025-10-30T12:32:49.850+01:00 DEBUG 40540 --- [http-nio-9092-exec-2] o.s.security.web.FilterChainProxy        : Secured GET /dashBoard/ciudadanoPorEstado/11
2025-10-30T12:32:49.850+01:00 DEBUG 40540 --- [http-nio-9092-exec-2] o.s.web.servlet.DispatcherServlet        : GET "/dashBoard/ciudadanoPorEstado/11", parameters={}
2025-10-30T12:32:49.851+01:00 DEBUG 40540 --- [http-nio-9092-exec-2] s.w.s.m.m.a.RequestMappingHandlerMapping : Mapped to com.melilla.gestPlanes.controller.DashBoardController#trabajadoresPorEstadoGenero(Long)
2025-10-30T12:32:49.861+01:00 TRACE 40540 --- [http-nio-9092-exec-3] o.s.security.web.FilterChainProxy        : Trying to match request against DefaultSecurityFilterChain [RequestMatcher=any request, Filters=[org.springframework.security.web.session.DisableEncodeUrlFilter@5be331b2, org.springframework.security.web.context.request.async.WebAsyncManagerIntegrationFilter@8c1984f, org.springframework.security.web.context.SecurityContextHolderFilter@7e4e2bb0, org.springframework.security.web.header.HeaderWriterFilter@44382b72, org.springframework.web.filter.CorsFilter@51ca7279, org.springframework.security.web.authentication.logout.LogoutFilter@72c1cceb, com.melilla.gestPlanes.JWT.JwtAuthenticationFilter@4c20a32e, org.springframework.security.web.savedrequest.RequestCacheAwareFilter@37898d9d, org.springframework.security.web.servletapi.SecurityContextHolderAwareRequestFilter@4185fa16, org.springframework.security.web.authentication.AnonymousAuthenticationFilter@1b9b1f67, org.springframework.security.web.session.SessionManagementFilter@2907bfd1, org.springframework.security.web.access.ExceptionTranslationFilter@3ae0298, org.springframework.security.web.access.intercept.AuthorizationFilter@296f53c2]] (1/1)
2025-10-30T12:32:49.861+01:00 DEBUG 40540 --- [http-nio-9092-exec-3] o.s.security.web.FilterChainProxy        : Securing GET /planActivo
2025-10-30T12:32:49.861+01:00 TRACE 40540 --- [http-nio-9092-exec-3] o.s.security.web.FilterChainProxy        : Invoking DisableEncodeUrlFilter (1/13)
2025-10-30T12:32:49.861+01:00 TRACE 40540 --- [http-nio-9092-exec-3] o.s.security.web.FilterChainProxy        : Invoking WebAsyncManagerIntegrationFilter (2/13)
2025-10-30T12:32:49.861+01:00 TRACE 40540 --- [http-nio-9092-exec-3] o.s.security.web.FilterChainProxy        : Invoking SecurityContextHolderFilter (3/13)
2025-10-30T12:32:49.862+01:00 TRACE 40540 --- [http-nio-9092-exec-3] o.s.security.web.FilterChainProxy        : Invoking HeaderWriterFilter (4/13)
2025-10-30T12:32:49.862+01:00 TRACE 40540 --- [http-nio-9092-exec-3] o.s.security.web.FilterChainProxy        : Invoking CorsFilter (5/13)
2025-10-30T12:32:49.863+01:00 TRACE 40540 --- [http-nio-9092-exec-3] o.s.security.web.FilterChainProxy        : Invoking LogoutFilter (6/13)
2025-10-30T12:32:49.863+01:00 TRACE 40540 --- [http-nio-9092-exec-3] o.s.s.w.a.logout.LogoutFilter            : Did not match request to Or [Ant [pattern='/logout', GET], Ant [pattern='/logout', POST], Ant [pattern='/logout', PUT], Ant [pattern='/logout', DELETE]]
2025-10-30T12:32:49.863+01:00 TRACE 40540 --- [http-nio-9092-exec-3] o.s.security.web.FilterChainProxy        : Invoking JwtAuthenticationFilter (7/13)
2025-10-30T12:32:49.863+01:00  INFO 40540 --- [http-nio-9092-exec-3] c.m.g.JWT.JwtAuthenticationFilter        : Bearer eyJhbGciOiJIUzUxMiJ9.eyJzdWIiOiJhZG1pbiIsImlhdCI6MTc2MTgyMzk2OSwiZXhwIjoxNzYxODI1NDA5fQ.R4aVMltenIL4KaBKwTKf-vInlBPAvv14ct7H7Rxc1mYWoizsLsW-xQjJo15qa83ot_ddgSgm8mBmQ00u2U6ngg
2025-10-30T12:32:49.866+01:00  INFO 40540 --- [http-nio-9092-exec-3] c.m.g.JWT.JwtAuthenticationFilter        : admin
2025-10-30T12:32:49.866+01:00 TRACE 40540 --- [http-nio-9092-exec-3] .s.s.w.c.SupplierDeferredSecurityContext : Created SecurityContextImpl [Null authentication]
2025-10-30T12:32:49.886+01:00  INFO 40540 --- [http-nio-9092-exec-3] c.m.g.JWT.JwtAuthenticationFilter        : Token válido
2025-10-30T12:32:49.887+01:00  INFO 40540 --- [http-nio-9092-exec-3] c.m.g.JWT.JwtAuthenticationFilter        : admin
2025-10-30T12:32:49.887+01:00 TRACE 40540 --- [http-nio-9092-exec-3] o.s.security.web.FilterChainProxy        : Invoking RequestCacheAwareFilter (8/13)
2025-10-30T12:32:49.887+01:00 TRACE 40540 --- [http-nio-9092-exec-3] o.s.security.web.FilterChainProxy        : Invoking SecurityContextHolderAwareRequestFilter (9/13)
2025-10-30T12:32:49.887+01:00 TRACE 40540 --- [http-nio-9092-exec-3] o.s.security.web.FilterChainProxy        : Invoking AnonymousAuthenticationFilter (10/13)
2025-10-30T12:32:49.887+01:00 TRACE 40540 --- [http-nio-9092-exec-3] o.s.security.web.FilterChainProxy        : Invoking SessionManagementFilter (11/13)
2025-10-30T12:32:49.888+01:00 TRACE 40540 --- [http-nio-9092-exec-3] o.s.s.w.a.AnonymousAuthenticationFilter  : Did not set SecurityContextHolder since already authenticated UsernamePasswordAuthenticationToken [Principal=User(id=1, userName=admin, password=$2y$10$fExtjY0FqU8wt37WHSPuCu7lxZ5cjhk7aw.h9Vn4.2XvY4P88vVcu, active=true, roles=[com.melilla.gestPlanes.model.Role@51c0d00e, com.melilla.gestPlanes.model.Role@2c2fb28, com.melilla.gestPlanes.model.Role@4f9c166], version=1, createdAt=null, deleted=false, deletedAt=null), Credentials=[PROTECTED], Authenticated=true, Details=WebAuthenticationDetails [RemoteIpAddress=0:0:0:0:0:0:0:1, SessionId=null], Granted Authorities=[ADMIN, FUNCIONARIO, SUPERUSUARIO]]
2025-10-30T12:32:49.888+01:00 TRACE 40540 --- [http-nio-9092-exec-3] s.CompositeSessionAuthenticationStrategy : Preparing session with ChangeSessionIdAuthenticationStrategy (1/1)
2025-10-30T12:32:49.888+01:00 TRACE 40540 --- [http-nio-9092-exec-3] o.s.security.web.FilterChainProxy        : Invoking ExceptionTranslationFilter (12/13)
2025-10-30T12:32:49.888+01:00 TRACE 40540 --- [http-nio-9092-exec-3] o.s.security.web.FilterChainProxy        : Invoking AuthorizationFilter (13/13)
2025-10-30T12:32:49.888+01:00 TRACE 40540 --- [http-nio-9092-exec-3] estMatcherDelegatingAuthorizationManager : Authorizing SecurityContextHolderAwareRequestWrapper[ org.springframework.security.web.header.HeaderWriterFilter$HeaderWriterRequest@79e43987]
2025-10-30T12:32:49.889+01:00 DEBUG 40540 --- [http-nio-9092-exec-3] s.w.s.m.m.a.RequestMappingHandlerMapping : Mapped to com.melilla.gestPlanes.controller.PlanController#obtenerPlanActivo()
2025-10-30T12:32:49.889+01:00 DEBUG 40540 --- [http-nio-9092-exec-3] s.w.s.m.m.a.RequestMappingHandlerMapping : Mapped to com.melilla.gestPlanes.controller.PlanController#obtenerPlanActivo()
2025-10-30T12:32:49.889+01:00 DEBUG 40540 --- [http-nio-9092-exec-3] s.w.s.m.m.a.RequestMappingHandlerMapping : Mapped to com.melilla.gestPlanes.controller.PlanController#obtenerPlanActivo()
2025-10-30T12:32:49.889+01:00 DEBUG 40540 --- [http-nio-9092-exec-3] s.w.s.m.m.a.RequestMappingHandlerMapping : Mapped to com.melilla.gestPlanes.controller.PlanController#obtenerPlanActivo()
2025-10-30T12:32:49.890+01:00 DEBUG 40540 --- [http-nio-9092-exec-3] s.w.s.m.m.a.RequestMappingHandlerMapping : Mapped to com.melilla.gestPlanes.controller.PlanController#obtenerPlanActivo()
2025-10-30T12:32:49.890+01:00 DEBUG 40540 --- [http-nio-9092-exec-3] s.w.s.m.m.a.RequestMappingHandlerMapping : Mapped to com.melilla.gestPlanes.controller.PlanController#obtenerPlanActivo()
2025-10-30T12:32:49.890+01:00 DEBUG 40540 --- [http-nio-9092-exec-3] s.w.s.m.m.a.RequestMappingHandlerMapping : Mapped to com.melilla.gestPlanes.controller.PlanController#obtenerPlanActivo()
2025-10-30T12:32:49.890+01:00 TRACE 40540 --- [http-nio-9092-exec-3] estMatcherDelegatingAuthorizationManager : Checking authorization on SecurityContextHolderAwareRequestWrapper[ org.springframework.security.web.header.HeaderWriterFilter$HeaderWriterRequest@79e43987] using org.springframework.security.authorization.AuthenticatedAuthorizationManager@6e9dc3d0
2025-10-30T12:32:49.890+01:00 DEBUG 40540 --- [http-nio-9092-exec-3] o.s.security.web.FilterChainProxy        : Secured GET /planActivo
2025-10-30T12:32:49.891+01:00 DEBUG 40540 --- [http-nio-9092-exec-3] o.s.web.servlet.DispatcherServlet        : GET "/planActivo", parameters={}
2025-10-30T12:32:49.891+01:00 DEBUG 40540 --- [http-nio-9092-exec-3] s.w.s.m.m.a.RequestMappingHandlerMapping : Mapped to com.melilla.gestPlanes.controller.PlanController#obtenerPlanActivo()
2025-10-30T12:32:49.898+01:00 DEBUG 40540 --- [http-nio-9092-exec-3] o.s.w.s.m.m.a.HttpEntityMethodProcessor  : Using 'application/json', given [application/json, text/plain, */*] and supported [application/json, application/*+json]
2025-10-30T12:32:49.907+01:00 DEBUG 40540 --- [http-nio-9092-exec-3] o.s.w.s.m.m.a.HttpEntityMethodProcessor  : Writing [java.lang.StackOverflowError]
2025-10-30T12:32:49.912+01:00 TRACE 40540 --- [http-nio-9092-exec-3] o.s.s.w.header.writers.HstsHeaderWriter  : Not injecting HSTS header since it did not match request to [Is Secure]
2025-10-30T12:32:49.913+01:00 DEBUG 40540 --- [http-nio-9092-exec-3] o.s.web.servlet.DispatcherServlet        : Completed 200 OK
2025-10-30T12:32:49.949+01:00 DEBUG 40540 --- [http-nio-9092-exec-2] o.s.w.s.m.m.a.HttpEntityMethodProcessor  : Using 'application/json', given [application/json, text/plain, */*] and supported [application/json, application/*+json]
2025-10-30T12:32:49.950+01:00 DEBUG 40540 --- [http-nio-9092-exec-2] o.s.w.s.m.m.a.HttpEntityMethodProcessor  : Writing [ApiResponse(estado=null, payload=[DashBoardEstadoGeneroDTO(estado=APLAZADO, hombres=0, mujeres=2), D (truncated)...]
2025-10-30T12:32:49.951+01:00 TRACE 40540 --- [http-nio-9092-exec-2] o.s.s.w.header.writers.HstsHeaderWriter  : Not injecting HSTS header since it did not match request to [Is Secure]
2025-10-30T12:32:49.953+01:00 DEBUG 40540 --- [http-nio-9092-exec-2] o.s.web.servlet.DispatcherServlet        : Completed 200 OK
2025-10-30T12:32:49.962+01:00 TRACE 40540 --- [http-nio-9092-exec-4] o.s.security.web.FilterChainProxy        : Trying to match request against DefaultSecurityFilterChain [RequestMatcher=any request, Filters=[org.springframework.security.web.session.DisableEncodeUrlFilter@5be331b2, org.springframework.security.web.context.request.async.WebAsyncManagerIntegrationFilter@8c1984f, org.springframework.security.web.context.SecurityContextHolderFilter@7e4e2bb0, org.springframework.security.web.header.HeaderWriterFilter@44382b72, org.springframework.web.filter.CorsFilter@51ca7279, org.springframework.security.web.authentication.logout.LogoutFilter@72c1cceb, com.melilla.gestPlanes.JWT.JwtAuthenticationFilter@4c20a32e, org.springframework.security.web.savedrequest.RequestCacheAwareFilter@37898d9d, org.springframework.security.web.servletapi.SecurityContextHolderAwareRequestFilter@4185fa16, org.springframework.security.web.authentication.AnonymousAuthenticationFilter@1b9b1f67, org.springframework.security.web.session.SessionManagementFilter@2907bfd1, org.springframework.security.web.access.ExceptionTranslationFilter@3ae0298, org.springframework.security.web.access.intercept.AuthorizationFilter@296f53c2]] (1/1)
2025-10-30T12:32:49.963+01:00 DEBUG 40540 --- [http-nio-9092-exec-4] o.s.security.web.FilterChainProxy        : Securing GET /dashBoard/ciudadanoPorEstado/11
2025-10-30T12:32:49.963+01:00 TRACE 40540 --- [http-nio-9092-exec-4] o.s.security.web.FilterChainProxy        : Invoking DisableEncodeUrlFilter (1/13)
2025-10-30T12:32:49.963+01:00 TRACE 40540 --- [http-nio-9092-exec-4] o.s.security.web.FilterChainProxy        : Invoking WebAsyncManagerIntegrationFilter (2/13)
2025-10-30T12:32:49.963+01:00 TRACE 40540 --- [http-nio-9092-exec-4] o.s.security.web.FilterChainProxy        : Invoking SecurityContextHolderFilter (3/13)
2025-10-30T12:32:49.963+01:00 TRACE 40540 --- [http-nio-9092-exec-4] o.s.security.web.FilterChainProxy        : Invoking HeaderWriterFilter (4/13)
2025-10-30T12:32:49.963+01:00 TRACE 40540 --- [http-nio-9092-exec-4] o.s.security.web.FilterChainProxy        : Invoking CorsFilter (5/13)
2025-10-30T12:32:49.964+01:00 TRACE 40540 --- [http-nio-9092-exec-4] o.s.security.web.FilterChainProxy        : Invoking LogoutFilter (6/13)
2025-10-30T12:32:49.964+01:00 TRACE 40540 --- [http-nio-9092-exec-4] o.s.s.w.a.logout.LogoutFilter            : Did not match request to Or [Ant [pattern='/logout', GET], Ant [pattern='/logout', POST], Ant [pattern='/logout', PUT], Ant [pattern='/logout', DELETE]]
2025-10-30T12:32:49.964+01:00 TRACE 40540 --- [http-nio-9092-exec-4] o.s.security.web.FilterChainProxy        : Invoking JwtAuthenticationFilter (7/13)
2025-10-30T12:32:49.964+01:00  INFO 40540 --- [http-nio-9092-exec-4] c.m.g.JWT.JwtAuthenticationFilter        : Bearer eyJhbGciOiJIUzUxMiJ9.eyJzdWIiOiJhZG1pbiIsImlhdCI6MTc2MTgyMzk2OSwiZXhwIjoxNzYxODI1NDA5fQ.R4aVMltenIL4KaBKwTKf-vInlBPAvv14ct7H7Rxc1mYWoizsLsW-xQjJo15qa83ot_ddgSgm8mBmQ00u2U6ngg
2025-10-30T12:32:49.968+01:00  INFO 40540 --- [http-nio-9092-exec-4] c.m.g.JWT.JwtAuthenticationFilter        : admin
2025-10-30T12:32:49.968+01:00 TRACE 40540 --- [http-nio-9092-exec-4] .s.s.w.c.SupplierDeferredSecurityContext : Created SecurityContextImpl [Null authentication]
2025-10-30T12:32:49.983+01:00  INFO 40540 --- [http-nio-9092-exec-4] c.m.g.JWT.JwtAuthenticationFilter        : Token válido
2025-10-30T12:32:49.983+01:00  INFO 40540 --- [http-nio-9092-exec-4] c.m.g.JWT.JwtAuthenticationFilter        : admin
2025-10-30T12:32:49.983+01:00 TRACE 40540 --- [http-nio-9092-exec-4] o.s.security.web.FilterChainProxy        : Invoking RequestCacheAwareFilter (8/13)
2025-10-30T12:32:49.983+01:00 TRACE 40540 --- [http-nio-9092-exec-4] o.s.security.web.FilterChainProxy        : Invoking SecurityContextHolderAwareRequestFilter (9/13)
2025-10-30T12:32:49.983+01:00 TRACE 40540 --- [http-nio-9092-exec-4] o.s.security.web.FilterChainProxy        : Invoking AnonymousAuthenticationFilter (10/13)
2025-10-30T12:32:49.983+01:00 TRACE 40540 --- [http-nio-9092-exec-4] o.s.security.web.FilterChainProxy        : Invoking SessionManagementFilter (11/13)
2025-10-30T12:32:49.983+01:00 TRACE 40540 --- [http-nio-9092-exec-4] o.s.s.w.a.AnonymousAuthenticationFilter  : Did not set SecurityContextHolder since already authenticated UsernamePasswordAuthenticationToken [Principal=User(id=1, userName=admin, password=$2y$10$fExtjY0FqU8wt37WHSPuCu7lxZ5cjhk7aw.h9Vn4.2XvY4P88vVcu, active=true, roles=[com.melilla.gestPlanes.model.Role@22e72715, com.melilla.gestPlanes.model.Role@4b1c2793, com.melilla.gestPlanes.model.Role@7a92965c], version=1, createdAt=null, deleted=false, deletedAt=null), Credentials=[PROTECTED], Authenticated=true, Details=WebAuthenticationDetails [RemoteIpAddress=0:0:0:0:0:0:0:1, SessionId=null], Granted Authorities=[ADMIN, FUNCIONARIO, SUPERUSUARIO]]
2025-10-30T12:32:49.983+01:00 TRACE 40540 --- [http-nio-9092-exec-4] s.CompositeSessionAuthenticationStrategy : Preparing session with ChangeSessionIdAuthenticationStrategy (1/1)
2025-10-30T12:32:49.983+01:00 TRACE 40540 --- [http-nio-9092-exec-4] o.s.security.web.FilterChainProxy        : Invoking ExceptionTranslationFilter (12/13)
2025-10-30T12:32:49.984+01:00 TRACE 40540 --- [http-nio-9092-exec-4] o.s.security.web.FilterChainProxy        : Invoking AuthorizationFilter (13/13)
2025-10-30T12:32:49.984+01:00 TRACE 40540 --- [http-nio-9092-exec-4] estMatcherDelegatingAuthorizationManager : Authorizing SecurityContextHolderAwareRequestWrapper[ org.springframework.security.web.header.HeaderWriterFilter$HeaderWriterRequest@62dfc606]
2025-10-30T12:32:49.984+01:00 DEBUG 40540 --- [http-nio-9092-exec-4] s.w.s.m.m.a.RequestMappingHandlerMapping : Mapped to com.melilla.gestPlanes.controller.DashBoardController#trabajadoresPorEstadoGenero(Long)
2025-10-30T12:32:49.985+01:00 DEBUG 40540 --- [http-nio-9092-exec-4] s.w.s.m.m.a.RequestMappingHandlerMapping : Mapped to com.melilla.gestPlanes.controller.DashBoardController#trabajadoresPorEstadoGenero(Long)
2025-10-30T12:32:49.985+01:00 DEBUG 40540 --- [http-nio-9092-exec-4] s.w.s.m.m.a.RequestMappingHandlerMapping : Mapped to com.melilla.gestPlanes.controller.DashBoardController#trabajadoresPorEstadoGenero(Long)
2025-10-30T12:32:49.986+01:00 DEBUG 40540 --- [http-nio-9092-exec-4] s.w.s.m.m.a.RequestMappingHandlerMapping : Mapped to com.melilla.gestPlanes.controller.DashBoardController#trabajadoresPorEstadoGenero(Long)
2025-10-30T12:32:49.986+01:00 DEBUG 40540 --- [http-nio-9092-exec-4] s.w.s.m.m.a.RequestMappingHandlerMapping : Mapped to com.melilla.gestPlanes.controller.DashBoardController#trabajadoresPorEstadoGenero(Long)
2025-10-30T12:32:49.987+01:00 DEBUG 40540 --- [http-nio-9092-exec-4] s.w.s.m.m.a.RequestMappingHandlerMapping : Mapped to com.melilla.gestPlanes.controller.DashBoardController#trabajadoresPorEstadoGenero(Long)
2025-10-30T12:32:49.987+01:00 DEBUG 40540 --- [http-nio-9092-exec-4] s.w.s.m.m.a.RequestMappingHandlerMapping : Mapped to com.melilla.gestPlanes.controller.DashBoardController#trabajadoresPorEstadoGenero(Long)
2025-10-30T12:32:49.987+01:00 TRACE 40540 --- [http-nio-9092-exec-4] estMatcherDelegatingAuthorizationManager : Checking authorization on SecurityContextHolderAwareRequestWrapper[ org.springframework.security.web.header.HeaderWriterFilter$HeaderWriterRequest@62dfc606] using org.springframework.security.authorization.AuthenticatedAuthorizationManager@6e9dc3d0
2025-10-30T12:32:49.988+01:00 DEBUG 40540 --- [http-nio-9092-exec-4] o.s.security.web.FilterChainProxy        : Secured GET /dashBoard/ciudadanoPorEstado/11
2025-10-30T12:32:49.988+01:00 DEBUG 40540 --- [http-nio-9092-exec-4] o.s.web.servlet.DispatcherServlet        : GET "/dashBoard/ciudadanoPorEstado/11", parameters={}
2025-10-30T12:32:49.988+01:00 DEBUG 40540 --- [http-nio-9092-exec-4] s.w.s.m.m.a.RequestMappingHandlerMapping : Mapped to com.melilla.gestPlanes.controller.DashBoardController#trabajadoresPorEstadoGenero(Long)
2025-10-30T12:32:50.004+01:00 DEBUG 40540 --- [http-nio-9092-exec-4] o.s.w.s.m.m.a.HttpEntityMethodProcessor  : Using 'application/json', given [application/json, text/plain, */*] and supported [application/json, application/*+json]
2025-10-30T12:32:50.004+01:00 DEBUG 40540 --- [http-nio-9092-exec-4] o.s.w.s.m.m.a.HttpEntityMethodProcessor  : Writing [ApiResponse(estado=null, payload=[DashBoardEstadoGeneroDTO(estado=APLAZADO, hombres=0, mujeres=2), D (truncated)...]
2025-10-30T12:32:50.007+01:00 TRACE 40540 --- [http-nio-9092-exec-4] o.s.s.w.header.writers.HstsHeaderWriter  : Not injecting HSTS header since it did not match request to [Is Secure]
2025-10-30T12:32:50.008+01:00 DEBUG 40540 --- [http-nio-9092-exec-4] o.s.web.servlet.DispatcherServlet        : Completed 200 OK
2025-10-30T12:32:50.030+01:00 TRACE 40540 --- [http-nio-9092-exec-5] o.s.security.web.FilterChainProxy        : Trying to match request against DefaultSecurityFilterChain [RequestMatcher=any request, Filters=[org.springframework.security.web.session.DisableEncodeUrlFilter@5be331b2, org.springframework.security.web.context.request.async.WebAsyncManagerIntegrationFilter@8c1984f, org.springframework.security.web.context.SecurityContextHolderFilter@7e4e2bb0, org.springframework.security.web.header.HeaderWriterFilter@44382b72, org.springframework.web.filter.CorsFilter@51ca7279, org.springframework.security.web.authentication.logout.LogoutFilter@72c1cceb, com.melilla.gestPlanes.JWT.JwtAuthenticationFilter@4c20a32e, org.springframework.security.web.savedrequest.RequestCacheAwareFilter@37898d9d, org.springframework.security.web.servletapi.SecurityContextHolderAwareRequestFilter@4185fa16, org.springframework.security.web.authentication.AnonymousAuthenticationFilter@1b9b1f67, org.springframework.security.web.session.SessionManagementFilter@2907bfd1, org.springframework.security.web.access.ExceptionTranslationFilter@3ae0298, org.springframework.security.web.access.intercept.AuthorizationFilter@296f53c2]] (1/1)
2025-10-30T12:32:50.030+01:00 TRACE 40540 --- [http-nio-9092-exec-6] o.s.security.web.FilterChainProxy        : Trying to match request against DefaultSecurityFilterChain [RequestMatcher=any request, Filters=[org.springframework.security.web.session.DisableEncodeUrlFilter@5be331b2, org.springframework.security.web.context.request.async.WebAsyncManagerIntegrationFilter@8c1984f, org.springframework.security.web.context.SecurityContextHolderFilter@7e4e2bb0, org.springframework.security.web.header.HeaderWriterFilter@44382b72, org.springframework.web.filter.CorsFilter@51ca7279, org.springframework.security.web.authentication.logout.LogoutFilter@72c1cceb, com.melilla.gestPlanes.JWT.JwtAuthenticationFilter@4c20a32e, org.springframework.security.web.savedrequest.RequestCacheAwareFilter@37898d9d, org.springframework.security.web.servletapi.SecurityContextHolderAwareRequestFilter@4185fa16, org.springframework.security.web.authentication.AnonymousAuthenticationFilter@1b9b1f67, org.springframework.security.web.session.SessionManagementFilter@2907bfd1, org.springframework.security.web.access.ExceptionTranslationFilter@3ae0298, org.springframework.security.web.access.intercept.AuthorizationFilter@296f53c2]] (1/1)
2025-10-30T12:32:50.030+01:00 DEBUG 40540 --- [http-nio-9092-exec-5] o.s.security.web.FilterChainProxy        : Securing OPTIONS /salario/obtenerSalarioActivo/11
2025-10-30T12:32:50.030+01:00 DEBUG 40540 --- [http-nio-9092-exec-6] o.s.security.web.FilterChainProxy        : Securing GET /dashBoard/ciudadanoPorEstado/11
2025-10-30T12:32:50.030+01:00 TRACE 40540 --- [http-nio-9092-exec-5] o.s.security.web.FilterChainProxy        : Invoking DisableEncodeUrlFilter (1/13)
2025-10-30T12:32:50.030+01:00 TRACE 40540 --- [http-nio-9092-exec-6] o.s.security.web.FilterChainProxy        : Invoking DisableEncodeUrlFilter (1/13)
2025-10-30T12:32:50.031+01:00 TRACE 40540 --- [http-nio-9092-exec-6] o.s.security.web.FilterChainProxy        : Invoking WebAsyncManagerIntegrationFilter (2/13)
2025-10-30T12:32:50.031+01:00 TRACE 40540 --- [http-nio-9092-exec-5] o.s.security.web.FilterChainProxy        : Invoking WebAsyncManagerIntegrationFilter (2/13)
2025-10-30T12:32:50.031+01:00 TRACE 40540 --- [http-nio-9092-exec-6] o.s.security.web.FilterChainProxy        : Invoking SecurityContextHolderFilter (3/13)
2025-10-30T12:32:50.031+01:00 TRACE 40540 --- [http-nio-9092-exec-5] o.s.security.web.FilterChainProxy        : Invoking SecurityContextHolderFilter (3/13)
2025-10-30T12:32:50.031+01:00 TRACE 40540 --- [http-nio-9092-exec-5] o.s.security.web.FilterChainProxy        : Invoking HeaderWriterFilter (4/13)
2025-10-30T12:32:50.031+01:00 TRACE 40540 --- [http-nio-9092-exec-5] o.s.security.web.FilterChainProxy        : Invoking CorsFilter (5/13)
2025-10-30T12:32:50.031+01:00 TRACE 40540 --- [http-nio-9092-exec-6] o.s.security.web.FilterChainProxy        : Invoking HeaderWriterFilter (4/13)
2025-10-30T12:32:50.032+01:00 TRACE 40540 --- [http-nio-9092-exec-6] o.s.security.web.FilterChainProxy        : Invoking CorsFilter (5/13)
2025-10-30T12:32:50.032+01:00 TRACE 40540 --- [http-nio-9092-exec-5] o.s.s.w.header.writers.HstsHeaderWriter  : Not injecting HSTS header since it did not match request to [Is Secure]
2025-10-30T12:32:50.032+01:00 TRACE 40540 --- [http-nio-9092-exec-6] o.s.security.web.FilterChainProxy        : Invoking LogoutFilter (6/13)
2025-10-30T12:32:50.032+01:00 TRACE 40540 --- [http-nio-9092-exec-6] o.s.s.w.a.logout.LogoutFilter            : Did not match request to Or [Ant [pattern='/logout', GET], Ant [pattern='/logout', POST], Ant [pattern='/logout', PUT], Ant [pattern='/logout', DELETE]]
2025-10-30T12:32:50.033+01:00 TRACE 40540 --- [http-nio-9092-exec-6] o.s.security.web.FilterChainProxy        : Invoking JwtAuthenticationFilter (7/13)
2025-10-30T12:32:50.033+01:00  INFO 40540 --- [http-nio-9092-exec-6] c.m.g.JWT.JwtAuthenticationFilter        : Bearer eyJhbGciOiJIUzUxMiJ9.eyJzdWIiOiJhZG1pbiIsImlhdCI6MTc2MTgyMzk2OSwiZXhwIjoxNzYxODI1NDA5fQ.R4aVMltenIL4KaBKwTKf-vInlBPAvv14ct7H7Rxc1mYWoizsLsW-xQjJo15qa83ot_ddgSgm8mBmQ00u2U6ngg
2025-10-30T12:32:50.036+01:00  INFO 40540 --- [http-nio-9092-exec-6] c.m.g.JWT.JwtAuthenticationFilter        : admin
2025-10-30T12:32:50.036+01:00 TRACE 40540 --- [http-nio-9092-exec-6] .s.s.w.c.SupplierDeferredSecurityContext : Created SecurityContextImpl [Null authentication]
2025-10-30T12:32:50.038+01:00 TRACE 40540 --- [http-nio-9092-exec-7] o.s.security.web.FilterChainProxy        : Trying to match request against DefaultSecurityFilterChain [RequestMatcher=any request, Filters=[org.springframework.security.web.session.DisableEncodeUrlFilter@5be331b2, org.springframework.security.web.context.request.async.WebAsyncManagerIntegrationFilter@8c1984f, org.springframework.security.web.context.SecurityContextHolderFilter@7e4e2bb0, org.springframework.security.web.header.HeaderWriterFilter@44382b72, org.springframework.web.filter.CorsFilter@51ca7279, org.springframework.security.web.authentication.logout.LogoutFilter@72c1cceb, com.melilla.gestPlanes.JWT.JwtAuthenticationFilter@4c20a32e, org.springframework.security.web.savedrequest.RequestCacheAwareFilter@37898d9d, org.springframework.security.web.servletapi.SecurityContextHolderAwareRequestFilter@4185fa16, org.springframework.security.web.authentication.AnonymousAuthenticationFilter@1b9b1f67, org.springframework.security.web.session.SessionManagementFilter@2907bfd1, org.springframework.security.web.access.ExceptionTranslationFilter@3ae0298, org.springframework.security.web.access.intercept.AuthorizationFilter@296f53c2]] (1/1)
2025-10-30T12:32:50.039+01:00 DEBUG 40540 --- [http-nio-9092-exec-7] o.s.security.web.FilterChainProxy        : Securing GET /salario/obtenerSalarioActivo/11
2025-10-30T12:32:50.039+01:00 TRACE 40540 --- [http-nio-9092-exec-7] o.s.security.web.FilterChainProxy        : Invoking DisableEncodeUrlFilter (1/13)
2025-10-30T12:32:50.039+01:00 TRACE 40540 --- [http-nio-9092-exec-7] o.s.security.web.FilterChainProxy        : Invoking WebAsyncManagerIntegrationFilter (2/13)
2025-10-30T12:32:50.039+01:00 TRACE 40540 --- [http-nio-9092-exec-7] o.s.security.web.FilterChainProxy        : Invoking SecurityContextHolderFilter (3/13)
2025-10-30T12:32:50.039+01:00 TRACE 40540 --- [http-nio-9092-exec-7] o.s.security.web.FilterChainProxy        : Invoking HeaderWriterFilter (4/13)
2025-10-30T12:32:50.039+01:00 TRACE 40540 --- [http-nio-9092-exec-7] o.s.security.web.FilterChainProxy        : Invoking CorsFilter (5/13)
2025-10-30T12:32:50.040+01:00 TRACE 40540 --- [http-nio-9092-exec-7] o.s.security.web.FilterChainProxy        : Invoking LogoutFilter (6/13)
2025-10-30T12:32:50.040+01:00 TRACE 40540 --- [http-nio-9092-exec-7] o.s.s.w.a.logout.LogoutFilter            : Did not match request to Or [Ant [pattern='/logout', GET], Ant [pattern='/logout', POST], Ant [pattern='/logout', PUT], Ant [pattern='/logout', DELETE]]
2025-10-30T12:32:50.040+01:00 TRACE 40540 --- [http-nio-9092-exec-7] o.s.security.web.FilterChainProxy        : Invoking JwtAuthenticationFilter (7/13)
2025-10-30T12:32:50.040+01:00  INFO 40540 --- [http-nio-9092-exec-7] c.m.g.JWT.JwtAuthenticationFilter        : Bearer eyJhbGciOiJIUzUxMiJ9.eyJzdWIiOiJhZG1pbiIsImlhdCI6MTc2MTgyMzk2OSwiZXhwIjoxNzYxODI1NDA5fQ.R4aVMltenIL4KaBKwTKf-vInlBPAvv14ct7H7Rxc1mYWoizsLsW-xQjJo15qa83ot_ddgSgm8mBmQ00u2U6ngg
2025-10-30T12:32:50.043+01:00  INFO 40540 --- [http-nio-9092-exec-7] c.m.g.JWT.JwtAuthenticationFilter        : admin
2025-10-30T12:32:50.043+01:00 TRACE 40540 --- [http-nio-9092-exec-7] .s.s.w.c.SupplierDeferredSecurityContext : Created SecurityContextImpl [Null authentication]
2025-10-30T12:32:50.054+01:00  INFO 40540 --- [http-nio-9092-exec-6] c.m.g.JWT.JwtAuthenticationFilter        : Token válido
2025-10-30T12:32:50.054+01:00  INFO 40540 --- [http-nio-9092-exec-6] c.m.g.JWT.JwtAuthenticationFilter        : admin
2025-10-30T12:32:50.054+01:00 TRACE 40540 --- [http-nio-9092-exec-6] o.s.security.web.FilterChainProxy        : Invoking RequestCacheAwareFilter (8/13)
2025-10-30T12:32:50.054+01:00 TRACE 40540 --- [http-nio-9092-exec-6] o.s.security.web.FilterChainProxy        : Invoking SecurityContextHolderAwareRequestFilter (9/13)
2025-10-30T12:32:50.054+01:00 TRACE 40540 --- [http-nio-9092-exec-6] o.s.security.web.FilterChainProxy        : Invoking AnonymousAuthenticationFilter (10/13)
2025-10-30T12:32:50.054+01:00 TRACE 40540 --- [http-nio-9092-exec-6] o.s.security.web.FilterChainProxy        : Invoking SessionManagementFilter (11/13)
2025-10-30T12:32:50.054+01:00 TRACE 40540 --- [http-nio-9092-exec-6] o.s.s.w.a.AnonymousAuthenticationFilter  : Did not set SecurityContextHolder since already authenticated UsernamePasswordAuthenticationToken [Principal=User(id=1, userName=admin, password=$2y$10$fExtjY0FqU8wt37WHSPuCu7lxZ5cjhk7aw.h9Vn4.2XvY4P88vVcu, active=true, roles=[com.melilla.gestPlanes.model.Role@252e21fa, com.melilla.gestPlanes.model.Role@6f5bb592, com.melilla.gestPlanes.model.Role@63355a93], version=1, createdAt=null, deleted=false, deletedAt=null), Credentials=[PROTECTED], Authenticated=true, Details=WebAuthenticationDetails [RemoteIpAddress=0:0:0:0:0:0:0:1, SessionId=null], Granted Authorities=[ADMIN, FUNCIONARIO, SUPERUSUARIO]]
2025-10-30T12:32:50.054+01:00 TRACE 40540 --- [http-nio-9092-exec-6] s.CompositeSessionAuthenticationStrategy : Preparing session with ChangeSessionIdAuthenticationStrategy (1/1)
2025-10-30T12:32:50.055+01:00 TRACE 40540 --- [http-nio-9092-exec-6] o.s.security.web.FilterChainProxy        : Invoking ExceptionTranslationFilter (12/13)
2025-10-30T12:32:50.055+01:00 TRACE 40540 --- [http-nio-9092-exec-6] o.s.security.web.FilterChainProxy        : Invoking AuthorizationFilter (13/13)
2025-10-30T12:32:50.055+01:00 TRACE 40540 --- [http-nio-9092-exec-6] estMatcherDelegatingAuthorizationManager : Authorizing SecurityContextHolderAwareRequestWrapper[ org.springframework.security.web.header.HeaderWriterFilter$HeaderWriterRequest@ecbb2f3]
2025-10-30T12:32:50.055+01:00  INFO 40540 --- [http-nio-9092-exec-7] c.m.g.JWT.JwtAuthenticationFilter        : Token válido
2025-10-30T12:32:50.055+01:00  INFO 40540 --- [http-nio-9092-exec-7] c.m.g.JWT.JwtAuthenticationFilter        : admin
2025-10-30T12:32:50.055+01:00 TRACE 40540 --- [http-nio-9092-exec-7] o.s.security.web.FilterChainProxy        : Invoking RequestCacheAwareFilter (8/13)
2025-10-30T12:32:50.055+01:00 TRACE 40540 --- [http-nio-9092-exec-7] o.s.security.web.FilterChainProxy        : Invoking SecurityContextHolderAwareRequestFilter (9/13)
2025-10-30T12:32:50.055+01:00 TRACE 40540 --- [http-nio-9092-exec-7] o.s.security.web.FilterChainProxy        : Invoking AnonymousAuthenticationFilter (10/13)
2025-10-30T12:32:50.055+01:00 TRACE 40540 --- [http-nio-9092-exec-7] o.s.security.web.FilterChainProxy        : Invoking SessionManagementFilter (11/13)
2025-10-30T12:32:50.055+01:00 TRACE 40540 --- [http-nio-9092-exec-7] o.s.s.w.a.AnonymousAuthenticationFilter  : Did not set SecurityContextHolder since already authenticated UsernamePasswordAuthenticationToken [Principal=User(id=1, userName=admin, password=$2y$10$fExtjY0FqU8wt37WHSPuCu7lxZ5cjhk7aw.h9Vn4.2XvY4P88vVcu, active=true, roles=[com.melilla.gestPlanes.model.Role@3daf88e7, com.melilla.gestPlanes.model.Role@6b969df5, com.melilla.gestPlanes.model.Role@23d69a19], version=1, createdAt=null, deleted=false, deletedAt=null), Credentials=[PROTECTED], Authenticated=true, Details=WebAuthenticationDetails [RemoteIpAddress=0:0:0:0:0:0:0:1, SessionId=null], Granted Authorities=[ADMIN, FUNCIONARIO, SUPERUSUARIO]]
2025-10-30T12:32:50.056+01:00 TRACE 40540 --- [http-nio-9092-exec-7] s.CompositeSessionAuthenticationStrategy : Preparing session with ChangeSessionIdAuthenticationStrategy (1/1)
2025-10-30T12:32:50.056+01:00 DEBUG 40540 --- [http-nio-9092-exec-6] s.w.s.m.m.a.RequestMappingHandlerMapping : Mapped to com.melilla.gestPlanes.controller.DashBoardController#trabajadoresPorEstadoGenero(Long)
2025-10-30T12:32:50.056+01:00 TRACE 40540 --- [http-nio-9092-exec-7] o.s.security.web.FilterChainProxy        : Invoking ExceptionTranslationFilter (12/13)
2025-10-30T12:32:50.056+01:00 TRACE 40540 --- [http-nio-9092-exec-7] o.s.security.web.FilterChainProxy        : Invoking AuthorizationFilter (13/13)
2025-10-30T12:32:50.056+01:00 TRACE 40540 --- [http-nio-9092-exec-7] estMatcherDelegatingAuthorizationManager : Authorizing SecurityContextHolderAwareRequestWrapper[ org.springframework.security.web.header.HeaderWriterFilter$HeaderWriterRequest@7ce74703]
2025-10-30T12:32:50.056+01:00 DEBUG 40540 --- [http-nio-9092-exec-6] s.w.s.m.m.a.RequestMappingHandlerMapping : Mapped to com.melilla.gestPlanes.controller.DashBoardController#trabajadoresPorEstadoGenero(Long)
2025-10-30T12:32:50.056+01:00 DEBUG 40540 --- [http-nio-9092-exec-7] s.w.s.m.m.a.RequestMappingHandlerMapping : Mapped to com.melilla.gestPlanes.controller.SalarioController#obtenerSalarioActivo(long)
2025-10-30T12:32:50.057+01:00 DEBUG 40540 --- [http-nio-9092-exec-6] s.w.s.m.m.a.RequestMappingHandlerMapping : Mapped to com.melilla.gestPlanes.controller.DashBoardController#trabajadoresPorEstadoGenero(Long)
2025-10-30T12:32:50.057+01:00 DEBUG 40540 --- [http-nio-9092-exec-7] s.w.s.m.m.a.RequestMappingHandlerMapping : Mapped to com.melilla.gestPlanes.controller.SalarioController#obtenerSalarioActivo(long)
2025-10-30T12:32:50.057+01:00 DEBUG 40540 --- [http-nio-9092-exec-6] s.w.s.m.m.a.RequestMappingHandlerMapping : Mapped to com.melilla.gestPlanes.controller.DashBoardController#trabajadoresPorEstadoGenero(Long)
2025-10-30T12:32:50.057+01:00 DEBUG 40540 --- [http-nio-9092-exec-7] s.w.s.m.m.a.RequestMappingHandlerMapping : Mapped to com.melilla.gestPlanes.controller.SalarioController#obtenerSalarioActivo(long)
2025-10-30T12:32:50.057+01:00 DEBUG 40540 --- [http-nio-9092-exec-6] s.w.s.m.m.a.RequestMappingHandlerMapping : Mapped to com.melilla.gestPlanes.controller.DashBoardController#trabajadoresPorEstadoGenero(Long)
2025-10-30T12:32:50.057+01:00 DEBUG 40540 --- [http-nio-9092-exec-7] s.w.s.m.m.a.RequestMappingHandlerMapping : Mapped to com.melilla.gestPlanes.controller.SalarioController#obtenerSalarioActivo(long)
2025-10-30T12:32:50.058+01:00 DEBUG 40540 --- [http-nio-9092-exec-6] s.w.s.m.m.a.RequestMappingHandlerMapping : Mapped to com.melilla.gestPlanes.controller.DashBoardController#trabajadoresPorEstadoGenero(Long)
2025-10-30T12:32:50.058+01:00 DEBUG 40540 --- [http-nio-9092-exec-7] s.w.s.m.m.a.RequestMappingHandlerMapping : Mapped to com.melilla.gestPlanes.controller.SalarioController#obtenerSalarioActivo(long)
2025-10-30T12:32:50.059+01:00 DEBUG 40540 --- [http-nio-9092-exec-6] s.w.s.m.m.a.RequestMappingHandlerMapping : Mapped to com.melilla.gestPlanes.controller.DashBoardController#trabajadoresPorEstadoGenero(Long)
2025-10-30T12:32:50.059+01:00 TRACE 40540 --- [http-nio-9092-exec-6] estMatcherDelegatingAuthorizationManager : Checking authorization on SecurityContextHolderAwareRequestWrapper[ org.springframework.security.web.header.HeaderWriterFilter$HeaderWriterRequest@ecbb2f3] using org.springframework.security.authorization.AuthenticatedAuthorizationManager@6e9dc3d0
2025-10-30T12:32:50.059+01:00 DEBUG 40540 --- [http-nio-9092-exec-7] s.w.s.m.m.a.RequestMappingHandlerMapping : Mapped to com.melilla.gestPlanes.controller.SalarioController#obtenerSalarioActivo(long)
2025-10-30T12:32:50.059+01:00 DEBUG 40540 --- [http-nio-9092-exec-6] o.s.security.web.FilterChainProxy        : Secured GET /dashBoard/ciudadanoPorEstado/11
2025-10-30T12:32:50.059+01:00 DEBUG 40540 --- [http-nio-9092-exec-7] s.w.s.m.m.a.RequestMappingHandlerMapping : Mapped to com.melilla.gestPlanes.controller.SalarioController#obtenerSalarioActivo(long)
2025-10-30T12:32:50.059+01:00 DEBUG 40540 --- [http-nio-9092-exec-6] o.s.web.servlet.DispatcherServlet        : GET "/dashBoard/ciudadanoPorEstado/11", parameters={}
2025-10-30T12:32:50.059+01:00 TRACE 40540 --- [http-nio-9092-exec-7] estMatcherDelegatingAuthorizationManager : Checking authorization on SecurityContextHolderAwareRequestWrapper[ org.springframework.security.web.header.HeaderWriterFilter$HeaderWriterRequest@7ce74703] using org.springframework.security.authorization.AuthenticatedAuthorizationManager@6e9dc3d0
2025-10-30T12:32:50.060+01:00 DEBUG 40540 --- [http-nio-9092-exec-7] o.s.security.web.FilterChainProxy        : Secured GET /salario/obtenerSalarioActivo/11
2025-10-30T12:32:50.060+01:00 DEBUG 40540 --- [http-nio-9092-exec-6] s.w.s.m.m.a.RequestMappingHandlerMapping : Mapped to com.melilla.gestPlanes.controller.DashBoardController#trabajadoresPorEstadoGenero(Long)
2025-10-30T12:32:50.060+01:00 DEBUG 40540 --- [http-nio-9092-exec-7] o.s.web.servlet.DispatcherServlet        : GET "/salario/obtenerSalarioActivo/11", parameters={}
2025-10-30T12:32:50.060+01:00 DEBUG 40540 --- [http-nio-9092-exec-7] s.w.s.m.m.a.RequestMappingHandlerMapping : Mapped to com.melilla.gestPlanes.controller.SalarioController#obtenerSalarioActivo(long)
2025-10-30T12:32:50.071+01:00 DEBUG 40540 --- [http-nio-9092-exec-7] o.s.w.s.m.m.a.HttpEntityMethodProcessor  : Using 'application/json', given [application/json, text/plain, */*] and supported [application/json, application/*+json]
2025-10-30T12:32:50.079+01:00 DEBUG 40540 --- [http-nio-9092-exec-7] o.s.w.s.m.m.a.HttpEntityMethodProcessor  : Writing [java.lang.StackOverflowError]
2025-10-30T12:32:50.080+01:00 TRACE 40540 --- [http-nio-9092-exec-7] o.s.s.w.header.writers.HstsHeaderWriter  : Not injecting HSTS header since it did not match request to [Is Secure]
2025-10-30T12:32:50.081+01:00 DEBUG 40540 --- [http-nio-9092-exec-7] o.s.web.servlet.DispatcherServlet        : Completed 200 OK
2025-10-30T12:32:50.102+01:00 DEBUG 40540 --- [http-nio-9092-exec-6] o.s.w.s.m.m.a.HttpEntityMethodProcessor  : Using 'application/json', given [application/json, text/plain, */*] and supported [application/json, application/*+json]
2025-10-30T12:32:50.102+01:00 DEBUG 40540 --- [http-nio-9092-exec-6] o.s.w.s.m.m.a.HttpEntityMethodProcessor  : Writing [ApiResponse(estado=null, payload=[DashBoardEstadoGeneroDTO(estado=APLAZADO, hombres=0, mujeres=2), D (truncated)...]
2025-10-30T12:32:50.103+01:00 TRACE 40540 --- [http-nio-9092-exec-6] o.s.s.w.header.writers.HstsHeaderWriter  : Not injecting HSTS header since it did not match request to [Is Secure]
2025-10-30T12:32:50.104+01:00 DEBUG 40540 --- [http-nio-9092-exec-6] o.s.web.servlet.DispatcherServlet        : Completed 200 OK
2025-10-30T12:32:50.119+01:00 TRACE 40540 --- [http-nio-9092-exec-8] o.s.security.web.FilterChainProxy        : Trying to match request against DefaultSecurityFilterChain [RequestMatcher=any request, Filters=[org.springframework.security.web.session.DisableEncodeUrlFilter@5be331b2, org.springframework.security.web.context.request.async.WebAsyncManagerIntegrationFilter@8c1984f, org.springframework.security.web.context.SecurityContextHolderFilter@7e4e2bb0, org.springframework.security.web.header.HeaderWriterFilter@44382b72, org.springframework.web.filter.CorsFilter@51ca7279, org.springframework.security.web.authentication.logout.LogoutFilter@72c1cceb, com.melilla.gestPlanes.JWT.JwtAuthenticationFilter@4c20a32e, org.springframework.security.web.savedrequest.RequestCacheAwareFilter@37898d9d, org.springframework.security.web.servletapi.SecurityContextHolderAwareRequestFilter@4185fa16, org.springframework.security.web.authentication.AnonymousAuthenticationFilter@1b9b1f67, org.springframework.security.web.session.SessionManagementFilter@2907bfd1, org.springframework.security.web.access.ExceptionTranslationFilter@3ae0298, org.springframework.security.web.access.intercept.AuthorizationFilter@296f53c2]] (1/1)
2025-10-30T12:32:50.119+01:00 DEBUG 40540 --- [http-nio-9092-exec-8] o.s.security.web.FilterChainProxy        : Securing GET /dashBoard/ciudadanoPorEstado/11
2025-10-30T12:32:50.119+01:00 TRACE 40540 --- [http-nio-9092-exec-8] o.s.security.web.FilterChainProxy        : Invoking DisableEncodeUrlFilter (1/13)
2025-10-30T12:32:50.120+01:00 TRACE 40540 --- [http-nio-9092-exec-8] o.s.security.web.FilterChainProxy        : Invoking WebAsyncManagerIntegrationFilter (2/13)
2025-10-30T12:32:50.120+01:00 TRACE 40540 --- [http-nio-9092-exec-8] o.s.security.web.FilterChainProxy        : Invoking SecurityContextHolderFilter (3/13)
2025-10-30T12:32:50.120+01:00 TRACE 40540 --- [http-nio-9092-exec-8] o.s.security.web.FilterChainProxy        : Invoking HeaderWriterFilter (4/13)
2025-10-30T12:32:50.120+01:00 TRACE 40540 --- [http-nio-9092-exec-8] o.s.security.web.FilterChainProxy        : Invoking CorsFilter (5/13)
2025-10-30T12:32:50.121+01:00 TRACE 40540 --- [http-nio-9092-exec-8] o.s.security.web.FilterChainProxy        : Invoking LogoutFilter (6/13)
2025-10-30T12:32:50.121+01:00 TRACE 40540 --- [http-nio-9092-exec-8] o.s.s.w.a.logout.LogoutFilter            : Did not match request to Or [Ant [pattern='/logout', GET], Ant [pattern='/logout', POST], Ant [pattern='/logout', PUT], Ant [pattern='/logout', DELETE]]
2025-10-30T12:32:50.121+01:00 TRACE 40540 --- [http-nio-9092-exec-8] o.s.security.web.FilterChainProxy        : Invoking JwtAuthenticationFilter (7/13)
2025-10-30T12:32:50.121+01:00  INFO 40540 --- [http-nio-9092-exec-8] c.m.g.JWT.JwtAuthenticationFilter        : Bearer eyJhbGciOiJIUzUxMiJ9.eyJzdWIiOiJhZG1pbiIsImlhdCI6MTc2MTgyMzk2OSwiZXhwIjoxNzYxODI1NDA5fQ.R4aVMltenIL4KaBKwTKf-vInlBPAvv14ct7H7Rxc1mYWoizsLsW-xQjJo15qa83ot_ddgSgm8mBmQ00u2U6ngg
2025-10-30T12:32:50.124+01:00  INFO 40540 --- [http-nio-9092-exec-8] c.m.g.JWT.JwtAuthenticationFilter        : admin
2025-10-30T12:32:50.124+01:00 TRACE 40540 --- [http-nio-9092-exec-8] .s.s.w.c.SupplierDeferredSecurityContext : Created SecurityContextImpl [Null authentication]
2025-10-30T12:32:50.140+01:00  INFO 40540 --- [http-nio-9092-exec-8] c.m.g.JWT.JwtAuthenticationFilter        : Token válido
2025-10-30T12:32:50.141+01:00  INFO 40540 --- [http-nio-9092-exec-8] c.m.g.JWT.JwtAuthenticationFilter        : admin
2025-10-30T12:32:50.141+01:00 TRACE 40540 --- [http-nio-9092-exec-8] o.s.security.web.FilterChainProxy        : Invoking RequestCacheAwareFilter (8/13)
2025-10-30T12:32:50.141+01:00 TRACE 40540 --- [http-nio-9092-exec-8] o.s.security.web.FilterChainProxy        : Invoking SecurityContextHolderAwareRequestFilter (9/13)
2025-10-30T12:32:50.141+01:00 TRACE 40540 --- [http-nio-9092-exec-8] o.s.security.web.FilterChainProxy        : Invoking AnonymousAuthenticationFilter (10/13)
2025-10-30T12:32:50.141+01:00 TRACE 40540 --- [http-nio-9092-exec-8] o.s.security.web.FilterChainProxy        : Invoking SessionManagementFilter (11/13)
2025-10-30T12:32:50.141+01:00 TRACE 40540 --- [http-nio-9092-exec-8] o.s.s.w.a.AnonymousAuthenticationFilter  : Did not set SecurityContextHolder since already authenticated UsernamePasswordAuthenticationToken [Principal=User(id=1, userName=admin, password=$2y$10$fExtjY0FqU8wt37WHSPuCu7lxZ5cjhk7aw.h9Vn4.2XvY4P88vVcu, active=true, roles=[com.melilla.gestPlanes.model.Role@459e85fb, com.melilla.gestPlanes.model.Role@3c978e9e, com.melilla.gestPlanes.model.Role@1c7b0a71], version=1, createdAt=null, deleted=false, deletedAt=null), Credentials=[PROTECTED], Authenticated=true, Details=WebAuthenticationDetails [RemoteIpAddress=0:0:0:0:0:0:0:1, SessionId=null], Granted Authorities=[ADMIN, FUNCIONARIO, SUPERUSUARIO]]
2025-10-30T12:32:50.141+01:00 TRACE 40540 --- [http-nio-9092-exec-8] s.CompositeSessionAuthenticationStrategy : Preparing session with ChangeSessionIdAuthenticationStrategy (1/1)
2025-10-30T12:32:50.141+01:00 TRACE 40540 --- [http-nio-9092-exec-8] o.s.security.web.FilterChainProxy        : Invoking ExceptionTranslationFilter (12/13)
2025-10-30T12:32:50.141+01:00 TRACE 40540 --- [http-nio-9092-exec-8] o.s.security.web.FilterChainProxy        : Invoking AuthorizationFilter (13/13)
2025-10-30T12:32:50.142+01:00 TRACE 40540 --- [http-nio-9092-exec-8] estMatcherDelegatingAuthorizationManager : Authorizing SecurityContextHolderAwareRequestWrapper[ org.springframework.security.web.header.HeaderWriterFilter$HeaderWriterRequest@f91d324]
2025-10-30T12:32:50.142+01:00 DEBUG 40540 --- [http-nio-9092-exec-8] s.w.s.m.m.a.RequestMappingHandlerMapping : Mapped to com.melilla.gestPlanes.controller.DashBoardController#trabajadoresPorEstadoGenero(Long)
2025-10-30T12:32:50.143+01:00 DEBUG 40540 --- [http-nio-9092-exec-8] s.w.s.m.m.a.RequestMappingHandlerMapping : Mapped to com.melilla.gestPlanes.controller.DashBoardController#trabajadoresPorEstadoGenero(Long)
2025-10-30T12:32:50.143+01:00 DEBUG 40540 --- [http-nio-9092-exec-8] s.w.s.m.m.a.RequestMappingHandlerMapping : Mapped to com.melilla.gestPlanes.controller.DashBoardController#trabajadoresPorEstadoGenero(Long)
2025-10-30T12:32:50.144+01:00 DEBUG 40540 --- [http-nio-9092-exec-8] s.w.s.m.m.a.RequestMappingHandlerMapping : Mapped to com.melilla.gestPlanes.controller.DashBoardController#trabajadoresPorEstadoGenero(Long)
2025-10-30T12:32:50.144+01:00 DEBUG 40540 --- [http-nio-9092-exec-8] s.w.s.m.m.a.RequestMappingHandlerMapping : Mapped to com.melilla.gestPlanes.controller.DashBoardController#trabajadoresPorEstadoGenero(Long)
2025-10-30T12:32:50.145+01:00 DEBUG 40540 --- [http-nio-9092-exec-8] s.w.s.m.m.a.RequestMappingHandlerMapping : Mapped to com.melilla.gestPlanes.controller.DashBoardController#trabajadoresPorEstadoGenero(Long)
2025-10-30T12:32:50.145+01:00 DEBUG 40540 --- [http-nio-9092-exec-8] s.w.s.m.m.a.RequestMappingHandlerMapping : Mapped to com.melilla.gestPlanes.controller.DashBoardController#trabajadoresPorEstadoGenero(Long)
2025-10-30T12:32:50.145+01:00 TRACE 40540 --- [http-nio-9092-exec-8] estMatcherDelegatingAuthorizationManager : Checking authorization on SecurityContextHolderAwareRequestWrapper[ org.springframework.security.web.header.HeaderWriterFilter$HeaderWriterRequest@f91d324] using org.springframework.security.authorization.AuthenticatedAuthorizationManager@6e9dc3d0
2025-10-30T12:32:50.146+01:00 DEBUG 40540 --- [http-nio-9092-exec-8] o.s.security.web.FilterChainProxy        : Secured GET /dashBoard/ciudadanoPorEstado/11
2025-10-30T12:32:50.146+01:00 DEBUG 40540 --- [http-nio-9092-exec-8] o.s.web.servlet.DispatcherServlet        : GET "/dashBoard/ciudadanoPorEstado/11", parameters={}
2025-10-30T12:32:50.146+01:00 DEBUG 40540 --- [http-nio-9092-exec-8] s.w.s.m.m.a.RequestMappingHandlerMapping : Mapped to com.melilla.gestPlanes.controller.DashBoardController#trabajadoresPorEstadoGenero(Long)
2025-10-30T12:32:50.161+01:00 DEBUG 40540 --- [http-nio-9092-exec-8] o.s.w.s.m.m.a.HttpEntityMethodProcessor  : Using 'application/json', given [application/json, text/plain, */*] and supported [application/json, application/*+json]
2025-10-30T12:32:50.161+01:00 DEBUG 40540 --- [http-nio-9092-exec-8] o.s.w.s.m.m.a.HttpEntityMethodProcessor  : Writing [ApiResponse(estado=null, payload=[DashBoardEstadoGeneroDTO(estado=APLAZADO, hombres=0, mujeres=2), D (truncated)...]
2025-10-30T12:32:50.162+01:00 TRACE 40540 --- [http-nio-9092-exec-8] o.s.s.w.header.writers.HstsHeaderWriter  : Not injecting HSTS header since it did not match request to [Is Secure]
2025-10-30T12:32:50.163+01:00 DEBUG 40540 --- [http-nio-9092-exec-8] o.s.web.servlet.DispatcherServlet        : Completed 200 OK
2025-10-30T12:32:50.173+01:00 TRACE 40540 --- [http-nio-9092-exec-9] o.s.security.web.FilterChainProxy        : Trying to match request against DefaultSecurityFilterChain [RequestMatcher=any request, Filters=[org.springframework.security.web.session.DisableEncodeUrlFilter@5be331b2, org.springframework.security.web.context.request.async.WebAsyncManagerIntegrationFilter@8c1984f, org.springframework.security.web.context.SecurityContextHolderFilter@7e4e2bb0, org.springframework.security.web.header.HeaderWriterFilter@44382b72, org.springframework.web.filter.CorsFilter@51ca7279, org.springframework.security.web.authentication.logout.LogoutFilter@72c1cceb, com.melilla.gestPlanes.JWT.JwtAuthenticationFilter@4c20a32e, org.springframework.security.web.savedrequest.RequestCacheAwareFilter@37898d9d, org.springframework.security.web.servletapi.SecurityContextHolderAwareRequestFilter@4185fa16, org.springframework.security.web.authentication.AnonymousAuthenticationFilter@1b9b1f67, org.springframework.security.web.session.SessionManagementFilter@2907bfd1, org.springframework.security.web.access.ExceptionTranslationFilter@3ae0298, org.springframework.security.web.access.intercept.AuthorizationFilter@296f53c2]] (1/1)
2025-10-30T12:32:50.173+01:00 DEBUG 40540 --- [http-nio-9092-exec-9] o.s.security.web.FilterChainProxy        : Securing OPTIONS /salario/obtenerDetalleSalario/4
2025-10-30T12:32:50.173+01:00 TRACE 40540 --- [http-nio-9092-exec-9] o.s.security.web.FilterChainProxy        : Invoking DisableEncodeUrlFilter (1/13)
2025-10-30T12:32:50.174+01:00 TRACE 40540 --- [http-nio-9092-exec-9] o.s.security.web.FilterChainProxy        : Invoking WebAsyncManagerIntegrationFilter (2/13)
2025-10-30T12:32:50.174+01:00 TRACE 40540 --- [http-nio-9092-exec-9] o.s.security.web.FilterChainProxy        : Invoking SecurityContextHolderFilter (3/13)
2025-10-30T12:32:50.174+01:00 TRACE 40540 --- [http-nio-9092-exec-9] o.s.security.web.FilterChainProxy        : Invoking HeaderWriterFilter (4/13)
2025-10-30T12:32:50.174+01:00 TRACE 40540 --- [http-nio-9092-exec-9] o.s.security.web.FilterChainProxy        : Invoking CorsFilter (5/13)
2025-10-30T12:32:50.175+01:00 TRACE 40540 --- [http-nio-9092-exec-9] o.s.s.w.header.writers.HstsHeaderWriter  : Not injecting HSTS header since it did not match request to [Is Secure]
2025-10-30T12:32:50.181+01:00 TRACE 40540 --- [http-nio-9092-exec-10] o.s.security.web.FilterChainProxy        : Trying to match request against DefaultSecurityFilterChain [RequestMatcher=any request, Filters=[org.springframework.security.web.session.DisableEncodeUrlFilter@5be331b2, org.springframework.security.web.context.request.async.WebAsyncManagerIntegrationFilter@8c1984f, org.springframework.security.web.context.SecurityContextHolderFilter@7e4e2bb0, org.springframework.security.web.header.HeaderWriterFilter@44382b72, org.springframework.web.filter.CorsFilter@51ca7279, org.springframework.security.web.authentication.logout.LogoutFilter@72c1cceb, com.melilla.gestPlanes.JWT.JwtAuthenticationFilter@4c20a32e, org.springframework.security.web.savedrequest.RequestCacheAwareFilter@37898d9d, org.springframework.security.web.servletapi.SecurityContextHolderAwareRequestFilter@4185fa16, org.springframework.security.web.authentication.AnonymousAuthenticationFilter@1b9b1f67, org.springframework.security.web.session.SessionManagementFilter@2907bfd1, org.springframework.security.web.access.ExceptionTranslationFilter@3ae0298, org.springframework.security.web.access.intercept.AuthorizationFilter@296f53c2]] (1/1)
2025-10-30T12:32:50.182+01:00 DEBUG 40540 --- [http-nio-9092-exec-10] o.s.security.web.FilterChainProxy        : Securing GET /salario/obtenerDetalleSalario/4
2025-10-30T12:32:50.182+01:00 TRACE 40540 --- [http-nio-9092-exec-10] o.s.security.web.FilterChainProxy        : Invoking DisableEncodeUrlFilter (1/13)
2025-10-30T12:32:50.182+01:00 TRACE 40540 --- [http-nio-9092-exec-10] o.s.security.web.FilterChainProxy        : Invoking WebAsyncManagerIntegrationFilter (2/13)
2025-10-30T12:32:50.182+01:00 TRACE 40540 --- [http-nio-9092-exec-10] o.s.security.web.FilterChainProxy        : Invoking SecurityContextHolderFilter (3/13)
2025-10-30T12:32:50.182+01:00 TRACE 40540 --- [http-nio-9092-exec-10] o.s.security.web.FilterChainProxy        : Invoking HeaderWriterFilter (4/13)
2025-10-30T12:32:50.182+01:00 TRACE 40540 --- [http-nio-9092-exec-10] o.s.security.web.FilterChainProxy        : Invoking CorsFilter (5/13)
2025-10-30T12:32:50.183+01:00 TRACE 40540 --- [http-nio-9092-exec-10] o.s.security.web.FilterChainProxy        : Invoking LogoutFilter (6/13)
2025-10-30T12:32:50.183+01:00 TRACE 40540 --- [http-nio-9092-exec-10] o.s.s.w.a.logout.LogoutFilter            : Did not match request to Or [Ant [pattern='/logout', GET], Ant [pattern='/logout', POST], Ant [pattern='/logout', PUT], Ant [pattern='/logout', DELETE]]
2025-10-30T12:32:50.183+01:00 TRACE 40540 --- [http-nio-9092-exec-10] o.s.security.web.FilterChainProxy        : Invoking JwtAuthenticationFilter (7/13)
2025-10-30T12:32:50.183+01:00  INFO 40540 --- [http-nio-9092-exec-10] c.m.g.JWT.JwtAuthenticationFilter        : Bearer eyJhbGciOiJIUzUxMiJ9.eyJzdWIiOiJhZG1pbiIsImlhdCI6MTc2MTgyMzk2OSwiZXhwIjoxNzYxODI1NDA5fQ.R4aVMltenIL4KaBKwTKf-vInlBPAvv14ct7H7Rxc1mYWoizsLsW-xQjJo15qa83ot_ddgSgm8mBmQ00u2U6ngg
2025-10-30T12:32:50.186+01:00  INFO 40540 --- [http-nio-9092-exec-10] c.m.g.JWT.JwtAuthenticationFilter        : admin
2025-10-30T12:32:50.186+01:00 TRACE 40540 --- [http-nio-9092-exec-10] .s.s.w.c.SupplierDeferredSecurityContext : Created SecurityContextImpl [Null authentication]
2025-10-30T12:32:50.199+01:00  INFO 40540 --- [http-nio-9092-exec-10] c.m.g.JWT.JwtAuthenticationFilter        : Token válido
2025-10-30T12:32:50.199+01:00  INFO 40540 --- [http-nio-9092-exec-10] c.m.g.JWT.JwtAuthenticationFilter        : admin
2025-10-30T12:32:50.199+01:00 TRACE 40540 --- [http-nio-9092-exec-10] o.s.security.web.FilterChainProxy        : Invoking RequestCacheAwareFilter (8/13)
2025-10-30T12:32:50.199+01:00 TRACE 40540 --- [http-nio-9092-exec-10] o.s.security.web.FilterChainProxy        : Invoking SecurityContextHolderAwareRequestFilter (9/13)
2025-10-30T12:32:50.199+01:00 TRACE 40540 --- [http-nio-9092-exec-10] o.s.security.web.FilterChainProxy        : Invoking AnonymousAuthenticationFilter (10/13)
2025-10-30T12:32:50.199+01:00 TRACE 40540 --- [http-nio-9092-exec-10] o.s.security.web.FilterChainProxy        : Invoking SessionManagementFilter (11/13)
2025-10-30T12:32:50.200+01:00 TRACE 40540 --- [http-nio-9092-exec-10] o.s.s.w.a.AnonymousAuthenticationFilter  : Did not set SecurityContextHolder since already authenticated UsernamePasswordAuthenticationToken [Principal=User(id=1, userName=admin, password=$2y$10$fExtjY0FqU8wt37WHSPuCu7lxZ5cjhk7aw.h9Vn4.2XvY4P88vVcu, active=true, roles=[com.melilla.gestPlanes.model.Role@1bed03fd, com.melilla.gestPlanes.model.Role@414970fd, com.melilla.gestPlanes.model.Role@3f21df67], version=1, createdAt=null, deleted=false, deletedAt=null), Credentials=[PROTECTED], Authenticated=true, Details=WebAuthenticationDetails [RemoteIpAddress=0:0:0:0:0:0:0:1, SessionId=null], Granted Authorities=[ADMIN, FUNCIONARIO, SUPERUSUARIO]]
2025-10-30T12:32:50.200+01:00 TRACE 40540 --- [http-nio-9092-exec-10] s.CompositeSessionAuthenticationStrategy : Preparing session with ChangeSessionIdAuthenticationStrategy (1/1)
2025-10-30T12:32:50.200+01:00 TRACE 40540 --- [http-nio-9092-exec-10] o.s.security.web.FilterChainProxy        : Invoking ExceptionTranslationFilter (12/13)
2025-10-30T12:32:50.200+01:00 TRACE 40540 --- [http-nio-9092-exec-10] o.s.security.web.FilterChainProxy        : Invoking AuthorizationFilter (13/13)
2025-10-30T12:32:50.200+01:00 TRACE 40540 --- [http-nio-9092-exec-10] estMatcherDelegatingAuthorizationManager : Authorizing SecurityContextHolderAwareRequestWrapper[ org.springframework.security.web.header.HeaderWriterFilter$HeaderWriterRequest@5db1619d]
2025-10-30T12:32:50.201+01:00 DEBUG 40540 --- [http-nio-9092-exec-10] s.w.s.m.m.a.RequestMappingHandlerMapping : Mapped to com.melilla.gestPlanes.controller.SalarioController#obtenerDetalle(long)
2025-10-30T12:32:50.201+01:00 DEBUG 40540 --- [http-nio-9092-exec-10] s.w.s.m.m.a.RequestMappingHandlerMapping : Mapped to com.melilla.gestPlanes.controller.SalarioController#obtenerDetalle(long)
2025-10-30T12:32:50.202+01:00 DEBUG 40540 --- [http-nio-9092-exec-10] s.w.s.m.m.a.RequestMappingHandlerMapping : Mapped to com.melilla.gestPlanes.controller.SalarioController#obtenerDetalle(long)
2025-10-30T12:32:50.202+01:00 DEBUG 40540 --- [http-nio-9092-exec-10] s.w.s.m.m.a.RequestMappingHandlerMapping : Mapped to com.melilla.gestPlanes.controller.SalarioController#obtenerDetalle(long)
2025-10-30T12:32:50.203+01:00 DEBUG 40540 --- [http-nio-9092-exec-10] s.w.s.m.m.a.RequestMappingHandlerMapping : Mapped to com.melilla.gestPlanes.controller.SalarioController#obtenerDetalle(long)
2025-10-30T12:32:50.203+01:00 DEBUG 40540 --- [http-nio-9092-exec-10] s.w.s.m.m.a.RequestMappingHandlerMapping : Mapped to com.melilla.gestPlanes.controller.SalarioController#obtenerDetalle(long)
2025-10-30T12:32:50.204+01:00 DEBUG 40540 --- [http-nio-9092-exec-10] s.w.s.m.m.a.RequestMappingHandlerMapping : Mapped to com.melilla.gestPlanes.controller.SalarioController#obtenerDetalle(long)
2025-10-30T12:32:50.204+01:00 TRACE 40540 --- [http-nio-9092-exec-10] estMatcherDelegatingAuthorizationManager : Checking authorization on SecurityContextHolderAwareRequestWrapper[ org.springframework.security.web.header.HeaderWriterFilter$HeaderWriterRequest@5db1619d] using org.springframework.security.authorization.AuthenticatedAuthorizationManager@6e9dc3d0
2025-10-30T12:32:50.205+01:00 DEBUG 40540 --- [http-nio-9092-exec-10] o.s.security.web.FilterChainProxy        : Secured GET /salario/obtenerDetalleSalario/4
2025-10-30T12:32:50.205+01:00 DEBUG 40540 --- [http-nio-9092-exec-10] o.s.web.servlet.DispatcherServlet        : GET "/salario/obtenerDetalleSalario/4", parameters={}
2025-10-30T12:32:50.206+01:00 DEBUG 40540 --- [http-nio-9092-exec-10] s.w.s.m.m.a.RequestMappingHandlerMapping : Mapped to com.melilla.gestPlanes.controller.SalarioController#obtenerDetalle(long)
2025-10-30T12:32:50.220+01:00 DEBUG 40540 --- [http-nio-9092-exec-10] o.s.w.s.m.m.a.HttpEntityMethodProcessor  : Using 'application/json', given [application/json, text/plain, */*] and supported [application/json, application/*+json]
2025-10-30T12:32:50.220+01:00 DEBUG 40540 --- [http-nio-9092-exec-10] o.s.w.s.m.m.a.HttpEntityMethodProcessor  : Writing [ApiResponse(estado=200 OK, payload=[ResponseSalarioDetalleDTO(idSalarioDetalle=11, grupo=5, base=829 (truncated)...]
2025-10-30T12:32:50.223+01:00 TRACE 40540 --- [http-nio-9092-exec-10] o.s.s.w.header.writers.HstsHeaderWriter  : Not injecting HSTS header since it did not match request to [Is Secure]
2025-10-30T12:32:50.224+01:00 DEBUG 40540 --- [http-nio-9092-exec-10] o.s.web.servlet.DispatcherServlet        : Completed 200 OK
2025-10-30T12:45:03.115+01:00  INFO 40540 --- [RMI TCP Connection(19)-127.0.0.1] inMXBeanRegistrar$SpringApplicationAdmin : Application shutdown requested.
2025-10-30T12:45:03.137+01:00  INFO 40540 --- [RMI TCP Connection(19)-127.0.0.1] o.apache.catalina.core.StandardService   : Stopping service [Tomcat]
2025-10-30T12:45:03.139+01:00  INFO 40540 --- [RMI TCP Connection(19)-127.0.0.1] o.a.c.c.C.[Tomcat].[localhost].[/]       : Destroying Spring FrameworkServlet 'dispatcherServlet'
2025-10-30T12:45:03.142+01:00  WARN 40540 --- [RMI TCP Connection(19)-127.0.0.1] o.a.c.loader.WebappClassLoaderBase       : The web application [ROOT] appears to have started a thread named [HikariPool-1 housekeeper] but has failed to stop it. This is very likely to create a memory leak. Stack trace of thread:
 java.base@17.0.1/jdk.internal.misc.Unsafe.park(Native Method)
 java.base@17.0.1/java.util.concurrent.locks.LockSupport.parkNanos(LockSupport.java:252)
 java.base@17.0.1/java.util.concurrent.locks.AbstractQueuedSynchronizer$ConditionObject.awaitNanos(AbstractQueuedSynchronizer.java:1672)
 java.base@17.0.1/java.util.concurrent.ScheduledThreadPoolExecutor$DelayedWorkQueue.take(ScheduledThreadPoolExecutor.java:1182)
 java.base@17.0.1/java.util.concurrent.ScheduledThreadPoolExecutor$DelayedWorkQueue.take(ScheduledThreadPoolExecutor.java:899)
 java.base@17.0.1/java.util.concurrent.ThreadPoolExecutor.getTask(ThreadPoolExecutor.java:1062)
 java.base@17.0.1/java.util.concurrent.ThreadPoolExecutor.runWorker(ThreadPoolExecutor.java:1122)
 java.base@17.0.1/java.util.concurrent.ThreadPoolExecutor$Worker.run(ThreadPoolExecutor.java:635)
 java.base@17.0.1/java.lang.Thread.run(Thread.java:833)
2025-10-30T12:45:03.156+01:00  INFO 40540 --- [RMI TCP Connection(19)-127.0.0.1] j.LocalContainerEntityManagerFactoryBean : Closing JPA EntityManagerFactory for persistence unit 'default'
2025-10-30T12:45:03.161+01:00  INFO 40540 --- [RMI TCP Connection(19)-127.0.0.1] com.zaxxer.hikari.HikariDataSource       : HikariPool-1 - Shutdown initiated...
2025-10-30T12:45:03.168+01:00  INFO 40540 --- [RMI TCP Connection(19)-127.0.0.1] com.zaxxer.hikari.HikariDataSource       : HikariPool-1 - Shutdown completed.
