2026-01-26T11:50:24.668+01:00  INFO 24840 --- [restartedMain] c.m.gestPlanes.GestPlanesApplication     : Starting GestPlanesApplication using Java 17.0.1 with PID 24840 (D:\proyectos\gestPlanes\target\classes started by juancarlos.pmera in D:\proyectos\gestPlanes)
2026-01-26T11:50:24.693+01:00  INFO 24840 --- [restartedMain] c.m.gestPlanes.GestPlanesApplication     : No active profile set, falling back to 1 default profile: "default"
2026-01-26T11:50:24.823+01:00  INFO 24840 --- [restartedMain] .e.DevToolsPropertyDefaultsPostProcessor : Devtools property defaults active! Set 'spring.devtools.add-properties' to 'false' to disable
2026-01-26T11:50:27.506+01:00  INFO 24840 --- [restartedMain] .s.d.r.c.RepositoryConfigurationDelegate : Bootstrapping Spring Data JPA repositories in DEFAULT mode.
2026-01-26T11:50:28.451+01:00  INFO 24840 --- [restartedMain] .s.d.r.c.RepositoryConfigurationDelegate : Finished Spring Data repository scanning in 925 ms. Found 24 JPA repository interfaceinterfaces.
2026-01-26T11:50:31.087+01:00  INFO 24840 --- [restartedMain] o.s.b.w.embedded.tomcat.TomcatWebServer  : Tomcat initialized with port(s): 9092 (http)
2026-01-26T11:50:31.108+01:00  INFO 24840 --- [restartedMain] o.apache.catalina.core.StandardService   : Starting service [Tomcat]
2026-01-26T11:50:31.109+01:00  INFO 24840 --- [restartedMain] o.apache.catalina.core.StandardEngine    : Starting Servlet engine: [Apache Tomcat/10.1.16]
2026-01-26T11:50:31.292+01:00  INFO 24840 --- [restartedMain] o.a.c.c.C.[Tomcat].[localhost].[/]       : Initializing Spring embedded WebApplicationContext
2026-01-26T11:50:31.293+01:00  INFO 24840 --- [restartedMain] w.s.c.ServletWebServerApplicationContext : Root WebApplicationContext: initialization completed in 6468 ms
2026-01-26T11:50:31.317+01:00 TRACE 24840 --- [restartedMain] o.s.b.w.s.ServletContextInitializerBeans : Added existing Filter initializer bean 'securityFilterChainRegistration'; order=-100, resource=class path resource [org/springframework/boot/autoconfigure/security/servlet/SecurityFilterAutoConfiguration.class]
2026-01-26T11:50:31.318+01:00 TRACE 24840 --- [restartedMain] o.s.b.w.s.ServletContextInitializerBeans : Added existing Servlet initializer bean 'dispatcherServletRegistration'; order=2147483647, resource=class path resource [org/springframework/boot/autoconfigure/web/servlet/DispatcherServletAutoConfiguration$DispatcherServletRegistrationConfiguration.class]
2026-01-26T11:50:33.777+01:00  INFO 24840 --- [restartedMain] o.hibernate.jpa.internal.util.LogHelper  : HHH000204: Processing PersistenceUnitInfo [name: default]
2026-01-26T11:50:33.920+01:00  INFO 24840 --- [restartedMain] org.hibernate.Version                    : HHH000412: Hibernate ORM core version 6.1.7.Final
2026-01-26T11:50:34.608+01:00  INFO 24840 --- [restartedMain] com.zaxxer.hikari.HikariDataSource       : HikariPool-1 - Starting...
2026-01-26T11:50:34.883+01:00  INFO 24840 --- [restartedMain] com.zaxxer.hikari.pool.HikariPool        : HikariPool-1 - Added connection org.mariadb.jdbc.Connection@6fd6c31
2026-01-26T11:50:34.888+01:00  INFO 24840 --- [restartedMain] com.zaxxer.hikari.HikariDataSource       : HikariPool-1 - Start completed.
2026-01-26T11:50:34.998+01:00  INFO 24840 --- [restartedMain] SQL dialect                              : HHH000400: Using dialect: org.hibernate.dialect.MariaDBDialect
2026-01-26T11:50:35.206+01:00  INFO 24840 --- [restartedMain] o.h.e.boot.internal.EnversServiceImpl    : Envers integration enabled? : true
2026-01-26T11:50:36.227+01:00  INFO 24840 --- [restartedMain] o.h.e.c.i.m.AuditMetadataGenerator       : Adding properties for entity: com.melilla.gestPlanes.model.config.PlanConfig
2026-01-26T11:50:36.230+01:00  INFO 24840 --- [restartedMain] o.h.e.c.i.m.AuditMetadataGenerator       : Adding properties for entity: com.melilla.gestPlanes.model.Plan
2026-01-26T11:50:36.235+01:00  INFO 24840 --- [restartedMain] o.h.e.c.i.m.AuditMetadataGenerator       : Adding properties for entity: com.melilla.gestPlanes.model.SalarioDetalle
2026-01-26T11:50:36.236+01:00  INFO 24840 --- [restartedMain] o.h.e.c.i.m.AuditMetadataGenerator       : Adding properties for entity: com.melilla.gestPlanes.model.Contrato
2026-01-26T11:50:36.237+01:00  INFO 24840 --- [restartedMain] o.h.e.c.i.m.AuditMetadataGenerator       : Adding properties for entity: com.melilla.gestPlanes.model.NotaCiudadano
2026-01-26T11:50:36.237+01:00  INFO 24840 --- [restartedMain] o.h.e.c.i.m.AuditMetadataGenerator       : Adding properties for entity: com.melilla.gestPlanes.model.Documento
2026-01-26T11:50:36.238+01:00  INFO 24840 --- [restartedMain] o.h.e.c.i.m.AuditMetadataGenerator       : Adding properties for entity: com.melilla.gestPlanes.model.Ciudadano
2026-01-26T11:50:36.239+01:00  INFO 24840 --- [restartedMain] o.h.e.c.i.m.AuditMetadataGenerator       : Adding properties for entity: com.melilla.gestPlanes.model.config.PlantillaContratoConfig
2026-01-26T11:50:36.240+01:00  INFO 24840 --- [restartedMain] o.h.e.c.i.m.AuditMetadataGenerator       : Adding properties for entity: com.melilla.gestPlanes.model.Salario
2026-01-26T11:50:36.240+01:00  INFO 24840 --- [restartedMain] o.h.e.c.i.m.AuditMetadataGenerator       : Adding properties for entity: com.melilla.gestPlanes.model.DocumentoPlan
2026-01-26T11:50:36.248+01:00  INFO 24840 --- [restartedMain] .e.b.i.AdditionalJaxbMappingProducerImpl : Adding JAXB document mapping
2026-01-26T11:50:36.788+01:00  INFO 24840 --- [restartedMain] org.hibernate.envers.boot                : HHH90005601: Envers-generated HBM mapping...
<?xml version="1.0" encoding="UTF-8" standalone="yes"?>
<hibernate-mapping auto-import="false" xmlns="http://www.hibernate.org/xsd/orm/hbm">
    <class discriminator-value="PlanConfig" table="plan_config_AUD" entity-name="com.melilla.gestPlanes.model.config.PlanConfig_AUD" abstract="false">
        <composite-id name="originalId">
            <key-property name="idConfig">
                <column name="id_config"/>
                <type name="long">
                    <param name="org.hibernate.type.ParameterType.primaryKey">false</param>
                    <param name="org.hibernate.type.ParameterType.dynamic">true</param>
                    <param name="org.hibernate.type.ParameterType.returnedClass">java.lang.Long</param>
                    <param name="org.hibernate.type.ParameterType.accessType">field</param>
                    <param name="org.hibernate.type.ParameterType.entityClass">com.melilla.gestPlanes.model.config.PlanConfig</param>
                    <param name="org.hibernate.type.ParameterType.propertyName">idConfig</param>
                </type>
            </key-property>
            <key-many-to-one class="com.melilla.gestPlanes.envers.CustomRevisionEntity" name="REV">
                <column name="REV"/>
            </key-many-to-one>
        </composite-id>
        <property insert="true" name="REVTYPE" type="org.hibernate.envers.internal.entities.RevisionTypeType" update="false"/>
        <many-to-one class="com.melilla.gestPlanes.envers.CustomRevisionEntity" insert="true" name="REVEND" update="true">
            <column name="REVEND"/>
        </many-to-one>
        <property insert="true" name="REVEND_TSTMP" type="timestamp" update="true">
            <column name="REVEND_TSTMP"/>
        </property>
        <property insert="true" name="createdAt" update="false">
            <column name="created_at"/>
            <type name="LocalDateTime">
                <param name="org.hibernate.type.ParameterType.primaryKey">false</param>
                <param name="org.hibernate.type.ParameterType.dynamic">true</param>
                <param name="org.hibernate.type.ParameterType.returnedClass">java.time.LocalDateTime</param>
                <param name="org.hibernate.type.ParameterType.accessType">field</param>
                <param name="org.hibernate.type.ParameterType.entityClass">com.melilla.gestPlanes.model.config.PlanConfig</param>
                <param name="org.hibernate.type.ParameterType.propertyName">createdAt</param>
            </type>
        </property>
        <property insert="true" name="deleted" type="boolean" update="false">
            <column name="deleted"/>
        </property>
        <property insert="true" name="deletedAt" update="false">
            <column name="deleted_at"/>
            <type name="LocalDateTime">
                <param name="org.hibernate.type.ParameterType.primaryKey">false</param>
                <param name="org.hibernate.type.ParameterType.dynamic">true</param>
                <param name="org.hibernate.type.ParameterType.returnedClass">java.time.LocalDateTime</param>
                <param name="org.hibernate.type.ParameterType.accessType">field</param>
                <param name="org.hibernate.type.ParameterType.entityClass">com.melilla.gestPlanes.model.config.PlanConfig</param>
                <param name="org.hibernate.type.ParameterType.propertyName">deletedAt</param>
            </type>
        </property>
        <property insert="true" name="tempDir" update="false">
            <column name="temp_dir"/>
            <type name="string">
                <param name="org.hibernate.type.ParameterType.primaryKey">false</param>
                <param name="org.hibernate.type.ParameterType.dynamic">true</param>
                <param name="org.hibernate.type.ParameterType.returnedClass">java.lang.String</param>
                <param name="org.hibernate.type.ParameterType.accessType">field</param>
                <param name="org.hibernate.type.ParameterType.entityClass">com.melilla.gestPlanes.model.config.PlanConfig</param>
                <param name="org.hibernate.type.ParameterType.propertyName">tempDir</param>
            </type>
        </property>
        <property insert="true" name="templateDir" update="false">
            <column name="template_dir"/>
            <type name="string">
                <param name="org.hibernate.type.ParameterType.primaryKey">false</param>
                <param name="org.hibernate.type.ParameterType.dynamic">true</param>
                <param name="org.hibernate.type.ParameterType.returnedClass">java.lang.String</param>
                <param name="org.hibernate.type.ParameterType.accessType">field</param>
                <param name="org.hibernate.type.ParameterType.entityClass">com.melilla.gestPlanes.model.config.PlanConfig</param>
                <param name="org.hibernate.type.ParameterType.propertyName">templateDir</param>
            </type>
        </property>
        <property insert="true" name="trashcanDir" update="false">
            <column name="trashcan_dir"/>
            <type name="string">
                <param name="org.hibernate.type.ParameterType.primaryKey">false</param>
                <param name="org.hibernate.type.ParameterType.dynamic">true</param>
                <param name="org.hibernate.type.ParameterType.returnedClass">java.lang.String</param>
                <param name="org.hibernate.type.ParameterType.accessType">field</param>
                <param name="org.hibernate.type.ParameterType.entityClass">com.melilla.gestPlanes.model.config.PlanConfig</param>
                <param name="org.hibernate.type.ParameterType.propertyName">trashcanDir</param>
            </type>
        </property>
        <property insert="true" name="uploadDir" update="false">
            <column name="upload_dir"/>
            <type name="string">
                <param name="org.hibernate.type.ParameterType.primaryKey">false</param>
                <param name="org.hibernate.type.ParameterType.dynamic">true</param>
                <param name="org.hibernate.type.ParameterType.returnedClass">java.lang.String</param>
                <param name="org.hibernate.type.ParameterType.accessType">field</param>
                <param name="org.hibernate.type.ParameterType.entityClass">com.melilla.gestPlanes.model.config.PlanConfig</param>
                <param name="org.hibernate.type.ParameterType.propertyName">uploadDir</param>
            </type>
        </property>
    </class>
</hibernate-mapping>

2026-01-26T11:50:36.821+01:00  INFO 24840 --- [restartedMain] .e.b.i.AdditionalJaxbMappingProducerImpl : Adding JAXB document mapping
2026-01-26T11:50:36.954+01:00  INFO 24840 --- [restartedMain] org.hibernate.envers.boot                : HHH90005601: Envers-generated HBM mapping...
<?xml version="1.0" encoding="UTF-8" standalone="yes"?>
<hibernate-mapping auto-import="false" xmlns="http://www.hibernate.org/xsd/orm/hbm">
    <class discriminator-value="Plan" table="plan_AUD" entity-name="com.melilla.gestPlanes.model.Plan_AUD" abstract="false">
        <composite-id name="originalId">
            <key-property name="idPlan">
                <column name="id_plan"/>
                <type name="long">
                    <param name="org.hibernate.type.ParameterType.primaryKey">false</param>
                    <param name="org.hibernate.type.ParameterType.dynamic">true</param>
                    <param name="org.hibernate.type.ParameterType.returnedClass">java.lang.Long</param>
                    <param name="org.hibernate.type.ParameterType.accessType">field</param>
                    <param name="org.hibernate.type.ParameterType.entityClass">com.melilla.gestPlanes.model.Plan</param>
                    <param name="org.hibernate.type.ParameterType.propertyName">idPlan</param>
                </type>
            </key-property>
            <key-many-to-one class="com.melilla.gestPlanes.envers.CustomRevisionEntity" name="REV">
                <column name="REV"/>
            </key-many-to-one>
        </composite-id>
        <property insert="true" name="REVTYPE" type="org.hibernate.envers.internal.entities.RevisionTypeType" update="false"/>
        <many-to-one class="com.melilla.gestPlanes.envers.CustomRevisionEntity" insert="true" name="REVEND" update="true">
            <column name="REVEND"/>
        </many-to-one>
        <property insert="true" name="REVEND_TSTMP" type="timestamp" update="true">
            <column name="REVEND_TSTMP"/>
        </property>
        <property insert="true" name="activo" type="boolean" update="false">
            <column name="activo"/>
        </property>
        <property insert="true" name="createdAt" update="false">
            <column name="created_at"/>
            <type name="LocalDateTime">
                <param name="org.hibernate.type.ParameterType.primaryKey">false</param>
                <param name="org.hibernate.type.ParameterType.dynamic">true</param>
                <param name="org.hibernate.type.ParameterType.returnedClass">java.time.LocalDateTime</param>
                <param name="org.hibernate.type.ParameterType.accessType">field</param>
                <param name="org.hibernate.type.ParameterType.entityClass">com.melilla.gestPlanes.model.Plan</param>
                <param name="org.hibernate.type.ParameterType.propertyName">createdAt</param>
            </type>
        </property>
        <property insert="true" name="deleted" type="boolean" update="false">
            <column name="deleted"/>
        </property>
        <property insert="true" name="deletedAt" update="false">
            <column name="deleted_at"/>
            <type name="LocalDateTime">
                <param name="org.hibernate.type.ParameterType.primaryKey">false</param>
                <param name="org.hibernate.type.ParameterType.dynamic">true</param>
                <param name="org.hibernate.type.ParameterType.returnedClass">java.time.LocalDateTime</param>
                <param name="org.hibernate.type.ParameterType.accessType">field</param>
                <param name="org.hibernate.type.ParameterType.entityClass">com.melilla.gestPlanes.model.Plan</param>
                <param name="org.hibernate.type.ParameterType.propertyName">deletedAt</param>
            </type>
        </property>
        <property insert="true" name="denominacion" update="false">
            <column name="denominacion"/>
            <type name="string">
                <param name="org.hibernate.type.ParameterType.primaryKey">false</param>
                <param name="org.hibernate.type.ParameterType.dynamic">true</param>
                <param name="org.hibernate.type.ParameterType.returnedClass">java.lang.String</param>
                <param name="org.hibernate.type.ParameterType.accessType">field</param>
                <param name="org.hibernate.type.ParameterType.entityClass">com.melilla.gestPlanes.model.Plan</param>
                <param name="org.hibernate.type.ParameterType.propertyName">denominacion</param>
            </type>
        </property>
        <property insert="true" name="config_idConfig" update="false">
            <column name="config_id"/>
            <type name="long">
                <param name="org.hibernate.type.ParameterType.primaryKey">false</param>
                <param name="org.hibernate.type.ParameterType.dynamic">true</param>
                <param name="org.hibernate.type.ParameterType.returnedClass">java.lang.Long</param>
                <param name="org.hibernate.type.ParameterType.accessType">field</param>
                <param name="org.hibernate.type.ParameterType.entityClass">com.melilla.gestPlanes.model.config.PlanConfig</param>
                <param name="org.hibernate.type.ParameterType.propertyName">idConfig</param>
            </type>
        </property>
    </class>
</hibernate-mapping>

2026-01-26T11:50:36.955+01:00  INFO 24840 --- [restartedMain] .e.b.i.AdditionalJaxbMappingProducerImpl : Adding JAXB document mapping
2026-01-26T11:50:37.044+01:00  INFO 24840 --- [restartedMain] org.hibernate.envers.boot                : HHH90005601: Envers-generated HBM mapping...
<?xml version="1.0" encoding="UTF-8" standalone="yes"?>
<hibernate-mapping auto-import="false" xmlns="http://www.hibernate.org/xsd/orm/hbm">
    <class discriminator-value="SalarioDetalle" table="salario_detalle_AUD" entity-name="com.melilla.gestPlanes.model.SalarioDetalle_AUD" abstract="false">
        <composite-id name="originalId">
            <key-property name="idSalarioDetalle" type="long">
                <column name="id_salario_detalle"/>
            </key-property>
            <key-many-to-one class="com.melilla.gestPlanes.envers.CustomRevisionEntity" name="REV">
                <column name="REV"/>
            </key-many-to-one>
        </composite-id>
        <property insert="true" name="REVTYPE" type="org.hibernate.envers.internal.entities.RevisionTypeType" update="false"/>
        <many-to-one class="com.melilla.gestPlanes.envers.CustomRevisionEntity" insert="true" name="REVEND" update="true">
            <column name="REVEND"/>
        </many-to-one>
        <property insert="true" name="REVEND_TSTMP" type="timestamp" update="true">
            <column name="REVEND_TSTMP"/>
        </property>
        <property insert="true" name="base" update="false">
            <column name="base"/>
            <type name="string">
                <param name="org.hibernate.type.ParameterType.primaryKey">false</param>
                <param name="org.hibernate.type.ParameterType.dynamic">true</param>
                <param name="org.hibernate.type.ParameterType.returnedClass">java.lang.String</param>
                <param name="org.hibernate.type.ParameterType.accessType">field</param>
                <param name="org.hibernate.type.ParameterType.entityClass">com.melilla.gestPlanes.model.SalarioDetalle</param>
                <param name="org.hibernate.type.ParameterType.propertyName">base</param>
            </type>
        </property>
        <property insert="true" name="createdAt" update="false">
            <column name="created_at"/>
            <type name="LocalDateTime">
                <param name="org.hibernate.type.ParameterType.primaryKey">false</param>
                <param name="org.hibernate.type.ParameterType.dynamic">true</param>
                <param name="org.hibernate.type.ParameterType.returnedClass">java.time.LocalDateTime</param>
                <param name="org.hibernate.type.ParameterType.accessType">field</param>
                <param name="org.hibernate.type.ParameterType.entityClass">com.melilla.gestPlanes.model.SalarioDetalle</param>
                <param name="org.hibernate.type.ParameterType.propertyName">createdAt</param>
            </type>
        </property>
        <property insert="true" name="deleted" type="boolean" update="false">
            <column name="deleted"/>
        </property>
        <property insert="true" name="deletedAt" update="false">
            <column name="deleted_at"/>
            <type name="LocalDateTime">
                <param name="org.hibernate.type.ParameterType.primaryKey">false</param>
                <param name="org.hibernate.type.ParameterType.dynamic">true</param>
                <param name="org.hibernate.type.ParameterType.returnedClass">java.time.LocalDateTime</param>
                <param name="org.hibernate.type.ParameterType.accessType">field</param>
                <param name="org.hibernate.type.ParameterType.entityClass">com.melilla.gestPlanes.model.SalarioDetalle</param>
                <param name="org.hibernate.type.ParameterType.propertyName">deletedAt</param>
            </type>
        </property>
        <property insert="true" name="grupo" type="integer" update="false">
            <column name="grupo"/>
        </property>
        <property insert="true" name="prorrata" update="false">
            <column name="prorrata"/>
            <type name="string">
                <param name="org.hibernate.type.ParameterType.primaryKey">false</param>
                <param name="org.hibernate.type.ParameterType.dynamic">true</param>
                <param name="org.hibernate.type.ParameterType.returnedClass">java.lang.String</param>
                <param name="org.hibernate.type.ParameterType.accessType">field</param>
                <param name="org.hibernate.type.ParameterType.entityClass">com.melilla.gestPlanes.model.SalarioDetalle</param>
                <param name="org.hibernate.type.ParameterType.propertyName">prorrata</param>
            </type>
        </property>
        <property insert="true" name="residencia" update="false">
            <column name="residencia"/>
            <type name="string">
                <param name="org.hibernate.type.ParameterType.primaryKey">false</param>
                <param name="org.hibernate.type.ParameterType.dynamic">true</param>
                <param name="org.hibernate.type.ParameterType.returnedClass">java.lang.String</param>
                <param name="org.hibernate.type.ParameterType.accessType">field</param>
                <param name="org.hibernate.type.ParameterType.entityClass">com.melilla.gestPlanes.model.SalarioDetalle</param>
                <param name="org.hibernate.type.ParameterType.propertyName">residencia</param>
            </type>
        </property>
        <property insert="true" name="total" update="false">
            <column name="total"/>
            <type name="string">
                <param name="org.hibernate.type.ParameterType.primaryKey">false</param>
                <param name="org.hibernate.type.ParameterType.dynamic">true</param>
                <param name="org.hibernate.type.ParameterType.returnedClass">java.lang.String</param>
                <param name="org.hibernate.type.ParameterType.accessType">field</param>
                <param name="org.hibernate.type.ParameterType.entityClass">com.melilla.gestPlanes.model.SalarioDetalle</param>
                <param name="org.hibernate.type.ParameterType.propertyName">total</param>
            </type>
        </property>
        <property insert="true" name="salario_idSalario" update="false">
            <column name="id_salario"/>
            <type name="long">
                <param name="org.hibernate.type.ParameterType.primaryKey">false</param>
                <param name="org.hibernate.type.ParameterType.dynamic">true</param>
                <param name="org.hibernate.type.ParameterType.returnedClass">java.lang.Long</param>
                <param name="org.hibernate.type.ParameterType.accessType">field</param>
                <param name="org.hibernate.type.ParameterType.entityClass">com.melilla.gestPlanes.model.Salario</param>
                <param name="org.hibernate.type.ParameterType.propertyName">idSalario</param>
            </type>
        </property>
    </class>
</hibernate-mapping>

2026-01-26T11:50:37.045+01:00  INFO 24840 --- [restartedMain] .e.b.i.AdditionalJaxbMappingProducerImpl : Adding JAXB document mapping
2026-01-26T11:50:37.124+01:00  INFO 24840 --- [restartedMain] org.hibernate.envers.boot                : HHH90005601: Envers-generated HBM mapping...
<?xml version="1.0" encoding="UTF-8" standalone="yes"?>
<hibernate-mapping auto-import="false" xmlns="http://www.hibernate.org/xsd/orm/hbm">
    <class discriminator-value="Contrato" table="contrato_AUD" entity-name="com.melilla.gestPlanes.model.Contrato_AUD" abstract="false">
        <composite-id name="originalId">
            <key-property name="idContrato">
                <column name="id_contrato"/>
                <type name="long">
                    <param name="org.hibernate.type.ParameterType.primaryKey">false</param>
                    <param name="org.hibernate.type.ParameterType.dynamic">true</param>
                    <param name="org.hibernate.type.ParameterType.returnedClass">java.lang.Long</param>
                    <param name="org.hibernate.type.ParameterType.accessType">field</param>
                    <param name="org.hibernate.type.ParameterType.entityClass">com.melilla.gestPlanes.model.Contrato</param>
                    <param name="org.hibernate.type.ParameterType.propertyName">idContrato</param>
                </type>
            </key-property>
            <key-many-to-one class="com.melilla.gestPlanes.envers.CustomRevisionEntity" name="REV">
                <column name="REV"/>
            </key-many-to-one>
        </composite-id>
        <property insert="true" name="REVTYPE" type="org.hibernate.envers.internal.entities.RevisionTypeType" update="false"/>
        <many-to-one class="com.melilla.gestPlanes.envers.CustomRevisionEntity" insert="true" name="REVEND" update="true">
            <column name="REVEND"/>
        </many-to-one>
        <property insert="true" name="REVEND_TSTMP" type="timestamp" update="true">
            <column name="REVEND_TSTMP"/>
        </property>
        <property insert="true" name="activo" type="boolean" update="false">
            <column name="activo"/>
        </property>
        <property insert="true" name="base" update="false">
            <column name="base"/>
            <type name="string">
                <param name="org.hibernate.type.ParameterType.primaryKey">false</param>
                <param name="org.hibernate.type.ParameterType.dynamic">true</param>
                <param name="org.hibernate.type.ParameterType.returnedClass">java.lang.String</param>
                <param name="org.hibernate.type.ParameterType.accessType">field</param>
                <param name="org.hibernate.type.ParameterType.entityClass">com.melilla.gestPlanes.model.Contrato</param>
                <param name="org.hibernate.type.ParameterType.propertyName">base</param>
            </type>
        </property>
        <property insert="true" name="createdAt" update="false">
            <column name="created_at"/>
            <type name="LocalDateTime">
                <param name="org.hibernate.type.ParameterType.primaryKey">false</param>
                <param name="org.hibernate.type.ParameterType.dynamic">true</param>
                <param name="org.hibernate.type.ParameterType.returnedClass">java.time.LocalDateTime</param>
                <param name="org.hibernate.type.ParameterType.accessType">field</param>
                <param name="org.hibernate.type.ParameterType.entityClass">com.melilla.gestPlanes.model.Contrato</param>
                <param name="org.hibernate.type.ParameterType.propertyName">createdAt</param>
            </type>
        </property>
        <property insert="true" name="deleted" type="boolean" update="false">
            <column name="deleted"/>
        </property>
        <property insert="true" name="deletedAt" update="false">
            <column name="deleted_at"/>
            <type name="LocalDateTime">
                <param name="org.hibernate.type.ParameterType.primaryKey">false</param>
                <param name="org.hibernate.type.ParameterType.dynamic">true</param>
                <param name="org.hibernate.type.ParameterType.returnedClass">java.time.LocalDateTime</param>
                <param name="org.hibernate.type.ParameterType.accessType">field</param>
                <param name="org.hibernate.type.ParameterType.entityClass">com.melilla.gestPlanes.model.Contrato</param>
                <param name="org.hibernate.type.ParameterType.propertyName">deletedAt</param>
            </type>
        </property>
        <property insert="true" name="diasVacaciones" type="integer" update="false">
            <column name="dias_vacaciones"/>
        </property>
        <property insert="true" name="duracion" type="integer" update="false">
            <column name="duracion"/>
        </property>
        <property insert="true" name="fechaExtincion" update="false">
            <column name="fecha_extincion"/>
            <type name="LocalDate">
                <param name="org.hibernate.type.ParameterType.primaryKey">false</param>
                <param name="org.hibernate.type.ParameterType.dynamic">true</param>
                <param name="org.hibernate.type.ParameterType.returnedClass">java.time.LocalDate</param>
                <param name="org.hibernate.type.ParameterType.accessType">field</param>
                <param name="org.hibernate.type.ParameterType.entityClass">com.melilla.gestPlanes.model.Contrato</param>
                <param name="org.hibernate.type.ParameterType.propertyName">fechaExtincion</param>
            </type>
        </property>
        <property insert="true" name="fechaFinal" update="false">
            <column name="fecha_final"/>
            <type name="LocalDate">
                <param name="org.hibernate.type.ParameterType.primaryKey">false</param>
                <param name="org.hibernate.type.ParameterType.dynamic">true</param>
                <param name="org.hibernate.type.ParameterType.returnedClass">java.time.LocalDate</param>
                <param name="org.hibernate.type.ParameterType.accessType">field</param>
                <param name="org.hibernate.type.ParameterType.entityClass">com.melilla.gestPlanes.model.Contrato</param>
                <param name="org.hibernate.type.ParameterType.propertyName">fechaFinal</param>
            </type>
        </property>
        <property insert="true" name="fechaInicio" update="false">
            <column name="fecha_inicio"/>
            <type name="LocalDate">
                <param name="org.hibernate.type.ParameterType.primaryKey">false</param>
                <param name="org.hibernate.type.ParameterType.dynamic">true</param>
                <param name="org.hibernate.type.ParameterType.returnedClass">java.time.LocalDate</param>
                <param name="org.hibernate.type.ParameterType.accessType">field</param>
                <param name="org.hibernate.type.ParameterType.entityClass">com.melilla.gestPlanes.model.Contrato</param>
                <param name="org.hibernate.type.ParameterType.propertyName">fechaInicio</param>
            </type>
        </property>
        <property insert="true" name="gc" update="false">
            <column name="gc"/>
            <type name="string">
                <param name="org.hibernate.type.ParameterType.primaryKey">false</param>
                <param name="org.hibernate.type.ParameterType.dynamic">true</param>
                <param name="org.hibernate.type.ParameterType.returnedClass">java.lang.String</param>
                <param name="org.hibernate.type.ParameterType.accessType">field</param>
                <param name="org.hibernate.type.ParameterType.entityClass">com.melilla.gestPlanes.model.Contrato</param>
                <param name="org.hibernate.type.ParameterType.propertyName">gc</param>
            </type>
        </property>
        <property insert="true" name="porcentajeHoras" update="false">
            <column name="porcentaje_horas"/>
            <type name="string">
                <param name="org.hibernate.type.ParameterType.primaryKey">false</param>
                <param name="org.hibernate.type.ParameterType.dynamic">true</param>
                <param name="org.hibernate.type.ParameterType.returnedClass">java.lang.String</param>
                <param name="org.hibernate.type.ParameterType.accessType">field</param>
                <param name="org.hibernate.type.ParameterType.entityClass">com.melilla.gestPlanes.model.Contrato</param>
                <param name="org.hibernate.type.ParameterType.propertyName">porcentajeHoras</param>
            </type>
        </property>
        <property insert="true" name="prorratas" update="false">
            <column name="prorratas"/>
            <type name="string">
                <param name="org.hibernate.type.ParameterType.primaryKey">false</param>
                <param name="org.hibernate.type.ParameterType.dynamic">true</param>
                <param name="org.hibernate.type.ParameterType.returnedClass">java.lang.String</param>
                <param name="org.hibernate.type.ParameterType.accessType">field</param>
                <param name="org.hibernate.type.ParameterType.entityClass">com.melilla.gestPlanes.model.Contrato</param>
                <param name="org.hibernate.type.ParameterType.propertyName">prorratas</param>
            </type>
        </property>
        <property insert="true" name="residencia" update="false">
            <column name="residencia"/>
            <type name="string">
                <param name="org.hibernate.type.ParameterType.primaryKey">false</param>
                <param name="org.hibernate.type.ParameterType.dynamic">true</param>
                <param name="org.hibernate.type.ParameterType.returnedClass">java.lang.String</param>
                <param name="org.hibernate.type.ParameterType.accessType">field</param>
                <param name="org.hibernate.type.ParameterType.entityClass">com.melilla.gestPlanes.model.Contrato</param>
                <param name="org.hibernate.type.ParameterType.propertyName">residencia</param>
            </type>
        </property>
        <property insert="true" name="total" update="false">
            <column name="total"/>
            <type name="string">
                <param name="org.hibernate.type.ParameterType.primaryKey">false</param>
                <param name="org.hibernate.type.ParameterType.dynamic">true</param>
                <param name="org.hibernate.type.ParameterType.returnedClass">java.lang.String</param>
                <param name="org.hibernate.type.ParameterType.accessType">field</param>
                <param name="org.hibernate.type.ParameterType.entityClass">com.melilla.gestPlanes.model.Contrato</param>
                <param name="org.hibernate.type.ParameterType.propertyName">total</param>
            </type>
        </property>
        <property insert="true" name="turno" update="false">
            <column name="turno"/>
            <type name="string">
                <param name="org.hibernate.type.ParameterType.primaryKey">false</param>
                <param name="org.hibernate.type.ParameterType.dynamic">true</param>
                <param name="org.hibernate.type.ParameterType.returnedClass">java.lang.String</param>
                <param name="org.hibernate.type.ParameterType.accessType">field</param>
                <param name="org.hibernate.type.ParameterType.entityClass">com.melilla.gestPlanes.model.Contrato</param>
                <param name="org.hibernate.type.ParameterType.propertyName">turno</param>
            </type>
        </property>
        <property insert="true" name="ciudadano_idCiudadano" update="false">
            <column name="id_ciudadano"/>
            <type name="long">
                <param name="org.hibernate.type.ParameterType.primaryKey">false</param>
                <param name="org.hibernate.type.ParameterType.dynamic">true</param>
                <param name="org.hibernate.type.ParameterType.returnedClass">java.lang.Long</param>
                <param name="org.hibernate.type.ParameterType.accessType">field</param>
                <param name="org.hibernate.type.ParameterType.entityClass">com.melilla.gestPlanes.model.Ciudadano</param>
                <param name="org.hibernate.type.ParameterType.propertyName">idCiudadano</param>
            </type>
        </property>
        <property insert="true" name="salario_idSalario" update="false">
            <column name="id_salario"/>
            <type name="long">
                <param name="org.hibernate.type.ParameterType.primaryKey">false</param>
                <param name="org.hibernate.type.ParameterType.dynamic">true</param>
                <param name="org.hibernate.type.ParameterType.returnedClass">java.lang.Long</param>
                <param name="org.hibernate.type.ParameterType.accessType">field</param>
                <param name="org.hibernate.type.ParameterType.entityClass">com.melilla.gestPlanes.model.Salario</param>
                <param name="org.hibernate.type.ParameterType.propertyName">idSalario</param>
            </type>
        </property>
    </class>
</hibernate-mapping>

2026-01-26T11:50:37.127+01:00  INFO 24840 --- [restartedMain] .e.b.i.AdditionalJaxbMappingProducerImpl : Adding JAXB document mapping
2026-01-26T11:50:37.195+01:00  INFO 24840 --- [restartedMain] org.hibernate.envers.boot                : HHH90005601: Envers-generated HBM mapping...
<?xml version="1.0" encoding="UTF-8" standalone="yes"?>
<hibernate-mapping auto-import="false" xmlns="http://www.hibernate.org/xsd/orm/hbm">
    <class discriminator-value="NotaCiudadano" table="nota_ciudadano_AUD" entity-name="com.melilla.gestPlanes.model.NotaCiudadano_AUD" abstract="false">
        <composite-id name="originalId">
            <key-property name="idNota">
                <column name="id_nota"/>
                <type name="long">
                    <param name="org.hibernate.type.ParameterType.primaryKey">false</param>
                    <param name="org.hibernate.type.ParameterType.dynamic">true</param>
                    <param name="org.hibernate.type.ParameterType.returnedClass">java.lang.Long</param>
                    <param name="org.hibernate.type.ParameterType.accessType">field</param>
                    <param name="org.hibernate.type.ParameterType.entityClass">com.melilla.gestPlanes.model.NotaCiudadano</param>
                    <param name="org.hibernate.type.ParameterType.propertyName">idNota</param>
                </type>
            </key-property>
            <key-many-to-one class="com.melilla.gestPlanes.envers.CustomRevisionEntity" name="REV">
                <column name="REV"/>
            </key-many-to-one>
        </composite-id>
        <property insert="true" name="REVTYPE" type="org.hibernate.envers.internal.entities.RevisionTypeType" update="false"/>
        <many-to-one class="com.melilla.gestPlanes.envers.CustomRevisionEntity" insert="true" name="REVEND" update="true">
            <column name="REVEND"/>
        </many-to-one>
        <property insert="true" name="REVEND_TSTMP" type="timestamp" update="true">
            <column name="REVEND_TSTMP"/>
        </property>
        <property insert="true" name="asunto" update="false">
            <column name="asunto"/>
            <type name="string">
                <param name="org.hibernate.type.ParameterType.primaryKey">false</param>
                <param name="org.hibernate.type.ParameterType.dynamic">true</param>
                <param name="org.hibernate.type.ParameterType.returnedClass">java.lang.String</param>
                <param name="org.hibernate.type.ParameterType.accessType">field</param>
                <param name="org.hibernate.type.ParameterType.entityClass">com.melilla.gestPlanes.model.NotaCiudadano</param>
                <param name="org.hibernate.type.ParameterType.propertyName">asunto</param>
            </type>
        </property>
        <property insert="true" name="createdAt" update="false">
            <column name="created_at"/>
            <type name="LocalDateTime">
                <param name="org.hibernate.type.ParameterType.primaryKey">false</param>
                <param name="org.hibernate.type.ParameterType.dynamic">true</param>
                <param name="org.hibernate.type.ParameterType.returnedClass">java.time.LocalDateTime</param>
                <param name="org.hibernate.type.ParameterType.accessType">field</param>
                <param name="org.hibernate.type.ParameterType.entityClass">com.melilla.gestPlanes.model.NotaCiudadano</param>
                <param name="org.hibernate.type.ParameterType.propertyName">createdAt</param>
            </type>
        </property>
        <property insert="true" name="deleted" type="boolean" update="false">
            <column name="deleted"/>
        </property>
        <property insert="true" name="deletedAt" update="false">
            <column name="deleted_at"/>
            <type name="LocalDateTime">
                <param name="org.hibernate.type.ParameterType.primaryKey">false</param>
                <param name="org.hibernate.type.ParameterType.dynamic">true</param>
                <param name="org.hibernate.type.ParameterType.returnedClass">java.time.LocalDateTime</param>
                <param name="org.hibernate.type.ParameterType.accessType">field</param>
                <param name="org.hibernate.type.ParameterType.entityClass">com.melilla.gestPlanes.model.NotaCiudadano</param>
                <param name="org.hibernate.type.ParameterType.propertyName">deletedAt</param>
            </type>
        </property>
        <property insert="true" name="fechaNota" update="false">
            <column name="fecha_nota"/>
            <type name="LocalDate">
                <param name="org.hibernate.type.ParameterType.primaryKey">false</param>
                <param name="org.hibernate.type.ParameterType.dynamic">true</param>
                <param name="org.hibernate.type.ParameterType.returnedClass">java.time.LocalDate</param>
                <param name="org.hibernate.type.ParameterType.accessType">field</param>
                <param name="org.hibernate.type.ParameterType.entityClass">com.melilla.gestPlanes.model.NotaCiudadano</param>
                <param name="org.hibernate.type.ParameterType.propertyName">fechaNota</param>
            </type>
        </property>
        <property insert="true" name="nota" update="false">
            <column name="nota"/>
            <type name="string">
                <param name="org.hibernate.type.ParameterType.primaryKey">false</param>
                <param name="org.hibernate.type.ParameterType.dynamic">true</param>
                <param name="org.hibernate.type.ParameterType.returnedClass">java.lang.String</param>
                <param name="org.hibernate.type.ParameterType.accessType">field</param>
                <param name="org.hibernate.type.ParameterType.entityClass">com.melilla.gestPlanes.model.NotaCiudadano</param>
                <param name="org.hibernate.type.ParameterType.propertyName">nota</param>
            </type>
        </property>
        <property insert="true" name="pinned" type="boolean" update="false">
            <column name="pinned"/>
        </property>
        <property insert="true" name="ciudadano_idCiudadano" update="false">
            <column name="id_ciudadano"/>
            <type name="long">
                <param name="org.hibernate.type.ParameterType.primaryKey">false</param>
                <param name="org.hibernate.type.ParameterType.dynamic">true</param>
                <param name="org.hibernate.type.ParameterType.returnedClass">java.lang.Long</param>
                <param name="org.hibernate.type.ParameterType.accessType">field</param>
                <param name="org.hibernate.type.ParameterType.entityClass">com.melilla.gestPlanes.model.Ciudadano</param>
                <param name="org.hibernate.type.ParameterType.propertyName">idCiudadano</param>
            </type>
        </property>
    </class>
</hibernate-mapping>

2026-01-26T11:50:37.196+01:00  INFO 24840 --- [restartedMain] .e.b.i.AdditionalJaxbMappingProducerImpl : Adding JAXB document mapping
2026-01-26T11:50:37.261+01:00  INFO 24840 --- [restartedMain] org.hibernate.envers.boot                : HHH90005601: Envers-generated HBM mapping...
<?xml version="1.0" encoding="UTF-8" standalone="yes"?>
<hibernate-mapping auto-import="false" xmlns="http://www.hibernate.org/xsd/orm/hbm">
    <class discriminator-value="Documento" table="documento_AUD" entity-name="com.melilla.gestPlanes.model.Documento_AUD" abstract="false">
        <composite-id name="originalId">
            <key-property name="idDocumento">
                <column name="id_documento"/>
                <type name="long">
                    <param name="org.hibernate.type.ParameterType.primaryKey">false</param>
                    <param name="org.hibernate.type.ParameterType.dynamic">true</param>
                    <param name="org.hibernate.type.ParameterType.returnedClass">java.lang.Long</param>
                    <param name="org.hibernate.type.ParameterType.accessType">field</param>
                    <param name="org.hibernate.type.ParameterType.entityClass">com.melilla.gestPlanes.model.Documento</param>
                    <param name="org.hibernate.type.ParameterType.propertyName">idDocumento</param>
                </type>
            </key-property>
            <key-many-to-one class="com.melilla.gestPlanes.envers.CustomRevisionEntity" name="REV">
                <column name="REV"/>
            </key-many-to-one>
        </composite-id>
        <property insert="true" name="REVTYPE" type="org.hibernate.envers.internal.entities.RevisionTypeType" update="false"/>
        <many-to-one class="com.melilla.gestPlanes.envers.CustomRevisionEntity" insert="true" name="REVEND" update="true">
            <column name="REVEND"/>
        </many-to-one>
        <property insert="true" name="REVEND_TSTMP" type="timestamp" update="true">
            <column name="REVEND_TSTMP"/>
        </property>
        <property insert="true" name="createdAt" update="false">
            <column name="created_at"/>
            <type name="LocalDateTime">
                <param name="org.hibernate.type.ParameterType.primaryKey">false</param>
                <param name="org.hibernate.type.ParameterType.dynamic">true</param>
                <param name="org.hibernate.type.ParameterType.returnedClass">java.time.LocalDateTime</param>
                <param name="org.hibernate.type.ParameterType.accessType">field</param>
                <param name="org.hibernate.type.ParameterType.entityClass">com.melilla.gestPlanes.model.Documento</param>
                <param name="org.hibernate.type.ParameterType.propertyName">createdAt</param>
            </type>
        </property>
        <property insert="true" name="deleted" type="boolean" update="false">
            <column name="deleted"/>
        </property>
        <property insert="true" name="deletedAt" update="false">
            <column name="deleted_at"/>
            <type name="LocalDateTime">
                <param name="org.hibernate.type.ParameterType.primaryKey">false</param>
                <param name="org.hibernate.type.ParameterType.dynamic">true</param>
                <param name="org.hibernate.type.ParameterType.returnedClass">java.time.LocalDateTime</param>
                <param name="org.hibernate.type.ParameterType.accessType">field</param>
                <param name="org.hibernate.type.ParameterType.entityClass">com.melilla.gestPlanes.model.Documento</param>
                <param name="org.hibernate.type.ParameterType.propertyName">deletedAt</param>
            </type>
        </property>
        <property insert="true" name="nombre" update="false">
            <column name="nombre"/>
            <type name="string">
                <param name="org.hibernate.type.ParameterType.primaryKey">false</param>
                <param name="org.hibernate.type.ParameterType.dynamic">true</param>
                <param name="org.hibernate.type.ParameterType.returnedClass">java.lang.String</param>
                <param name="org.hibernate.type.ParameterType.accessType">field</param>
                <param name="org.hibernate.type.ParameterType.entityClass">com.melilla.gestPlanes.model.Documento</param>
                <param name="org.hibernate.type.ParameterType.propertyName">nombre</param>
            </type>
        </property>
        <property insert="true" name="observaciones" update="false">
            <column name="observaciones"/>
            <type name="string">
                <param name="org.hibernate.type.ParameterType.primaryKey">false</param>
                <param name="org.hibernate.type.ParameterType.dynamic">true</param>
                <param name="org.hibernate.type.ParameterType.returnedClass">java.lang.String</param>
                <param name="org.hibernate.type.ParameterType.accessType">field</param>
                <param name="org.hibernate.type.ParameterType.entityClass">com.melilla.gestPlanes.model.Documento</param>
                <param name="org.hibernate.type.ParameterType.propertyName">observaciones</param>
            </type>
        </property>
        <property insert="true" name="ruta" update="false">
            <column name="ruta"/>
            <type name="string">
                <param name="org.hibernate.type.ParameterType.primaryKey">false</param>
                <param name="org.hibernate.type.ParameterType.dynamic">true</param>
                <param name="org.hibernate.type.ParameterType.returnedClass">java.lang.String</param>
                <param name="org.hibernate.type.ParameterType.accessType">field</param>
                <param name="org.hibernate.type.ParameterType.entityClass">com.melilla.gestPlanes.model.Documento</param>
                <param name="org.hibernate.type.ParameterType.propertyName">ruta</param>
            </type>
        </property>
        <property insert="true" name="tipo" update="false">
            <column name="tipo"/>
            <type name="string">
                <param name="org.hibernate.type.ParameterType.primaryKey">false</param>
                <param name="org.hibernate.type.ParameterType.dynamic">true</param>
                <param name="org.hibernate.type.ParameterType.returnedClass">java.lang.String</param>
                <param name="org.hibernate.type.ParameterType.accessType">field</param>
                <param name="org.hibernate.type.ParameterType.entityClass">com.melilla.gestPlanes.model.Documento</param>
                <param name="org.hibernate.type.ParameterType.propertyName">tipo</param>
            </type>
        </property>
        <property insert="true" name="ciudadano_idCiudadano" update="false">
            <column name="id_ciudadano"/>
            <type name="long">
                <param name="org.hibernate.type.ParameterType.primaryKey">false</param>
                <param name="org.hibernate.type.ParameterType.dynamic">true</param>
                <param name="org.hibernate.type.ParameterType.returnedClass">java.lang.Long</param>
                <param name="org.hibernate.type.ParameterType.accessType">field</param>
                <param name="org.hibernate.type.ParameterType.entityClass">com.melilla.gestPlanes.model.Ciudadano</param>
                <param name="org.hibernate.type.ParameterType.propertyName">idCiudadano</param>
            </type>
        </property>
    </class>
</hibernate-mapping>

2026-01-26T11:50:37.265+01:00  INFO 24840 --- [restartedMain] .e.b.i.AdditionalJaxbMappingProducerImpl : Adding JAXB document mapping
2026-01-26T11:50:37.322+01:00  INFO 24840 --- [restartedMain] org.hibernate.envers.boot                : HHH90005601: Envers-generated HBM mapping...
<?xml version="1.0" encoding="UTF-8" standalone="yes"?>
<hibernate-mapping auto-import="false" xmlns="http://www.hibernate.org/xsd/orm/hbm">
    <class discriminator-value="Ciudadano" table="ciudadano_AUD" entity-name="com.melilla.gestPlanes.model.Ciudadano_AUD" abstract="false">
        <composite-id name="originalId">
            <key-property name="idCiudadano">
                <column name="id_ciudadano"/>
                <type name="long">
                    <param name="org.hibernate.type.ParameterType.primaryKey">false</param>
                    <param name="org.hibernate.type.ParameterType.dynamic">true</param>
                    <param name="org.hibernate.type.ParameterType.returnedClass">java.lang.Long</param>
                    <param name="org.hibernate.type.ParameterType.accessType">field</param>
                    <param name="org.hibernate.type.ParameterType.entityClass">com.melilla.gestPlanes.model.Ciudadano</param>
                    <param name="org.hibernate.type.ParameterType.propertyName">idCiudadano</param>
                </type>
            </key-property>
            <key-many-to-one class="com.melilla.gestPlanes.envers.CustomRevisionEntity" name="REV">
                <column name="REV"/>
            </key-many-to-one>
        </composite-id>
        <property insert="true" name="REVTYPE" type="org.hibernate.envers.internal.entities.RevisionTypeType" update="false"/>
        <many-to-one class="com.melilla.gestPlanes.envers.CustomRevisionEntity" insert="true" name="REVEND" update="true">
            <column name="REVEND"/>
        </many-to-one>
        <property insert="true" name="REVEND_TSTMP" type="timestamp" update="true">
            <column name="REVEND_TSTMP"/>
        </property>
        <property insert="true" name="DNI" update="false">
            <column name="dni"/>
            <type name="string">
                <param name="org.hibernate.type.ParameterType.primaryKey">false</param>
                <param name="org.hibernate.type.ParameterType.dynamic">true</param>
                <param name="org.hibernate.type.ParameterType.returnedClass">java.lang.String</param>
                <param name="org.hibernate.type.ParameterType.accessType">field</param>
                <param name="org.hibernate.type.ParameterType.entityClass">com.melilla.gestPlanes.model.Ciudadano</param>
                <param name="org.hibernate.type.ParameterType.propertyName">DNI</param>
            </type>
        </property>
        <property insert="true" name="altaSS" type="boolean" update="false">
            <column name="altass"/>
        </property>
        <property insert="true" name="antecedentes" type="boolean" update="false">
            <column name="antecedentes"/>
        </property>
        <property insert="true" name="apellido1" update="false">
            <column name="apellido1"/>
            <type name="string">
                <param name="org.hibernate.type.ParameterType.primaryKey">false</param>
                <param name="org.hibernate.type.ParameterType.dynamic">true</param>
                <param name="org.hibernate.type.ParameterType.returnedClass">java.lang.String</param>
                <param name="org.hibernate.type.ParameterType.accessType">field</param>
                <param name="org.hibernate.type.ParameterType.entityClass">com.melilla.gestPlanes.model.Ciudadano</param>
                <param name="org.hibernate.type.ParameterType.propertyName">apellido1</param>
            </type>
        </property>
        <property insert="true" name="apellido2" update="false">
            <column name="apellido2"/>
            <type name="string">
                <param name="org.hibernate.type.ParameterType.primaryKey">false</param>
                <param name="org.hibernate.type.ParameterType.dynamic">true</param>
                <param name="org.hibernate.type.ParameterType.returnedClass">java.lang.String</param>
                <param name="org.hibernate.type.ParameterType.accessType">field</param>
                <param name="org.hibernate.type.ParameterType.entityClass">com.melilla.gestPlanes.model.Ciudadano</param>
                <param name="org.hibernate.type.ParameterType.propertyName">apellido2</param>
            </type>
        </property>
        <property insert="true" name="bajaLaboral" type="boolean" update="false">
            <column name="baja_laboral"/>
        </property>
        <property insert="true" name="bajaMaternal" type="boolean" update="false">
            <column name="baja_maternal"/>
        </property>
        <property insert="true" name="ccc" update="false">
            <column name="ccc"/>
            <type name="string">
                <param name="org.hibernate.type.ParameterType.primaryKey">false</param>
                <param name="org.hibernate.type.ParameterType.dynamic">true</param>
                <param name="org.hibernate.type.ParameterType.returnedClass">java.lang.String</param>
                <param name="org.hibernate.type.ParameterType.accessType">field</param>
                <param name="org.hibernate.type.ParameterType.entityClass">com.melilla.gestPlanes.model.Ciudadano</param>
                <param name="org.hibernate.type.ParameterType.propertyName">ccc</param>
            </type>
        </property>
        <property insert="true" name="contrata" type="boolean" update="false">
            <column name="contrata"/>
        </property>
        <property insert="true" name="createdAt" update="false">
            <column name="created_at"/>
            <type name="LocalDateTime">
                <param name="org.hibernate.type.ParameterType.primaryKey">false</param>
                <param name="org.hibernate.type.ParameterType.dynamic">true</param>
                <param name="org.hibernate.type.ParameterType.returnedClass">java.time.LocalDateTime</param>
                <param name="org.hibernate.type.ParameterType.accessType">field</param>
                <param name="org.hibernate.type.ParameterType.entityClass">com.melilla.gestPlanes.model.Ciudadano</param>
                <param name="org.hibernate.type.ParameterType.propertyName">createdAt</param>
            </type>
        </property>
        <property insert="true" name="cupo" type="boolean" update="false">
            <column name="cupo"/>
        </property>
        <property insert="true" name="deleted" type="boolean" update="false">
            <column name="deleted"/>
        </property>
        <property insert="true" name="deletedAt" update="false">
            <column name="deleted_at"/>
            <type name="LocalDateTime">
                <param name="org.hibernate.type.ParameterType.primaryKey">false</param>
                <param name="org.hibernate.type.ParameterType.dynamic">true</param>
                <param name="org.hibernate.type.ParameterType.returnedClass">java.time.LocalDateTime</param>
                <param name="org.hibernate.type.ParameterType.accessType">field</param>
                <param name="org.hibernate.type.ParameterType.entityClass">com.melilla.gestPlanes.model.Ciudadano</param>
                <param name="org.hibernate.type.ParameterType.propertyName">deletedAt</param>
            </type>
        </property>
        <property insert="true" name="email" update="false">
            <column name="email"/>
            <type name="string">
                <param name="org.hibernate.type.ParameterType.primaryKey">false</param>
                <param name="org.hibernate.type.ParameterType.dynamic">true</param>
                <param name="org.hibernate.type.ParameterType.returnedClass">java.lang.String</param>
                <param name="org.hibernate.type.ParameterType.accessType">field</param>
                <param name="org.hibernate.type.ParameterType.entityClass">com.melilla.gestPlanes.model.Ciudadano</param>
                <param name="org.hibernate.type.ParameterType.propertyName">email</param>
            </type>
        </property>
        <property insert="true" name="esJefeEquipo" type="boolean" update="false">
            <column name="es_jefe_equipo"/>
        </property>
        <property insert="true" name="escaneado" type="boolean" update="false">
            <column name="escaneado"/>
        </property>
        <property insert="true" name="estado" update="false">
            <column name="estado"/>
            <type name="string">
                <param name="org.hibernate.type.ParameterType.primaryKey">false</param>
                <param name="org.hibernate.type.ParameterType.dynamic">true</param>
                <param name="org.hibernate.type.ParameterType.returnedClass">java.lang.String</param>
                <param name="org.hibernate.type.ParameterType.accessType">field</param>
                <param name="org.hibernate.type.ParameterType.entityClass">com.melilla.gestPlanes.model.Ciudadano</param>
                <param name="org.hibernate.type.ParameterType.propertyName">estado</param>
            </type>
        </property>
        <property insert="true" name="estadoCivil" update="false">
            <column name="estado_civil"/>
            <type name="string">
                <param name="org.hibernate.type.ParameterType.primaryKey">false</param>
                <param name="org.hibernate.type.ParameterType.dynamic">true</param>
                <param name="org.hibernate.type.ParameterType.returnedClass">java.lang.String</param>
                <param name="org.hibernate.type.ParameterType.accessType">field</param>
                <param name="org.hibernate.type.ParameterType.entityClass">com.melilla.gestPlanes.model.Ciudadano</param>
                <param name="org.hibernate.type.ParameterType.propertyName">estadoCivil</param>
            </type>
        </property>
        <property insert="true" name="fechaListadoSepe" update="false">
            <column name="fecha_listado_sepe"/>
            <type name="LocalDate">
                <param name="org.hibernate.type.ParameterType.primaryKey">false</param>
                <param name="org.hibernate.type.ParameterType.dynamic">true</param>
                <param name="org.hibernate.type.ParameterType.returnedClass">java.time.LocalDate</param>
                <param name="org.hibernate.type.ParameterType.accessType">field</param>
                <param name="org.hibernate.type.ParameterType.entityClass">com.melilla.gestPlanes.model.Ciudadano</param>
                <param name="org.hibernate.type.ParameterType.propertyName">fechaListadoSepe</param>
            </type>
        </property>
        <property insert="true" name="fechaNacimiento" update="false">
            <column name="fecha_nacimiento"/>
            <type name="LocalDate">
                <param name="org.hibernate.type.ParameterType.primaryKey">false</param>
                <param name="org.hibernate.type.ParameterType.dynamic">true</param>
                <param name="org.hibernate.type.ParameterType.returnedClass">java.time.LocalDate</param>
                <param name="org.hibernate.type.ParameterType.accessType">field</param>
                <param name="org.hibernate.type.ParameterType.entityClass">com.melilla.gestPlanes.model.Ciudadano</param>
                <param name="org.hibernate.type.ParameterType.propertyName">fechaNacimiento</param>
            </type>
        </property>
        <property insert="true" name="fechaRegistro" update="false">
            <column name="fecha_registro"/>
            <type name="LocalDate">
                <param name="org.hibernate.type.ParameterType.primaryKey">false</param>
                <param name="org.hibernate.type.ParameterType.dynamic">true</param>
                <param name="org.hibernate.type.ParameterType.returnedClass">java.time.LocalDate</param>
                <param name="org.hibernate.type.ParameterType.accessType">field</param>
                <param name="org.hibernate.type.ParameterType.entityClass">com.melilla.gestPlanes.model.Ciudadano</param>
                <param name="org.hibernate.type.ParameterType.propertyName">fechaRegistro</param>
            </type>
        </property>
        <property insert="true" name="nacionalidad" update="false">
            <column name="nacionalidad"/>
            <type name="string">
                <param name="org.hibernate.type.ParameterType.primaryKey">false</param>
                <param name="org.hibernate.type.ParameterType.dynamic">true</param>
                <param name="org.hibernate.type.ParameterType.returnedClass">java.lang.String</param>
                <param name="org.hibernate.type.ParameterType.accessType">field</param>
                <param name="org.hibernate.type.ParameterType.entityClass">com.melilla.gestPlanes.model.Ciudadano</param>
                <param name="org.hibernate.type.ParameterType.propertyName">nacionalidad</param>
            </type>
        </property>
        <property insert="true" name="nedaes" type="boolean" update="false">
            <column name="nedaes"/>
        </property>
        <property insert="true" name="nombre" update="false">
            <column name="nombre"/>
            <type name="string">
                <param name="org.hibernate.type.ParameterType.primaryKey">false</param>
                <param name="org.hibernate.type.ParameterType.dynamic">true</param>
                <param name="org.hibernate.type.ParameterType.returnedClass">java.lang.String</param>
                <param name="org.hibernate.type.ParameterType.accessType">field</param>
                <param name="org.hibernate.type.ParameterType.entityClass">com.melilla.gestPlanes.model.Ciudadano</param>
                <param name="org.hibernate.type.ParameterType.propertyName">nombre</param>
            </type>
        </property>
        <property insert="true" name="numeroOrdenSepe" type="integer" update="false">
            <column name="numero_orden_sepe"/>
        </property>
        <property insert="true" name="reclamaSalarios" type="boolean" update="false">
            <column name="reclama_salarios"/>
        </property>
        <property insert="true" name="seguridadSocial" update="false">
            <column name="seguridad_social"/>
            <type name="string">
                <param name="org.hibernate.type.ParameterType.primaryKey">false</param>
                <param name="org.hibernate.type.ParameterType.dynamic">true</param>
                <param name="org.hibernate.type.ParameterType.returnedClass">java.lang.String</param>
                <param name="org.hibernate.type.ParameterType.accessType">field</param>
                <param name="org.hibernate.type.ParameterType.entityClass">com.melilla.gestPlanes.model.Ciudadano</param>
                <param name="org.hibernate.type.ParameterType.propertyName">seguridadSocial</param>
            </type>
        </property>
        <property insert="true" name="sexo" update="false">
            <column name="sexo"/>
            <type name="string">
                <param name="org.hibernate.type.ParameterType.primaryKey">false</param>
                <param name="org.hibernate.type.ParameterType.dynamic">true</param>
                <param name="org.hibernate.type.ParameterType.returnedClass">java.lang.String</param>
                <param name="org.hibernate.type.ParameterType.accessType">field</param>
                <param name="org.hibernate.type.ParameterType.entityClass">com.melilla.gestPlanes.model.Ciudadano</param>
                <param name="org.hibernate.type.ParameterType.propertyName">sexo</param>
            </type>
        </property>
        <property insert="true" name="sinClausula" type="boolean" update="false">
            <column name="sin_clausula"/>
        </property>
        <property insert="true" name="suplente" type="boolean" update="false">
            <column name="suplente"/>
        </property>
        <property insert="true" name="telefono" update="false">
            <column name="telefono"/>
            <type name="string">
                <param name="org.hibernate.type.ParameterType.primaryKey">false</param>
                <param name="org.hibernate.type.ParameterType.dynamic">true</param>
                <param name="org.hibernate.type.ParameterType.returnedClass">java.lang.String</param>
                <param name="org.hibernate.type.ParameterType.accessType">field</param>
                <param name="org.hibernate.type.ParameterType.entityClass">com.melilla.gestPlanes.model.Ciudadano</param>
                <param name="org.hibernate.type.ParameterType.propertyName">telefono</param>
            </type>
        </property>
        <property insert="true" name="vacacionesDisfrutadas" type="integer" update="false">
            <column name="vacaciones_disfrutadas"/>
        </property>
        <property insert="true" name="vg" type="boolean" update="false">
            <column name="vg"/>
        </property>
    </class>
</hibernate-mapping>

2026-01-26T11:50:37.324+01:00  INFO 24840 --- [restartedMain] .e.b.i.AdditionalJaxbMappingProducerImpl : Adding JAXB document mapping
2026-01-26T11:50:37.389+01:00  INFO 24840 --- [restartedMain] org.hibernate.envers.boot                : HHH90005601: Envers-generated HBM mapping...
<?xml version="1.0" encoding="UTF-8" standalone="yes"?>
<hibernate-mapping auto-import="false" xmlns="http://www.hibernate.org/xsd/orm/hbm">
    <class discriminator-value="PlantillaContratoConfig" table="plantilla_contrato_config_AUD" entity-name="com.melilla.gestPlanes.model.config.PlantillaContratoConfig_AUD" abstract="false">
        <composite-id name="originalId">
            <key-property name="idContratoConfig">
                <column name="id_contrato_config"/>
                <type name="long">
                    <param name="org.hibernate.type.ParameterType.primaryKey">false</param>
                    <param name="org.hibernate.type.ParameterType.dynamic">true</param>
                    <param name="org.hibernate.type.ParameterType.returnedClass">java.lang.Long</param>
                    <param name="org.hibernate.type.ParameterType.accessType">field</param>
                    <param name="org.hibernate.type.ParameterType.entityClass">com.melilla.gestPlanes.model.config.PlantillaContratoConfig</param>
                    <param name="org.hibernate.type.ParameterType.propertyName">idContratoConfig</param>
                </type>
            </key-property>
            <key-many-to-one class="com.melilla.gestPlanes.envers.CustomRevisionEntity" name="REV">
                <column name="REV"/>
            </key-many-to-one>
        </composite-id>
        <property insert="true" name="REVTYPE" type="org.hibernate.envers.internal.entities.RevisionTypeType" update="false"/>
        <many-to-one class="com.melilla.gestPlanes.envers.CustomRevisionEntity" insert="true" name="REVEND" update="true">
            <column name="REVEND"/>
        </many-to-one>
        <property insert="true" name="REVEND_TSTMP" type="timestamp" update="true">
            <column name="REVEND_TSTMP"/>
        </property>
        <property insert="true" name="activa" type="boolean" update="false">
            <column name="activa"/>
        </property>
        <property insert="true" name="actividadEconomica" update="false">
            <column name="actividad_economica"/>
            <type name="string">
                <param name="org.hibernate.type.ParameterType.primaryKey">false</param>
                <param name="org.hibernate.type.ParameterType.dynamic">true</param>
                <param name="org.hibernate.type.ParameterType.returnedClass">java.lang.String</param>
                <param name="org.hibernate.type.ParameterType.accessType">field</param>
                <param name="org.hibernate.type.ParameterType.entityClass">com.melilla.gestPlanes.model.config.PlantillaContratoConfig</param>
                <param name="org.hibernate.type.ParameterType.propertyName">actividadEconomica</param>
            </type>
        </property>
        <property insert="true" name="cargoRepresentante" update="false">
            <column name="cargo_representante"/>
            <type name="string">
                <param name="org.hibernate.type.ParameterType.primaryKey">false</param>
                <param name="org.hibernate.type.ParameterType.dynamic">true</param>
                <param name="org.hibernate.type.ParameterType.returnedClass">java.lang.String</param>
                <param name="org.hibernate.type.ParameterType.accessType">field</param>
                <param name="org.hibernate.type.ParameterType.entityClass">com.melilla.gestPlanes.model.config.PlantillaContratoConfig</param>
                <param name="org.hibernate.type.ParameterType.propertyName">cargoRepresentante</param>
            </type>
        </property>
        <property insert="true" name="cif" update="false">
            <column name="cif"/>
            <type name="string">
                <param name="org.hibernate.type.ParameterType.primaryKey">false</param>
                <param name="org.hibernate.type.ParameterType.dynamic">true</param>
                <param name="org.hibernate.type.ParameterType.returnedClass">java.lang.String</param>
                <param name="org.hibernate.type.ParameterType.accessType">field</param>
                <param name="org.hibernate.type.ParameterType.entityClass">com.melilla.gestPlanes.model.config.PlantillaContratoConfig</param>
                <param name="org.hibernate.type.ParameterType.propertyName">cif</param>
            </type>
        </property>
        <property insert="true" name="clausulaAdicional" update="false">
            <column length="255" name="clausula_adicional" sql-type="TEXT"/>
            <type name="string">
                <param name="org.hibernate.type.ParameterType.primaryKey">false</param>
                <param name="org.hibernate.type.ParameterType.dynamic">true</param>
                <param name="org.hibernate.type.ParameterType.returnedClass">java.lang.String</param>
                <param name="org.hibernate.type.ParameterType.accessType">field</param>
                <param name="org.hibernate.type.ParameterType.entityClass">com.melilla.gestPlanes.model.config.PlantillaContratoConfig</param>
                <param name="org.hibernate.type.ParameterType.propertyName">clausulaAdicional</param>
            </type>
        </property>
        <property insert="true" name="clausulaEspecifica" update="false">
            <column length="255" name="clausula_especifica" sql-type="TEXT"/>
            <type name="string">
                <param name="org.hibernate.type.ParameterType.primaryKey">false</param>
                <param name="org.hibernate.type.ParameterType.dynamic">true</param>
                <param name="org.hibernate.type.ParameterType.returnedClass">java.lang.String</param>
                <param name="org.hibernate.type.ParameterType.accessType">field</param>
                <param name="org.hibernate.type.ParameterType.entityClass">com.melilla.gestPlanes.model.config.PlantillaContratoConfig</param>
                <param name="org.hibernate.type.ParameterType.propertyName">clausulaEspecifica</param>
            </type>
        </property>
        <property insert="true" name="codigoCuentaCotizacion" update="false">
            <column name="codigo_cuenta_cotizacion"/>
            <type name="string">
                <param name="org.hibernate.type.ParameterType.primaryKey">false</param>
                <param name="org.hibernate.type.ParameterType.dynamic">true</param>
                <param name="org.hibernate.type.ParameterType.returnedClass">java.lang.String</param>
                <param name="org.hibernate.type.ParameterType.accessType">field</param>
                <param name="org.hibernate.type.ParameterType.entityClass">com.melilla.gestPlanes.model.config.PlantillaContratoConfig</param>
                <param name="org.hibernate.type.ParameterType.propertyName">codigoCuentaCotizacion</param>
            </type>
        </property>
        <property insert="true" name="codigoMunicipioEmpresa" update="false">
            <column name="codigo_municipio_empresa"/>
            <type name="string">
                <param name="org.hibernate.type.ParameterType.primaryKey">false</param>
                <param name="org.hibernate.type.ParameterType.dynamic">true</param>
                <param name="org.hibernate.type.ParameterType.returnedClass">java.lang.String</param>
                <param name="org.hibernate.type.ParameterType.accessType">field</param>
                <param name="org.hibernate.type.ParameterType.entityClass">com.melilla.gestPlanes.model.config.PlantillaContratoConfig</param>
                <param name="org.hibernate.type.ParameterType.propertyName">codigoMunicipioEmpresa</param>
            </type>
        </property>
        <property insert="true" name="codigoPaisEmpresa" update="false">
            <column name="codigo_pais_empresa"/>
            <type name="string">
                <param name="org.hibernate.type.ParameterType.primaryKey">false</param>
                <param name="org.hibernate.type.ParameterType.dynamic">true</param>
                <param name="org.hibernate.type.ParameterType.returnedClass">java.lang.String</param>
                <param name="org.hibernate.type.ParameterType.accessType">field</param>
                <param name="org.hibernate.type.ParameterType.entityClass">com.melilla.gestPlanes.model.config.PlantillaContratoConfig</param>
                <param name="org.hibernate.type.ParameterType.propertyName">codigoPaisEmpresa</param>
            </type>
        </property>
        <property insert="true" name="codigoPostalEmpresa" update="false">
            <column name="codigo_postal_empresa"/>
            <type name="string">
                <param name="org.hibernate.type.ParameterType.primaryKey">false</param>
                <param name="org.hibernate.type.ParameterType.dynamic">true</param>
                <param name="org.hibernate.type.ParameterType.returnedClass">java.lang.String</param>
                <param name="org.hibernate.type.ParameterType.accessType">field</param>
                <param name="org.hibernate.type.ParameterType.entityClass">com.melilla.gestPlanes.model.config.PlantillaContratoConfig</param>
                <param name="org.hibernate.type.ParameterType.propertyName">codigoPostalEmpresa</param>
            </type>
        </property>
        <property insert="true" name="dniRepresentante" update="false">
            <column name="dni_representante"/>
            <type name="string">
                <param name="org.hibernate.type.ParameterType.primaryKey">false</param>
                <param name="org.hibernate.type.ParameterType.dynamic">true</param>
                <param name="org.hibernate.type.ParameterType.returnedClass">java.lang.String</param>
                <param name="org.hibernate.type.ParameterType.accessType">field</param>
                <param name="org.hibernate.type.ParameterType.entityClass">com.melilla.gestPlanes.model.config.PlantillaContratoConfig</param>
                <param name="org.hibernate.type.ParameterType.propertyName">dniRepresentante</param>
            </type>
        </property>
        <property insert="true" name="domicilioSocial" update="false">
            <column name="domicilio_social"/>
            <type name="string">
                <param name="org.hibernate.type.ParameterType.primaryKey">false</param>
                <param name="org.hibernate.type.ParameterType.dynamic">true</param>
                <param name="org.hibernate.type.ParameterType.returnedClass">java.lang.String</param>
                <param name="org.hibernate.type.ParameterType.accessType">field</param>
                <param name="org.hibernate.type.ParameterType.entityClass">com.melilla.gestPlanes.model.config.PlantillaContratoConfig</param>
                <param name="org.hibernate.type.ParameterType.propertyName">domicilioSocial</param>
            </type>
        </property>
        <property insert="true" name="horas" update="false">
            <column name="horas"/>
            <type name="string">
                <param name="org.hibernate.type.ParameterType.primaryKey">false</param>
                <param name="org.hibernate.type.ParameterType.dynamic">true</param>
                <param name="org.hibernate.type.ParameterType.returnedClass">java.lang.String</param>
                <param name="org.hibernate.type.ParameterType.accessType">field</param>
                <param name="org.hibernate.type.ParameterType.entityClass">com.melilla.gestPlanes.model.config.PlantillaContratoConfig</param>
                <param name="org.hibernate.type.ParameterType.propertyName">horas</param>
            </type>
        </property>
        <property insert="true" name="municipioEmpresa" update="false">
            <column name="municipio_empresa"/>
            <type name="string">
                <param name="org.hibernate.type.ParameterType.primaryKey">false</param>
                <param name="org.hibernate.type.ParameterType.dynamic">true</param>
                <param name="org.hibernate.type.ParameterType.returnedClass">java.lang.String</param>
                <param name="org.hibernate.type.ParameterType.accessType">field</param>
                <param name="org.hibernate.type.ParameterType.entityClass">com.melilla.gestPlanes.model.config.PlantillaContratoConfig</param>
                <param name="org.hibernate.type.ParameterType.propertyName">municipioEmpresa</param>
            </type>
        </property>
        <property insert="true" name="nombre" update="false">
            <column name="nombre"/>
            <type name="string">
                <param name="org.hibernate.type.ParameterType.primaryKey">false</param>
                <param name="org.hibernate.type.ParameterType.dynamic">true</param>
                <param name="org.hibernate.type.ParameterType.returnedClass">java.lang.String</param>
                <param name="org.hibernate.type.ParameterType.accessType">field</param>
                <param name="org.hibernate.type.ParameterType.entityClass">com.melilla.gestPlanes.model.config.PlantillaContratoConfig</param>
                <param name="org.hibernate.type.ParameterType.propertyName">nombre</param>
            </type>
        </property>
        <property insert="true" name="nombreFicheroPlantilla" update="false">
            <column name="nombre_fichero_plantilla"/>
            <type name="string">
                <param name="org.hibernate.type.ParameterType.primaryKey">false</param>
                <param name="org.hibernate.type.ParameterType.dynamic">true</param>
                <param name="org.hibernate.type.ParameterType.returnedClass">java.lang.String</param>
                <param name="org.hibernate.type.ParameterType.accessType">field</param>
                <param name="org.hibernate.type.ParameterType.entityClass">com.melilla.gestPlanes.model.config.PlantillaContratoConfig</param>
                <param name="org.hibernate.type.ParameterType.propertyName">nombreFicheroPlantilla</param>
            </type>
        </property>
        <property insert="true" name="nombreRepresentante" update="false">
            <column name="nombre_representante"/>
            <type name="string">
                <param name="org.hibernate.type.ParameterType.primaryKey">false</param>
                <param name="org.hibernate.type.ParameterType.dynamic">true</param>
                <param name="org.hibernate.type.ParameterType.returnedClass">java.lang.String</param>
                <param name="org.hibernate.type.ParameterType.accessType">field</param>
                <param name="org.hibernate.type.ParameterType.entityClass">com.melilla.gestPlanes.model.config.PlantillaContratoConfig</param>
                <param name="org.hibernate.type.ParameterType.propertyName">nombreRepresentante</param>
            </type>
        </property>
        <property insert="true" name="paisEmpresa" update="false">
            <column name="pais_empresa"/>
            <type name="string">
                <param name="org.hibernate.type.ParameterType.primaryKey">false</param>
                <param name="org.hibernate.type.ParameterType.dynamic">true</param>
                <param name="org.hibernate.type.ParameterType.returnedClass">java.lang.String</param>
                <param name="org.hibernate.type.ParameterType.accessType">field</param>
                <param name="org.hibernate.type.ParameterType.entityClass">com.melilla.gestPlanes.model.config.PlantillaContratoConfig</param>
                <param name="org.hibernate.type.ParameterType.propertyName">paisEmpresa</param>
            </type>
        </property>
        <property insert="true" name="razonSocial" update="false">
            <column name="razon_social"/>
            <type name="string">
                <param name="org.hibernate.type.ParameterType.primaryKey">false</param>
                <param name="org.hibernate.type.ParameterType.dynamic">true</param>
                <param name="org.hibernate.type.ParameterType.returnedClass">java.lang.String</param>
                <param name="org.hibernate.type.ParameterType.accessType">field</param>
                <param name="org.hibernate.type.ParameterType.entityClass">com.melilla.gestPlanes.model.config.PlantillaContratoConfig</param>
                <param name="org.hibernate.type.ParameterType.propertyName">razonSocial</param>
            </type>
        </property>
        <property insert="true" name="regimen" update="false">
            <column name="regimen"/>
            <type name="string">
                <param name="org.hibernate.type.ParameterType.primaryKey">false</param>
                <param name="org.hibernate.type.ParameterType.dynamic">true</param>
                <param name="org.hibernate.type.ParameterType.returnedClass">java.lang.String</param>
                <param name="org.hibernate.type.ParameterType.accessType">field</param>
                <param name="org.hibernate.type.ParameterType.entityClass">com.melilla.gestPlanes.model.config.PlantillaContratoConfig</param>
                <param name="org.hibernate.type.ParameterType.propertyName">regimen</param>
            </type>
        </property>
        <property insert="true" name="sepe" update="false">
            <column name="sepe"/>
            <type name="string">
                <param name="org.hibernate.type.ParameterType.primaryKey">false</param>
                <param name="org.hibernate.type.ParameterType.dynamic">true</param>
                <param name="org.hibernate.type.ParameterType.returnedClass">java.lang.String</param>
                <param name="org.hibernate.type.ParameterType.accessType">field</param>
                <param name="org.hibernate.type.ParameterType.entityClass">com.melilla.gestPlanes.model.config.PlantillaContratoConfig</param>
                <param name="org.hibernate.type.ParameterType.propertyName">sepe</param>
            </type>
        </property>
        <property insert="true" name="textoConceptosSalariales" update="false">
            <column name="texto_conceptos_salariales"/>
            <type name="string">
                <param name="org.hibernate.type.ParameterType.primaryKey">false</param>
                <param name="org.hibernate.type.ParameterType.dynamic">true</param>
                <param name="org.hibernate.type.ParameterType.returnedClass">java.lang.String</param>
                <param name="org.hibernate.type.ParameterType.accessType">field</param>
                <param name="org.hibernate.type.ParameterType.entityClass">com.melilla.gestPlanes.model.config.PlantillaContratoConfig</param>
                <param name="org.hibernate.type.ParameterType.propertyName">textoConceptosSalariales</param>
            </type>
        </property>
        <property insert="true" name="url" update="false">
            <column name="url"/>
            <type name="string">
                <param name="org.hibernate.type.ParameterType.primaryKey">false</param>
                <param name="org.hibernate.type.ParameterType.dynamic">true</param>
                <param name="org.hibernate.type.ParameterType.returnedClass">java.lang.String</param>
                <param name="org.hibernate.type.ParameterType.accessType">field</param>
                <param name="org.hibernate.type.ParameterType.entityClass">com.melilla.gestPlanes.model.config.PlantillaContratoConfig</param>
                <param name="org.hibernate.type.ParameterType.propertyName">url</param>
            </type>
        </property>
        <property insert="true" name="plan_idPlan" update="false">
            <column name="id_plan"/>
            <type name="long">
                <param name="org.hibernate.type.ParameterType.primaryKey">false</param>
                <param name="org.hibernate.type.ParameterType.dynamic">true</param>
                <param name="org.hibernate.type.ParameterType.returnedClass">java.lang.Long</param>
                <param name="org.hibernate.type.ParameterType.accessType">field</param>
                <param name="org.hibernate.type.ParameterType.entityClass">com.melilla.gestPlanes.model.Plan</param>
                <param name="org.hibernate.type.ParameterType.propertyName">idPlan</param>
            </type>
        </property>
    </class>
</hibernate-mapping>

2026-01-26T11:50:37.391+01:00  INFO 24840 --- [restartedMain] .e.b.i.AdditionalJaxbMappingProducerImpl : Adding JAXB document mapping
2026-01-26T11:50:37.453+01:00  INFO 24840 --- [restartedMain] org.hibernate.envers.boot                : HHH90005601: Envers-generated HBM mapping...
<?xml version="1.0" encoding="UTF-8" standalone="yes"?>
<hibernate-mapping auto-import="false" xmlns="http://www.hibernate.org/xsd/orm/hbm">
    <class discriminator-value="Salario" table="salario_AUD" entity-name="com.melilla.gestPlanes.model.Salario_AUD" abstract="false">
        <composite-id name="originalId">
            <key-property name="idSalario">
                <column name="id_salario"/>
                <type name="long">
                    <param name="org.hibernate.type.ParameterType.primaryKey">false</param>
                    <param name="org.hibernate.type.ParameterType.dynamic">true</param>
                    <param name="org.hibernate.type.ParameterType.returnedClass">java.lang.Long</param>
                    <param name="org.hibernate.type.ParameterType.accessType">field</param>
                    <param name="org.hibernate.type.ParameterType.entityClass">com.melilla.gestPlanes.model.Salario</param>
                    <param name="org.hibernate.type.ParameterType.propertyName">idSalario</param>
                </type>
            </key-property>
            <key-many-to-one class="com.melilla.gestPlanes.envers.CustomRevisionEntity" name="REV">
                <column name="REV"/>
            </key-many-to-one>
        </composite-id>
        <property insert="true" name="REVTYPE" type="org.hibernate.envers.internal.entities.RevisionTypeType" update="false"/>
        <many-to-one class="com.melilla.gestPlanes.envers.CustomRevisionEntity" insert="true" name="REVEND" update="true">
            <column name="REVEND"/>
        </many-to-one>
        <property insert="true" name="REVEND_TSTMP" type="timestamp" update="true">
            <column name="REVEND_TSTMP"/>
        </property>
        <property insert="true" name="activo" type="boolean" update="false">
            <column name="activo"/>
        </property>
        <property insert="true" name="createdAt" update="false">
            <column name="created_at"/>
            <type name="LocalDateTime">
                <param name="org.hibernate.type.ParameterType.primaryKey">false</param>
                <param name="org.hibernate.type.ParameterType.dynamic">true</param>
                <param name="org.hibernate.type.ParameterType.returnedClass">java.time.LocalDateTime</param>
                <param name="org.hibernate.type.ParameterType.accessType">field</param>
                <param name="org.hibernate.type.ParameterType.entityClass">com.melilla.gestPlanes.model.Salario</param>
                <param name="org.hibernate.type.ParameterType.propertyName">createdAt</param>
            </type>
        </property>
        <property insert="true" name="deleted" type="boolean" update="false">
            <column name="deleted"/>
        </property>
        <property insert="true" name="deletedAt" update="false">
            <column name="deleted_at"/>
            <type name="LocalDateTime">
                <param name="org.hibernate.type.ParameterType.primaryKey">false</param>
                <param name="org.hibernate.type.ParameterType.dynamic">true</param>
                <param name="org.hibernate.type.ParameterType.returnedClass">java.time.LocalDateTime</param>
                <param name="org.hibernate.type.ParameterType.accessType">field</param>
                <param name="org.hibernate.type.ParameterType.entityClass">com.melilla.gestPlanes.model.Salario</param>
                <param name="org.hibernate.type.ParameterType.propertyName">deletedAt</param>
            </type>
        </property>
        <property insert="true" name="descripcion" update="false">
            <column name="descripcion"/>
            <type name="string">
                <param name="org.hibernate.type.ParameterType.primaryKey">false</param>
                <param name="org.hibernate.type.ParameterType.dynamic">true</param>
                <param name="org.hibernate.type.ParameterType.returnedClass">java.lang.String</param>
                <param name="org.hibernate.type.ParameterType.accessType">field</param>
                <param name="org.hibernate.type.ParameterType.entityClass">com.melilla.gestPlanes.model.Salario</param>
                <param name="org.hibernate.type.ParameterType.propertyName">descripcion</param>
            </type>
        </property>
        <property insert="true" name="plan_idPlan" update="false">
            <column name="id_plan"/>
            <type name="long">
                <param name="org.hibernate.type.ParameterType.primaryKey">false</param>
                <param name="org.hibernate.type.ParameterType.dynamic">true</param>
                <param name="org.hibernate.type.ParameterType.returnedClass">java.lang.Long</param>
                <param name="org.hibernate.type.ParameterType.accessType">field</param>
                <param name="org.hibernate.type.ParameterType.entityClass">com.melilla.gestPlanes.model.Plan</param>
                <param name="org.hibernate.type.ParameterType.propertyName">idPlan</param>
            </type>
        </property>
    </class>
</hibernate-mapping>

2026-01-26T11:50:37.453+01:00  INFO 24840 --- [restartedMain] .e.b.i.AdditionalJaxbMappingProducerImpl : Adding JAXB document mapping
2026-01-26T11:50:37.528+01:00  INFO 24840 --- [restartedMain] org.hibernate.envers.boot                : HHH90005601: Envers-generated HBM mapping...
<?xml version="1.0" encoding="UTF-8" standalone="yes"?>
<hibernate-mapping auto-import="false" xmlns="http://www.hibernate.org/xsd/orm/hbm">
    <class discriminator-value="DocumentoPlan" table="documento_plan_AUD" entity-name="com.melilla.gestPlanes.model.DocumentoPlan_AUD" abstract="false">
        <composite-id name="originalId">
            <key-property name="idDocumentoPlan">
                <column name="id_documento_plan"/>
                <type name="long">
                    <param name="org.hibernate.type.ParameterType.primaryKey">false</param>
                    <param name="org.hibernate.type.ParameterType.dynamic">true</param>
                    <param name="org.hibernate.type.ParameterType.returnedClass">java.lang.Long</param>
                    <param name="org.hibernate.type.ParameterType.accessType">field</param>
                    <param name="org.hibernate.type.ParameterType.entityClass">com.melilla.gestPlanes.model.DocumentoPlan</param>
                    <param name="org.hibernate.type.ParameterType.propertyName">idDocumentoPlan</param>
                </type>
            </key-property>
            <key-many-to-one class="com.melilla.gestPlanes.envers.CustomRevisionEntity" name="REV">
                <column name="REV"/>
            </key-many-to-one>
        </composite-id>
        <property insert="true" name="REVTYPE" type="org.hibernate.envers.internal.entities.RevisionTypeType" update="false"/>
        <many-to-one class="com.melilla.gestPlanes.envers.CustomRevisionEntity" insert="true" name="REVEND" update="true">
            <column name="REVEND"/>
        </many-to-one>
        <property insert="true" name="REVEND_TSTMP" type="timestamp" update="true">
            <column name="REVEND_TSTMP"/>
        </property>
        <property insert="true" name="createdAt" update="false">
            <column name="created_at"/>
            <type name="LocalDateTime">
                <param name="org.hibernate.type.ParameterType.primaryKey">false</param>
                <param name="org.hibernate.type.ParameterType.dynamic">true</param>
                <param name="org.hibernate.type.ParameterType.returnedClass">java.time.LocalDateTime</param>
                <param name="org.hibernate.type.ParameterType.accessType">field</param>
                <param name="org.hibernate.type.ParameterType.entityClass">com.melilla.gestPlanes.model.DocumentoPlan</param>
                <param name="org.hibernate.type.ParameterType.propertyName">createdAt</param>
            </type>
        </property>
        <property insert="true" name="deleted" type="boolean" update="false">
            <column name="deleted"/>
        </property>
        <property insert="true" name="deletedAt" update="false">
            <column name="deleted_at"/>
            <type name="LocalDateTime">
                <param name="org.hibernate.type.ParameterType.primaryKey">false</param>
                <param name="org.hibernate.type.ParameterType.dynamic">true</param>
                <param name="org.hibernate.type.ParameterType.returnedClass">java.time.LocalDateTime</param>
                <param name="org.hibernate.type.ParameterType.accessType">field</param>
                <param name="org.hibernate.type.ParameterType.entityClass">com.melilla.gestPlanes.model.DocumentoPlan</param>
                <param name="org.hibernate.type.ParameterType.propertyName">deletedAt</param>
            </type>
        </property>
        <property insert="true" name="nombre" update="false">
            <column name="nombre"/>
            <type name="string">
                <param name="org.hibernate.type.ParameterType.primaryKey">false</param>
                <param name="org.hibernate.type.ParameterType.dynamic">true</param>
                <param name="org.hibernate.type.ParameterType.returnedClass">java.lang.String</param>
                <param name="org.hibernate.type.ParameterType.accessType">field</param>
                <param name="org.hibernate.type.ParameterType.entityClass">com.melilla.gestPlanes.model.DocumentoPlan</param>
                <param name="org.hibernate.type.ParameterType.propertyName">nombre</param>
            </type>
        </property>
        <property insert="true" name="observaciones" update="false">
            <column name="observaciones"/>
            <type name="string">
                <param name="org.hibernate.type.ParameterType.primaryKey">false</param>
                <param name="org.hibernate.type.ParameterType.dynamic">true</param>
                <param name="org.hibernate.type.ParameterType.returnedClass">java.lang.String</param>
                <param name="org.hibernate.type.ParameterType.accessType">field</param>
                <param name="org.hibernate.type.ParameterType.entityClass">com.melilla.gestPlanes.model.DocumentoPlan</param>
                <param name="org.hibernate.type.ParameterType.propertyName">observaciones</param>
            </type>
        </property>
        <property insert="true" name="ruta" update="false">
            <column name="ruta"/>
            <type name="string">
                <param name="org.hibernate.type.ParameterType.primaryKey">false</param>
                <param name="org.hibernate.type.ParameterType.dynamic">true</param>
                <param name="org.hibernate.type.ParameterType.returnedClass">java.lang.String</param>
                <param name="org.hibernate.type.ParameterType.accessType">field</param>
                <param name="org.hibernate.type.ParameterType.entityClass">com.melilla.gestPlanes.model.DocumentoPlan</param>
                <param name="org.hibernate.type.ParameterType.propertyName">ruta</param>
            </type>
        </property>
        <property insert="true" name="tipo" update="false">
            <column name="tipo"/>
            <type name="string">
                <param name="org.hibernate.type.ParameterType.primaryKey">false</param>
                <param name="org.hibernate.type.ParameterType.dynamic">true</param>
                <param name="org.hibernate.type.ParameterType.returnedClass">java.lang.String</param>
                <param name="org.hibernate.type.ParameterType.accessType">field</param>
                <param name="org.hibernate.type.ParameterType.entityClass">com.melilla.gestPlanes.model.DocumentoPlan</param>
                <param name="org.hibernate.type.ParameterType.propertyName">tipo</param>
            </type>
        </property>
    </class>
</hibernate-mapping>

2026-01-26T11:50:41.978+01:00  INFO 24840 --- [restartedMain] o.h.e.t.j.p.i.JtaPlatformInitiator       : HHH000490: Using JtaPlatform implementation: [org.hibernate.engine.transaction.jta.platform.internal.NoJtaPlatform]
2026-01-26T11:50:41.998+01:00  INFO 24840 --- [restartedMain] j.LocalContainerEntityManagerFactoryBean : Initialized JPA EntityManagerFactory for persistence unit 'default'
2026-01-26T11:50:45.562+01:00 TRACE 24840 --- [restartedMain] o.s.b.w.s.ServletContextInitializerBeans : Created Filter initializer for bean 'characterEncodingFilter'; order=-2147483648, resource=class path resource [org/springframework/boot/autoconfigure/web/servlet/HttpEncodingAutoConfiguration.class]
2026-01-26T11:50:45.564+01:00 TRACE 24840 --- [restartedMain] o.s.b.w.s.ServletContextInitializerBeans : Created Filter initializer for bean 'formContentFilter'; order=-9900, resource=class path resource [org/springframework/boot/autoconfigure/web/servlet/WebMvcAutoConfiguration.class]
2026-01-26T11:50:45.564+01:00 TRACE 24840 --- [restartedMain] o.s.b.w.s.ServletContextInitializerBeans : Created Filter initializer for bean 'requestContextFilter'; order=-105, resource=class path resource [org/springframework/boot/autoconfigure/web/servlet/WebMvcAutoConfiguration$WebMvcAutoConfigurationAdapter.class]
2026-01-26T11:50:45.565+01:00 TRACE 24840 --- [restartedMain] o.s.b.w.s.ServletContextInitializerBeans : Created Filter initializer for bean 'jwtAuthenticationFilter'; order=2147483647, resource=file [D:\proyectos\gestPlanes\target\classes\com\melilla\gestPlanes\JWT\JwtAuthenticationFilter.class]
2026-01-26T11:50:45.587+01:00 DEBUG 24840 --- [restartedMain] o.s.b.w.s.ServletContextInitializerBeans : Mapping filters: springSecurityFilterChain urls=[/*] order=-100, characterEncodingFilter urls=[/*] order=-2147483648, formContentFilter urls=[/*] order=-9900, requestContextFilter urls=[/*] order=-105, jwtAuthenticationFilter urls=[/*] order=2147483647
2026-01-26T11:50:45.587+01:00 DEBUG 24840 --- [restartedMain] o.s.b.w.s.ServletContextInitializerBeans : Mapping servlets: dispatcherServlet urls=[/]
2026-01-26T11:50:47.348+01:00  WARN 24840 --- [restartedMain] JpaBaseConfiguration$JpaWebConfiguration : spring.jpa.open-in-view is enabled by default. Therefore, database queries may be performed during view rendering. Explicitly configure spring.jpa.open-in-view to disable this warning
2026-01-26T11:50:47.809+01:00 DEBUG 24840 --- [restartedMain] s.w.s.m.m.a.RequestMappingHandlerMapping : 126 mappings in 'requestMappingHandlerMapping'
2026-01-26T11:50:47.966+01:00 DEBUG 24840 --- [restartedMain] o.s.w.s.handler.SimpleUrlHandlerMapping  : Patterns [/webjars/**, /**, /swagger-ui*/*swagger-initializer.js, /swagger-ui*/**] in 'resourceHandlerMapping'
2026-01-26T11:50:48.047+01:00  INFO 24840 --- [restartedMain] o.s.s.web.DefaultSecurityFilterChain     : Will secure any request with [org.springframework.security.web.session.DisableEncodeUrlFilter@5627825a, org.springframework.security.web.context.request.async.WebAsyncManagerIntegrationFilter@6a39a09f, org.springframework.security.web.context.SecurityContextHolderFilter@2a45244c, org.springframework.security.web.header.HeaderWriterFilter@4c906e6b, org.springframework.web.filter.CorsFilter@210d5e9d, org.springframework.security.web.authentication.logout.LogoutFilter@35bbcb10, com.melilla.gestPlanes.JWT.JwtAuthenticationFilter@422c6ff4, org.springframework.security.web.savedrequest.RequestCacheAwareFilter@4aa8f6f2, org.springframework.security.web.servletapi.SecurityContextHolderAwareRequestFilter@4dbf5156, org.springframework.security.web.authentication.AnonymousAuthenticationFilter@27335086, org.springframework.security.web.session.SessionManagementFilter@7e924fc8, org.springframework.security.web.access.ExceptionTranslationFilter@da510f6, org.springframework.security.web.access.intercept.AuthorizationFilter@eb6429b]
2026-01-26T11:50:48.141+01:00 DEBUG 24840 --- [restartedMain] s.w.s.m.m.a.RequestMappingHandlerAdapter : ControllerAdvice beans: 0 @ModelAttribute, 0 @InitBinder, 1 RequestBodyAdvice, 1 ResponseBodyAdvice
2026-01-26T11:50:48.186+01:00 DEBUG 24840 --- [restartedMain] .m.m.a.ExceptionHandlerExceptionResolver : ControllerAdvice beans: 3 @ExceptionHandler, 1 ResponseBodyAdvice
2026-01-26T11:50:48.216+01:00 DEBUG 24840 --- [restartedMain] .m.m.a.ExceptionHandlerExceptionResolver : ControllerAdvice beans: 3 @ExceptionHandler, 0 ResponseBodyAdvice
2026-01-26T11:50:48.562+01:00  INFO 24840 --- [restartedMain] o.s.b.d.a.OptionalLiveReloadServer       : LiveReload server is running on port 35729
2026-01-26T11:50:48.642+01:00  INFO 24840 --- [restartedMain] o.s.b.w.embedded.tomcat.TomcatWebServer  : Tomcat started on port(s): 9092 (http) with context path ''
2026-01-26T11:50:48.655+01:00  INFO 24840 --- [restartedMain] c.m.gestPlanes.GestPlanesApplication     : Started GestPlanesApplication in 24.747 seconds (process running for 27.519)
2026-01-26T11:51:05.464+01:00  INFO 24840 --- [http-nio-9092-exec-1] o.a.c.c.C.[Tomcat].[localhost].[/]       : Initializing Spring DispatcherServlet 'dispatcherServlet'
2026-01-26T11:51:05.464+01:00  INFO 24840 --- [http-nio-9092-exec-1] o.s.web.servlet.DispatcherServlet        : Initializing Servlet 'dispatcherServlet'
2026-01-26T11:51:05.464+01:00 DEBUG 24840 --- [http-nio-9092-exec-1] o.s.web.servlet.DispatcherServlet        : Detected StandardServletMultipartResolver
2026-01-26T11:51:05.464+01:00 DEBUG 24840 --- [http-nio-9092-exec-1] o.s.web.servlet.DispatcherServlet        : Detected AcceptHeaderLocaleResolver
2026-01-26T11:51:05.464+01:00 DEBUG 24840 --- [http-nio-9092-exec-1] o.s.web.servlet.DispatcherServlet        : Detected FixedThemeResolver
2026-01-26T11:51:05.467+01:00 DEBUG 24840 --- [http-nio-9092-exec-1] o.s.web.servlet.DispatcherServlet        : Detected org.springframework.web.servlet.view.DefaultRequestToViewNameTranslator@435122f
2026-01-26T11:51:05.467+01:00 DEBUG 24840 --- [http-nio-9092-exec-1] o.s.web.servlet.DispatcherServlet        : Detected org.springframework.web.servlet.support.SessionFlashMapManager@2801f667
2026-01-26T11:51:05.467+01:00 DEBUG 24840 --- [http-nio-9092-exec-1] o.s.web.servlet.DispatcherServlet        : enableLoggingRequestDetails='false': request parameters and headers will be masked to prevent unsafe logging of potentially sensitive data
2026-01-26T11:51:05.468+01:00  INFO 24840 --- [http-nio-9092-exec-1] o.s.web.servlet.DispatcherServlet        : Completed initialization in 3 ms
2026-01-26T11:51:05.509+01:00  WARN 24840 --- [http-nio-9092-exec-2] o.s.w.s.h.HandlerMappingIntrospector     : Cache miss for REQUEST dispatch to '/login' (previous null). Performing MatchableHandlerMapping lookup. This is logged once only at WARN level, and every time at TRACE.
2026-01-26T11:51:05.519+01:00 DEBUG 24840 --- [http-nio-9092-exec-2] s.w.s.m.m.a.RequestMappingHandlerMapping : Mapped to com.melilla.gestPlanes.controller.AuthenticationController#login(LoginDTO)
2026-01-26T11:51:05.522+01:00 DEBUG 24840 --- [http-nio-9092-exec-2] o.s.web.servlet.DispatcherServlet        : POST "/login", parameters={}
2026-01-26T11:51:05.523+01:00 DEBUG 24840 --- [http-nio-9092-exec-2] s.w.s.m.m.a.RequestMappingHandlerMapping : Mapped to com.melilla.gestPlanes.controller.AuthenticationController#login(LoginDTO)
2026-01-26T11:51:05.581+01:00 DEBUG 24840 --- [http-nio-9092-exec-2] m.m.a.RequestResponseBodyMethodProcessor : Read "application/json;charset=UTF-8" to [LoginDTO(userName=admin, password=admin)]
2026-01-26T11:51:06.070+01:00 DEBUG 24840 --- [http-nio-9092-exec-2] o.s.w.s.m.m.a.HttpEntityMethodProcessor  : Using 'application/json', given [application/json, text/plain, */*] and supported [application/json, application/*+json]
2026-01-26T11:51:06.076+01:00 DEBUG 24840 --- [http-nio-9092-exec-2] o.s.w.s.m.m.a.HttpEntityMethodProcessor  : Writing [JwtResponseDTO(estado=200 OK, userName=admin, userId=1, idPlan=120, roles=[ADMIN, FUNCIONARIO, SUPER (truncated)...]
2026-01-26T11:51:06.087+01:00 DEBUG 24840 --- [http-nio-9092-exec-2] o.s.web.servlet.DispatcherServlet        : Completed 200 OK
2026-01-26T11:51:06.106+01:00  INFO 24840 --- [http-nio-9092-exec-4] c.m.g.JWT.JwtAuthenticationFilter        : Bearer eyJhbGciOiJIUzUxMiJ9.eyJzdWIiOiJhZG1pbiIsImlhdCI6MTc2OTQyNDY2NSwiZXhwIjoxNzY5NDI2MTA1fQ.bBQa-iDJyjZHli1A6OFgHIuKbLGLdsSc_SJN-f3Z9BjDHqkkEZ5iF74NZIYfhFSSfLPx6oE07NFU234g-Mbpdg
2026-01-26T11:51:06.130+01:00  INFO 24840 --- [http-nio-9092-exec-4] c.m.g.JWT.JwtAuthenticationFilter        : admin
2026-01-26T11:51:06.171+01:00  INFO 24840 --- [http-nio-9092-exec-4] c.m.g.JWT.JwtAuthenticationFilter        : Token válido
2026-01-26T11:51:06.171+01:00  INFO 24840 --- [http-nio-9092-exec-4] c.m.g.JWT.JwtAuthenticationFilter        : admin
2026-01-26T11:51:06.172+01:00 DEBUG 24840 --- [http-nio-9092-exec-4] s.w.s.m.m.a.RequestMappingHandlerMapping : Mapped to com.melilla.gestPlanes.controller.PlanController#getPlan(String)
2026-01-26T11:51:06.173+01:00 DEBUG 24840 --- [http-nio-9092-exec-4] s.w.s.m.m.a.RequestMappingHandlerMapping : Mapped to com.melilla.gestPlanes.controller.PlanController#getPlan(String)
2026-01-26T11:51:06.174+01:00 DEBUG 24840 --- [http-nio-9092-exec-4] s.w.s.m.m.a.RequestMappingHandlerMapping : Mapped to com.melilla.gestPlanes.controller.PlanController#getPlan(String)
2026-01-26T11:51:06.174+01:00 DEBUG 24840 --- [http-nio-9092-exec-4] s.w.s.m.m.a.RequestMappingHandlerMapping : Mapped to com.melilla.gestPlanes.controller.PlanController#getPlan(String)
2026-01-26T11:51:06.174+01:00 DEBUG 24840 --- [http-nio-9092-exec-4] s.w.s.m.m.a.RequestMappingHandlerMapping : Mapped to com.melilla.gestPlanes.controller.PlanController#getPlan(String)
2026-01-26T11:51:06.174+01:00 DEBUG 24840 --- [http-nio-9092-exec-4] s.w.s.m.m.a.RequestMappingHandlerMapping : Mapped to com.melilla.gestPlanes.controller.PlanController#getPlan(String)
2026-01-26T11:51:06.176+01:00 DEBUG 24840 --- [http-nio-9092-exec-4] s.w.s.m.m.a.RequestMappingHandlerMapping : Mapped to com.melilla.gestPlanes.controller.PlanController#getPlan(String)
2026-01-26T11:51:06.176+01:00 DEBUG 24840 --- [http-nio-9092-exec-4] o.s.web.servlet.DispatcherServlet        : GET "/plan/120", parameters={}
2026-01-26T11:51:06.176+01:00 DEBUG 24840 --- [http-nio-9092-exec-4] s.w.s.m.m.a.RequestMappingHandlerMapping : Mapped to com.melilla.gestPlanes.controller.PlanController#getPlan(String)
2026-01-26T11:51:06.196+01:00 DEBUG 24840 --- [http-nio-9092-exec-4] o.s.w.s.m.m.a.HttpEntityMethodProcessor  : Using 'application/json', given [application/json, text/plain, */*] and supported [application/json, application/*+json]
2026-01-26T11:51:06.206+01:00 DEBUG 24840 --- [http-nio-9092-exec-4] o.s.w.s.m.m.a.HttpEntityMethodProcessor  : Writing [java.lang.StackOverflowError]
2026-01-26T11:51:06.226+01:00 DEBUG 24840 --- [http-nio-9092-exec-4] o.s.web.servlet.DispatcherServlet        : Completed 200 OK
2026-01-26T11:51:06.245+01:00  INFO 24840 --- [http-nio-9092-exec-6] c.m.g.JWT.JwtAuthenticationFilter        : Bearer eyJhbGciOiJIUzUxMiJ9.eyJzdWIiOiJhZG1pbiIsImlhdCI6MTc2OTQyNDY2NSwiZXhwIjoxNzY5NDI2MTA1fQ.bBQa-iDJyjZHli1A6OFgHIuKbLGLdsSc_SJN-f3Z9BjDHqkkEZ5iF74NZIYfhFSSfLPx6oE07NFU234g-Mbpdg
2026-01-26T11:51:06.247+01:00  INFO 24840 --- [http-nio-9092-exec-6] c.m.g.JWT.JwtAuthenticationFilter        : admin
2026-01-26T11:51:06.255+01:00  INFO 24840 --- [http-nio-9092-exec-6] c.m.g.JWT.JwtAuthenticationFilter        : Token válido
2026-01-26T11:51:06.256+01:00  INFO 24840 --- [http-nio-9092-exec-6] c.m.g.JWT.JwtAuthenticationFilter        : admin
2026-01-26T11:51:06.256+01:00 DEBUG 24840 --- [http-nio-9092-exec-6] s.w.s.m.m.a.RequestMappingHandlerMapping : Mapped to com.melilla.gestPlanes.controller.PlanController#obtenerPlanActivo()
2026-01-26T11:51:06.256+01:00 DEBUG 24840 --- [http-nio-9092-exec-6] s.w.s.m.m.a.RequestMappingHandlerMapping : Mapped to com.melilla.gestPlanes.controller.PlanController#obtenerPlanActivo()
2026-01-26T11:51:06.256+01:00 DEBUG 24840 --- [http-nio-9092-exec-6] s.w.s.m.m.a.RequestMappingHandlerMapping : Mapped to com.melilla.gestPlanes.controller.PlanController#obtenerPlanActivo()
2026-01-26T11:51:06.256+01:00 DEBUG 24840 --- [http-nio-9092-exec-6] s.w.s.m.m.a.RequestMappingHandlerMapping : Mapped to com.melilla.gestPlanes.controller.PlanController#obtenerPlanActivo()
2026-01-26T11:51:06.256+01:00 DEBUG 24840 --- [http-nio-9092-exec-6] s.w.s.m.m.a.RequestMappingHandlerMapping : Mapped to com.melilla.gestPlanes.controller.PlanController#obtenerPlanActivo()
2026-01-26T11:51:06.256+01:00 DEBUG 24840 --- [http-nio-9092-exec-6] s.w.s.m.m.a.RequestMappingHandlerMapping : Mapped to com.melilla.gestPlanes.controller.PlanController#obtenerPlanActivo()
2026-01-26T11:51:06.258+01:00 DEBUG 24840 --- [http-nio-9092-exec-6] s.w.s.m.m.a.RequestMappingHandlerMapping : Mapped to com.melilla.gestPlanes.controller.PlanController#obtenerPlanActivo()
2026-01-26T11:51:06.258+01:00 DEBUG 24840 --- [http-nio-9092-exec-6] o.s.web.servlet.DispatcherServlet        : GET "/planActivo", parameters={}
2026-01-26T11:51:06.258+01:00 DEBUG 24840 --- [http-nio-9092-exec-6] s.w.s.m.m.a.RequestMappingHandlerMapping : Mapped to com.melilla.gestPlanes.controller.PlanController#obtenerPlanActivo()
2026-01-26T11:51:06.267+01:00 DEBUG 24840 --- [http-nio-9092-exec-6] o.s.w.s.m.m.a.HttpEntityMethodProcessor  : Using 'application/json', given [application/json, text/plain, */*] and supported [application/json, application/*+json]
2026-01-26T11:51:06.274+01:00 DEBUG 24840 --- [http-nio-9092-exec-6] o.s.w.s.m.m.a.HttpEntityMethodProcessor  : Writing [java.lang.StackOverflowError]
2026-01-26T11:51:06.277+01:00 DEBUG 24840 --- [http-nio-9092-exec-6] o.s.web.servlet.DispatcherServlet        : Completed 200 OK
2026-01-26T11:51:06.482+01:00  INFO 24840 --- [http-nio-9092-exec-10] c.m.g.JWT.JwtAuthenticationFilter        : Bearer eyJhbGciOiJIUzUxMiJ9.eyJzdWIiOiJhZG1pbiIsImlhdCI6MTc2OTQyNDY2NSwiZXhwIjoxNzY5NDI2MTA1fQ.bBQa-iDJyjZHli1A6OFgHIuKbLGLdsSc_SJN-f3Z9BjDHqkkEZ5iF74NZIYfhFSSfLPx6oE07NFU234g-Mbpdg
2026-01-26T11:51:06.487+01:00  INFO 24840 --- [http-nio-9092-exec-10] c.m.g.JWT.JwtAuthenticationFilter        : admin
2026-01-26T11:51:06.499+01:00  INFO 24840 --- [http-nio-9092-exec-4] c.m.g.JWT.JwtAuthenticationFilter        : Bearer eyJhbGciOiJIUzUxMiJ9.eyJzdWIiOiJhZG1pbiIsImlhdCI6MTc2OTQyNDY2NSwiZXhwIjoxNzY5NDI2MTA1fQ.bBQa-iDJyjZHli1A6OFgHIuKbLGLdsSc_SJN-f3Z9BjDHqkkEZ5iF74NZIYfhFSSfLPx6oE07NFU234g-Mbpdg
2026-01-26T11:51:06.500+01:00  INFO 24840 --- [http-nio-9092-exec-5] c.m.g.JWT.JwtAuthenticationFilter        : Bearer eyJhbGciOiJIUzUxMiJ9.eyJzdWIiOiJhZG1pbiIsImlhdCI6MTc2OTQyNDY2NSwiZXhwIjoxNzY5NDI2MTA1fQ.bBQa-iDJyjZHli1A6OFgHIuKbLGLdsSc_SJN-f3Z9BjDHqkkEZ5iF74NZIYfhFSSfLPx6oE07NFU234g-Mbpdg
2026-01-26T11:51:06.503+01:00  INFO 24840 --- [http-nio-9092-exec-6] c.m.g.JWT.JwtAuthenticationFilter        : Bearer eyJhbGciOiJIUzUxMiJ9.eyJzdWIiOiJhZG1pbiIsImlhdCI6MTc2OTQyNDY2NSwiZXhwIjoxNzY5NDI2MTA1fQ.bBQa-iDJyjZHli1A6OFgHIuKbLGLdsSc_SJN-f3Z9BjDHqkkEZ5iF74NZIYfhFSSfLPx6oE07NFU234g-Mbpdg
2026-01-26T11:51:06.505+01:00  INFO 24840 --- [http-nio-9092-exec-4] c.m.g.JWT.JwtAuthenticationFilter        : admin
2026-01-26T11:51:06.505+01:00  INFO 24840 --- [http-nio-9092-exec-5] c.m.g.JWT.JwtAuthenticationFilter        : admin
2026-01-26T11:51:06.508+01:00  INFO 24840 --- [http-nio-9092-exec-6] c.m.g.JWT.JwtAuthenticationFilter        : admin
2026-01-26T11:51:06.519+01:00  INFO 24840 --- [http-nio-9092-exec-10] c.m.g.JWT.JwtAuthenticationFilter        : Token válido
2026-01-26T11:51:06.520+01:00  INFO 24840 --- [http-nio-9092-exec-10] c.m.g.JWT.JwtAuthenticationFilter        : admin
2026-01-26T11:51:06.520+01:00 DEBUG 24840 --- [http-nio-9092-exec-10] s.w.s.m.m.a.RequestMappingHandlerMapping : Mapped to com.melilla.gestPlanes.controller.PlanController#obtenerPlanActivo()
2026-01-26T11:51:06.521+01:00 DEBUG 24840 --- [http-nio-9092-exec-10] s.w.s.m.m.a.RequestMappingHandlerMapping : Mapped to com.melilla.gestPlanes.controller.PlanController#obtenerPlanActivo()
2026-01-26T11:51:06.521+01:00 DEBUG 24840 --- [http-nio-9092-exec-10] s.w.s.m.m.a.RequestMappingHandlerMapping : Mapped to com.melilla.gestPlanes.controller.PlanController#obtenerPlanActivo()
2026-01-26T11:51:06.521+01:00 DEBUG 24840 --- [http-nio-9092-exec-10] s.w.s.m.m.a.RequestMappingHandlerMapping : Mapped to com.melilla.gestPlanes.controller.PlanController#obtenerPlanActivo()
2026-01-26T11:51:06.522+01:00 DEBUG 24840 --- [http-nio-9092-exec-10] s.w.s.m.m.a.RequestMappingHandlerMapping : Mapped to com.melilla.gestPlanes.controller.PlanController#obtenerPlanActivo()
2026-01-26T11:51:06.522+01:00 DEBUG 24840 --- [http-nio-9092-exec-10] s.w.s.m.m.a.RequestMappingHandlerMapping : Mapped to com.melilla.gestPlanes.controller.PlanController#obtenerPlanActivo()
2026-01-26T11:51:06.522+01:00 DEBUG 24840 --- [http-nio-9092-exec-10] s.w.s.m.m.a.RequestMappingHandlerMapping : Mapped to com.melilla.gestPlanes.controller.PlanController#obtenerPlanActivo()
2026-01-26T11:51:06.525+01:00  INFO 24840 --- [http-nio-9092-exec-6] c.m.g.JWT.JwtAuthenticationFilter        : Token válido
2026-01-26T11:51:06.526+01:00  INFO 24840 --- [http-nio-9092-exec-4] c.m.g.JWT.JwtAuthenticationFilter        : Token válido
2026-01-26T11:51:06.527+01:00 DEBUG 24840 --- [http-nio-9092-exec-10] o.s.web.servlet.DispatcherServlet        : GET "/planActivo", parameters={}
2026-01-26T11:51:06.527+01:00  INFO 24840 --- [http-nio-9092-exec-4] c.m.g.JWT.JwtAuthenticationFilter        : admin
2026-01-26T11:51:06.527+01:00  INFO 24840 --- [http-nio-9092-exec-6] c.m.g.JWT.JwtAuthenticationFilter        : admin
2026-01-26T11:51:06.527+01:00 DEBUG 24840 --- [http-nio-9092-exec-6] s.w.s.m.m.a.RequestMappingHandlerMapping : Mapped to com.melilla.gestPlanes.controller.DashBoardController#trabajadoresdeBaja(Long)
2026-01-26T11:51:06.529+01:00 DEBUG 24840 --- [http-nio-9092-exec-10] s.w.s.m.m.a.RequestMappingHandlerMapping : Mapped to com.melilla.gestPlanes.controller.PlanController#obtenerPlanActivo()
2026-01-26T11:51:06.529+01:00  INFO 24840 --- [http-nio-9092-exec-5] c.m.g.JWT.JwtAuthenticationFilter        : Token válido
2026-01-26T11:51:06.529+01:00  INFO 24840 --- [http-nio-9092-exec-5] c.m.g.JWT.JwtAuthenticationFilter        : admin
2026-01-26T11:51:06.530+01:00 DEBUG 24840 --- [http-nio-9092-exec-5] s.w.s.m.m.a.RequestMappingHandlerMapping : Mapped to com.melilla.gestPlanes.controller.DashBoardController#trabajadoresPorEstadoGenero(Long)
2026-01-26T11:51:06.531+01:00 DEBUG 24840 --- [http-nio-9092-exec-6] s.w.s.m.m.a.RequestMappingHandlerMapping : Mapped to com.melilla.gestPlanes.controller.DashBoardController#trabajadoresdeBaja(Long)
2026-01-26T11:51:06.531+01:00 DEBUG 24840 --- [http-nio-9092-exec-5] s.w.s.m.m.a.RequestMappingHandlerMapping : Mapped to com.melilla.gestPlanes.controller.DashBoardController#trabajadoresPorEstadoGenero(Long)
2026-01-26T11:51:06.531+01:00 DEBUG 24840 --- [http-nio-9092-exec-4] s.w.s.m.m.a.RequestMappingHandlerMapping : Mapped to com.melilla.gestPlanes.controller.PlanController#getPlanes()
2026-01-26T11:51:06.532+01:00 DEBUG 24840 --- [http-nio-9092-exec-4] s.w.s.m.m.a.RequestMappingHandlerMapping : Mapped to com.melilla.gestPlanes.controller.PlanController#getPlanes()
2026-01-26T11:51:06.532+01:00 DEBUG 24840 --- [http-nio-9092-exec-6] s.w.s.m.m.a.RequestMappingHandlerMapping : Mapped to com.melilla.gestPlanes.controller.DashBoardController#trabajadoresdeBaja(Long)
2026-01-26T11:51:06.532+01:00 DEBUG 24840 --- [http-nio-9092-exec-5] s.w.s.m.m.a.RequestMappingHandlerMapping : Mapped to com.melilla.gestPlanes.controller.DashBoardController#trabajadoresPorEstadoGenero(Long)
2026-01-26T11:51:06.533+01:00 DEBUG 24840 --- [http-nio-9092-exec-6] s.w.s.m.m.a.RequestMappingHandlerMapping : Mapped to com.melilla.gestPlanes.controller.DashBoardController#trabajadoresdeBaja(Long)
2026-01-26T11:51:06.533+01:00 DEBUG 24840 --- [http-nio-9092-exec-4] s.w.s.m.m.a.RequestMappingHandlerMapping : Mapped to com.melilla.gestPlanes.controller.PlanController#getPlanes()
2026-01-26T11:51:06.533+01:00 DEBUG 24840 --- [http-nio-9092-exec-5] s.w.s.m.m.a.RequestMappingHandlerMapping : Mapped to com.melilla.gestPlanes.controller.DashBoardController#trabajadoresPorEstadoGenero(Long)
2026-01-26T11:51:06.535+01:00 DEBUG 24840 --- [http-nio-9092-exec-4] s.w.s.m.m.a.RequestMappingHandlerMapping : Mapped to com.melilla.gestPlanes.controller.PlanController#getPlanes()
2026-01-26T11:51:06.535+01:00 DEBUG 24840 --- [http-nio-9092-exec-6] s.w.s.m.m.a.RequestMappingHandlerMapping : Mapped to com.melilla.gestPlanes.controller.DashBoardController#trabajadoresdeBaja(Long)
2026-01-26T11:51:06.536+01:00 DEBUG 24840 --- [http-nio-9092-exec-5] s.w.s.m.m.a.RequestMappingHandlerMapping : Mapped to com.melilla.gestPlanes.controller.DashBoardController#trabajadoresPorEstadoGenero(Long)
2026-01-26T11:51:06.536+01:00 DEBUG 24840 --- [http-nio-9092-exec-4] s.w.s.m.m.a.RequestMappingHandlerMapping : Mapped to com.melilla.gestPlanes.controller.PlanController#getPlanes()
2026-01-26T11:51:06.536+01:00 DEBUG 24840 --- [http-nio-9092-exec-6] s.w.s.m.m.a.RequestMappingHandlerMapping : Mapped to com.melilla.gestPlanes.controller.DashBoardController#trabajadoresdeBaja(Long)
2026-01-26T11:51:06.537+01:00 DEBUG 24840 --- [http-nio-9092-exec-4] s.w.s.m.m.a.RequestMappingHandlerMapping : Mapped to com.melilla.gestPlanes.controller.PlanController#getPlanes()
2026-01-26T11:51:06.537+01:00 DEBUG 24840 --- [http-nio-9092-exec-5] s.w.s.m.m.a.RequestMappingHandlerMapping : Mapped to com.melilla.gestPlanes.controller.DashBoardController#trabajadoresPorEstadoGenero(Long)
2026-01-26T11:51:06.537+01:00 DEBUG 24840 --- [http-nio-9092-exec-4] s.w.s.m.m.a.RequestMappingHandlerMapping : Mapped to com.melilla.gestPlanes.controller.PlanController#getPlanes()
2026-01-26T11:51:06.537+01:00 DEBUG 24840 --- [http-nio-9092-exec-4] o.s.web.servlet.DispatcherServlet        : GET "/planes", parameters={}
2026-01-26T11:51:06.537+01:00 DEBUG 24840 --- [http-nio-9092-exec-5] s.w.s.m.m.a.RequestMappingHandlerMapping : Mapped to com.melilla.gestPlanes.controller.DashBoardController#trabajadoresPorEstadoGenero(Long)
2026-01-26T11:51:06.538+01:00 DEBUG 24840 --- [http-nio-9092-exec-5] o.s.web.servlet.DispatcherServlet        : GET "/dashBoard/ciudadanoPorEstado/120", parameters={}
2026-01-26T11:51:06.538+01:00 DEBUG 24840 --- [http-nio-9092-exec-4] s.w.s.m.m.a.RequestMappingHandlerMapping : Mapped to com.melilla.gestPlanes.controller.PlanController#getPlanes()
2026-01-26T11:51:06.538+01:00 DEBUG 24840 --- [http-nio-9092-exec-6] s.w.s.m.m.a.RequestMappingHandlerMapping : Mapped to com.melilla.gestPlanes.controller.DashBoardController#trabajadoresdeBaja(Long)
2026-01-26T11:51:06.538+01:00 DEBUG 24840 --- [http-nio-9092-exec-6] o.s.web.servlet.DispatcherServlet        : GET "/dashBoard/bajas/120", parameters={}
2026-01-26T11:51:06.538+01:00 DEBUG 24840 --- [http-nio-9092-exec-5] s.w.s.m.m.a.RequestMappingHandlerMapping : Mapped to com.melilla.gestPlanes.controller.DashBoardController#trabajadoresPorEstadoGenero(Long)
2026-01-26T11:51:06.538+01:00 DEBUG 24840 --- [http-nio-9092-exec-6] s.w.s.m.m.a.RequestMappingHandlerMapping : Mapped to com.melilla.gestPlanes.controller.DashBoardController#trabajadoresdeBaja(Long)
2026-01-26T11:51:06.545+01:00 DEBUG 24840 --- [http-nio-9092-exec-10] o.s.w.s.m.m.a.HttpEntityMethodProcessor  : Using 'application/json', given [application/json, text/plain, */*] and supported [application/json, application/*+json]
2026-01-26T11:51:06.557+01:00 DEBUG 24840 --- [http-nio-9092-exec-10] o.s.w.s.m.m.a.HttpEntityMethodProcessor  : Writing [java.lang.StackOverflowError]
2026-01-26T11:51:06.560+01:00 DEBUG 24840 --- [http-nio-9092-exec-10] o.s.web.servlet.DispatcherServlet        : Completed 200 OK
2026-01-26T11:51:06.563+01:00 DEBUG 24840 --- [http-nio-9092-exec-6] o.s.w.s.m.m.a.HttpEntityMethodProcessor  : Using 'application/json', given [application/json, text/plain, */*] and supported [application/json, application/*+json]
2026-01-26T11:51:06.564+01:00 DEBUG 24840 --- [http-nio-9092-exec-6] o.s.w.s.m.m.a.HttpEntityMethodProcessor  : Writing [ApiResponse(estado=null, payload=[DashBoardBajasDTO(baja=laboral, cantidad=0), DashBoardBajasDTO(baj (truncated)...]
2026-01-26T11:51:06.567+01:00 DEBUG 24840 --- [http-nio-9092-exec-6] o.s.web.servlet.DispatcherServlet        : Completed 200 OK
2026-01-26T11:51:06.579+01:00  INFO 24840 --- [http-nio-9092-exec-7] c.m.g.JWT.JwtAuthenticationFilter        : Bearer eyJhbGciOiJIUzUxMiJ9.eyJzdWIiOiJhZG1pbiIsImlhdCI6MTc2OTQyNDY2NSwiZXhwIjoxNzY5NDI2MTA1fQ.bBQa-iDJyjZHli1A6OFgHIuKbLGLdsSc_SJN-f3Z9BjDHqkkEZ5iF74NZIYfhFSSfLPx6oE07NFU234g-Mbpdg
2026-01-26T11:51:06.579+01:00  INFO 24840 --- [http-nio-9092-exec-9] c.m.g.JWT.JwtAuthenticationFilter        : Bearer eyJhbGciOiJIUzUxMiJ9.eyJzdWIiOiJhZG1pbiIsImlhdCI6MTc2OTQyNDY2NSwiZXhwIjoxNzY5NDI2MTA1fQ.bBQa-iDJyjZHli1A6OFgHIuKbLGLdsSc_SJN-f3Z9BjDHqkkEZ5iF74NZIYfhFSSfLPx6oE07NFU234g-Mbpdg
2026-01-26T11:51:06.583+01:00  INFO 24840 --- [http-nio-9092-exec-9] c.m.g.JWT.JwtAuthenticationFilter        : admin
2026-01-26T11:51:06.583+01:00  INFO 24840 --- [http-nio-9092-exec-7] c.m.g.JWT.JwtAuthenticationFilter        : admin
2026-01-26T11:51:06.595+01:00  INFO 24840 --- [http-nio-9092-exec-9] c.m.g.JWT.JwtAuthenticationFilter        : Token válido
2026-01-26T11:51:06.598+01:00  INFO 24840 --- [http-nio-9092-exec-9] c.m.g.JWT.JwtAuthenticationFilter        : admin
2026-01-26T11:51:06.599+01:00 DEBUG 24840 --- [http-nio-9092-exec-9] s.w.s.m.m.a.RequestMappingHandlerMapping : Mapped to com.melilla.gestPlanes.controller.DashBoardController#trabajadoresdeBaja(Long)
2026-01-26T11:51:06.600+01:00 DEBUG 24840 --- [http-nio-9092-exec-9] s.w.s.m.m.a.RequestMappingHandlerMapping : Mapped to com.melilla.gestPlanes.controller.DashBoardController#trabajadoresdeBaja(Long)
2026-01-26T11:51:06.601+01:00 DEBUG 24840 --- [http-nio-9092-exec-9] s.w.s.m.m.a.RequestMappingHandlerMapping : Mapped to com.melilla.gestPlanes.controller.DashBoardController#trabajadoresdeBaja(Long)
2026-01-26T11:51:06.601+01:00 DEBUG 24840 --- [http-nio-9092-exec-9] s.w.s.m.m.a.RequestMappingHandlerMapping : Mapped to com.melilla.gestPlanes.controller.DashBoardController#trabajadoresdeBaja(Long)
2026-01-26T11:51:06.602+01:00 DEBUG 24840 --- [http-nio-9092-exec-9] s.w.s.m.m.a.RequestMappingHandlerMapping : Mapped to com.melilla.gestPlanes.controller.DashBoardController#trabajadoresdeBaja(Long)
2026-01-26T11:51:06.603+01:00 DEBUG 24840 --- [http-nio-9092-exec-9] s.w.s.m.m.a.RequestMappingHandlerMapping : Mapped to com.melilla.gestPlanes.controller.DashBoardController#trabajadoresdeBaja(Long)
2026-01-26T11:51:06.603+01:00 DEBUG 24840 --- [http-nio-9092-exec-9] s.w.s.m.m.a.RequestMappingHandlerMapping : Mapped to com.melilla.gestPlanes.controller.DashBoardController#trabajadoresdeBaja(Long)
2026-01-26T11:51:06.603+01:00 DEBUG 24840 --- [http-nio-9092-exec-9] o.s.web.servlet.DispatcherServlet        : GET "/dashBoard/bajas/120", parameters={}
2026-01-26T11:51:06.603+01:00 DEBUG 24840 --- [http-nio-9092-exec-9] s.w.s.m.m.a.RequestMappingHandlerMapping : Mapped to com.melilla.gestPlanes.controller.DashBoardController#trabajadoresdeBaja(Long)
2026-01-26T11:51:06.604+01:00  INFO 24840 --- [http-nio-9092-exec-7] c.m.g.JWT.JwtAuthenticationFilter        : Token válido
2026-01-26T11:51:06.605+01:00  INFO 24840 --- [http-nio-9092-exec-7] c.m.g.JWT.JwtAuthenticationFilter        : admin
2026-01-26T11:51:06.605+01:00 DEBUG 24840 --- [http-nio-9092-exec-7] s.w.s.m.m.a.RequestMappingHandlerMapping : Mapped to com.melilla.gestPlanes.controller.PlanController#obtenerPlanActivo()
2026-01-26T11:51:06.606+01:00 DEBUG 24840 --- [http-nio-9092-exec-7] s.w.s.m.m.a.RequestMappingHandlerMapping : Mapped to com.melilla.gestPlanes.controller.PlanController#obtenerPlanActivo()
2026-01-26T11:51:06.607+01:00 DEBUG 24840 --- [http-nio-9092-exec-7] s.w.s.m.m.a.RequestMappingHandlerMapping : Mapped to com.melilla.gestPlanes.controller.PlanController#obtenerPlanActivo()
2026-01-26T11:51:06.607+01:00 DEBUG 24840 --- [http-nio-9092-exec-7] s.w.s.m.m.a.RequestMappingHandlerMapping : Mapped to com.melilla.gestPlanes.controller.PlanController#obtenerPlanActivo()
2026-01-26T11:51:06.607+01:00 DEBUG 24840 --- [http-nio-9092-exec-7] s.w.s.m.m.a.RequestMappingHandlerMapping : Mapped to com.melilla.gestPlanes.controller.PlanController#obtenerPlanActivo()
2026-01-26T11:51:06.609+01:00 DEBUG 24840 --- [http-nio-9092-exec-7] s.w.s.m.m.a.RequestMappingHandlerMapping : Mapped to com.melilla.gestPlanes.controller.PlanController#obtenerPlanActivo()
2026-01-26T11:51:06.609+01:00 DEBUG 24840 --- [http-nio-9092-exec-7] s.w.s.m.m.a.RequestMappingHandlerMapping : Mapped to com.melilla.gestPlanes.controller.PlanController#obtenerPlanActivo()
2026-01-26T11:51:06.609+01:00 DEBUG 24840 --- [http-nio-9092-exec-7] o.s.web.servlet.DispatcherServlet        : GET "/planActivo", parameters={}
2026-01-26T11:51:06.609+01:00 DEBUG 24840 --- [http-nio-9092-exec-7] s.w.s.m.m.a.RequestMappingHandlerMapping : Mapped to com.melilla.gestPlanes.controller.PlanController#obtenerPlanActivo()
2026-01-26T11:51:06.616+01:00 DEBUG 24840 --- [http-nio-9092-exec-4] o.s.w.s.m.m.a.HttpEntityMethodProcessor  : Using 'application/json', given [application/json, text/plain, */*] and supported [application/json, application/*+json]
2026-01-26T11:51:06.625+01:00 DEBUG 24840 --- [http-nio-9092-exec-7] o.s.w.s.m.m.a.HttpEntityMethodProcessor  : Using 'application/json', given [application/json, text/plain, */*] and supported [application/json, application/*+json]
2026-01-26T11:51:06.633+01:00 DEBUG 24840 --- [http-nio-9092-exec-4] o.s.w.s.m.m.a.HttpEntityMethodProcessor  : Writing [java.lang.StackOverflowError]
2026-01-26T11:51:06.633+01:00 DEBUG 24840 --- [http-nio-9092-exec-7] o.s.w.s.m.m.a.HttpEntityMethodProcessor  : Writing [java.lang.StackOverflowError]
2026-01-26T11:51:06.644+01:00 DEBUG 24840 --- [http-nio-9092-exec-7] o.s.web.servlet.DispatcherServlet        : Completed 200 OK
2026-01-26T11:51:06.646+01:00 DEBUG 24840 --- [http-nio-9092-exec-9] o.s.w.s.m.m.a.HttpEntityMethodProcessor  : Using 'application/json', given [application/json, text/plain, */*] and supported [application/json, application/*+json]
2026-01-26T11:51:06.647+01:00 DEBUG 24840 --- [http-nio-9092-exec-9] o.s.w.s.m.m.a.HttpEntityMethodProcessor  : Writing [ApiResponse(estado=null, payload=[DashBoardBajasDTO(baja=laboral, cantidad=0), DashBoardBajasDTO(baj (truncated)...]
2026-01-26T11:51:06.648+01:00 DEBUG 24840 --- [http-nio-9092-exec-5] o.s.w.s.m.m.a.HttpEntityMethodProcessor  : Using 'application/json', given [application/json, text/plain, */*] and supported [application/json, application/*+json]
2026-01-26T11:51:06.648+01:00 DEBUG 24840 --- [http-nio-9092-exec-9] o.s.web.servlet.DispatcherServlet        : Completed 200 OK
2026-01-26T11:51:06.650+01:00 DEBUG 24840 --- [http-nio-9092-exec-5] o.s.w.s.m.m.a.HttpEntityMethodProcessor  : Writing [ApiResponse(estado=null, payload=[DashBoardEstadoGeneroDTO(estado=CANDIDATO/A, hombres=0, mujeres=3) (truncated)...]
2026-01-26T11:51:06.652+01:00 DEBUG 24840 --- [http-nio-9092-exec-5] o.s.web.servlet.DispatcherServlet        : Completed 200 OK
2026-01-26T11:51:06.679+01:00  INFO 24840 --- [http-nio-9092-exec-8] c.m.g.JWT.JwtAuthenticationFilter        : Bearer eyJhbGciOiJIUzUxMiJ9.eyJzdWIiOiJhZG1pbiIsImlhdCI6MTc2OTQyNDY2NSwiZXhwIjoxNzY5NDI2MTA1fQ.bBQa-iDJyjZHli1A6OFgHIuKbLGLdsSc_SJN-f3Z9BjDHqkkEZ5iF74NZIYfhFSSfLPx6oE07NFU234g-Mbpdg
2026-01-26T11:51:06.682+01:00  INFO 24840 --- [http-nio-9092-exec-8] c.m.g.JWT.JwtAuthenticationFilter        : admin
2026-01-26T11:51:06.697+01:00  INFO 24840 --- [http-nio-9092-exec-8] c.m.g.JWT.JwtAuthenticationFilter        : Token válido
2026-01-26T11:51:06.697+01:00  INFO 24840 --- [http-nio-9092-exec-8] c.m.g.JWT.JwtAuthenticationFilter        : admin
2026-01-26T11:51:06.697+01:00 DEBUG 24840 --- [http-nio-9092-exec-8] s.w.s.m.m.a.RequestMappingHandlerMapping : Mapped to com.melilla.gestPlanes.controller.DashBoardController#trabajadoresPorEstadoGenero(Long)
2026-01-26T11:51:06.698+01:00 DEBUG 24840 --- [http-nio-9092-exec-8] s.w.s.m.m.a.RequestMappingHandlerMapping : Mapped to com.melilla.gestPlanes.controller.DashBoardController#trabajadoresPorEstadoGenero(Long)
2026-01-26T11:51:06.698+01:00 DEBUG 24840 --- [http-nio-9092-exec-8] s.w.s.m.m.a.RequestMappingHandlerMapping : Mapped to com.melilla.gestPlanes.controller.DashBoardController#trabajadoresPorEstadoGenero(Long)
2026-01-26T11:51:06.700+01:00 DEBUG 24840 --- [http-nio-9092-exec-8] s.w.s.m.m.a.RequestMappingHandlerMapping : Mapped to com.melilla.gestPlanes.controller.DashBoardController#trabajadoresPorEstadoGenero(Long)
2026-01-26T11:51:06.701+01:00 DEBUG 24840 --- [http-nio-9092-exec-8] s.w.s.m.m.a.RequestMappingHandlerMapping : Mapped to com.melilla.gestPlanes.controller.DashBoardController#trabajadoresPorEstadoGenero(Long)
2026-01-26T11:51:06.701+01:00 DEBUG 24840 --- [http-nio-9092-exec-8] s.w.s.m.m.a.RequestMappingHandlerMapping : Mapped to com.melilla.gestPlanes.controller.DashBoardController#trabajadoresPorEstadoGenero(Long)
2026-01-26T11:51:06.702+01:00 DEBUG 24840 --- [http-nio-9092-exec-8] s.w.s.m.m.a.RequestMappingHandlerMapping : Mapped to com.melilla.gestPlanes.controller.DashBoardController#trabajadoresPorEstadoGenero(Long)
2026-01-26T11:51:06.702+01:00 DEBUG 24840 --- [http-nio-9092-exec-8] o.s.web.servlet.DispatcherServlet        : GET "/dashBoard/ciudadanoPorEstado/120", parameters={}
2026-01-26T11:51:06.702+01:00 DEBUG 24840 --- [http-nio-9092-exec-8] s.w.s.m.m.a.RequestMappingHandlerMapping : Mapped to com.melilla.gestPlanes.controller.DashBoardController#trabajadoresPorEstadoGenero(Long)
2026-01-26T11:51:06.715+01:00 DEBUG 24840 --- [http-nio-9092-exec-8] o.s.w.s.m.m.a.HttpEntityMethodProcessor  : Using 'application/json', given [application/json, text/plain, */*] and supported [application/json, application/*+json]
2026-01-26T11:51:06.717+01:00 DEBUG 24840 --- [http-nio-9092-exec-8] o.s.w.s.m.m.a.HttpEntityMethodProcessor  : Writing [ApiResponse(estado=null, payload=[DashBoardEstadoGeneroDTO(estado=CANDIDATO/A, hombres=0, mujeres=3) (truncated)...]
2026-01-26T11:51:06.718+01:00 DEBUG 24840 --- [http-nio-9092-exec-8] o.s.web.servlet.DispatcherServlet        : Completed 200 OK
2026-01-26T11:51:06.785+01:00  INFO 24840 --- [http-nio-9092-exec-1] c.m.g.JWT.JwtAuthenticationFilter        : Bearer eyJhbGciOiJIUzUxMiJ9.eyJzdWIiOiJhZG1pbiIsImlhdCI6MTc2OTQyNDY2NSwiZXhwIjoxNzY5NDI2MTA1fQ.bBQa-iDJyjZHli1A6OFgHIuKbLGLdsSc_SJN-f3Z9BjDHqkkEZ5iF74NZIYfhFSSfLPx6oE07NFU234g-Mbpdg
2026-01-26T11:51:06.785+01:00  INFO 24840 --- [http-nio-9092-exec-2] c.m.g.JWT.JwtAuthenticationFilter        : Bearer eyJhbGciOiJIUzUxMiJ9.eyJzdWIiOiJhZG1pbiIsImlhdCI6MTc2OTQyNDY2NSwiZXhwIjoxNzY5NDI2MTA1fQ.bBQa-iDJyjZHli1A6OFgHIuKbLGLdsSc_SJN-f3Z9BjDHqkkEZ5iF74NZIYfhFSSfLPx6oE07NFU234g-Mbpdg
2026-01-26T11:51:06.788+01:00  INFO 24840 --- [http-nio-9092-exec-2] c.m.g.JWT.JwtAuthenticationFilter        : admin
2026-01-26T11:51:06.788+01:00  INFO 24840 --- [http-nio-9092-exec-1] c.m.g.JWT.JwtAuthenticationFilter        : admin
2026-01-26T11:51:06.799+01:00  INFO 24840 --- [http-nio-9092-exec-2] c.m.g.JWT.JwtAuthenticationFilter        : Token válido
2026-01-26T11:51:06.799+01:00  INFO 24840 --- [http-nio-9092-exec-2] c.m.g.JWT.JwtAuthenticationFilter        : admin
2026-01-26T11:51:06.800+01:00 DEBUG 24840 --- [http-nio-9092-exec-2] s.w.s.m.m.a.RequestMappingHandlerMapping : Mapped to com.melilla.gestPlanes.controller.DashBoardController#trabajadoresPorEstadoGenero(Long)
2026-01-26T11:51:06.800+01:00  INFO 24840 --- [http-nio-9092-exec-1] c.m.g.JWT.JwtAuthenticationFilter        : Token válido
2026-01-26T11:51:06.800+01:00  INFO 24840 --- [http-nio-9092-exec-1] c.m.g.JWT.JwtAuthenticationFilter        : admin
2026-01-26T11:51:06.800+01:00 DEBUG 24840 --- [http-nio-9092-exec-2] s.w.s.m.m.a.RequestMappingHandlerMapping : Mapped to com.melilla.gestPlanes.controller.DashBoardController#trabajadoresPorEstadoGenero(Long)
2026-01-26T11:51:06.800+01:00 DEBUG 24840 --- [http-nio-9092-exec-1] s.w.s.m.m.a.RequestMappingHandlerMapping : Mapped to com.melilla.gestPlanes.controller.DashBoardController#trabajadoresdeBaja(Long)
2026-01-26T11:51:06.801+01:00 DEBUG 24840 --- [http-nio-9092-exec-2] s.w.s.m.m.a.RequestMappingHandlerMapping : Mapped to com.melilla.gestPlanes.controller.DashBoardController#trabajadoresPorEstadoGenero(Long)
2026-01-26T11:51:06.801+01:00 DEBUG 24840 --- [http-nio-9092-exec-1] s.w.s.m.m.a.RequestMappingHandlerMapping : Mapped to com.melilla.gestPlanes.controller.DashBoardController#trabajadoresdeBaja(Long)
2026-01-26T11:51:06.802+01:00 DEBUG 24840 --- [http-nio-9092-exec-2] s.w.s.m.m.a.RequestMappingHandlerMapping : Mapped to com.melilla.gestPlanes.controller.DashBoardController#trabajadoresPorEstadoGenero(Long)
2026-01-26T11:51:06.802+01:00 DEBUG 24840 --- [http-nio-9092-exec-1] s.w.s.m.m.a.RequestMappingHandlerMapping : Mapped to com.melilla.gestPlanes.controller.DashBoardController#trabajadoresdeBaja(Long)
2026-01-26T11:51:06.802+01:00 DEBUG 24840 --- [http-nio-9092-exec-2] s.w.s.m.m.a.RequestMappingHandlerMapping : Mapped to com.melilla.gestPlanes.controller.DashBoardController#trabajadoresPorEstadoGenero(Long)
2026-01-26T11:51:06.802+01:00 DEBUG 24840 --- [http-nio-9092-exec-1] s.w.s.m.m.a.RequestMappingHandlerMapping : Mapped to com.melilla.gestPlanes.controller.DashBoardController#trabajadoresdeBaja(Long)
2026-01-26T11:51:06.802+01:00 DEBUG 24840 --- [http-nio-9092-exec-2] s.w.s.m.m.a.RequestMappingHandlerMapping : Mapped to com.melilla.gestPlanes.controller.DashBoardController#trabajadoresPorEstadoGenero(Long)
2026-01-26T11:51:06.802+01:00 DEBUG 24840 --- [http-nio-9092-exec-1] s.w.s.m.m.a.RequestMappingHandlerMapping : Mapped to com.melilla.gestPlanes.controller.DashBoardController#trabajadoresdeBaja(Long)
2026-01-26T11:51:06.803+01:00 DEBUG 24840 --- [http-nio-9092-exec-2] s.w.s.m.m.a.RequestMappingHandlerMapping : Mapped to com.melilla.gestPlanes.controller.DashBoardController#trabajadoresPorEstadoGenero(Long)
2026-01-26T11:51:06.803+01:00 DEBUG 24840 --- [http-nio-9092-exec-1] s.w.s.m.m.a.RequestMappingHandlerMapping : Mapped to com.melilla.gestPlanes.controller.DashBoardController#trabajadoresdeBaja(Long)
2026-01-26T11:51:06.803+01:00 DEBUG 24840 --- [http-nio-9092-exec-2] o.s.web.servlet.DispatcherServlet        : GET "/dashBoard/ciudadanoPorEstado/120", parameters={}
2026-01-26T11:51:06.803+01:00 DEBUG 24840 --- [http-nio-9092-exec-1] s.w.s.m.m.a.RequestMappingHandlerMapping : Mapped to com.melilla.gestPlanes.controller.DashBoardController#trabajadoresdeBaja(Long)
2026-01-26T11:51:06.803+01:00 DEBUG 24840 --- [http-nio-9092-exec-1] o.s.web.servlet.DispatcherServlet        : GET "/dashBoard/bajas/120", parameters={}
2026-01-26T11:51:06.803+01:00 DEBUG 24840 --- [http-nio-9092-exec-2] s.w.s.m.m.a.RequestMappingHandlerMapping : Mapped to com.melilla.gestPlanes.controller.DashBoardController#trabajadoresPorEstadoGenero(Long)
2026-01-26T11:51:06.804+01:00 DEBUG 24840 --- [http-nio-9092-exec-1] s.w.s.m.m.a.RequestMappingHandlerMapping : Mapped to com.melilla.gestPlanes.controller.DashBoardController#trabajadoresdeBaja(Long)
2026-01-26T11:51:06.803+01:00  INFO 24840 --- [http-nio-9092-exec-10] c.m.g.JWT.JwtAuthenticationFilter        : Bearer eyJhbGciOiJIUzUxMiJ9.eyJzdWIiOiJhZG1pbiIsImlhdCI6MTc2OTQyNDY2NSwiZXhwIjoxNzY5NDI2MTA1fQ.bBQa-iDJyjZHli1A6OFgHIuKbLGLdsSc_SJN-f3Z9BjDHqkkEZ5iF74NZIYfhFSSfLPx6oE07NFU234g-Mbpdg
2026-01-26T11:51:06.807+01:00  INFO 24840 --- [http-nio-9092-exec-10] c.m.g.JWT.JwtAuthenticationFilter        : admin
2026-01-26T11:51:06.816+01:00 DEBUG 24840 --- [http-nio-9092-exec-1] o.s.w.s.m.m.a.HttpEntityMethodProcessor  : Using 'application/json', given [application/json, text/plain, */*] and supported [application/json, application/*+json]
2026-01-26T11:51:06.817+01:00 DEBUG 24840 --- [http-nio-9092-exec-1] o.s.w.s.m.m.a.HttpEntityMethodProcessor  : Writing [ApiResponse(estado=null, payload=[DashBoardBajasDTO(baja=laboral, cantidad=0), DashBoardBajasDTO(baj (truncated)...]
2026-01-26T11:51:06.818+01:00 DEBUG 24840 --- [http-nio-9092-exec-1] o.s.web.servlet.DispatcherServlet        : Completed 200 OK
2026-01-26T11:51:06.822+01:00  INFO 24840 --- [http-nio-9092-exec-10] c.m.g.JWT.JwtAuthenticationFilter        : Token válido
2026-01-26T11:51:06.823+01:00  INFO 24840 --- [http-nio-9092-exec-10] c.m.g.JWT.JwtAuthenticationFilter        : admin
2026-01-26T11:51:06.823+01:00 DEBUG 24840 --- [http-nio-9092-exec-10] s.w.s.m.m.a.RequestMappingHandlerMapping : Mapped to com.melilla.gestPlanes.controller.SalarioController#obtenerSalarioActivo(long)
2026-01-26T11:51:06.824+01:00 DEBUG 24840 --- [http-nio-9092-exec-10] s.w.s.m.m.a.RequestMappingHandlerMapping : Mapped to com.melilla.gestPlanes.controller.SalarioController#obtenerSalarioActivo(long)
2026-01-26T11:51:06.824+01:00 DEBUG 24840 --- [http-nio-9092-exec-10] s.w.s.m.m.a.RequestMappingHandlerMapping : Mapped to com.melilla.gestPlanes.controller.SalarioController#obtenerSalarioActivo(long)
2026-01-26T11:51:06.825+01:00 DEBUG 24840 --- [http-nio-9092-exec-10] s.w.s.m.m.a.RequestMappingHandlerMapping : Mapped to com.melilla.gestPlanes.controller.SalarioController#obtenerSalarioActivo(long)
2026-01-26T11:51:06.825+01:00 DEBUG 24840 --- [http-nio-9092-exec-10] s.w.s.m.m.a.RequestMappingHandlerMapping : Mapped to com.melilla.gestPlanes.controller.SalarioController#obtenerSalarioActivo(long)
2026-01-26T11:51:06.826+01:00 DEBUG 24840 --- [http-nio-9092-exec-10] s.w.s.m.m.a.RequestMappingHandlerMapping : Mapped to com.melilla.gestPlanes.controller.SalarioController#obtenerSalarioActivo(long)
2026-01-26T11:51:06.826+01:00 DEBUG 24840 --- [http-nio-9092-exec-10] s.w.s.m.m.a.RequestMappingHandlerMapping : Mapped to com.melilla.gestPlanes.controller.SalarioController#obtenerSalarioActivo(long)
2026-01-26T11:51:06.826+01:00 DEBUG 24840 --- [http-nio-9092-exec-10] o.s.web.servlet.DispatcherServlet        : GET "/salario/obtenerSalarioActivo/120", parameters={}
2026-01-26T11:51:06.826+01:00 DEBUG 24840 --- [http-nio-9092-exec-10] s.w.s.m.m.a.RequestMappingHandlerMapping : Mapped to com.melilla.gestPlanes.controller.SalarioController#obtenerSalarioActivo(long)
2026-01-26T11:51:06.827+01:00 DEBUG 24840 --- [http-nio-9092-exec-2] o.s.w.s.m.m.a.HttpEntityMethodProcessor  : Using 'application/json', given [application/json, text/plain, */*] and supported [application/json, application/*+json]
2026-01-26T11:51:06.827+01:00 DEBUG 24840 --- [http-nio-9092-exec-2] o.s.w.s.m.m.a.HttpEntityMethodProcessor  : Writing [ApiResponse(estado=null, payload=[DashBoardEstadoGeneroDTO(estado=CANDIDATO/A, hombres=0, mujeres=3) (truncated)...]
2026-01-26T11:51:06.829+01:00 DEBUG 24840 --- [http-nio-9092-exec-2] o.s.web.servlet.DispatcherServlet        : Completed 200 OK
2026-01-26T11:51:06.836+01:00 DEBUG 24840 --- [http-nio-9092-exec-10] o.s.w.s.m.m.a.HttpEntityMethodProcessor  : Using 'application/json', given [application/json, text/plain, */*] and supported [application/json, application/*+json]
2026-01-26T11:51:06.842+01:00 DEBUG 24840 --- [http-nio-9092-exec-10] o.s.w.s.m.m.a.HttpEntityMethodProcessor  : Writing [java.lang.StackOverflowError]
2026-01-26T11:51:06.842+01:00  INFO 24840 --- [http-nio-9092-exec-6] c.m.g.JWT.JwtAuthenticationFilter        : Bearer eyJhbGciOiJIUzUxMiJ9.eyJzdWIiOiJhZG1pbiIsImlhdCI6MTc2OTQyNDY2NSwiZXhwIjoxNzY5NDI2MTA1fQ.bBQa-iDJyjZHli1A6OFgHIuKbLGLdsSc_SJN-f3Z9BjDHqkkEZ5iF74NZIYfhFSSfLPx6oE07NFU234g-Mbpdg
2026-01-26T11:51:06.844+01:00 DEBUG 24840 --- [http-nio-9092-exec-10] o.s.web.servlet.DispatcherServlet        : Completed 200 OK
2026-01-26T11:51:06.846+01:00  INFO 24840 --- [http-nio-9092-exec-6] c.m.g.JWT.JwtAuthenticationFilter        : admin
2026-01-26T11:51:06.876+01:00  INFO 24840 --- [http-nio-9092-exec-6] c.m.g.JWT.JwtAuthenticationFilter        : Token válido
2026-01-26T11:51:06.876+01:00  INFO 24840 --- [http-nio-9092-exec-7] c.m.g.JWT.JwtAuthenticationFilter        : Bearer eyJhbGciOiJIUzUxMiJ9.eyJzdWIiOiJhZG1pbiIsImlhdCI6MTc2OTQyNDY2NSwiZXhwIjoxNzY5NDI2MTA1fQ.bBQa-iDJyjZHli1A6OFgHIuKbLGLdsSc_SJN-f3Z9BjDHqkkEZ5iF74NZIYfhFSSfLPx6oE07NFU234g-Mbpdg
2026-01-26T11:51:06.876+01:00  INFO 24840 --- [http-nio-9092-exec-6] c.m.g.JWT.JwtAuthenticationFilter        : admin
2026-01-26T11:51:06.877+01:00 DEBUG 24840 --- [http-nio-9092-exec-6] s.w.s.m.m.a.RequestMappingHandlerMapping : Mapped to com.melilla.gestPlanes.controller.DashBoardController#trabajadoresdeBaja(Long)
2026-01-26T11:51:06.879+01:00 DEBUG 24840 --- [http-nio-9092-exec-6] s.w.s.m.m.a.RequestMappingHandlerMapping : Mapped to com.melilla.gestPlanes.controller.DashBoardController#trabajadoresdeBaja(Long)
2026-01-26T11:51:06.880+01:00  INFO 24840 --- [http-nio-9092-exec-7] c.m.g.JWT.JwtAuthenticationFilter        : admin
2026-01-26T11:51:06.880+01:00 DEBUG 24840 --- [http-nio-9092-exec-6] s.w.s.m.m.a.RequestMappingHandlerMapping : Mapped to com.melilla.gestPlanes.controller.DashBoardController#trabajadoresdeBaja(Long)
2026-01-26T11:51:06.881+01:00 DEBUG 24840 --- [http-nio-9092-exec-6] s.w.s.m.m.a.RequestMappingHandlerMapping : Mapped to com.melilla.gestPlanes.controller.DashBoardController#trabajadoresdeBaja(Long)
2026-01-26T11:51:06.881+01:00 DEBUG 24840 --- [http-nio-9092-exec-6] s.w.s.m.m.a.RequestMappingHandlerMapping : Mapped to com.melilla.gestPlanes.controller.DashBoardController#trabajadoresdeBaja(Long)
2026-01-26T11:51:06.881+01:00 DEBUG 24840 --- [http-nio-9092-exec-6] s.w.s.m.m.a.RequestMappingHandlerMapping : Mapped to com.melilla.gestPlanes.controller.DashBoardController#trabajadoresdeBaja(Long)
2026-01-26T11:51:06.882+01:00 DEBUG 24840 --- [http-nio-9092-exec-6] s.w.s.m.m.a.RequestMappingHandlerMapping : Mapped to com.melilla.gestPlanes.controller.DashBoardController#trabajadoresdeBaja(Long)
2026-01-26T11:51:06.882+01:00 DEBUG 24840 --- [http-nio-9092-exec-6] o.s.web.servlet.DispatcherServlet        : GET "/dashBoard/bajas/120", parameters={}
2026-01-26T11:51:06.883+01:00 DEBUG 24840 --- [http-nio-9092-exec-6] s.w.s.m.m.a.RequestMappingHandlerMapping : Mapped to com.melilla.gestPlanes.controller.DashBoardController#trabajadoresdeBaja(Long)
2026-01-26T11:51:06.893+01:00 DEBUG 24840 --- [http-nio-9092-exec-6] o.s.w.s.m.m.a.HttpEntityMethodProcessor  : Using 'application/json', given [application/json, text/plain, */*] and supported [application/json, application/*+json]
2026-01-26T11:51:06.894+01:00 DEBUG 24840 --- [http-nio-9092-exec-6] o.s.w.s.m.m.a.HttpEntityMethodProcessor  : Writing [ApiResponse(estado=null, payload=[DashBoardBajasDTO(baja=laboral, cantidad=0), DashBoardBajasDTO(baj (truncated)...]
2026-01-26T11:51:06.896+01:00 DEBUG 24840 --- [http-nio-9092-exec-6] o.s.web.servlet.DispatcherServlet        : Completed 200 OK
2026-01-26T11:51:06.906+01:00  INFO 24840 --- [http-nio-9092-exec-7] c.m.g.JWT.JwtAuthenticationFilter        : Token válido
2026-01-26T11:51:06.907+01:00  INFO 24840 --- [http-nio-9092-exec-7] c.m.g.JWT.JwtAuthenticationFilter        : admin
2026-01-26T11:51:06.909+01:00 DEBUG 24840 --- [http-nio-9092-exec-7] s.w.s.m.m.a.RequestMappingHandlerMapping : Mapped to com.melilla.gestPlanes.controller.DashBoardController#trabajadoresPorEstadoGenero(Long)
2026-01-26T11:51:06.910+01:00 DEBUG 24840 --- [http-nio-9092-exec-7] s.w.s.m.m.a.RequestMappingHandlerMapping : Mapped to com.melilla.gestPlanes.controller.DashBoardController#trabajadoresPorEstadoGenero(Long)
2026-01-26T11:51:06.910+01:00 DEBUG 24840 --- [http-nio-9092-exec-7] s.w.s.m.m.a.RequestMappingHandlerMapping : Mapped to com.melilla.gestPlanes.controller.DashBoardController#trabajadoresPorEstadoGenero(Long)
2026-01-26T11:51:06.910+01:00 DEBUG 24840 --- [http-nio-9092-exec-7] s.w.s.m.m.a.RequestMappingHandlerMapping : Mapped to com.melilla.gestPlanes.controller.DashBoardController#trabajadoresPorEstadoGenero(Long)
2026-01-26T11:51:06.911+01:00 DEBUG 24840 --- [http-nio-9092-exec-7] s.w.s.m.m.a.RequestMappingHandlerMapping : Mapped to com.melilla.gestPlanes.controller.DashBoardController#trabajadoresPorEstadoGenero(Long)
2026-01-26T11:51:06.911+01:00 DEBUG 24840 --- [http-nio-9092-exec-7] s.w.s.m.m.a.RequestMappingHandlerMapping : Mapped to com.melilla.gestPlanes.controller.DashBoardController#trabajadoresPorEstadoGenero(Long)
2026-01-26T11:51:06.911+01:00 DEBUG 24840 --- [http-nio-9092-exec-7] s.w.s.m.m.a.RequestMappingHandlerMapping : Mapped to com.melilla.gestPlanes.controller.DashBoardController#trabajadoresPorEstadoGenero(Long)
2026-01-26T11:51:06.911+01:00 DEBUG 24840 --- [http-nio-9092-exec-7] o.s.web.servlet.DispatcherServlet        : GET "/dashBoard/ciudadanoPorEstado/120", parameters={}
2026-01-26T11:51:06.911+01:00 DEBUG 24840 --- [http-nio-9092-exec-7] s.w.s.m.m.a.RequestMappingHandlerMapping : Mapped to com.melilla.gestPlanes.controller.DashBoardController#trabajadoresPorEstadoGenero(Long)
2026-01-26T11:51:06.939+01:00 DEBUG 24840 --- [http-nio-9092-exec-7] o.s.w.s.m.m.a.HttpEntityMethodProcessor  : Using 'application/json', given [application/json, text/plain, */*] and supported [application/json, application/*+json]
2026-01-26T11:51:06.939+01:00 DEBUG 24840 --- [http-nio-9092-exec-7] o.s.w.s.m.m.a.HttpEntityMethodProcessor  : Writing [ApiResponse(estado=null, payload=[DashBoardEstadoGeneroDTO(estado=CANDIDATO/A, hombres=0, mujeres=3) (truncated)...]
2026-01-26T11:51:06.941+01:00 DEBUG 24840 --- [http-nio-9092-exec-7] o.s.web.servlet.DispatcherServlet        : Completed 200 OK
2026-01-26T11:51:07.015+01:00  INFO 24840 --- [http-nio-9092-exec-5] c.m.g.JWT.JwtAuthenticationFilter        : Bearer eyJhbGciOiJIUzUxMiJ9.eyJzdWIiOiJhZG1pbiIsImlhdCI6MTc2OTQyNDY2NSwiZXhwIjoxNzY5NDI2MTA1fQ.bBQa-iDJyjZHli1A6OFgHIuKbLGLdsSc_SJN-f3Z9BjDHqkkEZ5iF74NZIYfhFSSfLPx6oE07NFU234g-Mbpdg
2026-01-26T11:51:07.018+01:00  INFO 24840 --- [http-nio-9092-exec-5] c.m.g.JWT.JwtAuthenticationFilter        : admin
2026-01-26T11:51:07.030+01:00  INFO 24840 --- [http-nio-9092-exec-5] c.m.g.JWT.JwtAuthenticationFilter        : Token válido
2026-01-26T11:51:07.030+01:00  INFO 24840 --- [http-nio-9092-exec-5] c.m.g.JWT.JwtAuthenticationFilter        : admin
2026-01-26T11:51:07.031+01:00 DEBUG 24840 --- [http-nio-9092-exec-5] s.w.s.m.m.a.RequestMappingHandlerMapping : Mapped to com.melilla.gestPlanes.controller.SalarioController#obtenerDetalle(long)
2026-01-26T11:51:07.032+01:00 DEBUG 24840 --- [http-nio-9092-exec-5] s.w.s.m.m.a.RequestMappingHandlerMapping : Mapped to com.melilla.gestPlanes.controller.SalarioController#obtenerDetalle(long)
2026-01-26T11:51:07.032+01:00 DEBUG 24840 --- [http-nio-9092-exec-5] s.w.s.m.m.a.RequestMappingHandlerMapping : Mapped to com.melilla.gestPlanes.controller.SalarioController#obtenerDetalle(long)
2026-01-26T11:51:07.033+01:00 DEBUG 24840 --- [http-nio-9092-exec-5] s.w.s.m.m.a.RequestMappingHandlerMapping : Mapped to com.melilla.gestPlanes.controller.SalarioController#obtenerDetalle(long)
2026-01-26T11:51:07.033+01:00 DEBUG 24840 --- [http-nio-9092-exec-5] s.w.s.m.m.a.RequestMappingHandlerMapping : Mapped to com.melilla.gestPlanes.controller.SalarioController#obtenerDetalle(long)
2026-01-26T11:51:07.033+01:00 DEBUG 24840 --- [http-nio-9092-exec-5] s.w.s.m.m.a.RequestMappingHandlerMapping : Mapped to com.melilla.gestPlanes.controller.SalarioController#obtenerDetalle(long)
2026-01-26T11:51:07.034+01:00 DEBUG 24840 --- [http-nio-9092-exec-5] s.w.s.m.m.a.RequestMappingHandlerMapping : Mapped to com.melilla.gestPlanes.controller.SalarioController#obtenerDetalle(long)
2026-01-26T11:51:07.034+01:00 DEBUG 24840 --- [http-nio-9092-exec-5] o.s.web.servlet.DispatcherServlet        : GET "/salario/obtenerDetalleSalario/7", parameters={}
2026-01-26T11:51:07.035+01:00 DEBUG 24840 --- [http-nio-9092-exec-5] s.w.s.m.m.a.RequestMappingHandlerMapping : Mapped to com.melilla.gestPlanes.controller.SalarioController#obtenerDetalle(long)
2026-01-26T11:51:07.046+01:00 DEBUG 24840 --- [http-nio-9092-exec-5] o.s.w.s.m.m.a.HttpEntityMethodProcessor  : Using 'application/json', given [application/json, text/plain, */*] and supported [application/json, application/*+json]
2026-01-26T11:51:07.046+01:00 DEBUG 24840 --- [http-nio-9092-exec-5] o.s.w.s.m.m.a.HttpEntityMethodProcessor  : Writing [ApiResponse(estado=200 OK, payload=[ResponseSalarioDetalleDTO(idSalarioDetalle=15, grupo=1, base=1.2 (truncated)...]
2026-01-26T11:51:07.048+01:00 DEBUG 24840 --- [http-nio-9092-exec-5] o.s.web.servlet.DispatcherServlet        : Completed 200 OK
2026-01-26T11:51:07.073+01:00 DEBUG 24840 --- [http-nio-9092-exec-4] o.s.web.servlet.DispatcherServlet        : Completed 200 OK
2026-01-26T11:51:07.085+01:00  INFO 24840 --- [http-nio-9092-exec-8] c.m.g.JWT.JwtAuthenticationFilter        : Bearer eyJhbGciOiJIUzUxMiJ9.eyJzdWIiOiJhZG1pbiIsImlhdCI6MTc2OTQyNDY2NSwiZXhwIjoxNzY5NDI2MTA1fQ.bBQa-iDJyjZHli1A6OFgHIuKbLGLdsSc_SJN-f3Z9BjDHqkkEZ5iF74NZIYfhFSSfLPx6oE07NFU234g-Mbpdg
2026-01-26T11:51:07.087+01:00  INFO 24840 --- [http-nio-9092-exec-8] c.m.g.JWT.JwtAuthenticationFilter        : admin
2026-01-26T11:51:07.098+01:00  INFO 24840 --- [http-nio-9092-exec-8] c.m.g.JWT.JwtAuthenticationFilter        : Token válido
2026-01-26T11:51:07.098+01:00  INFO 24840 --- [http-nio-9092-exec-8] c.m.g.JWT.JwtAuthenticationFilter        : admin
2026-01-26T11:51:07.098+01:00 DEBUG 24840 --- [http-nio-9092-exec-8] s.w.s.m.m.a.RequestMappingHandlerMapping : Mapped to com.melilla.gestPlanes.controller.PlanController#getPlanes()
2026-01-26T11:51:07.098+01:00 DEBUG 24840 --- [http-nio-9092-exec-8] s.w.s.m.m.a.RequestMappingHandlerMapping : Mapped to com.melilla.gestPlanes.controller.PlanController#getPlanes()
2026-01-26T11:51:07.099+01:00 DEBUG 24840 --- [http-nio-9092-exec-8] s.w.s.m.m.a.RequestMappingHandlerMapping : Mapped to com.melilla.gestPlanes.controller.PlanController#getPlanes()
2026-01-26T11:51:07.099+01:00 DEBUG 24840 --- [http-nio-9092-exec-8] s.w.s.m.m.a.RequestMappingHandlerMapping : Mapped to com.melilla.gestPlanes.controller.PlanController#getPlanes()
2026-01-26T11:51:07.099+01:00 DEBUG 24840 --- [http-nio-9092-exec-8] s.w.s.m.m.a.RequestMappingHandlerMapping : Mapped to com.melilla.gestPlanes.controller.PlanController#getPlanes()
2026-01-26T11:51:07.099+01:00 DEBUG 24840 --- [http-nio-9092-exec-8] s.w.s.m.m.a.RequestMappingHandlerMapping : Mapped to com.melilla.gestPlanes.controller.PlanController#getPlanes()
2026-01-26T11:51:07.099+01:00 DEBUG 24840 --- [http-nio-9092-exec-8] s.w.s.m.m.a.RequestMappingHandlerMapping : Mapped to com.melilla.gestPlanes.controller.PlanController#getPlanes()
2026-01-26T11:51:07.100+01:00 DEBUG 24840 --- [http-nio-9092-exec-8] o.s.web.servlet.DispatcherServlet        : GET "/planes", parameters={}
2026-01-26T11:51:07.100+01:00 DEBUG 24840 --- [http-nio-9092-exec-8] s.w.s.m.m.a.RequestMappingHandlerMapping : Mapped to com.melilla.gestPlanes.controller.PlanController#getPlanes()
2026-01-26T11:51:07.114+01:00 DEBUG 24840 --- [http-nio-9092-exec-8] o.s.w.s.m.m.a.HttpEntityMethodProcessor  : Using 'application/json', given [application/json, text/plain, */*] and supported [application/json, application/*+json]
2026-01-26T11:51:07.123+01:00 DEBUG 24840 --- [http-nio-9092-exec-8] o.s.w.s.m.m.a.HttpEntityMethodProcessor  : Writing [java.lang.StackOverflowError]
2026-01-26T11:51:07.261+01:00 DEBUG 24840 --- [http-nio-9092-exec-8] o.s.web.servlet.DispatcherServlet        : Completed 200 OK
2026-01-26T11:51:08.981+01:00  INFO 24840 --- [http-nio-9092-exec-2] c.m.g.JWT.JwtAuthenticationFilter        : Bearer eyJhbGciOiJIUzUxMiJ9.eyJzdWIiOiJhZG1pbiIsImlhdCI6MTc2OTQyNDY2NSwiZXhwIjoxNzY5NDI2MTA1fQ.bBQa-iDJyjZHli1A6OFgHIuKbLGLdsSc_SJN-f3Z9BjDHqkkEZ5iF74NZIYfhFSSfLPx6oE07NFU234g-Mbpdg
2026-01-26T11:51:08.986+01:00  INFO 24840 --- [http-nio-9092-exec-2] c.m.g.JWT.JwtAuthenticationFilter        : admin
2026-01-26T11:51:09.003+01:00  INFO 24840 --- [http-nio-9092-exec-2] c.m.g.JWT.JwtAuthenticationFilter        : Token válido
2026-01-26T11:51:09.003+01:00  INFO 24840 --- [http-nio-9092-exec-2] c.m.g.JWT.JwtAuthenticationFilter        : admin
2026-01-26T11:51:09.004+01:00 DEBUG 24840 --- [http-nio-9092-exec-2] s.w.s.m.m.a.RequestMappingHandlerMapping : Mapped to com.melilla.gestPlanes.controller.SalarioController#obtenerSalarios(Long)
2026-01-26T11:51:09.004+01:00 DEBUG 24840 --- [http-nio-9092-exec-2] s.w.s.m.m.a.RequestMappingHandlerMapping : Mapped to com.melilla.gestPlanes.controller.SalarioController#obtenerSalarios(Long)
2026-01-26T11:51:09.005+01:00 DEBUG 24840 --- [http-nio-9092-exec-2] s.w.s.m.m.a.RequestMappingHandlerMapping : Mapped to com.melilla.gestPlanes.controller.SalarioController#obtenerSalarios(Long)
2026-01-26T11:51:09.005+01:00 DEBUG 24840 --- [http-nio-9092-exec-2] s.w.s.m.m.a.RequestMappingHandlerMapping : Mapped to com.melilla.gestPlanes.controller.SalarioController#obtenerSalarios(Long)
2026-01-26T11:51:09.005+01:00 DEBUG 24840 --- [http-nio-9092-exec-2] s.w.s.m.m.a.RequestMappingHandlerMapping : Mapped to com.melilla.gestPlanes.controller.SalarioController#obtenerSalarios(Long)
2026-01-26T11:51:09.005+01:00 DEBUG 24840 --- [http-nio-9092-exec-2] s.w.s.m.m.a.RequestMappingHandlerMapping : Mapped to com.melilla.gestPlanes.controller.SalarioController#obtenerSalarios(Long)
2026-01-26T11:51:09.006+01:00 DEBUG 24840 --- [http-nio-9092-exec-2] s.w.s.m.m.a.RequestMappingHandlerMapping : Mapped to com.melilla.gestPlanes.controller.SalarioController#obtenerSalarios(Long)
2026-01-26T11:51:09.006+01:00 DEBUG 24840 --- [http-nio-9092-exec-2] o.s.web.servlet.DispatcherServlet        : GET "/salario/120", parameters={}
2026-01-26T11:51:09.006+01:00 DEBUG 24840 --- [http-nio-9092-exec-2] s.w.s.m.m.a.RequestMappingHandlerMapping : Mapped to com.melilla.gestPlanes.controller.SalarioController#obtenerSalarios(Long)
2026-01-26T11:51:09.012+01:00 DEBUG 24840 --- [http-nio-9092-exec-2] o.s.w.s.m.m.a.HttpEntityMethodProcessor  : Using 'application/json', given [application/json, text/plain, */*] and supported [application/json, application/*+json]
2026-01-26T11:51:09.020+01:00 DEBUG 24840 --- [http-nio-9092-exec-2] o.s.w.s.m.m.a.HttpEntityMethodProcessor  : Writing [java.lang.StackOverflowError]
2026-01-26T11:51:09.021+01:00 DEBUG 24840 --- [http-nio-9092-exec-2] o.s.web.servlet.DispatcherServlet        : Completed 200 OK
2026-01-26T11:51:09.031+01:00  INFO 24840 --- [http-nio-9092-exec-10] c.m.g.JWT.JwtAuthenticationFilter        : Bearer eyJhbGciOiJIUzUxMiJ9.eyJzdWIiOiJhZG1pbiIsImlhdCI6MTc2OTQyNDY2NSwiZXhwIjoxNzY5NDI2MTA1fQ.bBQa-iDJyjZHli1A6OFgHIuKbLGLdsSc_SJN-f3Z9BjDHqkkEZ5iF74NZIYfhFSSfLPx6oE07NFU234g-Mbpdg
2026-01-26T11:51:09.035+01:00  INFO 24840 --- [http-nio-9092-exec-10] c.m.g.JWT.JwtAuthenticationFilter        : admin
2026-01-26T11:51:09.044+01:00  INFO 24840 --- [http-nio-9092-exec-10] c.m.g.JWT.JwtAuthenticationFilter        : Token válido
2026-01-26T11:51:09.045+01:00  INFO 24840 --- [http-nio-9092-exec-10] c.m.g.JWT.JwtAuthenticationFilter        : admin
2026-01-26T11:51:09.045+01:00 DEBUG 24840 --- [http-nio-9092-exec-10] s.w.s.m.m.a.RequestMappingHandlerMapping : Mapped to com.melilla.gestPlanes.controller.SalarioController#obtenerSalarios(Long)
2026-01-26T11:51:09.046+01:00 DEBUG 24840 --- [http-nio-9092-exec-10] s.w.s.m.m.a.RequestMappingHandlerMapping : Mapped to com.melilla.gestPlanes.controller.SalarioController#obtenerSalarios(Long)
2026-01-26T11:51:09.046+01:00 DEBUG 24840 --- [http-nio-9092-exec-10] s.w.s.m.m.a.RequestMappingHandlerMapping : Mapped to com.melilla.gestPlanes.controller.SalarioController#obtenerSalarios(Long)
2026-01-26T11:51:09.046+01:00 DEBUG 24840 --- [http-nio-9092-exec-10] s.w.s.m.m.a.RequestMappingHandlerMapping : Mapped to com.melilla.gestPlanes.controller.SalarioController#obtenerSalarios(Long)
2026-01-26T11:51:09.046+01:00 DEBUG 24840 --- [http-nio-9092-exec-10] s.w.s.m.m.a.RequestMappingHandlerMapping : Mapped to com.melilla.gestPlanes.controller.SalarioController#obtenerSalarios(Long)
2026-01-26T11:51:09.047+01:00 DEBUG 24840 --- [http-nio-9092-exec-10] s.w.s.m.m.a.RequestMappingHandlerMapping : Mapped to com.melilla.gestPlanes.controller.SalarioController#obtenerSalarios(Long)
2026-01-26T11:51:09.048+01:00 DEBUG 24840 --- [http-nio-9092-exec-10] s.w.s.m.m.a.RequestMappingHandlerMapping : Mapped to com.melilla.gestPlanes.controller.SalarioController#obtenerSalarios(Long)
2026-01-26T11:51:09.048+01:00 DEBUG 24840 --- [http-nio-9092-exec-10] o.s.web.servlet.DispatcherServlet        : GET "/salario/120", parameters={}
2026-01-26T11:51:09.048+01:00 DEBUG 24840 --- [http-nio-9092-exec-10] s.w.s.m.m.a.RequestMappingHandlerMapping : Mapped to com.melilla.gestPlanes.controller.SalarioController#obtenerSalarios(Long)
2026-01-26T11:51:09.052+01:00 DEBUG 24840 --- [http-nio-9092-exec-10] o.s.w.s.m.m.a.HttpEntityMethodProcessor  : Using 'application/json', given [application/json, text/plain, */*] and supported [application/json, application/*+json]
2026-01-26T11:51:09.057+01:00 DEBUG 24840 --- [http-nio-9092-exec-10] o.s.w.s.m.m.a.HttpEntityMethodProcessor  : Writing [java.lang.StackOverflowError]
2026-01-26T11:51:09.058+01:00 DEBUG 24840 --- [http-nio-9092-exec-10] o.s.web.servlet.DispatcherServlet        : Completed 200 OK
2026-01-26T11:51:18.641+01:00  INFO 24840 --- [http-nio-9092-exec-3] c.m.g.JWT.JwtAuthenticationFilter        : Bearer eyJhbGciOiJIUzUxMiJ9.eyJzdWIiOiJhZG1pbiIsImlhdCI6MTc2OTQyNDY2NSwiZXhwIjoxNzY5NDI2MTA1fQ.bBQa-iDJyjZHli1A6OFgHIuKbLGLdsSc_SJN-f3Z9BjDHqkkEZ5iF74NZIYfhFSSfLPx6oE07NFU234g-Mbpdg
2026-01-26T11:51:18.644+01:00  INFO 24840 --- [http-nio-9092-exec-3] c.m.g.JWT.JwtAuthenticationFilter        : admin
2026-01-26T11:51:18.651+01:00  INFO 24840 --- [http-nio-9092-exec-3] c.m.g.JWT.JwtAuthenticationFilter        : Token válido
2026-01-26T11:51:18.651+01:00  INFO 24840 --- [http-nio-9092-exec-3] c.m.g.JWT.JwtAuthenticationFilter        : admin
2026-01-26T11:51:18.651+01:00 DEBUG 24840 --- [http-nio-9092-exec-3] s.w.s.m.m.a.RequestMappingHandlerMapping : Mapped to com.melilla.gestPlanes.controller.PlanController#getPlanes()
2026-01-26T11:51:18.651+01:00 DEBUG 24840 --- [http-nio-9092-exec-3] s.w.s.m.m.a.RequestMappingHandlerMapping : Mapped to com.melilla.gestPlanes.controller.PlanController#getPlanes()
2026-01-26T11:51:18.651+01:00 DEBUG 24840 --- [http-nio-9092-exec-3] s.w.s.m.m.a.RequestMappingHandlerMapping : Mapped to com.melilla.gestPlanes.controller.PlanController#getPlanes()
2026-01-26T11:51:18.651+01:00 DEBUG 24840 --- [http-nio-9092-exec-3] s.w.s.m.m.a.RequestMappingHandlerMapping : Mapped to com.melilla.gestPlanes.controller.PlanController#getPlanes()
2026-01-26T11:51:18.651+01:00 DEBUG 24840 --- [http-nio-9092-exec-3] s.w.s.m.m.a.RequestMappingHandlerMapping : Mapped to com.melilla.gestPlanes.controller.PlanController#getPlanes()
2026-01-26T11:51:18.651+01:00 DEBUG 24840 --- [http-nio-9092-exec-3] s.w.s.m.m.a.RequestMappingHandlerMapping : Mapped to com.melilla.gestPlanes.controller.PlanController#getPlanes()
2026-01-26T11:51:18.651+01:00 DEBUG 24840 --- [http-nio-9092-exec-3] s.w.s.m.m.a.RequestMappingHandlerMapping : Mapped to com.melilla.gestPlanes.controller.PlanController#getPlanes()
2026-01-26T11:51:18.652+01:00 DEBUG 24840 --- [http-nio-9092-exec-3] o.s.web.servlet.DispatcherServlet        : GET "/planes", parameters={}
2026-01-26T11:51:18.652+01:00 DEBUG 24840 --- [http-nio-9092-exec-3] s.w.s.m.m.a.RequestMappingHandlerMapping : Mapped to com.melilla.gestPlanes.controller.PlanController#getPlanes()
2026-01-26T11:51:18.659+01:00 DEBUG 24840 --- [http-nio-9092-exec-3] o.s.w.s.m.m.a.HttpEntityMethodProcessor  : Using 'application/json', given [application/json, text/plain, */*] and supported [application/json, application/*+json]
2026-01-26T11:51:18.665+01:00 DEBUG 24840 --- [http-nio-9092-exec-3] o.s.w.s.m.m.a.HttpEntityMethodProcessor  : Writing [java.lang.StackOverflowError]
2026-01-26T11:51:18.792+01:00 DEBUG 24840 --- [http-nio-9092-exec-3] o.s.web.servlet.DispatcherServlet        : Completed 200 OK
2026-01-26T11:51:18.806+01:00  INFO 24840 --- [http-nio-9092-exec-1] c.m.g.JWT.JwtAuthenticationFilter        : Bearer eyJhbGciOiJIUzUxMiJ9.eyJzdWIiOiJhZG1pbiIsImlhdCI6MTc2OTQyNDY2NSwiZXhwIjoxNzY5NDI2MTA1fQ.bBQa-iDJyjZHli1A6OFgHIuKbLGLdsSc_SJN-f3Z9BjDHqkkEZ5iF74NZIYfhFSSfLPx6oE07NFU234g-Mbpdg
2026-01-26T11:51:18.808+01:00  INFO 24840 --- [http-nio-9092-exec-1] c.m.g.JWT.JwtAuthenticationFilter        : admin
2026-01-26T11:51:18.817+01:00  INFO 24840 --- [http-nio-9092-exec-1] c.m.g.JWT.JwtAuthenticationFilter        : Token válido
2026-01-26T11:51:18.817+01:00  INFO 24840 --- [http-nio-9092-exec-1] c.m.g.JWT.JwtAuthenticationFilter        : admin
2026-01-26T11:51:18.817+01:00 DEBUG 24840 --- [http-nio-9092-exec-1] s.w.s.m.m.a.RequestMappingHandlerMapping : Mapped to com.melilla.gestPlanes.controller.PlanController#getPlanes()
2026-01-26T11:51:18.817+01:00 DEBUG 24840 --- [http-nio-9092-exec-1] s.w.s.m.m.a.RequestMappingHandlerMapping : Mapped to com.melilla.gestPlanes.controller.PlanController#getPlanes()
2026-01-26T11:51:18.818+01:00 DEBUG 24840 --- [http-nio-9092-exec-1] s.w.s.m.m.a.RequestMappingHandlerMapping : Mapped to com.melilla.gestPlanes.controller.PlanController#getPlanes()
2026-01-26T11:51:18.818+01:00 DEBUG 24840 --- [http-nio-9092-exec-1] s.w.s.m.m.a.RequestMappingHandlerMapping : Mapped to com.melilla.gestPlanes.controller.PlanController#getPlanes()
2026-01-26T11:51:18.818+01:00 DEBUG 24840 --- [http-nio-9092-exec-1] s.w.s.m.m.a.RequestMappingHandlerMapping : Mapped to com.melilla.gestPlanes.controller.PlanController#getPlanes()
2026-01-26T11:51:18.818+01:00 DEBUG 24840 --- [http-nio-9092-exec-1] s.w.s.m.m.a.RequestMappingHandlerMapping : Mapped to com.melilla.gestPlanes.controller.PlanController#getPlanes()
2026-01-26T11:51:18.818+01:00 DEBUG 24840 --- [http-nio-9092-exec-1] s.w.s.m.m.a.RequestMappingHandlerMapping : Mapped to com.melilla.gestPlanes.controller.PlanController#getPlanes()
2026-01-26T11:51:18.818+01:00 DEBUG 24840 --- [http-nio-9092-exec-1] o.s.web.servlet.DispatcherServlet        : GET "/planes", parameters={}
2026-01-26T11:51:18.818+01:00 DEBUG 24840 --- [http-nio-9092-exec-1] s.w.s.m.m.a.RequestMappingHandlerMapping : Mapped to com.melilla.gestPlanes.controller.PlanController#getPlanes()
2026-01-26T11:51:18.827+01:00 DEBUG 24840 --- [http-nio-9092-exec-1] o.s.w.s.m.m.a.HttpEntityMethodProcessor  : Using 'application/json', given [application/json, text/plain, */*] and supported [application/json, application/*+json]
2026-01-26T11:51:18.832+01:00 DEBUG 24840 --- [http-nio-9092-exec-1] o.s.w.s.m.m.a.HttpEntityMethodProcessor  : Writing [java.lang.StackOverflowError]
2026-01-26T11:51:18.972+01:00 DEBUG 24840 --- [http-nio-9092-exec-1] o.s.web.servlet.DispatcherServlet        : Completed 200 OK
2026-01-26T11:51:18.987+01:00  INFO 24840 --- [http-nio-9092-exec-2] c.m.g.JWT.JwtAuthenticationFilter        : Bearer eyJhbGciOiJIUzUxMiJ9.eyJzdWIiOiJhZG1pbiIsImlhdCI6MTc2OTQyNDY2NSwiZXhwIjoxNzY5NDI2MTA1fQ.bBQa-iDJyjZHli1A6OFgHIuKbLGLdsSc_SJN-f3Z9BjDHqkkEZ5iF74NZIYfhFSSfLPx6oE07NFU234g-Mbpdg
2026-01-26T11:51:18.989+01:00  INFO 24840 --- [http-nio-9092-exec-2] c.m.g.JWT.JwtAuthenticationFilter        : admin
2026-01-26T11:51:18.997+01:00  INFO 24840 --- [http-nio-9092-exec-2] c.m.g.JWT.JwtAuthenticationFilter        : Token válido
2026-01-26T11:51:18.997+01:00  INFO 24840 --- [http-nio-9092-exec-2] c.m.g.JWT.JwtAuthenticationFilter        : admin
2026-01-26T11:51:18.997+01:00 DEBUG 24840 --- [http-nio-9092-exec-2] s.w.s.m.m.a.RequestMappingHandlerMapping : Mapped to com.melilla.gestPlanes.controller.PlanController#getPlanes()
2026-01-26T11:51:18.997+01:00 DEBUG 24840 --- [http-nio-9092-exec-2] s.w.s.m.m.a.RequestMappingHandlerMapping : Mapped to com.melilla.gestPlanes.controller.PlanController#getPlanes()
2026-01-26T11:51:18.997+01:00 DEBUG 24840 --- [http-nio-9092-exec-2] s.w.s.m.m.a.RequestMappingHandlerMapping : Mapped to com.melilla.gestPlanes.controller.PlanController#getPlanes()
2026-01-26T11:51:18.998+01:00 DEBUG 24840 --- [http-nio-9092-exec-2] s.w.s.m.m.a.RequestMappingHandlerMapping : Mapped to com.melilla.gestPlanes.controller.PlanController#getPlanes()
2026-01-26T11:51:18.998+01:00 DEBUG 24840 --- [http-nio-9092-exec-2] s.w.s.m.m.a.RequestMappingHandlerMapping : Mapped to com.melilla.gestPlanes.controller.PlanController#getPlanes()
2026-01-26T11:51:18.998+01:00 DEBUG 24840 --- [http-nio-9092-exec-2] s.w.s.m.m.a.RequestMappingHandlerMapping : Mapped to com.melilla.gestPlanes.controller.PlanController#getPlanes()
2026-01-26T11:51:18.998+01:00 DEBUG 24840 --- [http-nio-9092-exec-2] s.w.s.m.m.a.RequestMappingHandlerMapping : Mapped to com.melilla.gestPlanes.controller.PlanController#getPlanes()
2026-01-26T11:51:18.998+01:00 DEBUG 24840 --- [http-nio-9092-exec-2] o.s.web.servlet.DispatcherServlet        : GET "/planes", parameters={}
2026-01-26T11:51:18.998+01:00 DEBUG 24840 --- [http-nio-9092-exec-2] s.w.s.m.m.a.RequestMappingHandlerMapping : Mapped to com.melilla.gestPlanes.controller.PlanController#getPlanes()
2026-01-26T11:51:19.006+01:00 DEBUG 24840 --- [http-nio-9092-exec-2] o.s.w.s.m.m.a.HttpEntityMethodProcessor  : Using 'application/json', given [application/json, text/plain, */*] and supported [application/json, application/*+json]
2026-01-26T11:51:19.012+01:00 DEBUG 24840 --- [http-nio-9092-exec-2] o.s.w.s.m.m.a.HttpEntityMethodProcessor  : Writing [java.lang.StackOverflowError]
2026-01-26T11:51:19.112+01:00 DEBUG 24840 --- [http-nio-9092-exec-2] o.s.web.servlet.DispatcherServlet        : Completed 200 OK
2026-01-26T11:51:19.124+01:00  INFO 24840 --- [http-nio-9092-exec-10] c.m.g.JWT.JwtAuthenticationFilter        : Bearer eyJhbGciOiJIUzUxMiJ9.eyJzdWIiOiJhZG1pbiIsImlhdCI6MTc2OTQyNDY2NSwiZXhwIjoxNzY5NDI2MTA1fQ.bBQa-iDJyjZHli1A6OFgHIuKbLGLdsSc_SJN-f3Z9BjDHqkkEZ5iF74NZIYfhFSSfLPx6oE07NFU234g-Mbpdg
2026-01-26T11:51:19.126+01:00  INFO 24840 --- [http-nio-9092-exec-10] c.m.g.JWT.JwtAuthenticationFilter        : admin
2026-01-26T11:51:19.134+01:00  INFO 24840 --- [http-nio-9092-exec-10] c.m.g.JWT.JwtAuthenticationFilter        : Token válido
2026-01-26T11:51:19.134+01:00  INFO 24840 --- [http-nio-9092-exec-10] c.m.g.JWT.JwtAuthenticationFilter        : admin
2026-01-26T11:51:19.135+01:00 DEBUG 24840 --- [http-nio-9092-exec-10] s.w.s.m.m.a.RequestMappingHandlerMapping : Mapped to com.melilla.gestPlanes.controller.PlanController#getPlanes()
2026-01-26T11:51:19.135+01:00 DEBUG 24840 --- [http-nio-9092-exec-10] s.w.s.m.m.a.RequestMappingHandlerMapping : Mapped to com.melilla.gestPlanes.controller.PlanController#getPlanes()
2026-01-26T11:51:19.135+01:00 DEBUG 24840 --- [http-nio-9092-exec-10] s.w.s.m.m.a.RequestMappingHandlerMapping : Mapped to com.melilla.gestPlanes.controller.PlanController#getPlanes()
2026-01-26T11:51:19.135+01:00 DEBUG 24840 --- [http-nio-9092-exec-10] s.w.s.m.m.a.RequestMappingHandlerMapping : Mapped to com.melilla.gestPlanes.controller.PlanController#getPlanes()
2026-01-26T11:51:19.136+01:00 DEBUG 24840 --- [http-nio-9092-exec-10] s.w.s.m.m.a.RequestMappingHandlerMapping : Mapped to com.melilla.gestPlanes.controller.PlanController#getPlanes()
2026-01-26T11:51:19.136+01:00 DEBUG 24840 --- [http-nio-9092-exec-10] s.w.s.m.m.a.RequestMappingHandlerMapping : Mapped to com.melilla.gestPlanes.controller.PlanController#getPlanes()
2026-01-26T11:51:19.136+01:00 DEBUG 24840 --- [http-nio-9092-exec-10] s.w.s.m.m.a.RequestMappingHandlerMapping : Mapped to com.melilla.gestPlanes.controller.PlanController#getPlanes()
2026-01-26T11:51:19.136+01:00 DEBUG 24840 --- [http-nio-9092-exec-10] o.s.web.servlet.DispatcherServlet        : GET "/planes", parameters={}
2026-01-26T11:51:19.136+01:00 DEBUG 24840 --- [http-nio-9092-exec-10] s.w.s.m.m.a.RequestMappingHandlerMapping : Mapped to com.melilla.gestPlanes.controller.PlanController#getPlanes()
2026-01-26T11:51:19.146+01:00 DEBUG 24840 --- [http-nio-9092-exec-10] o.s.w.s.m.m.a.HttpEntityMethodProcessor  : Using 'application/json', given [application/json, text/plain, */*] and supported [application/json, application/*+json]
2026-01-26T11:51:19.152+01:00 DEBUG 24840 --- [http-nio-9092-exec-10] o.s.w.s.m.m.a.HttpEntityMethodProcessor  : Writing [java.lang.StackOverflowError]
2026-01-26T11:51:19.252+01:00 DEBUG 24840 --- [http-nio-9092-exec-10] o.s.web.servlet.DispatcherServlet        : Completed 200 OK
2026-01-26T11:51:19.264+01:00  INFO 24840 --- [http-nio-9092-exec-9] c.m.g.JWT.JwtAuthenticationFilter        : Bearer eyJhbGciOiJIUzUxMiJ9.eyJzdWIiOiJhZG1pbiIsImlhdCI6MTc2OTQyNDY2NSwiZXhwIjoxNzY5NDI2MTA1fQ.bBQa-iDJyjZHli1A6OFgHIuKbLGLdsSc_SJN-f3Z9BjDHqkkEZ5iF74NZIYfhFSSfLPx6oE07NFU234g-Mbpdg
2026-01-26T11:51:19.266+01:00  INFO 24840 --- [http-nio-9092-exec-9] c.m.g.JWT.JwtAuthenticationFilter        : admin
2026-01-26T11:51:19.273+01:00  INFO 24840 --- [http-nio-9092-exec-9] c.m.g.JWT.JwtAuthenticationFilter        : Token válido
2026-01-26T11:51:19.273+01:00  INFO 24840 --- [http-nio-9092-exec-9] c.m.g.JWT.JwtAuthenticationFilter        : admin
2026-01-26T11:51:19.273+01:00 DEBUG 24840 --- [http-nio-9092-exec-9] s.w.s.m.m.a.RequestMappingHandlerMapping : Mapped to com.melilla.gestPlanes.controller.PlanController#getPlanes()
2026-01-26T11:51:19.273+01:00 DEBUG 24840 --- [http-nio-9092-exec-9] s.w.s.m.m.a.RequestMappingHandlerMapping : Mapped to com.melilla.gestPlanes.controller.PlanController#getPlanes()
2026-01-26T11:51:19.273+01:00 DEBUG 24840 --- [http-nio-9092-exec-9] s.w.s.m.m.a.RequestMappingHandlerMapping : Mapped to com.melilla.gestPlanes.controller.PlanController#getPlanes()
2026-01-26T11:51:19.274+01:00 DEBUG 24840 --- [http-nio-9092-exec-9] s.w.s.m.m.a.RequestMappingHandlerMapping : Mapped to com.melilla.gestPlanes.controller.PlanController#getPlanes()
2026-01-26T11:51:19.274+01:00 DEBUG 24840 --- [http-nio-9092-exec-9] s.w.s.m.m.a.RequestMappingHandlerMapping : Mapped to com.melilla.gestPlanes.controller.PlanController#getPlanes()
2026-01-26T11:51:19.274+01:00 DEBUG 24840 --- [http-nio-9092-exec-9] s.w.s.m.m.a.RequestMappingHandlerMapping : Mapped to com.melilla.gestPlanes.controller.PlanController#getPlanes()
2026-01-26T11:51:19.274+01:00 DEBUG 24840 --- [http-nio-9092-exec-9] s.w.s.m.m.a.RequestMappingHandlerMapping : Mapped to com.melilla.gestPlanes.controller.PlanController#getPlanes()
2026-01-26T11:51:19.274+01:00 DEBUG 24840 --- [http-nio-9092-exec-9] o.s.web.servlet.DispatcherServlet        : GET "/planes", parameters={}
2026-01-26T11:51:19.274+01:00 DEBUG 24840 --- [http-nio-9092-exec-9] s.w.s.m.m.a.RequestMappingHandlerMapping : Mapped to com.melilla.gestPlanes.controller.PlanController#getPlanes()
2026-01-26T11:51:19.282+01:00 DEBUG 24840 --- [http-nio-9092-exec-9] o.s.w.s.m.m.a.HttpEntityMethodProcessor  : Using 'application/json', given [application/json, text/plain, */*] and supported [application/json, application/*+json]
2026-01-26T11:51:19.285+01:00 DEBUG 24840 --- [http-nio-9092-exec-9] o.s.w.s.m.m.a.HttpEntityMethodProcessor  : Writing [java.lang.StackOverflowError]
2026-01-26T11:51:19.360+01:00 DEBUG 24840 --- [http-nio-9092-exec-9] o.s.web.servlet.DispatcherServlet        : Completed 200 OK
2026-01-26T11:51:19.372+01:00  INFO 24840 --- [http-nio-9092-exec-5] c.m.g.JWT.JwtAuthenticationFilter        : Bearer eyJhbGciOiJIUzUxMiJ9.eyJzdWIiOiJhZG1pbiIsImlhdCI6MTc2OTQyNDY2NSwiZXhwIjoxNzY5NDI2MTA1fQ.bBQa-iDJyjZHli1A6OFgHIuKbLGLdsSc_SJN-f3Z9BjDHqkkEZ5iF74NZIYfhFSSfLPx6oE07NFU234g-Mbpdg
2026-01-26T11:51:19.374+01:00  INFO 24840 --- [http-nio-9092-exec-5] c.m.g.JWT.JwtAuthenticationFilter        : admin
2026-01-26T11:51:19.385+01:00  INFO 24840 --- [http-nio-9092-exec-5] c.m.g.JWT.JwtAuthenticationFilter        : Token válido
2026-01-26T11:51:19.385+01:00  INFO 24840 --- [http-nio-9092-exec-5] c.m.g.JWT.JwtAuthenticationFilter        : admin
2026-01-26T11:51:19.385+01:00 DEBUG 24840 --- [http-nio-9092-exec-5] s.w.s.m.m.a.RequestMappingHandlerMapping : Mapped to com.melilla.gestPlanes.controller.PlanController#getPlanes()
2026-01-26T11:51:19.386+01:00 DEBUG 24840 --- [http-nio-9092-exec-5] s.w.s.m.m.a.RequestMappingHandlerMapping : Mapped to com.melilla.gestPlanes.controller.PlanController#getPlanes()
2026-01-26T11:51:19.386+01:00 DEBUG 24840 --- [http-nio-9092-exec-5] s.w.s.m.m.a.RequestMappingHandlerMapping : Mapped to com.melilla.gestPlanes.controller.PlanController#getPlanes()
2026-01-26T11:51:19.386+01:00 DEBUG 24840 --- [http-nio-9092-exec-5] s.w.s.m.m.a.RequestMappingHandlerMapping : Mapped to com.melilla.gestPlanes.controller.PlanController#getPlanes()
2026-01-26T11:51:19.386+01:00 DEBUG 24840 --- [http-nio-9092-exec-5] s.w.s.m.m.a.RequestMappingHandlerMapping : Mapped to com.melilla.gestPlanes.controller.PlanController#getPlanes()
2026-01-26T11:51:19.386+01:00 DEBUG 24840 --- [http-nio-9092-exec-5] s.w.s.m.m.a.RequestMappingHandlerMapping : Mapped to com.melilla.gestPlanes.controller.PlanController#getPlanes()
2026-01-26T11:51:19.386+01:00 DEBUG 24840 --- [http-nio-9092-exec-5] s.w.s.m.m.a.RequestMappingHandlerMapping : Mapped to com.melilla.gestPlanes.controller.PlanController#getPlanes()
2026-01-26T11:51:19.387+01:00 DEBUG 24840 --- [http-nio-9092-exec-5] o.s.web.servlet.DispatcherServlet        : GET "/planes", parameters={}
2026-01-26T11:51:19.387+01:00 DEBUG 24840 --- [http-nio-9092-exec-5] s.w.s.m.m.a.RequestMappingHandlerMapping : Mapped to com.melilla.gestPlanes.controller.PlanController#getPlanes()
2026-01-26T11:51:19.397+01:00 DEBUG 24840 --- [http-nio-9092-exec-5] o.s.w.s.m.m.a.HttpEntityMethodProcessor  : Using 'application/json', given [application/json, text/plain, */*] and supported [application/json, application/*+json]
2026-01-26T11:51:19.404+01:00 DEBUG 24840 --- [http-nio-9092-exec-5] o.s.w.s.m.m.a.HttpEntityMethodProcessor  : Writing [java.lang.StackOverflowError]
2026-01-26T11:51:19.494+01:00 DEBUG 24840 --- [http-nio-9092-exec-5] o.s.web.servlet.DispatcherServlet        : Completed 200 OK
2026-01-26T11:52:33.167+01:00  INFO 24840 --- [http-nio-9092-exec-4] c.m.g.JWT.JwtAuthenticationFilter        : Bearer eyJhbGciOiJIUzUxMiJ9.eyJzdWIiOiJhZG1pbiIsImlhdCI6MTc2OTQyNDY2NSwiZXhwIjoxNzY5NDI2MTA1fQ.bBQa-iDJyjZHli1A6OFgHIuKbLGLdsSc_SJN-f3Z9BjDHqkkEZ5iF74NZIYfhFSSfLPx6oE07NFU234g-Mbpdg
2026-01-26T11:52:33.170+01:00  INFO 24840 --- [http-nio-9092-exec-7] c.m.g.JWT.JwtAuthenticationFilter        : Bearer eyJhbGciOiJIUzUxMiJ9.eyJzdWIiOiJhZG1pbiIsImlhdCI6MTc2OTQyNDY2NSwiZXhwIjoxNzY5NDI2MTA1fQ.bBQa-iDJyjZHli1A6OFgHIuKbLGLdsSc_SJN-f3Z9BjDHqkkEZ5iF74NZIYfhFSSfLPx6oE07NFU234g-Mbpdg
2026-01-26T11:52:33.170+01:00  INFO 24840 --- [http-nio-9092-exec-4] c.m.g.JWT.JwtAuthenticationFilter        : admin
2026-01-26T11:52:33.172+01:00  INFO 24840 --- [http-nio-9092-exec-7] c.m.g.JWT.JwtAuthenticationFilter        : admin
2026-01-26T11:52:33.179+01:00  INFO 24840 --- [http-nio-9092-exec-4] c.m.g.JWT.JwtAuthenticationFilter        : Token válido
2026-01-26T11:52:33.179+01:00  INFO 24840 --- [http-nio-9092-exec-7] c.m.g.JWT.JwtAuthenticationFilter        : Token válido
2026-01-26T11:52:33.179+01:00  INFO 24840 --- [http-nio-9092-exec-4] c.m.g.JWT.JwtAuthenticationFilter        : admin
2026-01-26T11:52:33.179+01:00  INFO 24840 --- [http-nio-9092-exec-7] c.m.g.JWT.JwtAuthenticationFilter        : admin
2026-01-26T11:52:33.179+01:00 DEBUG 24840 --- [http-nio-9092-exec-4] s.w.s.m.m.a.RequestMappingHandlerMapping : Mapped to com.melilla.gestPlanes.controller.DashBoardController#trabajadoresPorEstadoGenero(Long)
2026-01-26T11:52:33.179+01:00 DEBUG 24840 --- [http-nio-9092-exec-7] s.w.s.m.m.a.RequestMappingHandlerMapping : Mapped to com.melilla.gestPlanes.controller.DashBoardController#trabajadoresdeBaja(Long)
2026-01-26T11:52:33.179+01:00 DEBUG 24840 --- [http-nio-9092-exec-4] s.w.s.m.m.a.RequestMappingHandlerMapping : Mapped to com.melilla.gestPlanes.controller.DashBoardController#trabajadoresPorEstadoGenero(Long)
2026-01-26T11:52:33.179+01:00 DEBUG 24840 --- [http-nio-9092-exec-7] s.w.s.m.m.a.RequestMappingHandlerMapping : Mapped to com.melilla.gestPlanes.controller.DashBoardController#trabajadoresdeBaja(Long)
2026-01-26T11:52:33.180+01:00 DEBUG 24840 --- [http-nio-9092-exec-7] s.w.s.m.m.a.RequestMappingHandlerMapping : Mapped to com.melilla.gestPlanes.controller.DashBoardController#trabajadoresdeBaja(Long)
2026-01-26T11:52:33.180+01:00 DEBUG 24840 --- [http-nio-9092-exec-4] s.w.s.m.m.a.RequestMappingHandlerMapping : Mapped to com.melilla.gestPlanes.controller.DashBoardController#trabajadoresPorEstadoGenero(Long)
2026-01-26T11:52:33.180+01:00 DEBUG 24840 --- [http-nio-9092-exec-7] s.w.s.m.m.a.RequestMappingHandlerMapping : Mapped to com.melilla.gestPlanes.controller.DashBoardController#trabajadoresdeBaja(Long)
2026-01-26T11:52:33.180+01:00 DEBUG 24840 --- [http-nio-9092-exec-4] s.w.s.m.m.a.RequestMappingHandlerMapping : Mapped to com.melilla.gestPlanes.controller.DashBoardController#trabajadoresPorEstadoGenero(Long)
2026-01-26T11:52:33.180+01:00 DEBUG 24840 --- [http-nio-9092-exec-7] s.w.s.m.m.a.RequestMappingHandlerMapping : Mapped to com.melilla.gestPlanes.controller.DashBoardController#trabajadoresdeBaja(Long)
2026-01-26T11:52:33.180+01:00 DEBUG 24840 --- [http-nio-9092-exec-4] s.w.s.m.m.a.RequestMappingHandlerMapping : Mapped to com.melilla.gestPlanes.controller.DashBoardController#trabajadoresPorEstadoGenero(Long)
2026-01-26T11:52:33.180+01:00 DEBUG 24840 --- [http-nio-9092-exec-7] s.w.s.m.m.a.RequestMappingHandlerMapping : Mapped to com.melilla.gestPlanes.controller.DashBoardController#trabajadoresdeBaja(Long)
2026-01-26T11:52:33.180+01:00 DEBUG 24840 --- [http-nio-9092-exec-4] s.w.s.m.m.a.RequestMappingHandlerMapping : Mapped to com.melilla.gestPlanes.controller.DashBoardController#trabajadoresPorEstadoGenero(Long)
2026-01-26T11:52:33.180+01:00 DEBUG 24840 --- [http-nio-9092-exec-7] s.w.s.m.m.a.RequestMappingHandlerMapping : Mapped to com.melilla.gestPlanes.controller.DashBoardController#trabajadoresdeBaja(Long)
2026-01-26T11:52:33.180+01:00 DEBUG 24840 --- [http-nio-9092-exec-4] s.w.s.m.m.a.RequestMappingHandlerMapping : Mapped to com.melilla.gestPlanes.controller.DashBoardController#trabajadoresPorEstadoGenero(Long)
2026-01-26T11:52:33.181+01:00 DEBUG 24840 --- [http-nio-9092-exec-4] o.s.web.servlet.DispatcherServlet        : GET "/dashBoard/ciudadanoPorEstado/120", parameters={}
2026-01-26T11:52:33.181+01:00 DEBUG 24840 --- [http-nio-9092-exec-7] o.s.web.servlet.DispatcherServlet        : GET "/dashBoard/bajas/120", parameters={}
2026-01-26T11:52:33.182+01:00 DEBUG 24840 --- [http-nio-9092-exec-4] s.w.s.m.m.a.RequestMappingHandlerMapping : Mapped to com.melilla.gestPlanes.controller.DashBoardController#trabajadoresPorEstadoGenero(Long)
2026-01-26T11:52:33.182+01:00 DEBUG 24840 --- [http-nio-9092-exec-7] s.w.s.m.m.a.RequestMappingHandlerMapping : Mapped to com.melilla.gestPlanes.controller.DashBoardController#trabajadoresdeBaja(Long)
2026-01-26T11:52:33.187+01:00 DEBUG 24840 --- [http-nio-9092-exec-7] o.s.w.s.m.m.a.HttpEntityMethodProcessor  : Using 'application/json', given [application/json, text/plain, */*] and supported [application/json, application/*+json]
2026-01-26T11:52:33.189+01:00 DEBUG 24840 --- [http-nio-9092-exec-7] o.s.w.s.m.m.a.HttpEntityMethodProcessor  : Writing [ApiResponse(estado=null, payload=[DashBoardBajasDTO(baja=laboral, cantidad=0), DashBoardBajasDTO(baj (truncated)...]
2026-01-26T11:52:33.190+01:00 DEBUG 24840 --- [http-nio-9092-exec-7] o.s.web.servlet.DispatcherServlet        : Completed 200 OK
2026-01-26T11:52:33.191+01:00 DEBUG 24840 --- [http-nio-9092-exec-4] o.s.w.s.m.m.a.HttpEntityMethodProcessor  : Using 'application/json', given [application/json, text/plain, */*] and supported [application/json, application/*+json]
2026-01-26T11:52:33.191+01:00 DEBUG 24840 --- [http-nio-9092-exec-4] o.s.w.s.m.m.a.HttpEntityMethodProcessor  : Writing [ApiResponse(estado=null, payload=[DashBoardEstadoGeneroDTO(estado=CANDIDATO/A, hombres=0, mujeres=3) (truncated)...]
2026-01-26T11:52:33.192+01:00 DEBUG 24840 --- [http-nio-9092-exec-4] o.s.web.servlet.DispatcherServlet        : Completed 200 OK
2026-01-26T11:52:33.197+01:00  INFO 24840 --- [http-nio-9092-exec-8] c.m.g.JWT.JwtAuthenticationFilter        : Bearer eyJhbGciOiJIUzUxMiJ9.eyJzdWIiOiJhZG1pbiIsImlhdCI6MTc2OTQyNDY2NSwiZXhwIjoxNzY5NDI2MTA1fQ.bBQa-iDJyjZHli1A6OFgHIuKbLGLdsSc_SJN-f3Z9BjDHqkkEZ5iF74NZIYfhFSSfLPx6oE07NFU234g-Mbpdg
2026-01-26T11:52:33.197+01:00  INFO 24840 --- [http-nio-9092-exec-6] c.m.g.JWT.JwtAuthenticationFilter        : Bearer eyJhbGciOiJIUzUxMiJ9.eyJzdWIiOiJhZG1pbiIsImlhdCI6MTc2OTQyNDY2NSwiZXhwIjoxNzY5NDI2MTA1fQ.bBQa-iDJyjZHli1A6OFgHIuKbLGLdsSc_SJN-f3Z9BjDHqkkEZ5iF74NZIYfhFSSfLPx6oE07NFU234g-Mbpdg
2026-01-26T11:52:33.200+01:00  INFO 24840 --- [http-nio-9092-exec-6] c.m.g.JWT.JwtAuthenticationFilter        : admin
2026-01-26T11:52:33.200+01:00  INFO 24840 --- [http-nio-9092-exec-8] c.m.g.JWT.JwtAuthenticationFilter        : admin
2026-01-26T11:52:33.208+01:00  INFO 24840 --- [http-nio-9092-exec-8] c.m.g.JWT.JwtAuthenticationFilter        : Token válido
2026-01-26T11:52:33.208+01:00  INFO 24840 --- [http-nio-9092-exec-6] c.m.g.JWT.JwtAuthenticationFilter        : Token válido
2026-01-26T11:52:33.208+01:00  INFO 24840 --- [http-nio-9092-exec-6] c.m.g.JWT.JwtAuthenticationFilter        : admin
2026-01-26T11:52:33.208+01:00  INFO 24840 --- [http-nio-9092-exec-8] c.m.g.JWT.JwtAuthenticationFilter        : admin
2026-01-26T11:52:33.209+01:00 DEBUG 24840 --- [http-nio-9092-exec-8] s.w.s.m.m.a.RequestMappingHandlerMapping : Mapped to com.melilla.gestPlanes.controller.DashBoardController#trabajadoresdeBaja(Long)
2026-01-26T11:52:33.209+01:00 DEBUG 24840 --- [http-nio-9092-exec-6] s.w.s.m.m.a.RequestMappingHandlerMapping : Mapped to com.melilla.gestPlanes.controller.DashBoardController#trabajadoresPorEstadoGenero(Long)
2026-01-26T11:52:33.209+01:00 DEBUG 24840 --- [http-nio-9092-exec-8] s.w.s.m.m.a.RequestMappingHandlerMapping : Mapped to com.melilla.gestPlanes.controller.DashBoardController#trabajadoresdeBaja(Long)
2026-01-26T11:52:33.209+01:00 DEBUG 24840 --- [http-nio-9092-exec-6] s.w.s.m.m.a.RequestMappingHandlerMapping : Mapped to com.melilla.gestPlanes.controller.DashBoardController#trabajadoresPorEstadoGenero(Long)
2026-01-26T11:52:33.209+01:00 DEBUG 24840 --- [http-nio-9092-exec-8] s.w.s.m.m.a.RequestMappingHandlerMapping : Mapped to com.melilla.gestPlanes.controller.DashBoardController#trabajadoresdeBaja(Long)
2026-01-26T11:52:33.209+01:00 DEBUG 24840 --- [http-nio-9092-exec-6] s.w.s.m.m.a.RequestMappingHandlerMapping : Mapped to com.melilla.gestPlanes.controller.DashBoardController#trabajadoresPorEstadoGenero(Long)
2026-01-26T11:52:33.209+01:00 DEBUG 24840 --- [http-nio-9092-exec-8] s.w.s.m.m.a.RequestMappingHandlerMapping : Mapped to com.melilla.gestPlanes.controller.DashBoardController#trabajadoresdeBaja(Long)
2026-01-26T11:52:33.209+01:00 DEBUG 24840 --- [http-nio-9092-exec-6] s.w.s.m.m.a.RequestMappingHandlerMapping : Mapped to com.melilla.gestPlanes.controller.DashBoardController#trabajadoresPorEstadoGenero(Long)
2026-01-26T11:52:33.209+01:00 DEBUG 24840 --- [http-nio-9092-exec-8] s.w.s.m.m.a.RequestMappingHandlerMapping : Mapped to com.melilla.gestPlanes.controller.DashBoardController#trabajadoresdeBaja(Long)
2026-01-26T11:52:33.209+01:00 DEBUG 24840 --- [http-nio-9092-exec-6] s.w.s.m.m.a.RequestMappingHandlerMapping : Mapped to com.melilla.gestPlanes.controller.DashBoardController#trabajadoresPorEstadoGenero(Long)
2026-01-26T11:52:33.209+01:00 DEBUG 24840 --- [http-nio-9092-exec-8] s.w.s.m.m.a.RequestMappingHandlerMapping : Mapped to com.melilla.gestPlanes.controller.DashBoardController#trabajadoresdeBaja(Long)
2026-01-26T11:52:33.209+01:00 DEBUG 24840 --- [http-nio-9092-exec-6] s.w.s.m.m.a.RequestMappingHandlerMapping : Mapped to com.melilla.gestPlanes.controller.DashBoardController#trabajadoresPorEstadoGenero(Long)
2026-01-26T11:52:33.209+01:00 DEBUG 24840 --- [http-nio-9092-exec-8] s.w.s.m.m.a.RequestMappingHandlerMapping : Mapped to com.melilla.gestPlanes.controller.DashBoardController#trabajadoresdeBaja(Long)
2026-01-26T11:52:33.209+01:00 DEBUG 24840 --- [http-nio-9092-exec-6] s.w.s.m.m.a.RequestMappingHandlerMapping : Mapped to com.melilla.gestPlanes.controller.DashBoardController#trabajadoresPorEstadoGenero(Long)
2026-01-26T11:52:33.209+01:00 DEBUG 24840 --- [http-nio-9092-exec-6] o.s.web.servlet.DispatcherServlet        : GET "/dashBoard/ciudadanoPorEstado/120", parameters={}
2026-01-26T11:52:33.209+01:00 DEBUG 24840 --- [http-nio-9092-exec-8] o.s.web.servlet.DispatcherServlet        : GET "/dashBoard/bajas/120", parameters={}
2026-01-26T11:52:33.211+01:00 DEBUG 24840 --- [http-nio-9092-exec-8] s.w.s.m.m.a.RequestMappingHandlerMapping : Mapped to com.melilla.gestPlanes.controller.DashBoardController#trabajadoresdeBaja(Long)
2026-01-26T11:52:33.211+01:00 DEBUG 24840 --- [http-nio-9092-exec-6] s.w.s.m.m.a.RequestMappingHandlerMapping : Mapped to com.melilla.gestPlanes.controller.DashBoardController#trabajadoresPorEstadoGenero(Long)
2026-01-26T11:52:33.218+01:00 DEBUG 24840 --- [http-nio-9092-exec-8] o.s.w.s.m.m.a.HttpEntityMethodProcessor  : Using 'application/json', given [application/json, text/plain, */*] and supported [application/json, application/*+json]
2026-01-26T11:52:33.218+01:00 DEBUG 24840 --- [http-nio-9092-exec-8] o.s.w.s.m.m.a.HttpEntityMethodProcessor  : Writing [ApiResponse(estado=null, payload=[DashBoardBajasDTO(baja=laboral, cantidad=0), DashBoardBajasDTO(baj (truncated)...]
2026-01-26T11:52:33.219+01:00 DEBUG 24840 --- [http-nio-9092-exec-8] o.s.web.servlet.DispatcherServlet        : Completed 200 OK
2026-01-26T11:52:33.220+01:00 DEBUG 24840 --- [http-nio-9092-exec-6] o.s.w.s.m.m.a.HttpEntityMethodProcessor  : Using 'application/json', given [application/json, text/plain, */*] and supported [application/json, application/*+json]
2026-01-26T11:52:33.220+01:00 DEBUG 24840 --- [http-nio-9092-exec-6] o.s.w.s.m.m.a.HttpEntityMethodProcessor  : Writing [ApiResponse(estado=null, payload=[DashBoardEstadoGeneroDTO(estado=CANDIDATO/A, hombres=0, mujeres=3) (truncated)...]
2026-01-26T11:52:33.222+01:00 DEBUG 24840 --- [http-nio-9092-exec-6] o.s.web.servlet.DispatcherServlet        : Completed 200 OK
2026-01-26T11:52:39.035+01:00  INFO 24840 --- [http-nio-9092-exec-3] c.m.g.JWT.JwtAuthenticationFilter        : Bearer eyJhbGciOiJIUzUxMiJ9.eyJzdWIiOiJhZG1pbiIsImlhdCI6MTc2OTQyNDY2NSwiZXhwIjoxNzY5NDI2MTA1fQ.bBQa-iDJyjZHli1A6OFgHIuKbLGLdsSc_SJN-f3Z9BjDHqkkEZ5iF74NZIYfhFSSfLPx6oE07NFU234g-Mbpdg
2026-01-26T11:52:39.036+01:00  INFO 24840 --- [http-nio-9092-exec-3] c.m.g.JWT.JwtAuthenticationFilter        : admin
2026-01-26T11:52:39.043+01:00  INFO 24840 --- [http-nio-9092-exec-3] c.m.g.JWT.JwtAuthenticationFilter        : Token válido
2026-01-26T11:52:39.043+01:00  INFO 24840 --- [http-nio-9092-exec-3] c.m.g.JWT.JwtAuthenticationFilter        : admin
2026-01-26T11:52:39.044+01:00 DEBUG 24840 --- [http-nio-9092-exec-3] s.w.s.m.m.a.RequestMappingHandlerMapping : Mapped to com.melilla.gestPlanes.controller.CiudadanoController#obtenerTrabajadorPorDNI(String)
2026-01-26T11:52:39.044+01:00 DEBUG 24840 --- [http-nio-9092-exec-3] s.w.s.m.m.a.RequestMappingHandlerMapping : Mapped to com.melilla.gestPlanes.controller.CiudadanoController#obtenerTrabajadorPorDNI(String)
2026-01-26T11:52:39.044+01:00 DEBUG 24840 --- [http-nio-9092-exec-3] s.w.s.m.m.a.RequestMappingHandlerMapping : Mapped to com.melilla.gestPlanes.controller.CiudadanoController#obtenerTrabajadorPorDNI(String)
2026-01-26T11:52:39.044+01:00 DEBUG 24840 --- [http-nio-9092-exec-3] s.w.s.m.m.a.RequestMappingHandlerMapping : Mapped to com.melilla.gestPlanes.controller.CiudadanoController#obtenerTrabajadorPorDNI(String)
2026-01-26T11:52:39.044+01:00 DEBUG 24840 --- [http-nio-9092-exec-3] s.w.s.m.m.a.RequestMappingHandlerMapping : Mapped to com.melilla.gestPlanes.controller.CiudadanoController#obtenerTrabajadorPorDNI(String)
2026-01-26T11:52:39.045+01:00 DEBUG 24840 --- [http-nio-9092-exec-3] s.w.s.m.m.a.RequestMappingHandlerMapping : Mapped to com.melilla.gestPlanes.controller.CiudadanoController#obtenerTrabajadorPorDNI(String)
2026-01-26T11:52:39.045+01:00 DEBUG 24840 --- [http-nio-9092-exec-3] s.w.s.m.m.a.RequestMappingHandlerMapping : Mapped to com.melilla.gestPlanes.controller.CiudadanoController#obtenerTrabajadorPorDNI(String)
2026-01-26T11:52:39.045+01:00 DEBUG 24840 --- [http-nio-9092-exec-3] o.s.web.servlet.DispatcherServlet        : GET "/trabajador/45300589L", parameters={}
2026-01-26T11:52:39.045+01:00 DEBUG 24840 --- [http-nio-9092-exec-3] s.w.s.m.m.a.RequestMappingHandlerMapping : Mapped to com.melilla.gestPlanes.controller.CiudadanoController#obtenerTrabajadorPorDNI(String)
2026-01-26T11:52:39.050+01:00  INFO 24840 --- [http-nio-9092-exec-3] c.m.g.service.impl.PlanServiceImpl       : obtenido el plan: 2024-2025
2026-01-26T11:52:39.050+01:00  INFO 24840 --- [http-nio-9092-exec-3] c.m.g.service.impl.PlanServiceImpl       : IdPlanTrabajo usuario logado: 120
2026-01-26T11:52:39.050+01:00  INFO 24840 --- [http-nio-9092-exec-3] c.m.g.service.impl.PlanServiceImpl       : IdPlanActivo: 11
2026-01-26T11:52:39.053+01:00  INFO 24840 --- [http-nio-9092-exec-3] c.m.g.service.impl.PlanServiceImpl       : Plan activo: 120 2025-2026
2026-01-26T11:52:39.080+01:00 DEBUG 24840 --- [http-nio-9092-exec-3] o.s.w.s.m.m.a.HttpEntityMethodProcessor  : Using 'application/json', given [application/json, text/plain, */*] and supported [application/json, application/*+json]
2026-01-26T11:52:39.082+01:00 DEBUG 24840 --- [http-nio-9092-exec-3] o.s.w.s.m.m.a.HttpEntityMethodProcessor  : Writing [ApiResponse(estado=null, payload=[com.melilla.gestPlanes.model.Ciudadano@12e78406, com.melilla.gestP (truncated)...]
2026-01-26T11:52:39.126+01:00 DEBUG 24840 --- [http-nio-9092-exec-3] o.s.web.servlet.DispatcherServlet        : Completed 200 OK
2026-01-26T11:53:33.593+01:00  INFO 24840 --- [http-nio-9092-exec-10] c.m.g.JWT.JwtAuthenticationFilter        : Bearer eyJhbGciOiJIUzUxMiJ9.eyJzdWIiOiJhZG1pbiIsImlhdCI6MTc2OTQyNDY2NSwiZXhwIjoxNzY5NDI2MTA1fQ.bBQa-iDJyjZHli1A6OFgHIuKbLGLdsSc_SJN-f3Z9BjDHqkkEZ5iF74NZIYfhFSSfLPx6oE07NFU234g-Mbpdg
2026-01-26T11:53:33.595+01:00  INFO 24840 --- [http-nio-9092-exec-10] c.m.g.JWT.JwtAuthenticationFilter        : admin
2026-01-26T11:53:33.605+01:00  INFO 24840 --- [http-nio-9092-exec-10] c.m.g.JWT.JwtAuthenticationFilter        : Token válido
2026-01-26T11:53:33.606+01:00  INFO 24840 --- [http-nio-9092-exec-10] c.m.g.JWT.JwtAuthenticationFilter        : admin
2026-01-26T11:53:33.606+01:00 DEBUG 24840 --- [http-nio-9092-exec-10] s.w.s.m.m.a.RequestMappingHandlerMapping : Mapped to com.melilla.gestPlanes.controller.CiudadanoController#obtenerTrabajadorPorDNI(String)
2026-01-26T11:53:33.606+01:00 DEBUG 24840 --- [http-nio-9092-exec-10] s.w.s.m.m.a.RequestMappingHandlerMapping : Mapped to com.melilla.gestPlanes.controller.CiudadanoController#obtenerTrabajadorPorDNI(String)
2026-01-26T11:53:33.607+01:00 DEBUG 24840 --- [http-nio-9092-exec-10] s.w.s.m.m.a.RequestMappingHandlerMapping : Mapped to com.melilla.gestPlanes.controller.CiudadanoController#obtenerTrabajadorPorDNI(String)
2026-01-26T11:53:33.607+01:00 DEBUG 24840 --- [http-nio-9092-exec-10] s.w.s.m.m.a.RequestMappingHandlerMapping : Mapped to com.melilla.gestPlanes.controller.CiudadanoController#obtenerTrabajadorPorDNI(String)
2026-01-26T11:53:33.607+01:00 DEBUG 24840 --- [http-nio-9092-exec-10] s.w.s.m.m.a.RequestMappingHandlerMapping : Mapped to com.melilla.gestPlanes.controller.CiudadanoController#obtenerTrabajadorPorDNI(String)
2026-01-26T11:53:33.607+01:00 DEBUG 24840 --- [http-nio-9092-exec-10] s.w.s.m.m.a.RequestMappingHandlerMapping : Mapped to com.melilla.gestPlanes.controller.CiudadanoController#obtenerTrabajadorPorDNI(String)
2026-01-26T11:53:33.608+01:00 DEBUG 24840 --- [http-nio-9092-exec-10] s.w.s.m.m.a.RequestMappingHandlerMapping : Mapped to com.melilla.gestPlanes.controller.CiudadanoController#obtenerTrabajadorPorDNI(String)
2026-01-26T11:53:33.608+01:00 DEBUG 24840 --- [http-nio-9092-exec-10] o.s.web.servlet.DispatcherServlet        : GET "/trabajador/45300589L", parameters={}
2026-01-26T11:53:33.608+01:00 DEBUG 24840 --- [http-nio-9092-exec-10] s.w.s.m.m.a.RequestMappingHandlerMapping : Mapped to com.melilla.gestPlanes.controller.CiudadanoController#obtenerTrabajadorPorDNI(String)
2026-01-26T11:53:33.611+01:00  INFO 24840 --- [http-nio-9092-exec-10] c.m.g.service.impl.PlanServiceImpl       : obtenido el plan: 2024-2025
2026-01-26T11:53:33.611+01:00  INFO 24840 --- [http-nio-9092-exec-10] c.m.g.service.impl.PlanServiceImpl       : IdPlanTrabajo usuario logado: 120
2026-01-26T11:53:33.611+01:00  INFO 24840 --- [http-nio-9092-exec-10] c.m.g.service.impl.PlanServiceImpl       : IdPlanActivo: 11
2026-01-26T11:53:33.612+01:00  INFO 24840 --- [http-nio-9092-exec-10] c.m.g.service.impl.PlanServiceImpl       : Plan activo: 120 2025-2026
2026-01-26T11:53:33.633+01:00 DEBUG 24840 --- [http-nio-9092-exec-10] o.s.w.s.m.m.a.HttpEntityMethodProcessor  : Using 'application/json', given [application/json, text/plain, */*] and supported [application/json, application/*+json]
2026-01-26T11:53:33.633+01:00 DEBUG 24840 --- [http-nio-9092-exec-10] o.s.w.s.m.m.a.HttpEntityMethodProcessor  : Writing [ApiResponse(estado=null, payload=[com.melilla.gestPlanes.model.Ciudadano@f4c64c2, com.melilla.gestPl (truncated)...]
2026-01-26T11:53:33.651+01:00 DEBUG 24840 --- [http-nio-9092-exec-10] o.s.web.servlet.DispatcherServlet        : Completed 200 OK
2026-01-26T11:53:37.162+01:00  INFO 24840 --- [http-nio-9092-exec-6] c.m.g.JWT.JwtAuthenticationFilter        : Bearer eyJhbGciOiJIUzUxMiJ9.eyJzdWIiOiJhZG1pbiIsImlhdCI6MTc2OTQyNDY2NSwiZXhwIjoxNzY5NDI2MTA1fQ.bBQa-iDJyjZHli1A6OFgHIuKbLGLdsSc_SJN-f3Z9BjDHqkkEZ5iF74NZIYfhFSSfLPx6oE07NFU234g-Mbpdg
2026-01-26T11:53:37.165+01:00  INFO 24840 --- [http-nio-9092-exec-6] c.m.g.JWT.JwtAuthenticationFilter        : admin
2026-01-26T11:53:37.179+01:00  INFO 24840 --- [http-nio-9092-exec-6] c.m.g.JWT.JwtAuthenticationFilter        : Token válido
2026-01-26T11:53:37.179+01:00  INFO 24840 --- [http-nio-9092-exec-6] c.m.g.JWT.JwtAuthenticationFilter        : admin
2026-01-26T11:53:37.180+01:00 DEBUG 24840 --- [http-nio-9092-exec-6] s.w.s.m.m.a.RequestMappingHandlerMapping : Mapped to com.melilla.gestPlanes.controller.CiudadanoController#listadoVacantes()
2026-01-26T11:53:37.180+01:00 DEBUG 24840 --- [http-nio-9092-exec-6] s.w.s.m.m.a.RequestMappingHandlerMapping : Mapped to com.melilla.gestPlanes.controller.CiudadanoController#listadoVacantes()
2026-01-26T11:53:37.180+01:00 DEBUG 24840 --- [http-nio-9092-exec-6] s.w.s.m.m.a.RequestMappingHandlerMapping : Mapped to com.melilla.gestPlanes.controller.CiudadanoController#listadoVacantes()
2026-01-26T11:53:37.180+01:00 DEBUG 24840 --- [http-nio-9092-exec-6] s.w.s.m.m.a.RequestMappingHandlerMapping : Mapped to com.melilla.gestPlanes.controller.CiudadanoController#listadoVacantes()
2026-01-26T11:53:37.180+01:00 DEBUG 24840 --- [http-nio-9092-exec-6] s.w.s.m.m.a.RequestMappingHandlerMapping : Mapped to com.melilla.gestPlanes.controller.CiudadanoController#listadoVacantes()
2026-01-26T11:53:37.180+01:00 DEBUG 24840 --- [http-nio-9092-exec-6] s.w.s.m.m.a.RequestMappingHandlerMapping : Mapped to com.melilla.gestPlanes.controller.CiudadanoController#listadoVacantes()
2026-01-26T11:53:37.181+01:00 DEBUG 24840 --- [http-nio-9092-exec-6] s.w.s.m.m.a.RequestMappingHandlerMapping : Mapped to com.melilla.gestPlanes.controller.CiudadanoController#listadoVacantes()
2026-01-26T11:53:37.181+01:00 DEBUG 24840 --- [http-nio-9092-exec-6] o.s.web.servlet.DispatcherServlet        : GET "/listadoVacantes", parameters={}
2026-01-26T11:53:37.181+01:00 DEBUG 24840 --- [http-nio-9092-exec-6] s.w.s.m.m.a.RequestMappingHandlerMapping : Mapped to com.melilla.gestPlanes.controller.CiudadanoController#listadoVacantes()
2026-01-26T11:53:37.190+01:00  INFO 24840 --- [http-nio-9092-exec-6] c.m.g.service.impl.CiudadanoServiceImpl  : obtenido el plan: 2024-2025
2026-01-26T11:53:37.190+01:00  INFO 24840 --- [http-nio-9092-exec-6] c.m.g.service.impl.CiudadanoServiceImpl  : IdPlanTrabajo usuario logado: 120
2026-01-26T11:53:37.190+01:00  INFO 24840 --- [http-nio-9092-exec-6] c.m.g.service.impl.CiudadanoServiceImpl  : IdPlanActivo: 11
2026-01-26T11:53:37.192+01:00  INFO 24840 --- [http-nio-9092-exec-6] c.m.g.service.impl.CiudadanoServiceImpl  : id result: 120
2026-01-26T11:53:37.968+01:00  INFO 24840 --- [http-nio-9092-exec-5] c.m.g.JWT.JwtAuthenticationFilter        : Bearer eyJhbGciOiJIUzUxMiJ9.eyJzdWIiOiJhZG1pbiIsImlhdCI6MTc2OTQyNDY2NSwiZXhwIjoxNzY5NDI2MTA1fQ.bBQa-iDJyjZHli1A6OFgHIuKbLGLdsSc_SJN-f3Z9BjDHqkkEZ5iF74NZIYfhFSSfLPx6oE07NFU234g-Mbpdg
2026-01-26T11:53:37.970+01:00  INFO 24840 --- [http-nio-9092-exec-5] c.m.g.JWT.JwtAuthenticationFilter        : admin
2026-01-26T11:53:37.973+01:00  INFO 24840 --- [http-nio-9092-exec-9] c.m.g.JWT.JwtAuthenticationFilter        : Bearer eyJhbGciOiJIUzUxMiJ9.eyJzdWIiOiJhZG1pbiIsImlhdCI6MTc2OTQyNDY2NSwiZXhwIjoxNzY5NDI2MTA1fQ.bBQa-iDJyjZHli1A6OFgHIuKbLGLdsSc_SJN-f3Z9BjDHqkkEZ5iF74NZIYfhFSSfLPx6oE07NFU234g-Mbpdg
2026-01-26T11:53:37.976+01:00  INFO 24840 --- [http-nio-9092-exec-9] c.m.g.JWT.JwtAuthenticationFilter        : admin
2026-01-26T11:53:37.979+01:00  INFO 24840 --- [http-nio-9092-exec-5] c.m.g.JWT.JwtAuthenticationFilter        : Token válido
2026-01-26T11:53:37.980+01:00  INFO 24840 --- [http-nio-9092-exec-5] c.m.g.JWT.JwtAuthenticationFilter        : admin
2026-01-26T11:53:37.980+01:00 DEBUG 24840 --- [http-nio-9092-exec-5] s.w.s.m.m.a.RequestMappingHandlerMapping : Mapped to com.melilla.gestPlanes.controller.DashBoardController#trabajadoresPorEstadoGenero(Long)
2026-01-26T11:53:37.982+01:00 DEBUG 24840 --- [http-nio-9092-exec-5] s.w.s.m.m.a.RequestMappingHandlerMapping : Mapped to com.melilla.gestPlanes.controller.DashBoardController#trabajadoresPorEstadoGenero(Long)
2026-01-26T11:53:37.983+01:00 DEBUG 24840 --- [http-nio-9092-exec-5] s.w.s.m.m.a.RequestMappingHandlerMapping : Mapped to com.melilla.gestPlanes.controller.DashBoardController#trabajadoresPorEstadoGenero(Long)
2026-01-26T11:53:37.983+01:00 DEBUG 24840 --- [http-nio-9092-exec-5] s.w.s.m.m.a.RequestMappingHandlerMapping : Mapped to com.melilla.gestPlanes.controller.DashBoardController#trabajadoresPorEstadoGenero(Long)
2026-01-26T11:53:37.983+01:00 DEBUG 24840 --- [http-nio-9092-exec-5] s.w.s.m.m.a.RequestMappingHandlerMapping : Mapped to com.melilla.gestPlanes.controller.DashBoardController#trabajadoresPorEstadoGenero(Long)
2026-01-26T11:53:37.984+01:00 DEBUG 24840 --- [http-nio-9092-exec-5] s.w.s.m.m.a.RequestMappingHandlerMapping : Mapped to com.melilla.gestPlanes.controller.DashBoardController#trabajadoresPorEstadoGenero(Long)
2026-01-26T11:53:37.985+01:00  INFO 24840 --- [http-nio-9092-exec-9] c.m.g.JWT.JwtAuthenticationFilter        : Token válido
2026-01-26T11:53:37.985+01:00  INFO 24840 --- [http-nio-9092-exec-9] c.m.g.JWT.JwtAuthenticationFilter        : admin
2026-01-26T11:53:37.987+01:00 DEBUG 24840 --- [http-nio-9092-exec-5] s.w.s.m.m.a.RequestMappingHandlerMapping : Mapped to com.melilla.gestPlanes.controller.DashBoardController#trabajadoresPorEstadoGenero(Long)
2026-01-26T11:53:37.987+01:00 DEBUG 24840 --- [http-nio-9092-exec-5] o.s.web.servlet.DispatcherServlet        : GET "/dashBoard/ciudadanoPorEstado/120", parameters={}
2026-01-26T11:53:37.987+01:00 DEBUG 24840 --- [http-nio-9092-exec-9] s.w.s.m.m.a.RequestMappingHandlerMapping : Mapped to com.melilla.gestPlanes.controller.DashBoardController#trabajadoresdeBaja(Long)
2026-01-26T11:53:37.987+01:00 DEBUG 24840 --- [http-nio-9092-exec-9] s.w.s.m.m.a.RequestMappingHandlerMapping : Mapped to com.melilla.gestPlanes.controller.DashBoardController#trabajadoresdeBaja(Long)
2026-01-26T11:53:37.987+01:00 DEBUG 24840 --- [http-nio-9092-exec-5] s.w.s.m.m.a.RequestMappingHandlerMapping : Mapped to com.melilla.gestPlanes.controller.DashBoardController#trabajadoresPorEstadoGenero(Long)
2026-01-26T11:53:37.988+01:00 DEBUG 24840 --- [http-nio-9092-exec-9] s.w.s.m.m.a.RequestMappingHandlerMapping : Mapped to com.melilla.gestPlanes.controller.DashBoardController#trabajadoresdeBaja(Long)
2026-01-26T11:53:37.988+01:00 DEBUG 24840 --- [http-nio-9092-exec-9] s.w.s.m.m.a.RequestMappingHandlerMapping : Mapped to com.melilla.gestPlanes.controller.DashBoardController#trabajadoresdeBaja(Long)
2026-01-26T11:53:37.989+01:00 DEBUG 24840 --- [http-nio-9092-exec-9] s.w.s.m.m.a.RequestMappingHandlerMapping : Mapped to com.melilla.gestPlanes.controller.DashBoardController#trabajadoresdeBaja(Long)
2026-01-26T11:53:37.989+01:00 DEBUG 24840 --- [http-nio-9092-exec-9] s.w.s.m.m.a.RequestMappingHandlerMapping : Mapped to com.melilla.gestPlanes.controller.DashBoardController#trabajadoresdeBaja(Long)
2026-01-26T11:53:37.989+01:00 DEBUG 24840 --- [http-nio-9092-exec-9] s.w.s.m.m.a.RequestMappingHandlerMapping : Mapped to com.melilla.gestPlanes.controller.DashBoardController#trabajadoresdeBaja(Long)
2026-01-26T11:53:37.989+01:00 DEBUG 24840 --- [http-nio-9092-exec-9] o.s.web.servlet.DispatcherServlet        : GET "/dashBoard/bajas/120", parameters={}
2026-01-26T11:53:37.990+01:00 DEBUG 24840 --- [http-nio-9092-exec-9] s.w.s.m.m.a.RequestMappingHandlerMapping : Mapped to com.melilla.gestPlanes.controller.DashBoardController#trabajadoresdeBaja(Long)
2026-01-26T11:53:37.993+01:00 DEBUG 24840 --- [http-nio-9092-exec-9] o.s.w.s.m.m.a.HttpEntityMethodProcessor  : Using 'application/json', given [application/json, text/plain, */*] and supported [application/json, application/*+json]
2026-01-26T11:53:37.993+01:00 DEBUG 24840 --- [http-nio-9092-exec-9] o.s.w.s.m.m.a.HttpEntityMethodProcessor  : Writing [ApiResponse(estado=null, payload=[DashBoardBajasDTO(baja=laboral, cantidad=0), DashBoardBajasDTO(baj (truncated)...]
2026-01-26T11:53:37.994+01:00 DEBUG 24840 --- [http-nio-9092-exec-9] o.s.web.servlet.DispatcherServlet        : Completed 200 OK
2026-01-26T11:53:38.000+01:00 DEBUG 24840 --- [http-nio-9092-exec-5] o.s.w.s.m.m.a.HttpEntityMethodProcessor  : Using 'application/json', given [application/json, text/plain, */*] and supported [application/json, application/*+json]
2026-01-26T11:53:38.000+01:00 DEBUG 24840 --- [http-nio-9092-exec-5] o.s.w.s.m.m.a.HttpEntityMethodProcessor  : Writing [ApiResponse(estado=null, payload=[DashBoardEstadoGeneroDTO(estado=CANDIDATO/A, hombres=0, mujeres=3) (truncated)...]
2026-01-26T11:53:38.001+01:00 DEBUG 24840 --- [http-nio-9092-exec-5] o.s.web.servlet.DispatcherServlet        : Completed 200 OK
2026-01-26T11:53:38.009+01:00  INFO 24840 --- [http-nio-9092-exec-7] c.m.g.JWT.JwtAuthenticationFilter        : Bearer eyJhbGciOiJIUzUxMiJ9.eyJzdWIiOiJhZG1pbiIsImlhdCI6MTc2OTQyNDY2NSwiZXhwIjoxNzY5NDI2MTA1fQ.bBQa-iDJyjZHli1A6OFgHIuKbLGLdsSc_SJN-f3Z9BjDHqkkEZ5iF74NZIYfhFSSfLPx6oE07NFU234g-Mbpdg
2026-01-26T11:53:38.011+01:00  INFO 24840 --- [http-nio-9092-exec-7] c.m.g.JWT.JwtAuthenticationFilter        : admin
2026-01-26T11:53:38.011+01:00  INFO 24840 --- [http-nio-9092-exec-8] c.m.g.JWT.JwtAuthenticationFilter        : Bearer eyJhbGciOiJIUzUxMiJ9.eyJzdWIiOiJhZG1pbiIsImlhdCI6MTc2OTQyNDY2NSwiZXhwIjoxNzY5NDI2MTA1fQ.bBQa-iDJyjZHli1A6OFgHIuKbLGLdsSc_SJN-f3Z9BjDHqkkEZ5iF74NZIYfhFSSfLPx6oE07NFU234g-Mbpdg
2026-01-26T11:53:38.015+01:00  INFO 24840 --- [http-nio-9092-exec-8] c.m.g.JWT.JwtAuthenticationFilter        : admin
2026-01-26T11:53:38.024+01:00  INFO 24840 --- [http-nio-9092-exec-7] c.m.g.JWT.JwtAuthenticationFilter        : Token válido
2026-01-26T11:53:38.024+01:00  INFO 24840 --- [http-nio-9092-exec-7] c.m.g.JWT.JwtAuthenticationFilter        : admin
2026-01-26T11:53:38.024+01:00  INFO 24840 --- [http-nio-9092-exec-8] c.m.g.JWT.JwtAuthenticationFilter        : Token válido
2026-01-26T11:53:38.024+01:00  INFO 24840 --- [http-nio-9092-exec-8] c.m.g.JWT.JwtAuthenticationFilter        : admin
2026-01-26T11:53:38.024+01:00 DEBUG 24840 --- [http-nio-9092-exec-7] s.w.s.m.m.a.RequestMappingHandlerMapping : Mapped to com.melilla.gestPlanes.controller.DashBoardController#trabajadoresdeBaja(Long)
2026-01-26T11:53:38.024+01:00 DEBUG 24840 --- [http-nio-9092-exec-8] s.w.s.m.m.a.RequestMappingHandlerMapping : Mapped to com.melilla.gestPlanes.controller.DashBoardController#trabajadoresPorEstadoGenero(Long)
2026-01-26T11:53:38.024+01:00 DEBUG 24840 --- [http-nio-9092-exec-7] s.w.s.m.m.a.RequestMappingHandlerMapping : Mapped to com.melilla.gestPlanes.controller.DashBoardController#trabajadoresdeBaja(Long)
2026-01-26T11:53:38.024+01:00 DEBUG 24840 --- [http-nio-9092-exec-8] s.w.s.m.m.a.RequestMappingHandlerMapping : Mapped to com.melilla.gestPlanes.controller.DashBoardController#trabajadoresPorEstadoGenero(Long)
2026-01-26T11:53:38.024+01:00 DEBUG 24840 --- [http-nio-9092-exec-7] s.w.s.m.m.a.RequestMappingHandlerMapping : Mapped to com.melilla.gestPlanes.controller.DashBoardController#trabajadoresdeBaja(Long)
2026-01-26T11:53:38.024+01:00 DEBUG 24840 --- [http-nio-9092-exec-8] s.w.s.m.m.a.RequestMappingHandlerMapping : Mapped to com.melilla.gestPlanes.controller.DashBoardController#trabajadoresPorEstadoGenero(Long)
2026-01-26T11:53:38.026+01:00 DEBUG 24840 --- [http-nio-9092-exec-8] s.w.s.m.m.a.RequestMappingHandlerMapping : Mapped to com.melilla.gestPlanes.controller.DashBoardController#trabajadoresPorEstadoGenero(Long)
2026-01-26T11:53:38.026+01:00 DEBUG 24840 --- [http-nio-9092-exec-7] s.w.s.m.m.a.RequestMappingHandlerMapping : Mapped to com.melilla.gestPlanes.controller.DashBoardController#trabajadoresdeBaja(Long)
2026-01-26T11:53:38.026+01:00 DEBUG 24840 --- [http-nio-9092-exec-7] s.w.s.m.m.a.RequestMappingHandlerMapping : Mapped to com.melilla.gestPlanes.controller.DashBoardController#trabajadoresdeBaja(Long)
2026-01-26T11:53:38.026+01:00 DEBUG 24840 --- [http-nio-9092-exec-8] s.w.s.m.m.a.RequestMappingHandlerMapping : Mapped to com.melilla.gestPlanes.controller.DashBoardController#trabajadoresPorEstadoGenero(Long)
2026-01-26T11:53:38.026+01:00 DEBUG 24840 --- [http-nio-9092-exec-7] s.w.s.m.m.a.RequestMappingHandlerMapping : Mapped to com.melilla.gestPlanes.controller.DashBoardController#trabajadoresdeBaja(Long)
2026-01-26T11:53:38.026+01:00 DEBUG 24840 --- [http-nio-9092-exec-8] s.w.s.m.m.a.RequestMappingHandlerMapping : Mapped to com.melilla.gestPlanes.controller.DashBoardController#trabajadoresPorEstadoGenero(Long)
2026-01-26T11:53:38.026+01:00 DEBUG 24840 --- [http-nio-9092-exec-7] s.w.s.m.m.a.RequestMappingHandlerMapping : Mapped to com.melilla.gestPlanes.controller.DashBoardController#trabajadoresdeBaja(Long)
2026-01-26T11:53:38.026+01:00 DEBUG 24840 --- [http-nio-9092-exec-8] s.w.s.m.m.a.RequestMappingHandlerMapping : Mapped to com.melilla.gestPlanes.controller.DashBoardController#trabajadoresPorEstadoGenero(Long)
2026-01-26T11:53:38.027+01:00 DEBUG 24840 --- [http-nio-9092-exec-8] o.s.web.servlet.DispatcherServlet        : GET "/dashBoard/ciudadanoPorEstado/120", parameters={}
2026-01-26T11:53:38.027+01:00 DEBUG 24840 --- [http-nio-9092-exec-7] o.s.web.servlet.DispatcherServlet        : GET "/dashBoard/bajas/120", parameters={}
2026-01-26T11:53:38.027+01:00 DEBUG 24840 --- [http-nio-9092-exec-7] s.w.s.m.m.a.RequestMappingHandlerMapping : Mapped to com.melilla.gestPlanes.controller.DashBoardController#trabajadoresdeBaja(Long)
2026-01-26T11:53:38.027+01:00 DEBUG 24840 --- [http-nio-9092-exec-8] s.w.s.m.m.a.RequestMappingHandlerMapping : Mapped to com.melilla.gestPlanes.controller.DashBoardController#trabajadoresPorEstadoGenero(Long)
2026-01-26T11:53:38.032+01:00 DEBUG 24840 --- [http-nio-9092-exec-7] o.s.w.s.m.m.a.HttpEntityMethodProcessor  : Using 'application/json', given [application/json, text/plain, */*] and supported [application/json, application/*+json]
2026-01-26T11:53:38.033+01:00 DEBUG 24840 --- [http-nio-9092-exec-7] o.s.w.s.m.m.a.HttpEntityMethodProcessor  : Writing [ApiResponse(estado=null, payload=[DashBoardBajasDTO(baja=laboral, cantidad=0), DashBoardBajasDTO(baj (truncated)...]
2026-01-26T11:53:38.037+01:00 DEBUG 24840 --- [http-nio-9092-exec-7] o.s.web.servlet.DispatcherServlet        : Completed 200 OK
2026-01-26T11:53:38.057+01:00 DEBUG 24840 --- [http-nio-9092-exec-8] o.s.w.s.m.m.a.HttpEntityMethodProcessor  : Using 'application/json', given [application/json, text/plain, */*] and supported [application/json, application/*+json]
2026-01-26T11:53:38.058+01:00 DEBUG 24840 --- [http-nio-9092-exec-8] o.s.w.s.m.m.a.HttpEntityMethodProcessor  : Writing [ApiResponse(estado=null, payload=[DashBoardEstadoGeneroDTO(estado=CANDIDATO/A, hombres=0, mujeres=3) (truncated)...]
2026-01-26T11:53:38.059+01:00 DEBUG 24840 --- [http-nio-9092-exec-8] o.s.web.servlet.DispatcherServlet        : Completed 200 OK
2026-01-26T11:53:38.239+01:00 DEBUG 24840 --- [http-nio-9092-exec-6] o.s.w.s.m.m.a.HttpEntityMethodProcessor  : Using 'application/json', given [application/json, text/plain, */*] and supported [application/json, application/*+json]
2026-01-26T11:53:38.246+01:00 DEBUG 24840 --- [http-nio-9092-exec-6] o.s.w.s.m.m.a.HttpEntityMethodProcessor  : Writing [ApiResponse(estado=null, payload=[VacantesResponseDTO(id=3167, idOrganismo=656, organismo=PUERTO, id (truncated)...]
2026-01-26T11:53:38.256+01:00 DEBUG 24840 --- [http-nio-9092-exec-6] o.s.web.servlet.DispatcherServlet        : Completed 200 OK
2026-01-26T11:53:38.268+01:00  INFO 24840 --- [http-nio-9092-exec-4] c.m.g.JWT.JwtAuthenticationFilter        : Bearer eyJhbGciOiJIUzUxMiJ9.eyJzdWIiOiJhZG1pbiIsImlhdCI6MTc2OTQyNDY2NSwiZXhwIjoxNzY5NDI2MTA1fQ.bBQa-iDJyjZHli1A6OFgHIuKbLGLdsSc_SJN-f3Z9BjDHqkkEZ5iF74NZIYfhFSSfLPx6oE07NFU234g-Mbpdg
2026-01-26T11:53:38.271+01:00  INFO 24840 --- [http-nio-9092-exec-4] c.m.g.JWT.JwtAuthenticationFilter        : admin
2026-01-26T11:53:38.279+01:00  INFO 24840 --- [http-nio-9092-exec-4] c.m.g.JWT.JwtAuthenticationFilter        : Token válido
2026-01-26T11:53:38.280+01:00  INFO 24840 --- [http-nio-9092-exec-4] c.m.g.JWT.JwtAuthenticationFilter        : admin
2026-01-26T11:53:38.281+01:00 DEBUG 24840 --- [http-nio-9092-exec-4] s.w.s.m.m.a.RequestMappingHandlerMapping : Mapped to com.melilla.gestPlanes.controller.CiudadanoController#listadoVacantes()
2026-01-26T11:53:38.281+01:00 DEBUG 24840 --- [http-nio-9092-exec-4] s.w.s.m.m.a.RequestMappingHandlerMapping : Mapped to com.melilla.gestPlanes.controller.CiudadanoController#listadoVacantes()
2026-01-26T11:53:38.281+01:00 DEBUG 24840 --- [http-nio-9092-exec-4] s.w.s.m.m.a.RequestMappingHandlerMapping : Mapped to com.melilla.gestPlanes.controller.CiudadanoController#listadoVacantes()
2026-01-26T11:53:38.281+01:00 DEBUG 24840 --- [http-nio-9092-exec-4] s.w.s.m.m.a.RequestMappingHandlerMapping : Mapped to com.melilla.gestPlanes.controller.CiudadanoController#listadoVacantes()
2026-01-26T11:53:38.281+01:00 DEBUG 24840 --- [http-nio-9092-exec-4] s.w.s.m.m.a.RequestMappingHandlerMapping : Mapped to com.melilla.gestPlanes.controller.CiudadanoController#listadoVacantes()
2026-01-26T11:53:38.281+01:00 DEBUG 24840 --- [http-nio-9092-exec-4] s.w.s.m.m.a.RequestMappingHandlerMapping : Mapped to com.melilla.gestPlanes.controller.CiudadanoController#listadoVacantes()
2026-01-26T11:53:38.281+01:00 DEBUG 24840 --- [http-nio-9092-exec-4] s.w.s.m.m.a.RequestMappingHandlerMapping : Mapped to com.melilla.gestPlanes.controller.CiudadanoController#listadoVacantes()
2026-01-26T11:53:38.282+01:00 DEBUG 24840 --- [http-nio-9092-exec-4] o.s.web.servlet.DispatcherServlet        : GET "/listadoVacantes", parameters={}
2026-01-26T11:53:38.282+01:00 DEBUG 24840 --- [http-nio-9092-exec-4] s.w.s.m.m.a.RequestMappingHandlerMapping : Mapped to com.melilla.gestPlanes.controller.CiudadanoController#listadoVacantes()
2026-01-26T11:53:38.286+01:00  INFO 24840 --- [http-nio-9092-exec-4] c.m.g.service.impl.CiudadanoServiceImpl  : obtenido el plan: 2024-2025
2026-01-26T11:53:38.286+01:00  INFO 24840 --- [http-nio-9092-exec-4] c.m.g.service.impl.CiudadanoServiceImpl  : IdPlanTrabajo usuario logado: 120
2026-01-26T11:53:38.286+01:00  INFO 24840 --- [http-nio-9092-exec-4] c.m.g.service.impl.CiudadanoServiceImpl  : IdPlanActivo: 11
2026-01-26T11:53:38.288+01:00  INFO 24840 --- [http-nio-9092-exec-4] c.m.g.service.impl.CiudadanoServiceImpl  : id result: 120
2026-01-26T11:53:38.978+01:00 DEBUG 24840 --- [http-nio-9092-exec-4] o.s.w.s.m.m.a.HttpEntityMethodProcessor  : Using 'application/json', given [application/json, text/plain, */*] and supported [application/json, application/*+json]
2026-01-26T11:53:38.979+01:00 DEBUG 24840 --- [http-nio-9092-exec-4] o.s.w.s.m.m.a.HttpEntityMethodProcessor  : Writing [ApiResponse(estado=null, payload=[VacantesResponseDTO(id=3167, idOrganismo=656, organismo=PUERTO, id (truncated)...]
2026-01-26T11:53:38.981+01:00 DEBUG 24840 --- [http-nio-9092-exec-4] o.s.web.servlet.DispatcherServlet        : Completed 200 OK
2026-01-26T11:53:42.594+01:00  INFO 24840 --- [http-nio-9092-exec-3] c.m.g.JWT.JwtAuthenticationFilter        : Bearer eyJhbGciOiJIUzUxMiJ9.eyJzdWIiOiJhZG1pbiIsImlhdCI6MTc2OTQyNDY2NSwiZXhwIjoxNzY5NDI2MTA1fQ.bBQa-iDJyjZHli1A6OFgHIuKbLGLdsSc_SJN-f3Z9BjDHqkkEZ5iF74NZIYfhFSSfLPx6oE07NFU234g-Mbpdg
2026-01-26T11:53:42.595+01:00  INFO 24840 --- [http-nio-9092-exec-3] c.m.g.JWT.JwtAuthenticationFilter        : admin
2026-01-26T11:53:42.603+01:00  INFO 24840 --- [http-nio-9092-exec-3] c.m.g.JWT.JwtAuthenticationFilter        : Token válido
2026-01-26T11:53:42.603+01:00  INFO 24840 --- [http-nio-9092-exec-3] c.m.g.JWT.JwtAuthenticationFilter        : admin
2026-01-26T11:53:42.604+01:00 DEBUG 24840 --- [http-nio-9092-exec-3] s.w.s.m.m.a.RequestMappingHandlerMapping : Mapped to com.melilla.gestPlanes.controller.CiudadanoController#obtenerTrabajadorPorDNI(String)
2026-01-26T11:53:42.604+01:00 DEBUG 24840 --- [http-nio-9092-exec-3] s.w.s.m.m.a.RequestMappingHandlerMapping : Mapped to com.melilla.gestPlanes.controller.CiudadanoController#obtenerTrabajadorPorDNI(String)
2026-01-26T11:53:42.604+01:00 DEBUG 24840 --- [http-nio-9092-exec-3] s.w.s.m.m.a.RequestMappingHandlerMapping : Mapped to com.melilla.gestPlanes.controller.CiudadanoController#obtenerTrabajadorPorDNI(String)
2026-01-26T11:53:42.604+01:00 DEBUG 24840 --- [http-nio-9092-exec-3] s.w.s.m.m.a.RequestMappingHandlerMapping : Mapped to com.melilla.gestPlanes.controller.CiudadanoController#obtenerTrabajadorPorDNI(String)
2026-01-26T11:53:42.604+01:00 DEBUG 24840 --- [http-nio-9092-exec-3] s.w.s.m.m.a.RequestMappingHandlerMapping : Mapped to com.melilla.gestPlanes.controller.CiudadanoController#obtenerTrabajadorPorDNI(String)
2026-01-26T11:53:42.604+01:00 DEBUG 24840 --- [http-nio-9092-exec-3] s.w.s.m.m.a.RequestMappingHandlerMapping : Mapped to com.melilla.gestPlanes.controller.CiudadanoController#obtenerTrabajadorPorDNI(String)
2026-01-26T11:53:42.605+01:00 DEBUG 24840 --- [http-nio-9092-exec-3] s.w.s.m.m.a.RequestMappingHandlerMapping : Mapped to com.melilla.gestPlanes.controller.CiudadanoController#obtenerTrabajadorPorDNI(String)
2026-01-26T11:53:42.605+01:00 DEBUG 24840 --- [http-nio-9092-exec-3] o.s.web.servlet.DispatcherServlet        : GET "/trabajador/45300589L", parameters={}
2026-01-26T11:53:42.605+01:00 DEBUG 24840 --- [http-nio-9092-exec-3] s.w.s.m.m.a.RequestMappingHandlerMapping : Mapped to com.melilla.gestPlanes.controller.CiudadanoController#obtenerTrabajadorPorDNI(String)
2026-01-26T11:53:42.607+01:00  INFO 24840 --- [http-nio-9092-exec-3] c.m.g.service.impl.PlanServiceImpl       : obtenido el plan: 2024-2025
2026-01-26T11:53:42.608+01:00  INFO 24840 --- [http-nio-9092-exec-3] c.m.g.service.impl.PlanServiceImpl       : IdPlanTrabajo usuario logado: 120
2026-01-26T11:53:42.608+01:00  INFO 24840 --- [http-nio-9092-exec-3] c.m.g.service.impl.PlanServiceImpl       : IdPlanActivo: 11
2026-01-26T11:53:42.609+01:00  INFO 24840 --- [http-nio-9092-exec-3] c.m.g.service.impl.PlanServiceImpl       : Plan activo: 120 2025-2026
2026-01-26T11:53:42.625+01:00 DEBUG 24840 --- [http-nio-9092-exec-3] o.s.w.s.m.m.a.HttpEntityMethodProcessor  : Using 'application/json', given [application/json, text/plain, */*] and supported [application/json, application/*+json]
2026-01-26T11:53:42.625+01:00 DEBUG 24840 --- [http-nio-9092-exec-3] o.s.w.s.m.m.a.HttpEntityMethodProcessor  : Writing [ApiResponse(estado=null, payload=[com.melilla.gestPlanes.model.Ciudadano@21262da5, com.melilla.gestP (truncated)...]
2026-01-26T11:53:42.641+01:00 DEBUG 24840 --- [http-nio-9092-exec-3] o.s.web.servlet.DispatcherServlet        : Completed 200 OK
2026-01-26T11:54:07.874+01:00  INFO 24840 --- [http-nio-9092-exec-9] c.m.g.JWT.JwtAuthenticationFilter        : Bearer eyJhbGciOiJIUzUxMiJ9.eyJzdWIiOiJhZG1pbiIsImlhdCI6MTc2OTQyNDY2NSwiZXhwIjoxNzY5NDI2MTA1fQ.bBQa-iDJyjZHli1A6OFgHIuKbLGLdsSc_SJN-f3Z9BjDHqkkEZ5iF74NZIYfhFSSfLPx6oE07NFU234g-Mbpdg
2026-01-26T11:54:07.876+01:00  INFO 24840 --- [http-nio-9092-exec-9] c.m.g.JWT.JwtAuthenticationFilter        : admin
2026-01-26T11:54:07.887+01:00  INFO 24840 --- [http-nio-9092-exec-9] c.m.g.JWT.JwtAuthenticationFilter        : Token válido
2026-01-26T11:54:07.887+01:00  INFO 24840 --- [http-nio-9092-exec-9] c.m.g.JWT.JwtAuthenticationFilter        : admin
2026-01-26T11:54:07.887+01:00 DEBUG 24840 --- [http-nio-9092-exec-9] s.w.s.m.m.a.RequestMappingHandlerMapping : Mapped to com.melilla.gestPlanes.controller.DocumentoController#tiposDeDocumentos()
2026-01-26T11:54:07.887+01:00 DEBUG 24840 --- [http-nio-9092-exec-9] s.w.s.m.m.a.RequestMappingHandlerMapping : Mapped to com.melilla.gestPlanes.controller.DocumentoController#tiposDeDocumentos()
2026-01-26T11:54:07.887+01:00 DEBUG 24840 --- [http-nio-9092-exec-9] s.w.s.m.m.a.RequestMappingHandlerMapping : Mapped to com.melilla.gestPlanes.controller.DocumentoController#tiposDeDocumentos()
2026-01-26T11:54:07.887+01:00 DEBUG 24840 --- [http-nio-9092-exec-9] s.w.s.m.m.a.RequestMappingHandlerMapping : Mapped to com.melilla.gestPlanes.controller.DocumentoController#tiposDeDocumentos()
2026-01-26T11:54:07.887+01:00 DEBUG 24840 --- [http-nio-9092-exec-9] s.w.s.m.m.a.RequestMappingHandlerMapping : Mapped to com.melilla.gestPlanes.controller.DocumentoController#tiposDeDocumentos()
2026-01-26T11:54:07.887+01:00 DEBUG 24840 --- [http-nio-9092-exec-9] s.w.s.m.m.a.RequestMappingHandlerMapping : Mapped to com.melilla.gestPlanes.controller.DocumentoController#tiposDeDocumentos()
2026-01-26T11:54:07.887+01:00 DEBUG 24840 --- [http-nio-9092-exec-9] s.w.s.m.m.a.RequestMappingHandlerMapping : Mapped to com.melilla.gestPlanes.controller.DocumentoController#tiposDeDocumentos()
2026-01-26T11:54:07.887+01:00 DEBUG 24840 --- [http-nio-9092-exec-9] o.s.web.servlet.DispatcherServlet        : GET "/tipoDocumentos", parameters={}
2026-01-26T11:54:07.887+01:00 DEBUG 24840 --- [http-nio-9092-exec-9] s.w.s.m.m.a.RequestMappingHandlerMapping : Mapped to com.melilla.gestPlanes.controller.DocumentoController#tiposDeDocumentos()
2026-01-26T11:54:07.897+01:00 DEBUG 24840 --- [http-nio-9092-exec-9] o.s.w.s.m.m.a.HttpEntityMethodProcessor  : Using 'application/json', given [application/json, text/plain, */*] and supported [application/json, application/*+json]
2026-01-26T11:54:07.897+01:00 DEBUG 24840 --- [http-nio-9092-exec-9] o.s.w.s.m.m.a.HttpEntityMethodProcessor  : Writing [ApiResponse(estado=200 OK, payload=[com.melilla.gestPlanes.model.TipoDocumento@71bd5597, com.melilla (truncated)...]
2026-01-26T11:54:07.900+01:00 DEBUG 24840 --- [http-nio-9092-exec-9] o.s.web.servlet.DispatcherServlet        : Completed 200 OK
2026-01-26T11:54:07.906+01:00  INFO 24840 --- [http-nio-9092-exec-5] c.m.g.JWT.JwtAuthenticationFilter        : Bearer eyJhbGciOiJIUzUxMiJ9.eyJzdWIiOiJhZG1pbiIsImlhdCI6MTc2OTQyNDY2NSwiZXhwIjoxNzY5NDI2MTA1fQ.bBQa-iDJyjZHli1A6OFgHIuKbLGLdsSc_SJN-f3Z9BjDHqkkEZ5iF74NZIYfhFSSfLPx6oE07NFU234g-Mbpdg
2026-01-26T11:54:07.908+01:00  INFO 24840 --- [http-nio-9092-exec-5] c.m.g.JWT.JwtAuthenticationFilter        : admin
2026-01-26T11:54:07.916+01:00  INFO 24840 --- [http-nio-9092-exec-5] c.m.g.JWT.JwtAuthenticationFilter        : Token válido
2026-01-26T11:54:07.917+01:00  INFO 24840 --- [http-nio-9092-exec-5] c.m.g.JWT.JwtAuthenticationFilter        : admin
2026-01-26T11:54:07.917+01:00 DEBUG 24840 --- [http-nio-9092-exec-5] s.w.s.m.m.a.RequestMappingHandlerMapping : Mapped to com.melilla.gestPlanes.controller.DocumentoController#tiposDeDocumentos()
2026-01-26T11:54:07.917+01:00 DEBUG 24840 --- [http-nio-9092-exec-5] s.w.s.m.m.a.RequestMappingHandlerMapping : Mapped to com.melilla.gestPlanes.controller.DocumentoController#tiposDeDocumentos()
2026-01-26T11:54:07.917+01:00 DEBUG 24840 --- [http-nio-9092-exec-5] s.w.s.m.m.a.RequestMappingHandlerMapping : Mapped to com.melilla.gestPlanes.controller.DocumentoController#tiposDeDocumentos()
2026-01-26T11:54:07.917+01:00 DEBUG 24840 --- [http-nio-9092-exec-5] s.w.s.m.m.a.RequestMappingHandlerMapping : Mapped to com.melilla.gestPlanes.controller.DocumentoController#tiposDeDocumentos()
2026-01-26T11:54:07.917+01:00 DEBUG 24840 --- [http-nio-9092-exec-5] s.w.s.m.m.a.RequestMappingHandlerMapping : Mapped to com.melilla.gestPlanes.controller.DocumentoController#tiposDeDocumentos()
2026-01-26T11:54:07.918+01:00 DEBUG 24840 --- [http-nio-9092-exec-5] s.w.s.m.m.a.RequestMappingHandlerMapping : Mapped to com.melilla.gestPlanes.controller.DocumentoController#tiposDeDocumentos()
2026-01-26T11:54:07.918+01:00 DEBUG 24840 --- [http-nio-9092-exec-5] s.w.s.m.m.a.RequestMappingHandlerMapping : Mapped to com.melilla.gestPlanes.controller.DocumentoController#tiposDeDocumentos()
2026-01-26T11:54:07.918+01:00 DEBUG 24840 --- [http-nio-9092-exec-5] o.s.web.servlet.DispatcherServlet        : GET "/tipoDocumentos", parameters={}
2026-01-26T11:54:07.918+01:00 DEBUG 24840 --- [http-nio-9092-exec-5] s.w.s.m.m.a.RequestMappingHandlerMapping : Mapped to com.melilla.gestPlanes.controller.DocumentoController#tiposDeDocumentos()
2026-01-26T11:54:07.920+01:00 DEBUG 24840 --- [http-nio-9092-exec-5] o.s.w.s.m.m.a.HttpEntityMethodProcessor  : Using 'application/json', given [application/json, text/plain, */*] and supported [application/json, application/*+json]
2026-01-26T11:54:07.921+01:00 DEBUG 24840 --- [http-nio-9092-exec-5] o.s.w.s.m.m.a.HttpEntityMethodProcessor  : Writing [ApiResponse(estado=200 OK, payload=[com.melilla.gestPlanes.model.TipoDocumento@90fdfe2, com.melilla. (truncated)...]
2026-01-26T11:54:07.921+01:00 DEBUG 24840 --- [http-nio-9092-exec-5] o.s.web.servlet.DispatcherServlet        : Completed 200 OK
2026-01-26T11:54:08.484+01:00  INFO 24840 --- [http-nio-9092-exec-1] c.m.g.JWT.JwtAuthenticationFilter        : Bearer eyJhbGciOiJIUzUxMiJ9.eyJzdWIiOiJhZG1pbiIsImlhdCI6MTc2OTQyNDY2NSwiZXhwIjoxNzY5NDI2MTA1fQ.bBQa-iDJyjZHli1A6OFgHIuKbLGLdsSc_SJN-f3Z9BjDHqkkEZ5iF74NZIYfhFSSfLPx6oE07NFU234g-Mbpdg
2026-01-26T11:54:08.485+01:00  INFO 24840 --- [http-nio-9092-exec-3] c.m.g.JWT.JwtAuthenticationFilter        : Bearer eyJhbGciOiJIUzUxMiJ9.eyJzdWIiOiJhZG1pbiIsImlhdCI6MTc2OTQyNDY2NSwiZXhwIjoxNzY5NDI2MTA1fQ.bBQa-iDJyjZHli1A6OFgHIuKbLGLdsSc_SJN-f3Z9BjDHqkkEZ5iF74NZIYfhFSSfLPx6oE07NFU234g-Mbpdg
2026-01-26T11:54:08.487+01:00  INFO 24840 --- [http-nio-9092-exec-3] c.m.g.JWT.JwtAuthenticationFilter        : admin
2026-01-26T11:54:08.487+01:00  INFO 24840 --- [http-nio-9092-exec-1] c.m.g.JWT.JwtAuthenticationFilter        : admin
2026-01-26T11:54:08.492+01:00  INFO 24840 --- [http-nio-9092-exec-1] c.m.g.JWT.JwtAuthenticationFilter        : Token válido
2026-01-26T11:54:08.493+01:00  INFO 24840 --- [http-nio-9092-exec-1] c.m.g.JWT.JwtAuthenticationFilter        : admin
2026-01-26T11:54:08.493+01:00  INFO 24840 --- [http-nio-9092-exec-3] c.m.g.JWT.JwtAuthenticationFilter        : Token válido
2026-01-26T11:54:08.493+01:00  INFO 24840 --- [http-nio-9092-exec-3] c.m.g.JWT.JwtAuthenticationFilter        : admin
2026-01-26T11:54:08.493+01:00 DEBUG 24840 --- [http-nio-9092-exec-1] s.w.s.m.m.a.RequestMappingHandlerMapping : Mapped to com.melilla.gestPlanes.controller.DashBoardController#trabajadoresPorEstadoGenero(Long)
2026-01-26T11:54:08.493+01:00 DEBUG 24840 --- [http-nio-9092-exec-3] s.w.s.m.m.a.RequestMappingHandlerMapping : Mapped to com.melilla.gestPlanes.controller.DashBoardController#trabajadoresdeBaja(Long)
2026-01-26T11:54:08.493+01:00 DEBUG 24840 --- [http-nio-9092-exec-1] s.w.s.m.m.a.RequestMappingHandlerMapping : Mapped to com.melilla.gestPlanes.controller.DashBoardController#trabajadoresPorEstadoGenero(Long)
2026-01-26T11:54:08.493+01:00 DEBUG 24840 --- [http-nio-9092-exec-3] s.w.s.m.m.a.RequestMappingHandlerMapping : Mapped to com.melilla.gestPlanes.controller.DashBoardController#trabajadoresdeBaja(Long)
2026-01-26T11:54:08.493+01:00 DEBUG 24840 --- [http-nio-9092-exec-3] s.w.s.m.m.a.RequestMappingHandlerMapping : Mapped to com.melilla.gestPlanes.controller.DashBoardController#trabajadoresdeBaja(Long)
2026-01-26T11:54:08.493+01:00 DEBUG 24840 --- [http-nio-9092-exec-1] s.w.s.m.m.a.RequestMappingHandlerMapping : Mapped to com.melilla.gestPlanes.controller.DashBoardController#trabajadoresPorEstadoGenero(Long)
2026-01-26T11:54:08.493+01:00 DEBUG 24840 --- [http-nio-9092-exec-3] s.w.s.m.m.a.RequestMappingHandlerMapping : Mapped to com.melilla.gestPlanes.controller.DashBoardController#trabajadoresdeBaja(Long)
2026-01-26T11:54:08.493+01:00 DEBUG 24840 --- [http-nio-9092-exec-1] s.w.s.m.m.a.RequestMappingHandlerMapping : Mapped to com.melilla.gestPlanes.controller.DashBoardController#trabajadoresPorEstadoGenero(Long)
2026-01-26T11:54:08.494+01:00 DEBUG 24840 --- [http-nio-9092-exec-3] s.w.s.m.m.a.RequestMappingHandlerMapping : Mapped to com.melilla.gestPlanes.controller.DashBoardController#trabajadoresdeBaja(Long)
2026-01-26T11:54:08.494+01:00 DEBUG 24840 --- [http-nio-9092-exec-1] s.w.s.m.m.a.RequestMappingHandlerMapping : Mapped to com.melilla.gestPlanes.controller.DashBoardController#trabajadoresPorEstadoGenero(Long)
2026-01-26T11:54:08.494+01:00 DEBUG 24840 --- [http-nio-9092-exec-3] s.w.s.m.m.a.RequestMappingHandlerMapping : Mapped to com.melilla.gestPlanes.controller.DashBoardController#trabajadoresdeBaja(Long)
2026-01-26T11:54:08.494+01:00 DEBUG 24840 --- [http-nio-9092-exec-1] s.w.s.m.m.a.RequestMappingHandlerMapping : Mapped to com.melilla.gestPlanes.controller.DashBoardController#trabajadoresPorEstadoGenero(Long)
2026-01-26T11:54:08.494+01:00 DEBUG 24840 --- [http-nio-9092-exec-1] s.w.s.m.m.a.RequestMappingHandlerMapping : Mapped to com.melilla.gestPlanes.controller.DashBoardController#trabajadoresPorEstadoGenero(Long)
2026-01-26T11:54:08.494+01:00 DEBUG 24840 --- [http-nio-9092-exec-3] s.w.s.m.m.a.RequestMappingHandlerMapping : Mapped to com.melilla.gestPlanes.controller.DashBoardController#trabajadoresdeBaja(Long)
2026-01-26T11:54:08.494+01:00 DEBUG 24840 --- [http-nio-9092-exec-1] o.s.web.servlet.DispatcherServlet        : GET "/dashBoard/ciudadanoPorEstado/120", parameters={}
2026-01-26T11:54:08.494+01:00 DEBUG 24840 --- [http-nio-9092-exec-3] o.s.web.servlet.DispatcherServlet        : GET "/dashBoard/bajas/120", parameters={}
2026-01-26T11:54:08.494+01:00 DEBUG 24840 --- [http-nio-9092-exec-1] s.w.s.m.m.a.RequestMappingHandlerMapping : Mapped to com.melilla.gestPlanes.controller.DashBoardController#trabajadoresPorEstadoGenero(Long)
2026-01-26T11:54:08.494+01:00 DEBUG 24840 --- [http-nio-9092-exec-3] s.w.s.m.m.a.RequestMappingHandlerMapping : Mapped to com.melilla.gestPlanes.controller.DashBoardController#trabajadoresdeBaja(Long)
2026-01-26T11:54:08.499+01:00 DEBUG 24840 --- [http-nio-9092-exec-3] o.s.w.s.m.m.a.HttpEntityMethodProcessor  : Using 'application/json', given [application/json, text/plain, */*] and supported [application/json, application/*+json]
2026-01-26T11:54:08.500+01:00 DEBUG 24840 --- [http-nio-9092-exec-3] o.s.w.s.m.m.a.HttpEntityMethodProcessor  : Writing [ApiResponse(estado=null, payload=[DashBoardBajasDTO(baja=laboral, cantidad=0), DashBoardBajasDTO(baj (truncated)...]
2026-01-26T11:54:08.501+01:00 DEBUG 24840 --- [http-nio-9092-exec-3] o.s.web.servlet.DispatcherServlet        : Completed 200 OK
2026-01-26T11:54:08.506+01:00 DEBUG 24840 --- [http-nio-9092-exec-1] o.s.w.s.m.m.a.HttpEntityMethodProcessor  : Using 'application/json', given [application/json, text/plain, */*] and supported [application/json, application/*+json]
2026-01-26T11:54:08.506+01:00 DEBUG 24840 --- [http-nio-9092-exec-1] o.s.w.s.m.m.a.HttpEntityMethodProcessor  : Writing [ApiResponse(estado=null, payload=[DashBoardEstadoGeneroDTO(estado=CANDIDATO/A, hombres=0, mujeres=3) (truncated)...]
2026-01-26T11:54:08.507+01:00 DEBUG 24840 --- [http-nio-9092-exec-1] o.s.web.servlet.DispatcherServlet        : Completed 200 OK
2026-01-26T11:54:08.508+01:00  INFO 24840 --- [http-nio-9092-exec-2] c.m.g.JWT.JwtAuthenticationFilter        : Bearer eyJhbGciOiJIUzUxMiJ9.eyJzdWIiOiJhZG1pbiIsImlhdCI6MTc2OTQyNDY2NSwiZXhwIjoxNzY5NDI2MTA1fQ.bBQa-iDJyjZHli1A6OFgHIuKbLGLdsSc_SJN-f3Z9BjDHqkkEZ5iF74NZIYfhFSSfLPx6oE07NFU234g-Mbpdg
2026-01-26T11:54:08.510+01:00  INFO 24840 --- [http-nio-9092-exec-2] c.m.g.JWT.JwtAuthenticationFilter        : admin
2026-01-26T11:54:08.515+01:00  INFO 24840 --- [http-nio-9092-exec-10] c.m.g.JWT.JwtAuthenticationFilter        : Bearer eyJhbGciOiJIUzUxMiJ9.eyJzdWIiOiJhZG1pbiIsImlhdCI6MTc2OTQyNDY2NSwiZXhwIjoxNzY5NDI2MTA1fQ.bBQa-iDJyjZHli1A6OFgHIuKbLGLdsSc_SJN-f3Z9BjDHqkkEZ5iF74NZIYfhFSSfLPx6oE07NFU234g-Mbpdg
2026-01-26T11:54:08.519+01:00  INFO 24840 --- [http-nio-9092-exec-10] c.m.g.JWT.JwtAuthenticationFilter        : admin
2026-01-26T11:54:08.519+01:00  INFO 24840 --- [http-nio-9092-exec-2] c.m.g.JWT.JwtAuthenticationFilter        : Token válido
2026-01-26T11:54:08.520+01:00  INFO 24840 --- [http-nio-9092-exec-2] c.m.g.JWT.JwtAuthenticationFilter        : admin
2026-01-26T11:54:08.520+01:00 DEBUG 24840 --- [http-nio-9092-exec-2] s.w.s.m.m.a.RequestMappingHandlerMapping : Mapped to com.melilla.gestPlanes.controller.DashBoardController#trabajadoresdeBaja(Long)
2026-01-26T11:54:08.520+01:00 DEBUG 24840 --- [http-nio-9092-exec-2] s.w.s.m.m.a.RequestMappingHandlerMapping : Mapped to com.melilla.gestPlanes.controller.DashBoardController#trabajadoresdeBaja(Long)
2026-01-26T11:54:08.521+01:00 DEBUG 24840 --- [http-nio-9092-exec-2] s.w.s.m.m.a.RequestMappingHandlerMapping : Mapped to com.melilla.gestPlanes.controller.DashBoardController#trabajadoresdeBaja(Long)
2026-01-26T11:54:08.521+01:00 DEBUG 24840 --- [http-nio-9092-exec-2] s.w.s.m.m.a.RequestMappingHandlerMapping : Mapped to com.melilla.gestPlanes.controller.DashBoardController#trabajadoresdeBaja(Long)
2026-01-26T11:54:08.521+01:00 DEBUG 24840 --- [http-nio-9092-exec-2] s.w.s.m.m.a.RequestMappingHandlerMapping : Mapped to com.melilla.gestPlanes.controller.DashBoardController#trabajadoresdeBaja(Long)
2026-01-26T11:54:08.521+01:00 DEBUG 24840 --- [http-nio-9092-exec-2] s.w.s.m.m.a.RequestMappingHandlerMapping : Mapped to com.melilla.gestPlanes.controller.DashBoardController#trabajadoresdeBaja(Long)
2026-01-26T11:54:08.522+01:00 DEBUG 24840 --- [http-nio-9092-exec-2] s.w.s.m.m.a.RequestMappingHandlerMapping : Mapped to com.melilla.gestPlanes.controller.DashBoardController#trabajadoresdeBaja(Long)
2026-01-26T11:54:08.522+01:00 DEBUG 24840 --- [http-nio-9092-exec-2] o.s.web.servlet.DispatcherServlet        : GET "/dashBoard/bajas/120", parameters={}
2026-01-26T11:54:08.522+01:00 DEBUG 24840 --- [http-nio-9092-exec-2] s.w.s.m.m.a.RequestMappingHandlerMapping : Mapped to com.melilla.gestPlanes.controller.DashBoardController#trabajadoresdeBaja(Long)
2026-01-26T11:54:08.526+01:00 DEBUG 24840 --- [http-nio-9092-exec-2] o.s.w.s.m.m.a.HttpEntityMethodProcessor  : Using 'application/json', given [application/json, text/plain, */*] and supported [application/json, application/*+json]
2026-01-26T11:54:08.526+01:00 DEBUG 24840 --- [http-nio-9092-exec-2] o.s.w.s.m.m.a.HttpEntityMethodProcessor  : Writing [ApiResponse(estado=null, payload=[DashBoardBajasDTO(baja=laboral, cantidad=0), DashBoardBajasDTO(baj (truncated)...]
2026-01-26T11:54:08.527+01:00 DEBUG 24840 --- [http-nio-9092-exec-2] o.s.web.servlet.DispatcherServlet        : Completed 200 OK
2026-01-26T11:54:08.528+01:00  INFO 24840 --- [http-nio-9092-exec-10] c.m.g.JWT.JwtAuthenticationFilter        : Token válido
2026-01-26T11:54:08.528+01:00  INFO 24840 --- [http-nio-9092-exec-10] c.m.g.JWT.JwtAuthenticationFilter        : admin
2026-01-26T11:54:08.528+01:00 DEBUG 24840 --- [http-nio-9092-exec-10] s.w.s.m.m.a.RequestMappingHandlerMapping : Mapped to com.melilla.gestPlanes.controller.DashBoardController#trabajadoresPorEstadoGenero(Long)
2026-01-26T11:54:08.529+01:00 DEBUG 24840 --- [http-nio-9092-exec-10] s.w.s.m.m.a.RequestMappingHandlerMapping : Mapped to com.melilla.gestPlanes.controller.DashBoardController#trabajadoresPorEstadoGenero(Long)
2026-01-26T11:54:08.529+01:00 DEBUG 24840 --- [http-nio-9092-exec-10] s.w.s.m.m.a.RequestMappingHandlerMapping : Mapped to com.melilla.gestPlanes.controller.DashBoardController#trabajadoresPorEstadoGenero(Long)
2026-01-26T11:54:08.529+01:00 DEBUG 24840 --- [http-nio-9092-exec-10] s.w.s.m.m.a.RequestMappingHandlerMapping : Mapped to com.melilla.gestPlanes.controller.DashBoardController#trabajadoresPorEstadoGenero(Long)
2026-01-26T11:54:08.529+01:00 DEBUG 24840 --- [http-nio-9092-exec-10] s.w.s.m.m.a.RequestMappingHandlerMapping : Mapped to com.melilla.gestPlanes.controller.DashBoardController#trabajadoresPorEstadoGenero(Long)
2026-01-26T11:54:08.530+01:00 DEBUG 24840 --- [http-nio-9092-exec-10] s.w.s.m.m.a.RequestMappingHandlerMapping : Mapped to com.melilla.gestPlanes.controller.DashBoardController#trabajadoresPorEstadoGenero(Long)
2026-01-26T11:54:08.530+01:00 DEBUG 24840 --- [http-nio-9092-exec-10] s.w.s.m.m.a.RequestMappingHandlerMapping : Mapped to com.melilla.gestPlanes.controller.DashBoardController#trabajadoresPorEstadoGenero(Long)
2026-01-26T11:54:08.530+01:00 DEBUG 24840 --- [http-nio-9092-exec-10] o.s.web.servlet.DispatcherServlet        : GET "/dashBoard/ciudadanoPorEstado/120", parameters={}
2026-01-26T11:54:08.531+01:00 DEBUG 24840 --- [http-nio-9092-exec-10] s.w.s.m.m.a.RequestMappingHandlerMapping : Mapped to com.melilla.gestPlanes.controller.DashBoardController#trabajadoresPorEstadoGenero(Long)
2026-01-26T11:54:08.540+01:00 DEBUG 24840 --- [http-nio-9092-exec-10] o.s.w.s.m.m.a.HttpEntityMethodProcessor  : Using 'application/json', given [application/json, text/plain, */*] and supported [application/json, application/*+json]
2026-01-26T11:54:08.540+01:00 DEBUG 24840 --- [http-nio-9092-exec-10] o.s.w.s.m.m.a.HttpEntityMethodProcessor  : Writing [ApiResponse(estado=null, payload=[DashBoardEstadoGeneroDTO(estado=CANDIDATO/A, hombres=0, mujeres=3) (truncated)...]
2026-01-26T11:54:08.541+01:00 DEBUG 24840 --- [http-nio-9092-exec-10] o.s.web.servlet.DispatcherServlet        : Completed 200 OK
2026-01-26T11:54:22.401+01:00  INFO 24840 --- [http-nio-9092-exec-7] c.m.g.JWT.JwtAuthenticationFilter        : Bearer eyJhbGciOiJIUzUxMiJ9.eyJzdWIiOiJhZG1pbiIsImlhdCI6MTc2OTQyNDY2NSwiZXhwIjoxNzY5NDI2MTA1fQ.bBQa-iDJyjZHli1A6OFgHIuKbLGLdsSc_SJN-f3Z9BjDHqkkEZ5iF74NZIYfhFSSfLPx6oE07NFU234g-Mbpdg
2026-01-26T11:54:22.403+01:00  INFO 24840 --- [http-nio-9092-exec-7] c.m.g.JWT.JwtAuthenticationFilter        : admin
2026-01-26T11:54:22.412+01:00  INFO 24840 --- [http-nio-9092-exec-7] c.m.g.JWT.JwtAuthenticationFilter        : Token válido
2026-01-26T11:54:22.412+01:00  INFO 24840 --- [http-nio-9092-exec-7] c.m.g.JWT.JwtAuthenticationFilter        : admin
2026-01-26T11:54:22.412+01:00 DEBUG 24840 --- [http-nio-9092-exec-7] s.w.s.m.m.a.RequestMappingHandlerMapping : Mapped to com.melilla.gestPlanes.controller.CiudadanoController#listadoVacantes()
2026-01-26T11:54:22.412+01:00 DEBUG 24840 --- [http-nio-9092-exec-7] s.w.s.m.m.a.RequestMappingHandlerMapping : Mapped to com.melilla.gestPlanes.controller.CiudadanoController#listadoVacantes()
2026-01-26T11:54:22.412+01:00 DEBUG 24840 --- [http-nio-9092-exec-7] s.w.s.m.m.a.RequestMappingHandlerMapping : Mapped to com.melilla.gestPlanes.controller.CiudadanoController#listadoVacantes()
2026-01-26T11:54:22.412+01:00 DEBUG 24840 --- [http-nio-9092-exec-7] s.w.s.m.m.a.RequestMappingHandlerMapping : Mapped to com.melilla.gestPlanes.controller.CiudadanoController#listadoVacantes()
2026-01-26T11:54:22.412+01:00 DEBUG 24840 --- [http-nio-9092-exec-7] s.w.s.m.m.a.RequestMappingHandlerMapping : Mapped to com.melilla.gestPlanes.controller.CiudadanoController#listadoVacantes()
2026-01-26T11:54:22.412+01:00 DEBUG 24840 --- [http-nio-9092-exec-7] s.w.s.m.m.a.RequestMappingHandlerMapping : Mapped to com.melilla.gestPlanes.controller.CiudadanoController#listadoVacantes()
2026-01-26T11:54:22.412+01:00 DEBUG 24840 --- [http-nio-9092-exec-7] s.w.s.m.m.a.RequestMappingHandlerMapping : Mapped to com.melilla.gestPlanes.controller.CiudadanoController#listadoVacantes()
2026-01-26T11:54:22.412+01:00 DEBUG 24840 --- [http-nio-9092-exec-7] o.s.web.servlet.DispatcherServlet        : GET "/listadoVacantes", parameters={}
2026-01-26T11:54:22.412+01:00 DEBUG 24840 --- [http-nio-9092-exec-7] s.w.s.m.m.a.RequestMappingHandlerMapping : Mapped to com.melilla.gestPlanes.controller.CiudadanoController#listadoVacantes()
2026-01-26T11:54:22.429+01:00  INFO 24840 --- [http-nio-9092-exec-7] c.m.g.service.impl.CiudadanoServiceImpl  : obtenido el plan: 2024-2025
2026-01-26T11:54:22.429+01:00  INFO 24840 --- [http-nio-9092-exec-7] c.m.g.service.impl.CiudadanoServiceImpl  : IdPlanTrabajo usuario logado: 120
2026-01-26T11:54:22.429+01:00  INFO 24840 --- [http-nio-9092-exec-7] c.m.g.service.impl.CiudadanoServiceImpl  : IdPlanActivo: 11
2026-01-26T11:54:22.434+01:00  INFO 24840 --- [http-nio-9092-exec-7] c.m.g.service.impl.CiudadanoServiceImpl  : id result: 120
2026-01-26T11:54:22.946+01:00 DEBUG 24840 --- [http-nio-9092-exec-7] o.s.w.s.m.m.a.HttpEntityMethodProcessor  : Using 'application/json', given [application/json, text/plain, */*] and supported [application/json, application/*+json]
2026-01-26T11:54:22.946+01:00 DEBUG 24840 --- [http-nio-9092-exec-7] o.s.w.s.m.m.a.HttpEntityMethodProcessor  : Writing [ApiResponse(estado=null, payload=[VacantesResponseDTO(id=3167, idOrganismo=656, organismo=PUERTO, id (truncated)...]
2026-01-26T11:54:22.949+01:00 DEBUG 24840 --- [http-nio-9092-exec-7] o.s.web.servlet.DispatcherServlet        : Completed 200 OK
2026-01-26T11:54:22.959+01:00  INFO 24840 --- [http-nio-9092-exec-6] c.m.g.JWT.JwtAuthenticationFilter        : Bearer eyJhbGciOiJIUzUxMiJ9.eyJzdWIiOiJhZG1pbiIsImlhdCI6MTc2OTQyNDY2NSwiZXhwIjoxNzY5NDI2MTA1fQ.bBQa-iDJyjZHli1A6OFgHIuKbLGLdsSc_SJN-f3Z9BjDHqkkEZ5iF74NZIYfhFSSfLPx6oE07NFU234g-Mbpdg
2026-01-26T11:54:22.961+01:00  INFO 24840 --- [http-nio-9092-exec-6] c.m.g.JWT.JwtAuthenticationFilter        : admin
2026-01-26T11:54:22.969+01:00  INFO 24840 --- [http-nio-9092-exec-6] c.m.g.JWT.JwtAuthenticationFilter        : Token válido
2026-01-26T11:54:22.969+01:00  INFO 24840 --- [http-nio-9092-exec-6] c.m.g.JWT.JwtAuthenticationFilter        : admin
2026-01-26T11:54:22.970+01:00 DEBUG 24840 --- [http-nio-9092-exec-6] s.w.s.m.m.a.RequestMappingHandlerMapping : Mapped to com.melilla.gestPlanes.controller.CiudadanoController#listadoVacantes()
2026-01-26T11:54:22.970+01:00 DEBUG 24840 --- [http-nio-9092-exec-6] s.w.s.m.m.a.RequestMappingHandlerMapping : Mapped to com.melilla.gestPlanes.controller.CiudadanoController#listadoVacantes()
2026-01-26T11:54:22.970+01:00 DEBUG 24840 --- [http-nio-9092-exec-6] s.w.s.m.m.a.RequestMappingHandlerMapping : Mapped to com.melilla.gestPlanes.controller.CiudadanoController#listadoVacantes()
2026-01-26T11:54:22.970+01:00 DEBUG 24840 --- [http-nio-9092-exec-6] s.w.s.m.m.a.RequestMappingHandlerMapping : Mapped to com.melilla.gestPlanes.controller.CiudadanoController#listadoVacantes()
2026-01-26T11:54:22.970+01:00 DEBUG 24840 --- [http-nio-9092-exec-6] s.w.s.m.m.a.RequestMappingHandlerMapping : Mapped to com.melilla.gestPlanes.controller.CiudadanoController#listadoVacantes()
2026-01-26T11:54:22.970+01:00 DEBUG 24840 --- [http-nio-9092-exec-6] s.w.s.m.m.a.RequestMappingHandlerMapping : Mapped to com.melilla.gestPlanes.controller.CiudadanoController#listadoVacantes()
2026-01-26T11:54:22.970+01:00 DEBUG 24840 --- [http-nio-9092-exec-6] s.w.s.m.m.a.RequestMappingHandlerMapping : Mapped to com.melilla.gestPlanes.controller.CiudadanoController#listadoVacantes()
2026-01-26T11:54:22.970+01:00 DEBUG 24840 --- [http-nio-9092-exec-6] o.s.web.servlet.DispatcherServlet        : GET "/listadoVacantes", parameters={}
2026-01-26T11:54:22.971+01:00 DEBUG 24840 --- [http-nio-9092-exec-6] s.w.s.m.m.a.RequestMappingHandlerMapping : Mapped to com.melilla.gestPlanes.controller.CiudadanoController#listadoVacantes()
2026-01-26T11:54:22.974+01:00  INFO 24840 --- [http-nio-9092-exec-6] c.m.g.service.impl.CiudadanoServiceImpl  : obtenido el plan: 2024-2025
2026-01-26T11:54:22.974+01:00  INFO 24840 --- [http-nio-9092-exec-6] c.m.g.service.impl.CiudadanoServiceImpl  : IdPlanTrabajo usuario logado: 120
2026-01-26T11:54:22.974+01:00  INFO 24840 --- [http-nio-9092-exec-6] c.m.g.service.impl.CiudadanoServiceImpl  : IdPlanActivo: 11
2026-01-26T11:54:22.976+01:00  INFO 24840 --- [http-nio-9092-exec-6] c.m.g.service.impl.CiudadanoServiceImpl  : id result: 120
2026-01-26T11:54:23.462+01:00  INFO 24840 --- [http-nio-9092-exec-2] c.m.g.JWT.JwtAuthenticationFilter        : Bearer eyJhbGciOiJIUzUxMiJ9.eyJzdWIiOiJhZG1pbiIsImlhdCI6MTc2OTQyNDY2NSwiZXhwIjoxNzY5NDI2MTA1fQ.bBQa-iDJyjZHli1A6OFgHIuKbLGLdsSc_SJN-f3Z9BjDHqkkEZ5iF74NZIYfhFSSfLPx6oE07NFU234g-Mbpdg
2026-01-26T11:54:23.473+01:00  INFO 24840 --- [http-nio-9092-exec-2] c.m.g.JWT.JwtAuthenticationFilter        : admin
2026-01-26T11:54:23.476+01:00  INFO 24840 --- [http-nio-9092-exec-10] c.m.g.JWT.JwtAuthenticationFilter        : Bearer eyJhbGciOiJIUzUxMiJ9.eyJzdWIiOiJhZG1pbiIsImlhdCI6MTc2OTQyNDY2NSwiZXhwIjoxNzY5NDI2MTA1fQ.bBQa-iDJyjZHli1A6OFgHIuKbLGLdsSc_SJN-f3Z9BjDHqkkEZ5iF74NZIYfhFSSfLPx6oE07NFU234g-Mbpdg
2026-01-26T11:54:23.478+01:00  INFO 24840 --- [http-nio-9092-exec-10] c.m.g.JWT.JwtAuthenticationFilter        : admin
2026-01-26T11:54:23.479+01:00  INFO 24840 --- [http-nio-9092-exec-2] c.m.g.JWT.JwtAuthenticationFilter        : Token válido
2026-01-26T11:54:23.479+01:00  INFO 24840 --- [http-nio-9092-exec-2] c.m.g.JWT.JwtAuthenticationFilter        : admin
2026-01-26T11:54:23.484+01:00 DEBUG 24840 --- [http-nio-9092-exec-2] s.w.s.m.m.a.RequestMappingHandlerMapping : Mapped to com.melilla.gestPlanes.controller.DashBoardController#trabajadoresPorEstadoGenero(Long)
2026-01-26T11:54:23.486+01:00 DEBUG 24840 --- [http-nio-9092-exec-2] s.w.s.m.m.a.RequestMappingHandlerMapping : Mapped to com.melilla.gestPlanes.controller.DashBoardController#trabajadoresPorEstadoGenero(Long)
2026-01-26T11:54:23.486+01:00 DEBUG 24840 --- [http-nio-9092-exec-2] s.w.s.m.m.a.RequestMappingHandlerMapping : Mapped to com.melilla.gestPlanes.controller.DashBoardController#trabajadoresPorEstadoGenero(Long)
2026-01-26T11:54:23.486+01:00 DEBUG 24840 --- [http-nio-9092-exec-2] s.w.s.m.m.a.RequestMappingHandlerMapping : Mapped to com.melilla.gestPlanes.controller.DashBoardController#trabajadoresPorEstadoGenero(Long)
2026-01-26T11:54:23.487+01:00 DEBUG 24840 --- [http-nio-9092-exec-2] s.w.s.m.m.a.RequestMappingHandlerMapping : Mapped to com.melilla.gestPlanes.controller.DashBoardController#trabajadoresPorEstadoGenero(Long)
2026-01-26T11:54:23.487+01:00 DEBUG 24840 --- [http-nio-9092-exec-2] s.w.s.m.m.a.RequestMappingHandlerMapping : Mapped to com.melilla.gestPlanes.controller.DashBoardController#trabajadoresPorEstadoGenero(Long)
2026-01-26T11:54:23.487+01:00 DEBUG 24840 --- [http-nio-9092-exec-2] s.w.s.m.m.a.RequestMappingHandlerMapping : Mapped to com.melilla.gestPlanes.controller.DashBoardController#trabajadoresPorEstadoGenero(Long)
2026-01-26T11:54:23.487+01:00 DEBUG 24840 --- [http-nio-9092-exec-2] o.s.web.servlet.DispatcherServlet        : GET "/dashBoard/ciudadanoPorEstado/120", parameters={}
2026-01-26T11:54:23.488+01:00 DEBUG 24840 --- [http-nio-9092-exec-2] s.w.s.m.m.a.RequestMappingHandlerMapping : Mapped to com.melilla.gestPlanes.controller.DashBoardController#trabajadoresPorEstadoGenero(Long)
2026-01-26T11:54:23.490+01:00  INFO 24840 --- [http-nio-9092-exec-10] c.m.g.JWT.JwtAuthenticationFilter        : Token válido
2026-01-26T11:54:23.491+01:00  INFO 24840 --- [http-nio-9092-exec-10] c.m.g.JWT.JwtAuthenticationFilter        : admin
2026-01-26T11:54:23.491+01:00 DEBUG 24840 --- [http-nio-9092-exec-10] s.w.s.m.m.a.RequestMappingHandlerMapping : Mapped to com.melilla.gestPlanes.controller.DashBoardController#trabajadoresdeBaja(Long)
2026-01-26T11:54:23.492+01:00 DEBUG 24840 --- [http-nio-9092-exec-10] s.w.s.m.m.a.RequestMappingHandlerMapping : Mapped to com.melilla.gestPlanes.controller.DashBoardController#trabajadoresdeBaja(Long)
2026-01-26T11:54:23.492+01:00 DEBUG 24840 --- [http-nio-9092-exec-10] s.w.s.m.m.a.RequestMappingHandlerMapping : Mapped to com.melilla.gestPlanes.controller.DashBoardController#trabajadoresdeBaja(Long)
2026-01-26T11:54:23.492+01:00 DEBUG 24840 --- [http-nio-9092-exec-10] s.w.s.m.m.a.RequestMappingHandlerMapping : Mapped to com.melilla.gestPlanes.controller.DashBoardController#trabajadoresdeBaja(Long)
2026-01-26T11:54:23.493+01:00 DEBUG 24840 --- [http-nio-9092-exec-10] s.w.s.m.m.a.RequestMappingHandlerMapping : Mapped to com.melilla.gestPlanes.controller.DashBoardController#trabajadoresdeBaja(Long)
2026-01-26T11:54:23.493+01:00 DEBUG 24840 --- [http-nio-9092-exec-10] s.w.s.m.m.a.RequestMappingHandlerMapping : Mapped to com.melilla.gestPlanes.controller.DashBoardController#trabajadoresdeBaja(Long)
2026-01-26T11:54:23.493+01:00 DEBUG 24840 --- [http-nio-9092-exec-10] s.w.s.m.m.a.RequestMappingHandlerMapping : Mapped to com.melilla.gestPlanes.controller.DashBoardController#trabajadoresdeBaja(Long)
2026-01-26T11:54:23.493+01:00 DEBUG 24840 --- [http-nio-9092-exec-10] o.s.web.servlet.DispatcherServlet        : GET "/dashBoard/bajas/120", parameters={}
2026-01-26T11:54:23.493+01:00 DEBUG 24840 --- [http-nio-9092-exec-10] s.w.s.m.m.a.RequestMappingHandlerMapping : Mapped to com.melilla.gestPlanes.controller.DashBoardController#trabajadoresdeBaja(Long)
2026-01-26T11:54:23.496+01:00 DEBUG 24840 --- [http-nio-9092-exec-2] o.s.w.s.m.m.a.HttpEntityMethodProcessor  : Using 'application/json', given [application/json, text/plain, */*] and supported [application/json, application/*+json]
2026-01-26T11:54:23.496+01:00 DEBUG 24840 --- [http-nio-9092-exec-2] o.s.w.s.m.m.a.HttpEntityMethodProcessor  : Writing [ApiResponse(estado=null, payload=[DashBoardEstadoGeneroDTO(estado=CANDIDATO/A, hombres=0, mujeres=3) (truncated)...]
2026-01-26T11:54:23.496+01:00 DEBUG 24840 --- [http-nio-9092-exec-2] o.s.web.servlet.DispatcherServlet        : Completed 200 OK
2026-01-26T11:54:23.502+01:00 DEBUG 24840 --- [http-nio-9092-exec-10] o.s.w.s.m.m.a.HttpEntityMethodProcessor  : Using 'application/json', given [application/json, text/plain, */*] and supported [application/json, application/*+json]
2026-01-26T11:54:23.502+01:00 DEBUG 24840 --- [http-nio-9092-exec-10] o.s.w.s.m.m.a.HttpEntityMethodProcessor  : Writing [ApiResponse(estado=null, payload=[DashBoardBajasDTO(baja=laboral, cantidad=0), DashBoardBajasDTO(baj (truncated)...]
2026-01-26T11:54:23.502+01:00 DEBUG 24840 --- [http-nio-9092-exec-10] o.s.web.servlet.DispatcherServlet        : Completed 200 OK
2026-01-26T11:54:23.509+01:00  INFO 24840 --- [http-nio-9092-exec-5] c.m.g.JWT.JwtAuthenticationFilter        : Bearer eyJhbGciOiJIUzUxMiJ9.eyJzdWIiOiJhZG1pbiIsImlhdCI6MTc2OTQyNDY2NSwiZXhwIjoxNzY5NDI2MTA1fQ.bBQa-iDJyjZHli1A6OFgHIuKbLGLdsSc_SJN-f3Z9BjDHqkkEZ5iF74NZIYfhFSSfLPx6oE07NFU234g-Mbpdg
2026-01-26T11:54:23.510+01:00  INFO 24840 --- [http-nio-9092-exec-9] c.m.g.JWT.JwtAuthenticationFilter        : Bearer eyJhbGciOiJIUzUxMiJ9.eyJzdWIiOiJhZG1pbiIsImlhdCI6MTc2OTQyNDY2NSwiZXhwIjoxNzY5NDI2MTA1fQ.bBQa-iDJyjZHli1A6OFgHIuKbLGLdsSc_SJN-f3Z9BjDHqkkEZ5iF74NZIYfhFSSfLPx6oE07NFU234g-Mbpdg
2026-01-26T11:54:23.512+01:00  INFO 24840 --- [http-nio-9092-exec-5] c.m.g.JWT.JwtAuthenticationFilter        : admin
2026-01-26T11:54:23.513+01:00  INFO 24840 --- [http-nio-9092-exec-9] c.m.g.JWT.JwtAuthenticationFilter        : admin
2026-01-26T11:54:23.526+01:00  INFO 24840 --- [http-nio-9092-exec-5] c.m.g.JWT.JwtAuthenticationFilter        : Token válido
2026-01-26T11:54:23.526+01:00  INFO 24840 --- [http-nio-9092-exec-5] c.m.g.JWT.JwtAuthenticationFilter        : admin
2026-01-26T11:54:23.526+01:00 DEBUG 24840 --- [http-nio-9092-exec-5] s.w.s.m.m.a.RequestMappingHandlerMapping : Mapped to com.melilla.gestPlanes.controller.DashBoardController#trabajadoresPorEstadoGenero(Long)
2026-01-26T11:54:23.527+01:00 DEBUG 24840 --- [http-nio-9092-exec-5] s.w.s.m.m.a.RequestMappingHandlerMapping : Mapped to com.melilla.gestPlanes.controller.DashBoardController#trabajadoresPorEstadoGenero(Long)
2026-01-26T11:54:23.527+01:00 DEBUG 24840 --- [http-nio-9092-exec-5] s.w.s.m.m.a.RequestMappingHandlerMapping : Mapped to com.melilla.gestPlanes.controller.DashBoardController#trabajadoresPorEstadoGenero(Long)
2026-01-26T11:54:23.527+01:00 DEBUG 24840 --- [http-nio-9092-exec-5] s.w.s.m.m.a.RequestMappingHandlerMapping : Mapped to com.melilla.gestPlanes.controller.DashBoardController#trabajadoresPorEstadoGenero(Long)
2026-01-26T11:54:23.527+01:00 DEBUG 24840 --- [http-nio-9092-exec-5] s.w.s.m.m.a.RequestMappingHandlerMapping : Mapped to com.melilla.gestPlanes.controller.DashBoardController#trabajadoresPorEstadoGenero(Long)
2026-01-26T11:54:23.528+01:00 DEBUG 24840 --- [http-nio-9092-exec-5] s.w.s.m.m.a.RequestMappingHandlerMapping : Mapped to com.melilla.gestPlanes.controller.DashBoardController#trabajadoresPorEstadoGenero(Long)
2026-01-26T11:54:23.528+01:00  INFO 24840 --- [http-nio-9092-exec-9] c.m.g.JWT.JwtAuthenticationFilter        : Token válido
2026-01-26T11:54:23.528+01:00 DEBUG 24840 --- [http-nio-9092-exec-5] s.w.s.m.m.a.RequestMappingHandlerMapping : Mapped to com.melilla.gestPlanes.controller.DashBoardController#trabajadoresPorEstadoGenero(Long)
2026-01-26T11:54:23.528+01:00  INFO 24840 --- [http-nio-9092-exec-9] c.m.g.JWT.JwtAuthenticationFilter        : admin
2026-01-26T11:54:23.528+01:00 DEBUG 24840 --- [http-nio-9092-exec-5] o.s.web.servlet.DispatcherServlet        : GET "/dashBoard/ciudadanoPorEstado/120", parameters={}
2026-01-26T11:54:23.528+01:00 DEBUG 24840 --- [http-nio-9092-exec-9] s.w.s.m.m.a.RequestMappingHandlerMapping : Mapped to com.melilla.gestPlanes.controller.DashBoardController#trabajadoresdeBaja(Long)
2026-01-26T11:54:23.529+01:00 DEBUG 24840 --- [http-nio-9092-exec-5] s.w.s.m.m.a.RequestMappingHandlerMapping : Mapped to com.melilla.gestPlanes.controller.DashBoardController#trabajadoresPorEstadoGenero(Long)
2026-01-26T11:54:23.529+01:00 DEBUG 24840 --- [http-nio-9092-exec-9] s.w.s.m.m.a.RequestMappingHandlerMapping : Mapped to com.melilla.gestPlanes.controller.DashBoardController#trabajadoresdeBaja(Long)
2026-01-26T11:54:23.529+01:00 DEBUG 24840 --- [http-nio-9092-exec-9] s.w.s.m.m.a.RequestMappingHandlerMapping : Mapped to com.melilla.gestPlanes.controller.DashBoardController#trabajadoresdeBaja(Long)
2026-01-26T11:54:23.529+01:00 DEBUG 24840 --- [http-nio-9092-exec-9] s.w.s.m.m.a.RequestMappingHandlerMapping : Mapped to com.melilla.gestPlanes.controller.DashBoardController#trabajadoresdeBaja(Long)
2026-01-26T11:54:23.535+01:00 DEBUG 24840 --- [http-nio-9092-exec-9] s.w.s.m.m.a.RequestMappingHandlerMapping : Mapped to com.melilla.gestPlanes.controller.DashBoardController#trabajadoresdeBaja(Long)
2026-01-26T11:54:23.535+01:00 DEBUG 24840 --- [http-nio-9092-exec-9] s.w.s.m.m.a.RequestMappingHandlerMapping : Mapped to com.melilla.gestPlanes.controller.DashBoardController#trabajadoresdeBaja(Long)
2026-01-26T11:54:23.536+01:00 DEBUG 24840 --- [http-nio-9092-exec-9] s.w.s.m.m.a.RequestMappingHandlerMapping : Mapped to com.melilla.gestPlanes.controller.DashBoardController#trabajadoresdeBaja(Long)
2026-01-26T11:54:23.536+01:00 DEBUG 24840 --- [http-nio-9092-exec-9] o.s.web.servlet.DispatcherServlet        : GET "/dashBoard/bajas/120", parameters={}
2026-01-26T11:54:23.536+01:00 DEBUG 24840 --- [http-nio-9092-exec-9] s.w.s.m.m.a.RequestMappingHandlerMapping : Mapped to com.melilla.gestPlanes.controller.DashBoardController#trabajadoresdeBaja(Long)
2026-01-26T11:54:23.542+01:00 DEBUG 24840 --- [http-nio-9092-exec-9] o.s.w.s.m.m.a.HttpEntityMethodProcessor  : Using 'application/json', given [application/json, text/plain, */*] and supported [application/json, application/*+json]
2026-01-26T11:54:23.542+01:00 DEBUG 24840 --- [http-nio-9092-exec-9] o.s.w.s.m.m.a.HttpEntityMethodProcessor  : Writing [ApiResponse(estado=null, payload=[DashBoardBajasDTO(baja=laboral, cantidad=0), DashBoardBajasDTO(baj (truncated)...]
2026-01-26T11:54:23.543+01:00 DEBUG 24840 --- [http-nio-9092-exec-9] o.s.web.servlet.DispatcherServlet        : Completed 200 OK
2026-01-26T11:54:23.551+01:00 DEBUG 24840 --- [http-nio-9092-exec-5] o.s.w.s.m.m.a.HttpEntityMethodProcessor  : Using 'application/json', given [application/json, text/plain, */*] and supported [application/json, application/*+json]
2026-01-26T11:54:23.552+01:00 DEBUG 24840 --- [http-nio-9092-exec-5] o.s.w.s.m.m.a.HttpEntityMethodProcessor  : Writing [ApiResponse(estado=null, payload=[DashBoardEstadoGeneroDTO(estado=CANDIDATO/A, hombres=0, mujeres=3) (truncated)...]
2026-01-26T11:54:23.552+01:00 DEBUG 24840 --- [http-nio-9092-exec-5] o.s.web.servlet.DispatcherServlet        : Completed 200 OK
2026-01-26T11:54:23.625+01:00 DEBUG 24840 --- [http-nio-9092-exec-6] o.s.w.s.m.m.a.HttpEntityMethodProcessor  : Using 'application/json', given [application/json, text/plain, */*] and supported [application/json, application/*+json]
2026-01-26T11:54:23.625+01:00 DEBUG 24840 --- [http-nio-9092-exec-6] o.s.w.s.m.m.a.HttpEntityMethodProcessor  : Writing [ApiResponse(estado=null, payload=[VacantesResponseDTO(id=3167, idOrganismo=656, organismo=PUERTO, id (truncated)...]
2026-01-26T11:54:23.627+01:00 DEBUG 24840 --- [http-nio-9092-exec-6] o.s.web.servlet.DispatcherServlet        : Completed 200 OK
2026-01-26T11:54:40.132+01:00  INFO 24840 --- [http-nio-9092-exec-8] c.m.g.JWT.JwtAuthenticationFilter        : Bearer eyJhbGciOiJIUzUxMiJ9.eyJzdWIiOiJhZG1pbiIsImlhdCI6MTc2OTQyNDY2NSwiZXhwIjoxNzY5NDI2MTA1fQ.bBQa-iDJyjZHli1A6OFgHIuKbLGLdsSc_SJN-f3Z9BjDHqkkEZ5iF74NZIYfhFSSfLPx6oE07NFU234g-Mbpdg
2026-01-26T11:54:40.136+01:00  INFO 24840 --- [http-nio-9092-exec-8] c.m.g.JWT.JwtAuthenticationFilter        : admin
2026-01-26T11:54:40.143+01:00  INFO 24840 --- [http-nio-9092-exec-8] c.m.g.JWT.JwtAuthenticationFilter        : Token válido
2026-01-26T11:54:40.143+01:00  INFO 24840 --- [http-nio-9092-exec-8] c.m.g.JWT.JwtAuthenticationFilter        : admin
2026-01-26T11:54:40.144+01:00 DEBUG 24840 --- [http-nio-9092-exec-8] s.w.s.m.m.a.RequestMappingHandlerMapping : Mapped to com.melilla.gestPlanes.controller.DocumentoController#tiposDeDocumentos()
2026-01-26T11:54:40.144+01:00 DEBUG 24840 --- [http-nio-9092-exec-8] s.w.s.m.m.a.RequestMappingHandlerMapping : Mapped to com.melilla.gestPlanes.controller.DocumentoController#tiposDeDocumentos()
2026-01-26T11:54:40.144+01:00 DEBUG 24840 --- [http-nio-9092-exec-8] s.w.s.m.m.a.RequestMappingHandlerMapping : Mapped to com.melilla.gestPlanes.controller.DocumentoController#tiposDeDocumentos()
2026-01-26T11:54:40.144+01:00 DEBUG 24840 --- [http-nio-9092-exec-8] s.w.s.m.m.a.RequestMappingHandlerMapping : Mapped to com.melilla.gestPlanes.controller.DocumentoController#tiposDeDocumentos()
2026-01-26T11:54:40.145+01:00 DEBUG 24840 --- [http-nio-9092-exec-8] s.w.s.m.m.a.RequestMappingHandlerMapping : Mapped to com.melilla.gestPlanes.controller.DocumentoController#tiposDeDocumentos()
2026-01-26T11:54:40.145+01:00 DEBUG 24840 --- [http-nio-9092-exec-8] s.w.s.m.m.a.RequestMappingHandlerMapping : Mapped to com.melilla.gestPlanes.controller.DocumentoController#tiposDeDocumentos()
2026-01-26T11:54:40.145+01:00 DEBUG 24840 --- [http-nio-9092-exec-8] s.w.s.m.m.a.RequestMappingHandlerMapping : Mapped to com.melilla.gestPlanes.controller.DocumentoController#tiposDeDocumentos()
2026-01-26T11:54:40.145+01:00 DEBUG 24840 --- [http-nio-9092-exec-8] o.s.web.servlet.DispatcherServlet        : GET "/tipoDocumentos", parameters={}
2026-01-26T11:54:40.145+01:00 DEBUG 24840 --- [http-nio-9092-exec-8] s.w.s.m.m.a.RequestMappingHandlerMapping : Mapped to com.melilla.gestPlanes.controller.DocumentoController#tiposDeDocumentos()
2026-01-26T11:54:40.147+01:00 DEBUG 24840 --- [http-nio-9092-exec-8] o.s.w.s.m.m.a.HttpEntityMethodProcessor  : Using 'application/json', given [application/json, text/plain, */*] and supported [application/json, application/*+json]
2026-01-26T11:54:40.147+01:00 DEBUG 24840 --- [http-nio-9092-exec-8] o.s.w.s.m.m.a.HttpEntityMethodProcessor  : Writing [ApiResponse(estado=200 OK, payload=[com.melilla.gestPlanes.model.TipoDocumento@722beadb, com.melilla (truncated)...]
2026-01-26T11:54:40.150+01:00 DEBUG 24840 --- [http-nio-9092-exec-8] o.s.web.servlet.DispatcherServlet        : Completed 200 OK
2026-01-26T11:54:40.157+01:00  INFO 24840 --- [http-nio-9092-exec-1] c.m.g.JWT.JwtAuthenticationFilter        : Bearer eyJhbGciOiJIUzUxMiJ9.eyJzdWIiOiJhZG1pbiIsImlhdCI6MTc2OTQyNDY2NSwiZXhwIjoxNzY5NDI2MTA1fQ.bBQa-iDJyjZHli1A6OFgHIuKbLGLdsSc_SJN-f3Z9BjDHqkkEZ5iF74NZIYfhFSSfLPx6oE07NFU234g-Mbpdg
2026-01-26T11:54:40.159+01:00  INFO 24840 --- [http-nio-9092-exec-1] c.m.g.JWT.JwtAuthenticationFilter        : admin
2026-01-26T11:54:40.169+01:00  INFO 24840 --- [http-nio-9092-exec-1] c.m.g.JWT.JwtAuthenticationFilter        : Token válido
2026-01-26T11:54:40.169+01:00  INFO 24840 --- [http-nio-9092-exec-1] c.m.g.JWT.JwtAuthenticationFilter        : admin
2026-01-26T11:54:40.169+01:00 DEBUG 24840 --- [http-nio-9092-exec-1] s.w.s.m.m.a.RequestMappingHandlerMapping : Mapped to com.melilla.gestPlanes.controller.DocumentoController#tiposDeDocumentos()
2026-01-26T11:54:40.169+01:00 DEBUG 24840 --- [http-nio-9092-exec-1] s.w.s.m.m.a.RequestMappingHandlerMapping : Mapped to com.melilla.gestPlanes.controller.DocumentoController#tiposDeDocumentos()
2026-01-26T11:54:40.169+01:00 DEBUG 24840 --- [http-nio-9092-exec-1] s.w.s.m.m.a.RequestMappingHandlerMapping : Mapped to com.melilla.gestPlanes.controller.DocumentoController#tiposDeDocumentos()
2026-01-26T11:54:40.169+01:00 DEBUG 24840 --- [http-nio-9092-exec-1] s.w.s.m.m.a.RequestMappingHandlerMapping : Mapped to com.melilla.gestPlanes.controller.DocumentoController#tiposDeDocumentos()
2026-01-26T11:54:40.169+01:00 DEBUG 24840 --- [http-nio-9092-exec-1] s.w.s.m.m.a.RequestMappingHandlerMapping : Mapped to com.melilla.gestPlanes.controller.DocumentoController#tiposDeDocumentos()
2026-01-26T11:54:40.169+01:00 DEBUG 24840 --- [http-nio-9092-exec-1] s.w.s.m.m.a.RequestMappingHandlerMapping : Mapped to com.melilla.gestPlanes.controller.DocumentoController#tiposDeDocumentos()
2026-01-26T11:54:40.169+01:00 DEBUG 24840 --- [http-nio-9092-exec-1] s.w.s.m.m.a.RequestMappingHandlerMapping : Mapped to com.melilla.gestPlanes.controller.DocumentoController#tiposDeDocumentos()
2026-01-26T11:54:40.169+01:00 DEBUG 24840 --- [http-nio-9092-exec-1] o.s.web.servlet.DispatcherServlet        : GET "/tipoDocumentos", parameters={}
2026-01-26T11:54:40.169+01:00 DEBUG 24840 --- [http-nio-9092-exec-1] s.w.s.m.m.a.RequestMappingHandlerMapping : Mapped to com.melilla.gestPlanes.controller.DocumentoController#tiposDeDocumentos()
2026-01-26T11:54:40.172+01:00 DEBUG 24840 --- [http-nio-9092-exec-1] o.s.w.s.m.m.a.HttpEntityMethodProcessor  : Using 'application/json', given [application/json, text/plain, */*] and supported [application/json, application/*+json]
2026-01-26T11:54:40.172+01:00 DEBUG 24840 --- [http-nio-9092-exec-1] o.s.w.s.m.m.a.HttpEntityMethodProcessor  : Writing [ApiResponse(estado=200 OK, payload=[com.melilla.gestPlanes.model.TipoDocumento@4f9a5b34, com.melilla (truncated)...]
2026-01-26T11:54:40.173+01:00 DEBUG 24840 --- [http-nio-9092-exec-1] o.s.web.servlet.DispatcherServlet        : Completed 200 OK
2026-01-26T11:54:41.167+01:00  INFO 24840 --- [http-nio-9092-exec-5] c.m.g.JWT.JwtAuthenticationFilter        : Bearer eyJhbGciOiJIUzUxMiJ9.eyJzdWIiOiJhZG1pbiIsImlhdCI6MTc2OTQyNDY2NSwiZXhwIjoxNzY5NDI2MTA1fQ.bBQa-iDJyjZHli1A6OFgHIuKbLGLdsSc_SJN-f3Z9BjDHqkkEZ5iF74NZIYfhFSSfLPx6oE07NFU234g-Mbpdg
2026-01-26T11:54:41.169+01:00  INFO 24840 --- [http-nio-9092-exec-6] c.m.g.JWT.JwtAuthenticationFilter        : Bearer eyJhbGciOiJIUzUxMiJ9.eyJzdWIiOiJhZG1pbiIsImlhdCI6MTc2OTQyNDY2NSwiZXhwIjoxNzY5NDI2MTA1fQ.bBQa-iDJyjZHli1A6OFgHIuKbLGLdsSc_SJN-f3Z9BjDHqkkEZ5iF74NZIYfhFSSfLPx6oE07NFU234g-Mbpdg
2026-01-26T11:54:41.169+01:00  INFO 24840 --- [http-nio-9092-exec-5] c.m.g.JWT.JwtAuthenticationFilter        : admin
2026-01-26T11:54:41.172+01:00  INFO 24840 --- [http-nio-9092-exec-6] c.m.g.JWT.JwtAuthenticationFilter        : admin
2026-01-26T11:54:41.180+01:00  INFO 24840 --- [http-nio-9092-exec-6] c.m.g.JWT.JwtAuthenticationFilter        : Token válido
2026-01-26T11:54:41.180+01:00  INFO 24840 --- [http-nio-9092-exec-6] c.m.g.JWT.JwtAuthenticationFilter        : admin
2026-01-26T11:54:41.180+01:00  INFO 24840 --- [http-nio-9092-exec-5] c.m.g.JWT.JwtAuthenticationFilter        : Token válido
2026-01-26T11:54:41.180+01:00  INFO 24840 --- [http-nio-9092-exec-5] c.m.g.JWT.JwtAuthenticationFilter        : admin
2026-01-26T11:54:41.180+01:00 DEBUG 24840 --- [http-nio-9092-exec-6] s.w.s.m.m.a.RequestMappingHandlerMapping : Mapped to com.melilla.gestPlanes.controller.DashBoardController#trabajadoresdeBaja(Long)
2026-01-26T11:54:41.182+01:00 DEBUG 24840 --- [http-nio-9092-exec-5] s.w.s.m.m.a.RequestMappingHandlerMapping : Mapped to com.melilla.gestPlanes.controller.DashBoardController#trabajadoresPorEstadoGenero(Long)
2026-01-26T11:54:41.182+01:00 DEBUG 24840 --- [http-nio-9092-exec-6] s.w.s.m.m.a.RequestMappingHandlerMapping : Mapped to com.melilla.gestPlanes.controller.DashBoardController#trabajadoresdeBaja(Long)
2026-01-26T11:54:41.183+01:00 DEBUG 24840 --- [http-nio-9092-exec-5] s.w.s.m.m.a.RequestMappingHandlerMapping : Mapped to com.melilla.gestPlanes.controller.DashBoardController#trabajadoresPorEstadoGenero(Long)
2026-01-26T11:54:41.183+01:00 DEBUG 24840 --- [http-nio-9092-exec-6] s.w.s.m.m.a.RequestMappingHandlerMapping : Mapped to com.melilla.gestPlanes.controller.DashBoardController#trabajadoresdeBaja(Long)
2026-01-26T11:54:41.183+01:00 DEBUG 24840 --- [http-nio-9092-exec-5] s.w.s.m.m.a.RequestMappingHandlerMapping : Mapped to com.melilla.gestPlanes.controller.DashBoardController#trabajadoresPorEstadoGenero(Long)
2026-01-26T11:54:41.183+01:00 DEBUG 24840 --- [http-nio-9092-exec-6] s.w.s.m.m.a.RequestMappingHandlerMapping : Mapped to com.melilla.gestPlanes.controller.DashBoardController#trabajadoresdeBaja(Long)
2026-01-26T11:54:41.183+01:00 DEBUG 24840 --- [http-nio-9092-exec-5] s.w.s.m.m.a.RequestMappingHandlerMapping : Mapped to com.melilla.gestPlanes.controller.DashBoardController#trabajadoresPorEstadoGenero(Long)
2026-01-26T11:54:41.183+01:00 DEBUG 24840 --- [http-nio-9092-exec-6] s.w.s.m.m.a.RequestMappingHandlerMapping : Mapped to com.melilla.gestPlanes.controller.DashBoardController#trabajadoresdeBaja(Long)
2026-01-26T11:54:41.184+01:00 DEBUG 24840 --- [http-nio-9092-exec-5] s.w.s.m.m.a.RequestMappingHandlerMapping : Mapped to com.melilla.gestPlanes.controller.DashBoardController#trabajadoresPorEstadoGenero(Long)
2026-01-26T11:54:41.184+01:00 DEBUG 24840 --- [http-nio-9092-exec-6] s.w.s.m.m.a.RequestMappingHandlerMapping : Mapped to com.melilla.gestPlanes.controller.DashBoardController#trabajadoresdeBaja(Long)
2026-01-26T11:54:41.184+01:00 DEBUG 24840 --- [http-nio-9092-exec-5] s.w.s.m.m.a.RequestMappingHandlerMapping : Mapped to com.melilla.gestPlanes.controller.DashBoardController#trabajadoresPorEstadoGenero(Long)
2026-01-26T11:54:41.184+01:00 DEBUG 24840 --- [http-nio-9092-exec-6] s.w.s.m.m.a.RequestMappingHandlerMapping : Mapped to com.melilla.gestPlanes.controller.DashBoardController#trabajadoresdeBaja(Long)
2026-01-26T11:54:41.184+01:00 DEBUG 24840 --- [http-nio-9092-exec-5] s.w.s.m.m.a.RequestMappingHandlerMapping : Mapped to com.melilla.gestPlanes.controller.DashBoardController#trabajadoresPorEstadoGenero(Long)
2026-01-26T11:54:41.185+01:00 DEBUG 24840 --- [http-nio-9092-exec-5] o.s.web.servlet.DispatcherServlet        : GET "/dashBoard/ciudadanoPorEstado/120", parameters={}
2026-01-26T11:54:41.185+01:00 DEBUG 24840 --- [http-nio-9092-exec-6] o.s.web.servlet.DispatcherServlet        : GET "/dashBoard/bajas/120", parameters={}
2026-01-26T11:54:41.186+01:00 DEBUG 24840 --- [http-nio-9092-exec-6] s.w.s.m.m.a.RequestMappingHandlerMapping : Mapped to com.melilla.gestPlanes.controller.DashBoardController#trabajadoresdeBaja(Long)
2026-01-26T11:54:41.186+01:00 DEBUG 24840 --- [http-nio-9092-exec-5] s.w.s.m.m.a.RequestMappingHandlerMapping : Mapped to com.melilla.gestPlanes.controller.DashBoardController#trabajadoresPorEstadoGenero(Long)
2026-01-26T11:54:41.191+01:00 DEBUG 24840 --- [http-nio-9092-exec-6] o.s.w.s.m.m.a.HttpEntityMethodProcessor  : Using 'application/json', given [application/json, text/plain, */*] and supported [application/json, application/*+json]
2026-01-26T11:54:41.191+01:00 DEBUG 24840 --- [http-nio-9092-exec-6] o.s.w.s.m.m.a.HttpEntityMethodProcessor  : Writing [ApiResponse(estado=null, payload=[DashBoardBajasDTO(baja=laboral, cantidad=0), DashBoardBajasDTO(baj (truncated)...]
2026-01-26T11:54:41.192+01:00 DEBUG 24840 --- [http-nio-9092-exec-6] o.s.web.servlet.DispatcherServlet        : Completed 200 OK
2026-01-26T11:54:41.200+01:00 DEBUG 24840 --- [http-nio-9092-exec-5] o.s.w.s.m.m.a.HttpEntityMethodProcessor  : Using 'application/json', given [application/json, text/plain, */*] and supported [application/json, application/*+json]
2026-01-26T11:54:41.200+01:00 DEBUG 24840 --- [http-nio-9092-exec-5] o.s.w.s.m.m.a.HttpEntityMethodProcessor  : Writing [ApiResponse(estado=null, payload=[DashBoardEstadoGeneroDTO(estado=CANDIDATO/A, hombres=0, mujeres=3) (truncated)...]
2026-01-26T11:54:41.201+01:00 DEBUG 24840 --- [http-nio-9092-exec-5] o.s.web.servlet.DispatcherServlet        : Completed 200 OK
2026-01-26T11:54:41.226+01:00  INFO 24840 --- [http-nio-9092-exec-7] c.m.g.JWT.JwtAuthenticationFilter        : Bearer eyJhbGciOiJIUzUxMiJ9.eyJzdWIiOiJhZG1pbiIsImlhdCI6MTc2OTQyNDY2NSwiZXhwIjoxNzY5NDI2MTA1fQ.bBQa-iDJyjZHli1A6OFgHIuKbLGLdsSc_SJN-f3Z9BjDHqkkEZ5iF74NZIYfhFSSfLPx6oE07NFU234g-Mbpdg
2026-01-26T11:54:41.228+01:00  INFO 24840 --- [http-nio-9092-exec-7] c.m.g.JWT.JwtAuthenticationFilter        : admin
2026-01-26T11:54:41.234+01:00  INFO 24840 --- [http-nio-9092-exec-4] c.m.g.JWT.JwtAuthenticationFilter        : Bearer eyJhbGciOiJIUzUxMiJ9.eyJzdWIiOiJhZG1pbiIsImlhdCI6MTc2OTQyNDY2NSwiZXhwIjoxNzY5NDI2MTA1fQ.bBQa-iDJyjZHli1A6OFgHIuKbLGLdsSc_SJN-f3Z9BjDHqkkEZ5iF74NZIYfhFSSfLPx6oE07NFU234g-Mbpdg
2026-01-26T11:54:41.237+01:00  INFO 24840 --- [http-nio-9092-exec-4] c.m.g.JWT.JwtAuthenticationFilter        : admin
2026-01-26T11:54:41.244+01:00  INFO 24840 --- [http-nio-9092-exec-7] c.m.g.JWT.JwtAuthenticationFilter        : Token válido
2026-01-26T11:54:41.244+01:00  INFO 24840 --- [http-nio-9092-exec-7] c.m.g.JWT.JwtAuthenticationFilter        : admin
2026-01-26T11:54:41.245+01:00 DEBUG 24840 --- [http-nio-9092-exec-7] s.w.s.m.m.a.RequestMappingHandlerMapping : Mapped to com.melilla.gestPlanes.controller.DashBoardController#trabajadoresdeBaja(Long)
2026-01-26T11:54:41.245+01:00 DEBUG 24840 --- [http-nio-9092-exec-7] s.w.s.m.m.a.RequestMappingHandlerMapping : Mapped to com.melilla.gestPlanes.controller.DashBoardController#trabajadoresdeBaja(Long)
2026-01-26T11:54:41.245+01:00 DEBUG 24840 --- [http-nio-9092-exec-7] s.w.s.m.m.a.RequestMappingHandlerMapping : Mapped to com.melilla.gestPlanes.controller.DashBoardController#trabajadoresdeBaja(Long)
2026-01-26T11:54:41.245+01:00 DEBUG 24840 --- [http-nio-9092-exec-7] s.w.s.m.m.a.RequestMappingHandlerMapping : Mapped to com.melilla.gestPlanes.controller.DashBoardController#trabajadoresdeBaja(Long)
2026-01-26T11:54:41.246+01:00 DEBUG 24840 --- [http-nio-9092-exec-7] s.w.s.m.m.a.RequestMappingHandlerMapping : Mapped to com.melilla.gestPlanes.controller.DashBoardController#trabajadoresdeBaja(Long)
2026-01-26T11:54:41.246+01:00 DEBUG 24840 --- [http-nio-9092-exec-7] s.w.s.m.m.a.RequestMappingHandlerMapping : Mapped to com.melilla.gestPlanes.controller.DashBoardController#trabajadoresdeBaja(Long)
2026-01-26T11:54:41.246+01:00 DEBUG 24840 --- [http-nio-9092-exec-7] s.w.s.m.m.a.RequestMappingHandlerMapping : Mapped to com.melilla.gestPlanes.controller.DashBoardController#trabajadoresdeBaja(Long)
2026-01-26T11:54:41.246+01:00 DEBUG 24840 --- [http-nio-9092-exec-7] o.s.web.servlet.DispatcherServlet        : GET "/dashBoard/bajas/120", parameters={}
2026-01-26T11:54:41.246+01:00 DEBUG 24840 --- [http-nio-9092-exec-7] s.w.s.m.m.a.RequestMappingHandlerMapping : Mapped to com.melilla.gestPlanes.controller.DashBoardController#trabajadoresdeBaja(Long)
2026-01-26T11:54:41.251+01:00  INFO 24840 --- [http-nio-9092-exec-4] c.m.g.JWT.JwtAuthenticationFilter        : Token válido
2026-01-26T11:54:41.251+01:00  INFO 24840 --- [http-nio-9092-exec-4] c.m.g.JWT.JwtAuthenticationFilter        : admin
2026-01-26T11:54:41.251+01:00 DEBUG 24840 --- [http-nio-9092-exec-4] s.w.s.m.m.a.RequestMappingHandlerMapping : Mapped to com.melilla.gestPlanes.controller.DashBoardController#trabajadoresPorEstadoGenero(Long)
2026-01-26T11:54:41.252+01:00 DEBUG 24840 --- [http-nio-9092-exec-4] s.w.s.m.m.a.RequestMappingHandlerMapping : Mapped to com.melilla.gestPlanes.controller.DashBoardController#trabajadoresPorEstadoGenero(Long)
2026-01-26T11:54:41.252+01:00 DEBUG 24840 --- [http-nio-9092-exec-4] s.w.s.m.m.a.RequestMappingHandlerMapping : Mapped to com.melilla.gestPlanes.controller.DashBoardController#trabajadoresPorEstadoGenero(Long)
2026-01-26T11:54:41.252+01:00 DEBUG 24840 --- [http-nio-9092-exec-4] s.w.s.m.m.a.RequestMappingHandlerMapping : Mapped to com.melilla.gestPlanes.controller.DashBoardController#trabajadoresPorEstadoGenero(Long)
2026-01-26T11:54:41.252+01:00 DEBUG 24840 --- [http-nio-9092-exec-4] s.w.s.m.m.a.RequestMappingHandlerMapping : Mapped to com.melilla.gestPlanes.controller.DashBoardController#trabajadoresPorEstadoGenero(Long)
2026-01-26T11:54:41.253+01:00 DEBUG 24840 --- [http-nio-9092-exec-4] s.w.s.m.m.a.RequestMappingHandlerMapping : Mapped to com.melilla.gestPlanes.controller.DashBoardController#trabajadoresPorEstadoGenero(Long)
2026-01-26T11:54:41.253+01:00 DEBUG 24840 --- [http-nio-9092-exec-4] s.w.s.m.m.a.RequestMappingHandlerMapping : Mapped to com.melilla.gestPlanes.controller.DashBoardController#trabajadoresPorEstadoGenero(Long)
2026-01-26T11:54:41.253+01:00 DEBUG 24840 --- [http-nio-9092-exec-4] o.s.web.servlet.DispatcherServlet        : GET "/dashBoard/ciudadanoPorEstado/120", parameters={}
2026-01-26T11:54:41.253+01:00 DEBUG 24840 --- [http-nio-9092-exec-4] s.w.s.m.m.a.RequestMappingHandlerMapping : Mapped to com.melilla.gestPlanes.controller.DashBoardController#trabajadoresPorEstadoGenero(Long)
2026-01-26T11:54:41.253+01:00 DEBUG 24840 --- [http-nio-9092-exec-7] o.s.w.s.m.m.a.HttpEntityMethodProcessor  : Using 'application/json', given [application/json, text/plain, */*] and supported [application/json, application/*+json]
2026-01-26T11:54:41.254+01:00 DEBUG 24840 --- [http-nio-9092-exec-7] o.s.w.s.m.m.a.HttpEntityMethodProcessor  : Writing [ApiResponse(estado=null, payload=[DashBoardBajasDTO(baja=laboral, cantidad=0), DashBoardBajasDTO(baj (truncated)...]
2026-01-26T11:54:41.254+01:00 DEBUG 24840 --- [http-nio-9092-exec-7] o.s.web.servlet.DispatcherServlet        : Completed 200 OK
2026-01-26T11:54:41.265+01:00 DEBUG 24840 --- [http-nio-9092-exec-4] o.s.w.s.m.m.a.HttpEntityMethodProcessor  : Using 'application/json', given [application/json, text/plain, */*] and supported [application/json, application/*+json]
2026-01-26T11:54:41.265+01:00 DEBUG 24840 --- [http-nio-9092-exec-4] o.s.w.s.m.m.a.HttpEntityMethodProcessor  : Writing [ApiResponse(estado=null, payload=[DashBoardEstadoGeneroDTO(estado=CANDIDATO/A, hombres=0, mujeres=3) (truncated)...]
2026-01-26T11:54:41.266+01:00 DEBUG 24840 --- [http-nio-9092-exec-4] o.s.web.servlet.DispatcherServlet        : Completed 200 OK
2026-01-26T11:55:18.674+01:00  INFO 24840 --- [http-nio-9092-exec-5] c.m.g.JWT.JwtAuthenticationFilter        : Bearer eyJhbGciOiJIUzUxMiJ9.eyJzdWIiOiJhZG1pbiIsImlhdCI6MTc2OTQyNDY2NSwiZXhwIjoxNzY5NDI2MTA1fQ.bBQa-iDJyjZHli1A6OFgHIuKbLGLdsSc_SJN-f3Z9BjDHqkkEZ5iF74NZIYfhFSSfLPx6oE07NFU234g-Mbpdg
2026-01-26T11:55:18.688+01:00  INFO 24840 --- [http-nio-9092-exec-5] c.m.g.JWT.JwtAuthenticationFilter        : admin
2026-01-26T11:55:18.744+01:00  INFO 24840 --- [http-nio-9092-exec-5] c.m.g.JWT.JwtAuthenticationFilter        : Token válido
2026-01-26T11:55:18.744+01:00  INFO 24840 --- [http-nio-9092-exec-5] c.m.g.JWT.JwtAuthenticationFilter        : admin
2026-01-26T11:55:18.744+01:00 DEBUG 24840 --- [http-nio-9092-exec-5] s.w.s.m.m.a.RequestMappingHandlerMapping : Mapped to com.melilla.gestPlanes.controller.CiudadanoController#listadoVacantes()
2026-01-26T11:55:18.746+01:00 DEBUG 24840 --- [http-nio-9092-exec-5] s.w.s.m.m.a.RequestMappingHandlerMapping : Mapped to com.melilla.gestPlanes.controller.CiudadanoController#listadoVacantes()
2026-01-26T11:55:18.746+01:00 DEBUG 24840 --- [http-nio-9092-exec-5] s.w.s.m.m.a.RequestMappingHandlerMapping : Mapped to com.melilla.gestPlanes.controller.CiudadanoController#listadoVacantes()
2026-01-26T11:55:18.746+01:00 DEBUG 24840 --- [http-nio-9092-exec-5] s.w.s.m.m.a.RequestMappingHandlerMapping : Mapped to com.melilla.gestPlanes.controller.CiudadanoController#listadoVacantes()
2026-01-26T11:55:18.746+01:00 DEBUG 24840 --- [http-nio-9092-exec-5] s.w.s.m.m.a.RequestMappingHandlerMapping : Mapped to com.melilla.gestPlanes.controller.CiudadanoController#listadoVacantes()
2026-01-26T11:55:18.746+01:00 DEBUG 24840 --- [http-nio-9092-exec-5] s.w.s.m.m.a.RequestMappingHandlerMapping : Mapped to com.melilla.gestPlanes.controller.CiudadanoController#listadoVacantes()
2026-01-26T11:55:18.746+01:00 DEBUG 24840 --- [http-nio-9092-exec-5] s.w.s.m.m.a.RequestMappingHandlerMapping : Mapped to com.melilla.gestPlanes.controller.CiudadanoController#listadoVacantes()
2026-01-26T11:55:18.746+01:00 DEBUG 24840 --- [http-nio-9092-exec-5] o.s.web.servlet.DispatcherServlet        : GET "/listadoVacantes", parameters={}
2026-01-26T11:55:18.746+01:00 DEBUG 24840 --- [http-nio-9092-exec-5] s.w.s.m.m.a.RequestMappingHandlerMapping : Mapped to com.melilla.gestPlanes.controller.CiudadanoController#listadoVacantes()
2026-01-26T11:55:18.762+01:00  INFO 24840 --- [http-nio-9092-exec-5] c.m.g.service.impl.CiudadanoServiceImpl  : obtenido el plan: 2024-2025
2026-01-26T11:55:18.762+01:00  INFO 24840 --- [http-nio-9092-exec-5] c.m.g.service.impl.CiudadanoServiceImpl  : IdPlanTrabajo usuario logado: 120
2026-01-26T11:55:18.762+01:00  INFO 24840 --- [http-nio-9092-exec-5] c.m.g.service.impl.CiudadanoServiceImpl  : IdPlanActivo: 11
2026-01-26T11:55:18.770+01:00  INFO 24840 --- [http-nio-9092-exec-5] c.m.g.service.impl.CiudadanoServiceImpl  : id result: 120
2026-01-26T11:55:19.823+01:00  INFO 24840 --- [http-nio-9092-exec-10] c.m.g.JWT.JwtAuthenticationFilter        : Bearer eyJhbGciOiJIUzUxMiJ9.eyJzdWIiOiJhZG1pbiIsImlhdCI6MTc2OTQyNDY2NSwiZXhwIjoxNzY5NDI2MTA1fQ.bBQa-iDJyjZHli1A6OFgHIuKbLGLdsSc_SJN-f3Z9BjDHqkkEZ5iF74NZIYfhFSSfLPx6oE07NFU234g-Mbpdg
2026-01-26T11:55:19.839+01:00  INFO 24840 --- [http-nio-9092-exec-1] c.m.g.JWT.JwtAuthenticationFilter        : Bearer eyJhbGciOiJIUzUxMiJ9.eyJzdWIiOiJhZG1pbiIsImlhdCI6MTc2OTQyNDY2NSwiZXhwIjoxNzY5NDI2MTA1fQ.bBQa-iDJyjZHli1A6OFgHIuKbLGLdsSc_SJN-f3Z9BjDHqkkEZ5iF74NZIYfhFSSfLPx6oE07NFU234g-Mbpdg
2026-01-26T11:55:19.854+01:00  INFO 24840 --- [http-nio-9092-exec-10] c.m.g.JWT.JwtAuthenticationFilter        : admin
2026-01-26T11:55:19.870+01:00  INFO 24840 --- [http-nio-9092-exec-1] c.m.g.JWT.JwtAuthenticationFilter        : admin
2026-01-26T11:55:19.922+01:00  INFO 24840 --- [http-nio-9092-exec-10] c.m.g.JWT.JwtAuthenticationFilter        : Token válido
2026-01-26T11:55:19.922+01:00  INFO 24840 --- [http-nio-9092-exec-10] c.m.g.JWT.JwtAuthenticationFilter        : admin
2026-01-26T11:55:19.923+01:00 DEBUG 24840 --- [http-nio-9092-exec-10] s.w.s.m.m.a.RequestMappingHandlerMapping : Mapped to com.melilla.gestPlanes.controller.DashBoardController#trabajadoresPorEstadoGenero(Long)
2026-01-26T11:55:19.923+01:00 DEBUG 24840 --- [http-nio-9092-exec-10] s.w.s.m.m.a.RequestMappingHandlerMapping : Mapped to com.melilla.gestPlanes.controller.DashBoardController#trabajadoresPorEstadoGenero(Long)
2026-01-26T11:55:19.923+01:00 DEBUG 24840 --- [http-nio-9092-exec-10] s.w.s.m.m.a.RequestMappingHandlerMapping : Mapped to com.melilla.gestPlanes.controller.DashBoardController#trabajadoresPorEstadoGenero(Long)
2026-01-26T11:55:19.926+01:00 DEBUG 24840 --- [http-nio-9092-exec-10] s.w.s.m.m.a.RequestMappingHandlerMapping : Mapped to com.melilla.gestPlanes.controller.DashBoardController#trabajadoresPorEstadoGenero(Long)
2026-01-26T11:55:19.927+01:00 DEBUG 24840 --- [http-nio-9092-exec-10] s.w.s.m.m.a.RequestMappingHandlerMapping : Mapped to com.melilla.gestPlanes.controller.DashBoardController#trabajadoresPorEstadoGenero(Long)
2026-01-26T11:55:19.927+01:00 DEBUG 24840 --- [http-nio-9092-exec-10] s.w.s.m.m.a.RequestMappingHandlerMapping : Mapped to com.melilla.gestPlanes.controller.DashBoardController#trabajadoresPorEstadoGenero(Long)
2026-01-26T11:55:19.927+01:00 DEBUG 24840 --- [http-nio-9092-exec-10] s.w.s.m.m.a.RequestMappingHandlerMapping : Mapped to com.melilla.gestPlanes.controller.DashBoardController#trabajadoresPorEstadoGenero(Long)
2026-01-26T11:55:19.928+01:00 DEBUG 24840 --- [http-nio-9092-exec-10] o.s.web.servlet.DispatcherServlet        : GET "/dashBoard/ciudadanoPorEstado/120", parameters={}
2026-01-26T11:55:19.928+01:00 DEBUG 24840 --- [http-nio-9092-exec-10] s.w.s.m.m.a.RequestMappingHandlerMapping : Mapped to com.melilla.gestPlanes.controller.DashBoardController#trabajadoresPorEstadoGenero(Long)
2026-01-26T11:55:19.929+01:00  INFO 24840 --- [http-nio-9092-exec-1] c.m.g.JWT.JwtAuthenticationFilter        : Token válido
2026-01-26T11:55:19.934+01:00  INFO 24840 --- [http-nio-9092-exec-1] c.m.g.JWT.JwtAuthenticationFilter        : admin
2026-01-26T11:55:19.935+01:00 DEBUG 24840 --- [http-nio-9092-exec-1] s.w.s.m.m.a.RequestMappingHandlerMapping : Mapped to com.melilla.gestPlanes.controller.DashBoardController#trabajadoresdeBaja(Long)
2026-01-26T11:55:20.059+01:00 DEBUG 24840 --- [http-nio-9092-exec-10] o.s.w.s.m.m.a.HttpEntityMethodProcessor  : Using 'application/json', given [application/json, text/plain, */*] and supported [application/json, application/*+json]
2026-01-26T11:55:20.154+01:00 DEBUG 24840 --- [http-nio-9092-exec-10] o.s.w.s.m.m.a.HttpEntityMethodProcessor  : Writing [ApiResponse(estado=null, payload=[DashBoardEstadoGeneroDTO(estado=CANDIDATO/A, hombres=0, mujeres=3) (truncated)...]
2026-01-26T11:55:20.154+01:00 DEBUG 24840 --- [http-nio-9092-exec-1] s.w.s.m.m.a.RequestMappingHandlerMapping : Mapped to com.melilla.gestPlanes.controller.DashBoardController#trabajadoresdeBaja(Long)
2026-01-26T11:55:20.154+01:00 DEBUG 24840 --- [http-nio-9092-exec-1] s.w.s.m.m.a.RequestMappingHandlerMapping : Mapped to com.melilla.gestPlanes.controller.DashBoardController#trabajadoresdeBaja(Long)
2026-01-26T11:55:20.154+01:00 DEBUG 24840 --- [http-nio-9092-exec-1] s.w.s.m.m.a.RequestMappingHandlerMapping : Mapped to com.melilla.gestPlanes.controller.DashBoardController#trabajadoresdeBaja(Long)
2026-01-26T11:55:20.154+01:00 DEBUG 24840 --- [http-nio-9092-exec-1] s.w.s.m.m.a.RequestMappingHandlerMapping : Mapped to com.melilla.gestPlanes.controller.DashBoardController#trabajadoresdeBaja(Long)
2026-01-26T11:55:20.154+01:00 DEBUG 24840 --- [http-nio-9092-exec-10] o.s.web.servlet.DispatcherServlet        : Completed 200 OK
2026-01-26T11:55:20.154+01:00 DEBUG 24840 --- [http-nio-9092-exec-1] s.w.s.m.m.a.RequestMappingHandlerMapping : Mapped to com.melilla.gestPlanes.controller.DashBoardController#trabajadoresdeBaja(Long)
2026-01-26T11:55:20.154+01:00 DEBUG 24840 --- [http-nio-9092-exec-1] s.w.s.m.m.a.RequestMappingHandlerMapping : Mapped to com.melilla.gestPlanes.controller.DashBoardController#trabajadoresdeBaja(Long)
2026-01-26T11:55:20.154+01:00 DEBUG 24840 --- [http-nio-9092-exec-1] o.s.web.servlet.DispatcherServlet        : GET "/dashBoard/bajas/120", parameters={}
2026-01-26T11:55:20.154+01:00 DEBUG 24840 --- [http-nio-9092-exec-1] s.w.s.m.m.a.RequestMappingHandlerMapping : Mapped to com.melilla.gestPlanes.controller.DashBoardController#trabajadoresdeBaja(Long)
2026-01-26T11:55:20.158+01:00 DEBUG 24840 --- [http-nio-9092-exec-1] o.s.w.s.m.m.a.HttpEntityMethodProcessor  : Using 'application/json', given [application/json, text/plain, */*] and supported [application/json, application/*+json]
2026-01-26T11:55:20.158+01:00 DEBUG 24840 --- [http-nio-9092-exec-1] o.s.w.s.m.m.a.HttpEntityMethodProcessor  : Writing [ApiResponse(estado=null, payload=[DashBoardBajasDTO(baja=laboral, cantidad=0), DashBoardBajasDTO(baj (truncated)...]
2026-01-26T11:55:20.160+01:00 DEBUG 24840 --- [http-nio-9092-exec-1] o.s.web.servlet.DispatcherServlet        : Completed 200 OK
2026-01-26T11:55:20.171+01:00  INFO 24840 --- [http-nio-9092-exec-9] c.m.g.JWT.JwtAuthenticationFilter        : Bearer eyJhbGciOiJIUzUxMiJ9.eyJzdWIiOiJhZG1pbiIsImlhdCI6MTc2OTQyNDY2NSwiZXhwIjoxNzY5NDI2MTA1fQ.bBQa-iDJyjZHli1A6OFgHIuKbLGLdsSc_SJN-f3Z9BjDHqkkEZ5iF74NZIYfhFSSfLPx6oE07NFU234g-Mbpdg
2026-01-26T11:55:20.175+01:00  INFO 24840 --- [http-nio-9092-exec-9] c.m.g.JWT.JwtAuthenticationFilter        : admin
2026-01-26T11:55:20.179+01:00  INFO 24840 --- [http-nio-9092-exec-3] c.m.g.JWT.JwtAuthenticationFilter        : Bearer eyJhbGciOiJIUzUxMiJ9.eyJzdWIiOiJhZG1pbiIsImlhdCI6MTc2OTQyNDY2NSwiZXhwIjoxNzY5NDI2MTA1fQ.bBQa-iDJyjZHli1A6OFgHIuKbLGLdsSc_SJN-f3Z9BjDHqkkEZ5iF74NZIYfhFSSfLPx6oE07NFU234g-Mbpdg
2026-01-26T11:55:20.185+01:00  INFO 24840 --- [http-nio-9092-exec-3] c.m.g.JWT.JwtAuthenticationFilter        : admin
2026-01-26T11:55:20.192+01:00  INFO 24840 --- [http-nio-9092-exec-9] c.m.g.JWT.JwtAuthenticationFilter        : Token válido
2026-01-26T11:55:20.193+01:00  INFO 24840 --- [http-nio-9092-exec-9] c.m.g.JWT.JwtAuthenticationFilter        : admin
2026-01-26T11:55:20.193+01:00 DEBUG 24840 --- [http-nio-9092-exec-9] s.w.s.m.m.a.RequestMappingHandlerMapping : Mapped to com.melilla.gestPlanes.controller.DashBoardController#trabajadoresPorEstadoGenero(Long)
2026-01-26T11:55:20.193+01:00 DEBUG 24840 --- [http-nio-9092-exec-9] s.w.s.m.m.a.RequestMappingHandlerMapping : Mapped to com.melilla.gestPlanes.controller.DashBoardController#trabajadoresPorEstadoGenero(Long)
2026-01-26T11:55:20.194+01:00 DEBUG 24840 --- [http-nio-9092-exec-9] s.w.s.m.m.a.RequestMappingHandlerMapping : Mapped to com.melilla.gestPlanes.controller.DashBoardController#trabajadoresPorEstadoGenero(Long)
2026-01-26T11:55:20.194+01:00 DEBUG 24840 --- [http-nio-9092-exec-9] s.w.s.m.m.a.RequestMappingHandlerMapping : Mapped to com.melilla.gestPlanes.controller.DashBoardController#trabajadoresPorEstadoGenero(Long)
2026-01-26T11:55:20.194+01:00 DEBUG 24840 --- [http-nio-9092-exec-9] s.w.s.m.m.a.RequestMappingHandlerMapping : Mapped to com.melilla.gestPlanes.controller.DashBoardController#trabajadoresPorEstadoGenero(Long)
2026-01-26T11:55:20.194+01:00 DEBUG 24840 --- [http-nio-9092-exec-9] s.w.s.m.m.a.RequestMappingHandlerMapping : Mapped to com.melilla.gestPlanes.controller.DashBoardController#trabajadoresPorEstadoGenero(Long)
2026-01-26T11:55:20.195+01:00 DEBUG 24840 --- [http-nio-9092-exec-9] s.w.s.m.m.a.RequestMappingHandlerMapping : Mapped to com.melilla.gestPlanes.controller.DashBoardController#trabajadoresPorEstadoGenero(Long)
2026-01-26T11:55:20.195+01:00 DEBUG 24840 --- [http-nio-9092-exec-9] o.s.web.servlet.DispatcherServlet        : GET "/dashBoard/ciudadanoPorEstado/120", parameters={}
2026-01-26T11:55:20.195+01:00 DEBUG 24840 --- [http-nio-9092-exec-9] s.w.s.m.m.a.RequestMappingHandlerMapping : Mapped to com.melilla.gestPlanes.controller.DashBoardController#trabajadoresPorEstadoGenero(Long)
2026-01-26T11:55:20.200+01:00  INFO 24840 --- [http-nio-9092-exec-3] c.m.g.JWT.JwtAuthenticationFilter        : Token válido
2026-01-26T11:55:20.202+01:00  INFO 24840 --- [http-nio-9092-exec-3] c.m.g.JWT.JwtAuthenticationFilter        : admin
2026-01-26T11:55:20.202+01:00 DEBUG 24840 --- [http-nio-9092-exec-3] s.w.s.m.m.a.RequestMappingHandlerMapping : Mapped to com.melilla.gestPlanes.controller.DashBoardController#trabajadoresdeBaja(Long)
2026-01-26T11:55:20.202+01:00 DEBUG 24840 --- [http-nio-9092-exec-3] s.w.s.m.m.a.RequestMappingHandlerMapping : Mapped to com.melilla.gestPlanes.controller.DashBoardController#trabajadoresdeBaja(Long)
2026-01-26T11:55:20.203+01:00 DEBUG 24840 --- [http-nio-9092-exec-3] s.w.s.m.m.a.RequestMappingHandlerMapping : Mapped to com.melilla.gestPlanes.controller.DashBoardController#trabajadoresdeBaja(Long)
2026-01-26T11:55:20.203+01:00 DEBUG 24840 --- [http-nio-9092-exec-3] s.w.s.m.m.a.RequestMappingHandlerMapping : Mapped to com.melilla.gestPlanes.controller.DashBoardController#trabajadoresdeBaja(Long)
2026-01-26T11:55:20.203+01:00 DEBUG 24840 --- [http-nio-9092-exec-3] s.w.s.m.m.a.RequestMappingHandlerMapping : Mapped to com.melilla.gestPlanes.controller.DashBoardController#trabajadoresdeBaja(Long)
2026-01-26T11:55:20.203+01:00 DEBUG 24840 --- [http-nio-9092-exec-3] s.w.s.m.m.a.RequestMappingHandlerMapping : Mapped to com.melilla.gestPlanes.controller.DashBoardController#trabajadoresdeBaja(Long)
2026-01-26T11:55:20.203+01:00 DEBUG 24840 --- [http-nio-9092-exec-3] s.w.s.m.m.a.RequestMappingHandlerMapping : Mapped to com.melilla.gestPlanes.controller.DashBoardController#trabajadoresdeBaja(Long)
2026-01-26T11:55:20.203+01:00 DEBUG 24840 --- [http-nio-9092-exec-3] o.s.web.servlet.DispatcherServlet        : GET "/dashBoard/bajas/120", parameters={}
2026-01-26T11:55:20.203+01:00 DEBUG 24840 --- [http-nio-9092-exec-3] s.w.s.m.m.a.RequestMappingHandlerMapping : Mapped to com.melilla.gestPlanes.controller.DashBoardController#trabajadoresdeBaja(Long)
2026-01-26T11:55:20.212+01:00 DEBUG 24840 --- [http-nio-9092-exec-3] o.s.w.s.m.m.a.HttpEntityMethodProcessor  : Using 'application/json', given [application/json, text/plain, */*] and supported [application/json, application/*+json]
2026-01-26T11:55:20.212+01:00 DEBUG 24840 --- [http-nio-9092-exec-3] o.s.w.s.m.m.a.HttpEntityMethodProcessor  : Writing [ApiResponse(estado=null, payload=[DashBoardBajasDTO(baja=laboral, cantidad=0), DashBoardBajasDTO(baj (truncated)...]
2026-01-26T11:55:20.214+01:00 DEBUG 24840 --- [http-nio-9092-exec-3] o.s.web.servlet.DispatcherServlet        : Completed 200 OK
2026-01-26T11:55:20.241+01:00 DEBUG 24840 --- [http-nio-9092-exec-9] o.s.w.s.m.m.a.HttpEntityMethodProcessor  : Using 'application/json', given [application/json, text/plain, */*] and supported [application/json, application/*+json]
2026-01-26T11:55:20.241+01:00 DEBUG 24840 --- [http-nio-9092-exec-9] o.s.w.s.m.m.a.HttpEntityMethodProcessor  : Writing [ApiResponse(estado=null, payload=[DashBoardEstadoGeneroDTO(estado=CANDIDATO/A, hombres=0, mujeres=3) (truncated)...]
2026-01-26T11:55:20.242+01:00 DEBUG 24840 --- [http-nio-9092-exec-9] o.s.web.servlet.DispatcherServlet        : Completed 200 OK
2026-01-26T11:55:20.423+01:00 DEBUG 24840 --- [http-nio-9092-exec-5] o.s.w.s.m.m.a.HttpEntityMethodProcessor  : Using 'application/json', given [application/json, text/plain, */*] and supported [application/json, application/*+json]
2026-01-26T11:55:20.424+01:00 DEBUG 24840 --- [http-nio-9092-exec-5] o.s.w.s.m.m.a.HttpEntityMethodProcessor  : Writing [ApiResponse(estado=null, payload=[VacantesResponseDTO(id=3167, idOrganismo=656, organismo=PUERTO, id (truncated)...]
2026-01-26T11:55:20.425+01:00 DEBUG 24840 --- [http-nio-9092-exec-5] o.s.web.servlet.DispatcherServlet        : Completed 200 OK
2026-01-26T11:55:20.446+01:00  INFO 24840 --- [http-nio-9092-exec-6] c.m.g.JWT.JwtAuthenticationFilter        : Bearer eyJhbGciOiJIUzUxMiJ9.eyJzdWIiOiJhZG1pbiIsImlhdCI6MTc2OTQyNDY2NSwiZXhwIjoxNzY5NDI2MTA1fQ.bBQa-iDJyjZHli1A6OFgHIuKbLGLdsSc_SJN-f3Z9BjDHqkkEZ5iF74NZIYfhFSSfLPx6oE07NFU234g-Mbpdg
2026-01-26T11:55:20.452+01:00  INFO 24840 --- [http-nio-9092-exec-6] c.m.g.JWT.JwtAuthenticationFilter        : admin
2026-01-26T11:55:20.462+01:00  INFO 24840 --- [http-nio-9092-exec-6] c.m.g.JWT.JwtAuthenticationFilter        : Token válido
2026-01-26T11:55:20.462+01:00  INFO 24840 --- [http-nio-9092-exec-6] c.m.g.JWT.JwtAuthenticationFilter        : admin
2026-01-26T11:55:20.465+01:00 DEBUG 24840 --- [http-nio-9092-exec-6] s.w.s.m.m.a.RequestMappingHandlerMapping : Mapped to com.melilla.gestPlanes.controller.CiudadanoController#listadoVacantes()
2026-01-26T11:55:20.467+01:00 DEBUG 24840 --- [http-nio-9092-exec-6] s.w.s.m.m.a.RequestMappingHandlerMapping : Mapped to com.melilla.gestPlanes.controller.CiudadanoController#listadoVacantes()
2026-01-26T11:55:20.467+01:00 DEBUG 24840 --- [http-nio-9092-exec-6] s.w.s.m.m.a.RequestMappingHandlerMapping : Mapped to com.melilla.gestPlanes.controller.CiudadanoController#listadoVacantes()
2026-01-26T11:55:20.467+01:00 DEBUG 24840 --- [http-nio-9092-exec-6] s.w.s.m.m.a.RequestMappingHandlerMapping : Mapped to com.melilla.gestPlanes.controller.CiudadanoController#listadoVacantes()
2026-01-26T11:55:20.467+01:00 DEBUG 24840 --- [http-nio-9092-exec-6] s.w.s.m.m.a.RequestMappingHandlerMapping : Mapped to com.melilla.gestPlanes.controller.CiudadanoController#listadoVacantes()
2026-01-26T11:55:20.469+01:00 DEBUG 24840 --- [http-nio-9092-exec-6] s.w.s.m.m.a.RequestMappingHandlerMapping : Mapped to com.melilla.gestPlanes.controller.CiudadanoController#listadoVacantes()
2026-01-26T11:55:20.469+01:00 DEBUG 24840 --- [http-nio-9092-exec-6] s.w.s.m.m.a.RequestMappingHandlerMapping : Mapped to com.melilla.gestPlanes.controller.CiudadanoController#listadoVacantes()
2026-01-26T11:55:20.471+01:00 DEBUG 24840 --- [http-nio-9092-exec-6] o.s.web.servlet.DispatcherServlet        : GET "/listadoVacantes", parameters={}
2026-01-26T11:55:20.471+01:00 DEBUG 24840 --- [http-nio-9092-exec-6] s.w.s.m.m.a.RequestMappingHandlerMapping : Mapped to com.melilla.gestPlanes.controller.CiudadanoController#listadoVacantes()
2026-01-26T11:55:20.486+01:00  INFO 24840 --- [http-nio-9092-exec-6] c.m.g.service.impl.CiudadanoServiceImpl  : obtenido el plan: 2024-2025
2026-01-26T11:55:20.486+01:00  INFO 24840 --- [http-nio-9092-exec-6] c.m.g.service.impl.CiudadanoServiceImpl  : IdPlanTrabajo usuario logado: 120
2026-01-26T11:55:20.486+01:00  INFO 24840 --- [http-nio-9092-exec-6] c.m.g.service.impl.CiudadanoServiceImpl  : IdPlanActivo: 11
2026-01-26T11:55:20.488+01:00  INFO 24840 --- [http-nio-9092-exec-6] c.m.g.service.impl.CiudadanoServiceImpl  : id result: 120
2026-01-26T11:55:21.108+01:00 DEBUG 24840 --- [http-nio-9092-exec-6] o.s.w.s.m.m.a.HttpEntityMethodProcessor  : Using 'application/json', given [application/json, text/plain, */*] and supported [application/json, application/*+json]
2026-01-26T11:55:21.108+01:00 DEBUG 24840 --- [http-nio-9092-exec-6] o.s.w.s.m.m.a.HttpEntityMethodProcessor  : Writing [ApiResponse(estado=null, payload=[VacantesResponseDTO(id=3167, idOrganismo=656, organismo=PUERTO, id (truncated)...]
2026-01-26T11:55:21.113+01:00 DEBUG 24840 --- [http-nio-9092-exec-6] o.s.web.servlet.DispatcherServlet        : Completed 200 OK
2026-01-26T11:56:33.472+01:00  INFO 24840 --- [http-nio-9092-exec-9] c.m.g.JWT.JwtAuthenticationFilter        : Bearer eyJhbGciOiJIUzUxMiJ9.eyJzdWIiOiJhZG1pbiIsImlhdCI6MTc2OTQyNDY2NSwiZXhwIjoxNzY5NDI2MTA1fQ.bBQa-iDJyjZHli1A6OFgHIuKbLGLdsSc_SJN-f3Z9BjDHqkkEZ5iF74NZIYfhFSSfLPx6oE07NFU234g-Mbpdg
2026-01-26T11:56:33.479+01:00  INFO 24840 --- [http-nio-9092-exec-9] c.m.g.JWT.JwtAuthenticationFilter        : admin
2026-01-26T11:56:33.560+01:00  INFO 24840 --- [http-nio-9092-exec-9] c.m.g.JWT.JwtAuthenticationFilter        : Token válido
2026-01-26T11:56:33.560+01:00  INFO 24840 --- [http-nio-9092-exec-9] c.m.g.JWT.JwtAuthenticationFilter        : admin
2026-01-26T11:56:33.562+01:00 DEBUG 24840 --- [http-nio-9092-exec-9] s.w.s.m.m.a.RequestMappingHandlerMapping : Mapped to com.melilla.gestPlanes.controller.CiudadanoController#listadoVacantes()
2026-01-26T11:56:33.562+01:00 DEBUG 24840 --- [http-nio-9092-exec-9] s.w.s.m.m.a.RequestMappingHandlerMapping : Mapped to com.melilla.gestPlanes.controller.CiudadanoController#listadoVacantes()
2026-01-26T11:56:33.562+01:00 DEBUG 24840 --- [http-nio-9092-exec-9] s.w.s.m.m.a.RequestMappingHandlerMapping : Mapped to com.melilla.gestPlanes.controller.CiudadanoController#listadoVacantes()
2026-01-26T11:56:33.562+01:00 DEBUG 24840 --- [http-nio-9092-exec-9] s.w.s.m.m.a.RequestMappingHandlerMapping : Mapped to com.melilla.gestPlanes.controller.CiudadanoController#listadoVacantes()
2026-01-26T11:56:33.562+01:00 DEBUG 24840 --- [http-nio-9092-exec-9] s.w.s.m.m.a.RequestMappingHandlerMapping : Mapped to com.melilla.gestPlanes.controller.CiudadanoController#listadoVacantes()
2026-01-26T11:56:33.562+01:00 DEBUG 24840 --- [http-nio-9092-exec-9] s.w.s.m.m.a.RequestMappingHandlerMapping : Mapped to com.melilla.gestPlanes.controller.CiudadanoController#listadoVacantes()
2026-01-26T11:56:33.562+01:00 DEBUG 24840 --- [http-nio-9092-exec-9] s.w.s.m.m.a.RequestMappingHandlerMapping : Mapped to com.melilla.gestPlanes.controller.CiudadanoController#listadoVacantes()
2026-01-26T11:56:33.563+01:00 DEBUG 24840 --- [http-nio-9092-exec-9] o.s.web.servlet.DispatcherServlet        : GET "/listadoVacantes", parameters={}
2026-01-26T11:56:33.563+01:00 DEBUG 24840 --- [http-nio-9092-exec-9] s.w.s.m.m.a.RequestMappingHandlerMapping : Mapped to com.melilla.gestPlanes.controller.CiudadanoController#listadoVacantes()
2026-01-26T11:56:33.578+01:00  INFO 24840 --- [http-nio-9092-exec-9] c.m.g.service.impl.CiudadanoServiceImpl  : obtenido el plan: 2024-2025
2026-01-26T11:56:33.580+01:00  INFO 24840 --- [http-nio-9092-exec-9] c.m.g.service.impl.CiudadanoServiceImpl  : IdPlanTrabajo usuario logado: 120
2026-01-26T11:56:33.580+01:00  INFO 24840 --- [http-nio-9092-exec-9] c.m.g.service.impl.CiudadanoServiceImpl  : IdPlanActivo: 11
2026-01-26T11:56:33.592+01:00  INFO 24840 --- [http-nio-9092-exec-9] c.m.g.service.impl.CiudadanoServiceImpl  : id result: 120
2026-01-26T11:56:34.264+01:00  INFO 24840 --- [http-nio-9092-exec-7] c.m.g.JWT.JwtAuthenticationFilter        : Bearer eyJhbGciOiJIUzUxMiJ9.eyJzdWIiOiJhZG1pbiIsImlhdCI6MTc2OTQyNDY2NSwiZXhwIjoxNzY5NDI2MTA1fQ.bBQa-iDJyjZHli1A6OFgHIuKbLGLdsSc_SJN-f3Z9BjDHqkkEZ5iF74NZIYfhFSSfLPx6oE07NFU234g-Mbpdg
2026-01-26T11:56:34.271+01:00  INFO 24840 --- [http-nio-9092-exec-8] c.m.g.JWT.JwtAuthenticationFilter        : Bearer eyJhbGciOiJIUzUxMiJ9.eyJzdWIiOiJhZG1pbiIsImlhdCI6MTc2OTQyNDY2NSwiZXhwIjoxNzY5NDI2MTA1fQ.bBQa-iDJyjZHli1A6OFgHIuKbLGLdsSc_SJN-f3Z9BjDHqkkEZ5iF74NZIYfhFSSfLPx6oE07NFU234g-Mbpdg
2026-01-26T11:56:34.273+01:00  INFO 24840 --- [http-nio-9092-exec-7] c.m.g.JWT.JwtAuthenticationFilter        : admin
2026-01-26T11:56:34.279+01:00  INFO 24840 --- [http-nio-9092-exec-8] c.m.g.JWT.JwtAuthenticationFilter        : admin
2026-01-26T11:56:34.291+01:00  INFO 24840 --- [http-nio-9092-exec-7] c.m.g.JWT.JwtAuthenticationFilter        : Token válido
2026-01-26T11:56:34.291+01:00  INFO 24840 --- [http-nio-9092-exec-7] c.m.g.JWT.JwtAuthenticationFilter        : admin
2026-01-26T11:56:34.293+01:00 DEBUG 24840 --- [http-nio-9092-exec-7] s.w.s.m.m.a.RequestMappingHandlerMapping : Mapped to com.melilla.gestPlanes.controller.DashBoardController#trabajadoresPorEstadoGenero(Long)
2026-01-26T11:56:34.293+01:00 DEBUG 24840 --- [http-nio-9092-exec-7] s.w.s.m.m.a.RequestMappingHandlerMapping : Mapped to com.melilla.gestPlanes.controller.DashBoardController#trabajadoresPorEstadoGenero(Long)
2026-01-26T11:56:34.295+01:00 DEBUG 24840 --- [http-nio-9092-exec-7] s.w.s.m.m.a.RequestMappingHandlerMapping : Mapped to com.melilla.gestPlanes.controller.DashBoardController#trabajadoresPorEstadoGenero(Long)
2026-01-26T11:56:34.295+01:00 DEBUG 24840 --- [http-nio-9092-exec-7] s.w.s.m.m.a.RequestMappingHandlerMapping : Mapped to com.melilla.gestPlanes.controller.DashBoardController#trabajadoresPorEstadoGenero(Long)
2026-01-26T11:56:34.295+01:00 DEBUG 24840 --- [http-nio-9092-exec-7] s.w.s.m.m.a.RequestMappingHandlerMapping : Mapped to com.melilla.gestPlanes.controller.DashBoardController#trabajadoresPorEstadoGenero(Long)
2026-01-26T11:56:34.295+01:00 DEBUG 24840 --- [http-nio-9092-exec-7] s.w.s.m.m.a.RequestMappingHandlerMapping : Mapped to com.melilla.gestPlanes.controller.DashBoardController#trabajadoresPorEstadoGenero(Long)
2026-01-26T11:56:34.295+01:00 DEBUG 24840 --- [http-nio-9092-exec-7] s.w.s.m.m.a.RequestMappingHandlerMapping : Mapped to com.melilla.gestPlanes.controller.DashBoardController#trabajadoresPorEstadoGenero(Long)
2026-01-26T11:56:34.295+01:00 DEBUG 24840 --- [http-nio-9092-exec-7] o.s.web.servlet.DispatcherServlet        : GET "/dashBoard/ciudadanoPorEstado/120", parameters={}
2026-01-26T11:56:34.295+01:00 DEBUG 24840 --- [http-nio-9092-exec-7] s.w.s.m.m.a.RequestMappingHandlerMapping : Mapped to com.melilla.gestPlanes.controller.DashBoardController#trabajadoresPorEstadoGenero(Long)
2026-01-26T11:56:34.297+01:00  INFO 24840 --- [http-nio-9092-exec-8] c.m.g.JWT.JwtAuthenticationFilter        : Token válido
2026-01-26T11:56:34.297+01:00  INFO 24840 --- [http-nio-9092-exec-8] c.m.g.JWT.JwtAuthenticationFilter        : admin
2026-01-26T11:56:34.297+01:00 DEBUG 24840 --- [http-nio-9092-exec-8] s.w.s.m.m.a.RequestMappingHandlerMapping : Mapped to com.melilla.gestPlanes.controller.DashBoardController#trabajadoresdeBaja(Long)
2026-01-26T11:56:34.301+01:00 DEBUG 24840 --- [http-nio-9092-exec-8] s.w.s.m.m.a.RequestMappingHandlerMapping : Mapped to com.melilla.gestPlanes.controller.DashBoardController#trabajadoresdeBaja(Long)
2026-01-26T11:56:34.301+01:00 DEBUG 24840 --- [http-nio-9092-exec-8] s.w.s.m.m.a.RequestMappingHandlerMapping : Mapped to com.melilla.gestPlanes.controller.DashBoardController#trabajadoresdeBaja(Long)
2026-01-26T11:56:34.301+01:00 DEBUG 24840 --- [http-nio-9092-exec-8] s.w.s.m.m.a.RequestMappingHandlerMapping : Mapped to com.melilla.gestPlanes.controller.DashBoardController#trabajadoresdeBaja(Long)
2026-01-26T11:56:34.303+01:00 DEBUG 24840 --- [http-nio-9092-exec-8] s.w.s.m.m.a.RequestMappingHandlerMapping : Mapped to com.melilla.gestPlanes.controller.DashBoardController#trabajadoresdeBaja(Long)
2026-01-26T11:56:34.303+01:00 DEBUG 24840 --- [http-nio-9092-exec-8] s.w.s.m.m.a.RequestMappingHandlerMapping : Mapped to com.melilla.gestPlanes.controller.DashBoardController#trabajadoresdeBaja(Long)
2026-01-26T11:56:34.303+01:00 DEBUG 24840 --- [http-nio-9092-exec-8] s.w.s.m.m.a.RequestMappingHandlerMapping : Mapped to com.melilla.gestPlanes.controller.DashBoardController#trabajadoresdeBaja(Long)
2026-01-26T11:56:34.305+01:00 DEBUG 24840 --- [http-nio-9092-exec-8] o.s.web.servlet.DispatcherServlet        : GET "/dashBoard/bajas/120", parameters={}
2026-01-26T11:56:34.305+01:00 DEBUG 24840 --- [http-nio-9092-exec-8] s.w.s.m.m.a.RequestMappingHandlerMapping : Mapped to com.melilla.gestPlanes.controller.DashBoardController#trabajadoresdeBaja(Long)
2026-01-26T11:56:34.311+01:00 DEBUG 24840 --- [http-nio-9092-exec-8] o.s.w.s.m.m.a.HttpEntityMethodProcessor  : Using 'application/json', given [application/json, text/plain, */*] and supported [application/json, application/*+json]
2026-01-26T11:56:34.311+01:00 DEBUG 24840 --- [http-nio-9092-exec-8] o.s.w.s.m.m.a.HttpEntityMethodProcessor  : Writing [ApiResponse(estado=null, payload=[DashBoardBajasDTO(baja=laboral, cantidad=0), DashBoardBajasDTO(baj (truncated)...]
2026-01-26T11:56:34.311+01:00 DEBUG 24840 --- [http-nio-9092-exec-8] o.s.web.servlet.DispatcherServlet        : Completed 200 OK
2026-01-26T11:56:34.340+01:00 DEBUG 24840 --- [http-nio-9092-exec-7] o.s.w.s.m.m.a.HttpEntityMethodProcessor  : Using 'application/json', given [application/json, text/plain, */*] and supported [application/json, application/*+json]
2026-01-26T11:56:34.340+01:00 DEBUG 24840 --- [http-nio-9092-exec-7] o.s.w.s.m.m.a.HttpEntityMethodProcessor  : Writing [ApiResponse(estado=null, payload=[DashBoardEstadoGeneroDTO(estado=CANDIDATO/A, hombres=0, mujeres=3) (truncated)...]
2026-01-26T11:56:34.342+01:00  INFO 24840 --- [http-nio-9092-exec-4] c.m.g.JWT.JwtAuthenticationFilter        : Bearer eyJhbGciOiJIUzUxMiJ9.eyJzdWIiOiJhZG1pbiIsImlhdCI6MTc2OTQyNDY2NSwiZXhwIjoxNzY5NDI2MTA1fQ.bBQa-iDJyjZHli1A6OFgHIuKbLGLdsSc_SJN-f3Z9BjDHqkkEZ5iF74NZIYfhFSSfLPx6oE07NFU234g-Mbpdg
2026-01-26T11:56:34.342+01:00 DEBUG 24840 --- [http-nio-9092-exec-7] o.s.web.servlet.DispatcherServlet        : Completed 200 OK
2026-01-26T11:56:34.372+01:00  INFO 24840 --- [http-nio-9092-exec-3] c.m.g.JWT.JwtAuthenticationFilter        : Bearer eyJhbGciOiJIUzUxMiJ9.eyJzdWIiOiJhZG1pbiIsImlhdCI6MTc2OTQyNDY2NSwiZXhwIjoxNzY5NDI2MTA1fQ.bBQa-iDJyjZHli1A6OFgHIuKbLGLdsSc_SJN-f3Z9BjDHqkkEZ5iF74NZIYfhFSSfLPx6oE07NFU234g-Mbpdg
2026-01-26T11:56:34.380+01:00  INFO 24840 --- [http-nio-9092-exec-4] c.m.g.JWT.JwtAuthenticationFilter        : admin
2026-01-26T11:56:34.383+01:00  INFO 24840 --- [http-nio-9092-exec-3] c.m.g.JWT.JwtAuthenticationFilter        : admin
2026-01-26T11:56:34.404+01:00  INFO 24840 --- [http-nio-9092-exec-3] c.m.g.JWT.JwtAuthenticationFilter        : Token válido
2026-01-26T11:56:34.405+01:00  INFO 24840 --- [http-nio-9092-exec-3] c.m.g.JWT.JwtAuthenticationFilter        : admin
2026-01-26T11:56:34.405+01:00 DEBUG 24840 --- [http-nio-9092-exec-3] s.w.s.m.m.a.RequestMappingHandlerMapping : Mapped to com.melilla.gestPlanes.controller.DashBoardController#trabajadoresPorEstadoGenero(Long)
2026-01-26T11:56:34.405+01:00 DEBUG 24840 --- [http-nio-9092-exec-3] s.w.s.m.m.a.RequestMappingHandlerMapping : Mapped to com.melilla.gestPlanes.controller.DashBoardController#trabajadoresPorEstadoGenero(Long)
2026-01-26T11:56:34.406+01:00 DEBUG 24840 --- [http-nio-9092-exec-3] s.w.s.m.m.a.RequestMappingHandlerMapping : Mapped to com.melilla.gestPlanes.controller.DashBoardController#trabajadoresPorEstadoGenero(Long)
2026-01-26T11:56:34.406+01:00 DEBUG 24840 --- [http-nio-9092-exec-3] s.w.s.m.m.a.RequestMappingHandlerMapping : Mapped to com.melilla.gestPlanes.controller.DashBoardController#trabajadoresPorEstadoGenero(Long)
2026-01-26T11:56:34.407+01:00 DEBUG 24840 --- [http-nio-9092-exec-3] s.w.s.m.m.a.RequestMappingHandlerMapping : Mapped to com.melilla.gestPlanes.controller.DashBoardController#trabajadoresPorEstadoGenero(Long)
2026-01-26T11:56:34.408+01:00 DEBUG 24840 --- [http-nio-9092-exec-3] s.w.s.m.m.a.RequestMappingHandlerMapping : Mapped to com.melilla.gestPlanes.controller.DashBoardController#trabajadoresPorEstadoGenero(Long)
2026-01-26T11:56:34.408+01:00 DEBUG 24840 --- [http-nio-9092-exec-3] s.w.s.m.m.a.RequestMappingHandlerMapping : Mapped to com.melilla.gestPlanes.controller.DashBoardController#trabajadoresPorEstadoGenero(Long)
2026-01-26T11:56:34.408+01:00 DEBUG 24840 --- [http-nio-9092-exec-3] o.s.web.servlet.DispatcherServlet        : GET "/dashBoard/ciudadanoPorEstado/120", parameters={}
2026-01-26T11:56:34.408+01:00 DEBUG 24840 --- [http-nio-9092-exec-3] s.w.s.m.m.a.RequestMappingHandlerMapping : Mapped to com.melilla.gestPlanes.controller.DashBoardController#trabajadoresPorEstadoGenero(Long)
2026-01-26T11:56:34.410+01:00  INFO 24840 --- [http-nio-9092-exec-4] c.m.g.JWT.JwtAuthenticationFilter        : Token válido
2026-01-26T11:56:34.410+01:00  INFO 24840 --- [http-nio-9092-exec-4] c.m.g.JWT.JwtAuthenticationFilter        : admin
2026-01-26T11:56:34.411+01:00 DEBUG 24840 --- [http-nio-9092-exec-4] s.w.s.m.m.a.RequestMappingHandlerMapping : Mapped to com.melilla.gestPlanes.controller.DashBoardController#trabajadoresdeBaja(Long)
2026-01-26T11:56:34.411+01:00 DEBUG 24840 --- [http-nio-9092-exec-4] s.w.s.m.m.a.RequestMappingHandlerMapping : Mapped to com.melilla.gestPlanes.controller.DashBoardController#trabajadoresdeBaja(Long)
2026-01-26T11:56:34.411+01:00 DEBUG 24840 --- [http-nio-9092-exec-4] s.w.s.m.m.a.RequestMappingHandlerMapping : Mapped to com.melilla.gestPlanes.controller.DashBoardController#trabajadoresdeBaja(Long)
2026-01-26T11:56:34.411+01:00 DEBUG 24840 --- [http-nio-9092-exec-4] s.w.s.m.m.a.RequestMappingHandlerMapping : Mapped to com.melilla.gestPlanes.controller.DashBoardController#trabajadoresdeBaja(Long)
2026-01-26T11:56:34.412+01:00 DEBUG 24840 --- [http-nio-9092-exec-4] s.w.s.m.m.a.RequestMappingHandlerMapping : Mapped to com.melilla.gestPlanes.controller.DashBoardController#trabajadoresdeBaja(Long)
2026-01-26T11:56:34.412+01:00 DEBUG 24840 --- [http-nio-9092-exec-4] s.w.s.m.m.a.RequestMappingHandlerMapping : Mapped to com.melilla.gestPlanes.controller.DashBoardController#trabajadoresdeBaja(Long)
2026-01-26T11:56:34.412+01:00 DEBUG 24840 --- [http-nio-9092-exec-4] s.w.s.m.m.a.RequestMappingHandlerMapping : Mapped to com.melilla.gestPlanes.controller.DashBoardController#trabajadoresdeBaja(Long)
2026-01-26T11:56:34.412+01:00 DEBUG 24840 --- [http-nio-9092-exec-4] o.s.web.servlet.DispatcherServlet        : GET "/dashBoard/bajas/120", parameters={}
2026-01-26T11:56:34.413+01:00 DEBUG 24840 --- [http-nio-9092-exec-4] s.w.s.m.m.a.RequestMappingHandlerMapping : Mapped to com.melilla.gestPlanes.controller.DashBoardController#trabajadoresdeBaja(Long)
2026-01-26T11:56:34.417+01:00 DEBUG 24840 --- [http-nio-9092-exec-4] o.s.w.s.m.m.a.HttpEntityMethodProcessor  : Using 'application/json', given [application/json, text/plain, */*] and supported [application/json, application/*+json]
2026-01-26T11:56:34.417+01:00 DEBUG 24840 --- [http-nio-9092-exec-4] o.s.w.s.m.m.a.HttpEntityMethodProcessor  : Writing [ApiResponse(estado=null, payload=[DashBoardBajasDTO(baja=laboral, cantidad=0), DashBoardBajasDTO(baj (truncated)...]
2026-01-26T11:56:34.419+01:00 DEBUG 24840 --- [http-nio-9092-exec-4] o.s.web.servlet.DispatcherServlet        : Completed 200 OK
2026-01-26T11:56:34.456+01:00 DEBUG 24840 --- [http-nio-9092-exec-3] o.s.w.s.m.m.a.HttpEntityMethodProcessor  : Using 'application/json', given [application/json, text/plain, */*] and supported [application/json, application/*+json]
2026-01-26T11:56:34.456+01:00 DEBUG 24840 --- [http-nio-9092-exec-3] o.s.w.s.m.m.a.HttpEntityMethodProcessor  : Writing [ApiResponse(estado=null, payload=[DashBoardEstadoGeneroDTO(estado=CANDIDATO/A, hombres=0, mujeres=3) (truncated)...]
2026-01-26T11:56:34.458+01:00 DEBUG 24840 --- [http-nio-9092-exec-3] o.s.web.servlet.DispatcherServlet        : Completed 200 OK
2026-01-26T11:56:34.754+01:00 DEBUG 24840 --- [http-nio-9092-exec-9] o.s.w.s.m.m.a.HttpEntityMethodProcessor  : Using 'application/json', given [application/json, text/plain, */*] and supported [application/json, application/*+json]
2026-01-26T11:56:34.755+01:00 DEBUG 24840 --- [http-nio-9092-exec-9] o.s.w.s.m.m.a.HttpEntityMethodProcessor  : Writing [ApiResponse(estado=null, payload=[VacantesResponseDTO(id=3167, idOrganismo=656, organismo=PUERTO, id (truncated)...]
2026-01-26T11:56:34.757+01:00 DEBUG 24840 --- [http-nio-9092-exec-9] o.s.web.servlet.DispatcherServlet        : Completed 200 OK
2026-01-26T11:56:34.772+01:00  INFO 24840 --- [http-nio-9092-exec-1] c.m.g.JWT.JwtAuthenticationFilter        : Bearer eyJhbGciOiJIUzUxMiJ9.eyJzdWIiOiJhZG1pbiIsImlhdCI6MTc2OTQyNDY2NSwiZXhwIjoxNzY5NDI2MTA1fQ.bBQa-iDJyjZHli1A6OFgHIuKbLGLdsSc_SJN-f3Z9BjDHqkkEZ5iF74NZIYfhFSSfLPx6oE07NFU234g-Mbpdg
2026-01-26T11:56:34.774+01:00  INFO 24840 --- [http-nio-9092-exec-1] c.m.g.JWT.JwtAuthenticationFilter        : admin
2026-01-26T11:56:34.783+01:00  INFO 24840 --- [http-nio-9092-exec-1] c.m.g.JWT.JwtAuthenticationFilter        : Token válido
2026-01-26T11:56:34.783+01:00  INFO 24840 --- [http-nio-9092-exec-1] c.m.g.JWT.JwtAuthenticationFilter        : admin
2026-01-26T11:56:34.783+01:00 DEBUG 24840 --- [http-nio-9092-exec-1] s.w.s.m.m.a.RequestMappingHandlerMapping : Mapped to com.melilla.gestPlanes.controller.CiudadanoController#listadoVacantes()
2026-01-26T11:56:34.783+01:00 DEBUG 24840 --- [http-nio-9092-exec-1] s.w.s.m.m.a.RequestMappingHandlerMapping : Mapped to com.melilla.gestPlanes.controller.CiudadanoController#listadoVacantes()
2026-01-26T11:56:34.783+01:00 DEBUG 24840 --- [http-nio-9092-exec-1] s.w.s.m.m.a.RequestMappingHandlerMapping : Mapped to com.melilla.gestPlanes.controller.CiudadanoController#listadoVacantes()
2026-01-26T11:56:34.783+01:00 DEBUG 24840 --- [http-nio-9092-exec-1] s.w.s.m.m.a.RequestMappingHandlerMapping : Mapped to com.melilla.gestPlanes.controller.CiudadanoController#listadoVacantes()
2026-01-26T11:56:34.783+01:00 DEBUG 24840 --- [http-nio-9092-exec-1] s.w.s.m.m.a.RequestMappingHandlerMapping : Mapped to com.melilla.gestPlanes.controller.CiudadanoController#listadoVacantes()
2026-01-26T11:56:34.783+01:00 DEBUG 24840 --- [http-nio-9092-exec-1] s.w.s.m.m.a.RequestMappingHandlerMapping : Mapped to com.melilla.gestPlanes.controller.CiudadanoController#listadoVacantes()
2026-01-26T11:56:34.783+01:00 DEBUG 24840 --- [http-nio-9092-exec-1] s.w.s.m.m.a.RequestMappingHandlerMapping : Mapped to com.melilla.gestPlanes.controller.CiudadanoController#listadoVacantes()
2026-01-26T11:56:34.783+01:00 DEBUG 24840 --- [http-nio-9092-exec-1] o.s.web.servlet.DispatcherServlet        : GET "/listadoVacantes", parameters={}
2026-01-26T11:56:34.783+01:00 DEBUG 24840 --- [http-nio-9092-exec-1] s.w.s.m.m.a.RequestMappingHandlerMapping : Mapped to com.melilla.gestPlanes.controller.CiudadanoController#listadoVacantes()
2026-01-26T11:56:34.787+01:00  INFO 24840 --- [http-nio-9092-exec-1] c.m.g.service.impl.CiudadanoServiceImpl  : obtenido el plan: 2024-2025
2026-01-26T11:56:34.787+01:00  INFO 24840 --- [http-nio-9092-exec-1] c.m.g.service.impl.CiudadanoServiceImpl  : IdPlanTrabajo usuario logado: 120
2026-01-26T11:56:34.787+01:00  INFO 24840 --- [http-nio-9092-exec-1] c.m.g.service.impl.CiudadanoServiceImpl  : IdPlanActivo: 11
2026-01-26T11:56:34.789+01:00  INFO 24840 --- [http-nio-9092-exec-1] c.m.g.service.impl.CiudadanoServiceImpl  : id result: 120
2026-01-26T11:56:35.377+01:00 DEBUG 24840 --- [http-nio-9092-exec-1] o.s.w.s.m.m.a.HttpEntityMethodProcessor  : Using 'application/json', given [application/json, text/plain, */*] and supported [application/json, application/*+json]
2026-01-26T11:56:35.377+01:00 DEBUG 24840 --- [http-nio-9092-exec-1] o.s.w.s.m.m.a.HttpEntityMethodProcessor  : Writing [ApiResponse(estado=null, payload=[VacantesResponseDTO(id=3167, idOrganismo=656, organismo=PUERTO, id (truncated)...]
2026-01-26T11:56:35.382+01:00 DEBUG 24840 --- [http-nio-9092-exec-1] o.s.web.servlet.DispatcherServlet        : Completed 200 OK
2026-01-26T11:57:14.583+01:00  INFO 24840 --- [http-nio-9092-exec-2] c.m.g.JWT.JwtAuthenticationFilter        : Bearer eyJhbGciOiJIUzUxMiJ9.eyJzdWIiOiJhZG1pbiIsImlhdCI6MTc2OTQyNDY2NSwiZXhwIjoxNzY5NDI2MTA1fQ.bBQa-iDJyjZHli1A6OFgHIuKbLGLdsSc_SJN-f3Z9BjDHqkkEZ5iF74NZIYfhFSSfLPx6oE07NFU234g-Mbpdg
2026-01-26T11:57:14.587+01:00  INFO 24840 --- [http-nio-9092-exec-2] c.m.g.JWT.JwtAuthenticationFilter        : admin
2026-01-26T11:57:14.594+01:00  INFO 24840 --- [http-nio-9092-exec-2] c.m.g.JWT.JwtAuthenticationFilter        : Token válido
2026-01-26T11:57:14.594+01:00  INFO 24840 --- [http-nio-9092-exec-2] c.m.g.JWT.JwtAuthenticationFilter        : admin
2026-01-26T11:57:14.595+01:00 DEBUG 24840 --- [http-nio-9092-exec-2] s.w.s.m.m.a.RequestMappingHandlerMapping : Mapped to com.melilla.gestPlanes.controller.CiudadanoController#obtenerTrabajadorPorDNI(String)
2026-01-26T11:57:14.595+01:00 DEBUG 24840 --- [http-nio-9092-exec-2] s.w.s.m.m.a.RequestMappingHandlerMapping : Mapped to com.melilla.gestPlanes.controller.CiudadanoController#obtenerTrabajadorPorDNI(String)
2026-01-26T11:57:14.595+01:00 DEBUG 24840 --- [http-nio-9092-exec-2] s.w.s.m.m.a.RequestMappingHandlerMapping : Mapped to com.melilla.gestPlanes.controller.CiudadanoController#obtenerTrabajadorPorDNI(String)
2026-01-26T11:57:14.596+01:00 DEBUG 24840 --- [http-nio-9092-exec-2] s.w.s.m.m.a.RequestMappingHandlerMapping : Mapped to com.melilla.gestPlanes.controller.CiudadanoController#obtenerTrabajadorPorDNI(String)
2026-01-26T11:57:14.596+01:00 DEBUG 24840 --- [http-nio-9092-exec-2] s.w.s.m.m.a.RequestMappingHandlerMapping : Mapped to com.melilla.gestPlanes.controller.CiudadanoController#obtenerTrabajadorPorDNI(String)
2026-01-26T11:57:14.596+01:00 DEBUG 24840 --- [http-nio-9092-exec-2] s.w.s.m.m.a.RequestMappingHandlerMapping : Mapped to com.melilla.gestPlanes.controller.CiudadanoController#obtenerTrabajadorPorDNI(String)
2026-01-26T11:57:14.596+01:00 DEBUG 24840 --- [http-nio-9092-exec-2] s.w.s.m.m.a.RequestMappingHandlerMapping : Mapped to com.melilla.gestPlanes.controller.CiudadanoController#obtenerTrabajadorPorDNI(String)
2026-01-26T11:57:14.596+01:00 DEBUG 24840 --- [http-nio-9092-exec-2] o.s.web.servlet.DispatcherServlet        : GET "/trabajador/45300589L", parameters={}
2026-01-26T11:57:14.596+01:00 DEBUG 24840 --- [http-nio-9092-exec-2] s.w.s.m.m.a.RequestMappingHandlerMapping : Mapped to com.melilla.gestPlanes.controller.CiudadanoController#obtenerTrabajadorPorDNI(String)
2026-01-26T11:57:14.600+01:00  INFO 24840 --- [http-nio-9092-exec-2] c.m.g.service.impl.PlanServiceImpl       : obtenido el plan: 2024-2025
2026-01-26T11:57:14.600+01:00  INFO 24840 --- [http-nio-9092-exec-2] c.m.g.service.impl.PlanServiceImpl       : IdPlanTrabajo usuario logado: 120
2026-01-26T11:57:14.600+01:00  INFO 24840 --- [http-nio-9092-exec-2] c.m.g.service.impl.PlanServiceImpl       : IdPlanActivo: 11
2026-01-26T11:57:14.603+01:00  INFO 24840 --- [http-nio-9092-exec-2] c.m.g.service.impl.PlanServiceImpl       : Plan activo: 120 2025-2026
2026-01-26T11:57:14.618+01:00 DEBUG 24840 --- [http-nio-9092-exec-2] o.s.w.s.m.m.a.HttpEntityMethodProcessor  : Using 'application/json', given [application/json, text/plain, */*] and supported [application/json, application/*+json]
2026-01-26T11:57:14.618+01:00 DEBUG 24840 --- [http-nio-9092-exec-2] o.s.w.s.m.m.a.HttpEntityMethodProcessor  : Writing [ApiResponse(estado=null, payload=[com.melilla.gestPlanes.model.Ciudadano@3653b505, com.melilla.gestP (truncated)...]
2026-01-26T11:57:14.641+01:00 DEBUG 24840 --- [http-nio-9092-exec-2] o.s.web.servlet.DispatcherServlet        : Completed 200 OK
2026-01-26T11:58:24.040+01:00  INFO 24840 --- [http-nio-9092-exec-9] c.m.g.JWT.JwtAuthenticationFilter        : Bearer eyJhbGciOiJIUzUxMiJ9.eyJzdWIiOiJhZG1pbiIsImlhdCI6MTc2OTQyNDY2NSwiZXhwIjoxNzY5NDI2MTA1fQ.bBQa-iDJyjZHli1A6OFgHIuKbLGLdsSc_SJN-f3Z9BjDHqkkEZ5iF74NZIYfhFSSfLPx6oE07NFU234g-Mbpdg
2026-01-26T11:58:24.042+01:00  INFO 24840 --- [http-nio-9092-exec-9] c.m.g.JWT.JwtAuthenticationFilter        : admin
2026-01-26T11:58:24.047+01:00  INFO 24840 --- [http-nio-9092-exec-9] c.m.g.JWT.JwtAuthenticationFilter        : Token válido
2026-01-26T11:58:24.047+01:00  INFO 24840 --- [http-nio-9092-exec-9] c.m.g.JWT.JwtAuthenticationFilter        : admin
2026-01-26T11:58:24.048+01:00 DEBUG 24840 --- [http-nio-9092-exec-9] s.w.s.m.m.a.RequestMappingHandlerMapping : Mapped to com.melilla.gestPlanes.controller.CiudadanoController#obtenerTrabajadorPorDNI(String)
2026-01-26T11:58:24.048+01:00 DEBUG 24840 --- [http-nio-9092-exec-9] s.w.s.m.m.a.RequestMappingHandlerMapping : Mapped to com.melilla.gestPlanes.controller.CiudadanoController#obtenerTrabajadorPorDNI(String)
2026-01-26T11:58:24.048+01:00 DEBUG 24840 --- [http-nio-9092-exec-9] s.w.s.m.m.a.RequestMappingHandlerMapping : Mapped to com.melilla.gestPlanes.controller.CiudadanoController#obtenerTrabajadorPorDNI(String)
2026-01-26T11:58:24.048+01:00 DEBUG 24840 --- [http-nio-9092-exec-9] s.w.s.m.m.a.RequestMappingHandlerMapping : Mapped to com.melilla.gestPlanes.controller.CiudadanoController#obtenerTrabajadorPorDNI(String)
2026-01-26T11:58:24.048+01:00 DEBUG 24840 --- [http-nio-9092-exec-9] s.w.s.m.m.a.RequestMappingHandlerMapping : Mapped to com.melilla.gestPlanes.controller.CiudadanoController#obtenerTrabajadorPorDNI(String)
2026-01-26T11:58:24.048+01:00 DEBUG 24840 --- [http-nio-9092-exec-9] s.w.s.m.m.a.RequestMappingHandlerMapping : Mapped to com.melilla.gestPlanes.controller.CiudadanoController#obtenerTrabajadorPorDNI(String)
2026-01-26T11:58:24.049+01:00 DEBUG 24840 --- [http-nio-9092-exec-9] s.w.s.m.m.a.RequestMappingHandlerMapping : Mapped to com.melilla.gestPlanes.controller.CiudadanoController#obtenerTrabajadorPorDNI(String)
2026-01-26T11:58:24.049+01:00 DEBUG 24840 --- [http-nio-9092-exec-9] o.s.web.servlet.DispatcherServlet        : GET "/trabajador/45300589L", parameters={}
2026-01-26T11:58:24.049+01:00 DEBUG 24840 --- [http-nio-9092-exec-9] s.w.s.m.m.a.RequestMappingHandlerMapping : Mapped to com.melilla.gestPlanes.controller.CiudadanoController#obtenerTrabajadorPorDNI(String)
2026-01-26T11:58:24.052+01:00  INFO 24840 --- [http-nio-9092-exec-9] c.m.g.service.impl.PlanServiceImpl       : obtenido el plan: 2024-2025
2026-01-26T11:58:24.052+01:00  INFO 24840 --- [http-nio-9092-exec-9] c.m.g.service.impl.PlanServiceImpl       : IdPlanTrabajo usuario logado: 120
2026-01-26T11:58:24.052+01:00  INFO 24840 --- [http-nio-9092-exec-9] c.m.g.service.impl.PlanServiceImpl       : IdPlanActivo: 11
2026-01-26T11:58:24.053+01:00  INFO 24840 --- [http-nio-9092-exec-9] c.m.g.service.impl.PlanServiceImpl       : Plan activo: 120 2025-2026
2026-01-26T11:58:24.063+01:00 DEBUG 24840 --- [http-nio-9092-exec-9] o.s.w.s.m.m.a.HttpEntityMethodProcessor  : Using 'application/json', given [application/json, text/plain, */*] and supported [application/json, application/*+json]
2026-01-26T11:58:24.065+01:00 DEBUG 24840 --- [http-nio-9092-exec-9] o.s.w.s.m.m.a.HttpEntityMethodProcessor  : Writing [ApiResponse(estado=null, payload=[com.melilla.gestPlanes.model.Ciudadano@7828d097, com.melilla.gestP (truncated)...]
2026-01-26T11:58:24.080+01:00 DEBUG 24840 --- [http-nio-9092-exec-9] o.s.web.servlet.DispatcherServlet        : Completed 200 OK
2026-01-26T12:00:11.079+01:00  INFO 24840 --- [http-nio-9092-exec-10] c.m.g.JWT.JwtAuthenticationFilter        : Bearer eyJhbGciOiJIUzUxMiJ9.eyJzdWIiOiJhZG1pbiIsImlhdCI6MTc2OTQyNDY2NSwiZXhwIjoxNzY5NDI2MTA1fQ.bBQa-iDJyjZHli1A6OFgHIuKbLGLdsSc_SJN-f3Z9BjDHqkkEZ5iF74NZIYfhFSSfLPx6oE07NFU234g-Mbpdg
2026-01-26T12:00:11.084+01:00  INFO 24840 --- [http-nio-9092-exec-10] c.m.g.JWT.JwtAuthenticationFilter        : admin
2026-01-26T12:00:11.094+01:00  INFO 24840 --- [http-nio-9092-exec-10] c.m.g.JWT.JwtAuthenticationFilter        : Token válido
2026-01-26T12:00:11.094+01:00  INFO 24840 --- [http-nio-9092-exec-10] c.m.g.JWT.JwtAuthenticationFilter        : admin
2026-01-26T12:00:11.094+01:00 DEBUG 24840 --- [http-nio-9092-exec-10] s.w.s.m.m.a.RequestMappingHandlerMapping : Mapped to com.melilla.gestPlanes.controller.DocumentoController#tiposDeDocumentos()
2026-01-26T12:00:11.095+01:00 DEBUG 24840 --- [http-nio-9092-exec-10] s.w.s.m.m.a.RequestMappingHandlerMapping : Mapped to com.melilla.gestPlanes.controller.DocumentoController#tiposDeDocumentos()
2026-01-26T12:00:11.095+01:00 DEBUG 24840 --- [http-nio-9092-exec-10] s.w.s.m.m.a.RequestMappingHandlerMapping : Mapped to com.melilla.gestPlanes.controller.DocumentoController#tiposDeDocumentos()
2026-01-26T12:00:11.095+01:00 DEBUG 24840 --- [http-nio-9092-exec-10] s.w.s.m.m.a.RequestMappingHandlerMapping : Mapped to com.melilla.gestPlanes.controller.DocumentoController#tiposDeDocumentos()
2026-01-26T12:00:11.095+01:00 DEBUG 24840 --- [http-nio-9092-exec-10] s.w.s.m.m.a.RequestMappingHandlerMapping : Mapped to com.melilla.gestPlanes.controller.DocumentoController#tiposDeDocumentos()
2026-01-26T12:00:11.095+01:00 DEBUG 24840 --- [http-nio-9092-exec-10] s.w.s.m.m.a.RequestMappingHandlerMapping : Mapped to com.melilla.gestPlanes.controller.DocumentoController#tiposDeDocumentos()
2026-01-26T12:00:11.095+01:00 DEBUG 24840 --- [http-nio-9092-exec-10] s.w.s.m.m.a.RequestMappingHandlerMapping : Mapped to com.melilla.gestPlanes.controller.DocumentoController#tiposDeDocumentos()
2026-01-26T12:00:11.095+01:00 DEBUG 24840 --- [http-nio-9092-exec-10] o.s.web.servlet.DispatcherServlet        : GET "/tipoDocumentos", parameters={}
2026-01-26T12:00:11.096+01:00 DEBUG 24840 --- [http-nio-9092-exec-10] s.w.s.m.m.a.RequestMappingHandlerMapping : Mapped to com.melilla.gestPlanes.controller.DocumentoController#tiposDeDocumentos()
2026-01-26T12:00:11.100+01:00 DEBUG 24840 --- [http-nio-9092-exec-10] o.s.w.s.m.m.a.HttpEntityMethodProcessor  : Using 'application/json', given [application/json, text/plain, */*] and supported [application/json, application/*+json]
2026-01-26T12:00:11.101+01:00 DEBUG 24840 --- [http-nio-9092-exec-10] o.s.w.s.m.m.a.HttpEntityMethodProcessor  : Writing [ApiResponse(estado=200 OK, payload=[com.melilla.gestPlanes.model.TipoDocumento@2966b21c, com.melilla (truncated)...]
2026-01-26T12:00:11.103+01:00 DEBUG 24840 --- [http-nio-9092-exec-10] o.s.web.servlet.DispatcherServlet        : Completed 200 OK
2026-01-26T12:00:11.109+01:00  INFO 24840 --- [http-nio-9092-exec-6] c.m.g.JWT.JwtAuthenticationFilter        : Bearer eyJhbGciOiJIUzUxMiJ9.eyJzdWIiOiJhZG1pbiIsImlhdCI6MTc2OTQyNDY2NSwiZXhwIjoxNzY5NDI2MTA1fQ.bBQa-iDJyjZHli1A6OFgHIuKbLGLdsSc_SJN-f3Z9BjDHqkkEZ5iF74NZIYfhFSSfLPx6oE07NFU234g-Mbpdg
2026-01-26T12:00:11.111+01:00  INFO 24840 --- [http-nio-9092-exec-6] c.m.g.JWT.JwtAuthenticationFilter        : admin
2026-01-26T12:00:11.119+01:00  INFO 24840 --- [http-nio-9092-exec-6] c.m.g.JWT.JwtAuthenticationFilter        : Token válido
2026-01-26T12:00:11.121+01:00  INFO 24840 --- [http-nio-9092-exec-6] c.m.g.JWT.JwtAuthenticationFilter        : admin
2026-01-26T12:00:11.121+01:00 DEBUG 24840 --- [http-nio-9092-exec-6] s.w.s.m.m.a.RequestMappingHandlerMapping : Mapped to com.melilla.gestPlanes.controller.DocumentoController#tiposDeDocumentos()
2026-01-26T12:00:11.121+01:00 DEBUG 24840 --- [http-nio-9092-exec-6] s.w.s.m.m.a.RequestMappingHandlerMapping : Mapped to com.melilla.gestPlanes.controller.DocumentoController#tiposDeDocumentos()
2026-01-26T12:00:11.121+01:00 DEBUG 24840 --- [http-nio-9092-exec-6] s.w.s.m.m.a.RequestMappingHandlerMapping : Mapped to com.melilla.gestPlanes.controller.DocumentoController#tiposDeDocumentos()
2026-01-26T12:00:11.121+01:00 DEBUG 24840 --- [http-nio-9092-exec-6] s.w.s.m.m.a.RequestMappingHandlerMapping : Mapped to com.melilla.gestPlanes.controller.DocumentoController#tiposDeDocumentos()
2026-01-26T12:00:11.121+01:00 DEBUG 24840 --- [http-nio-9092-exec-6] s.w.s.m.m.a.RequestMappingHandlerMapping : Mapped to com.melilla.gestPlanes.controller.DocumentoController#tiposDeDocumentos()
2026-01-26T12:00:11.121+01:00 DEBUG 24840 --- [http-nio-9092-exec-6] s.w.s.m.m.a.RequestMappingHandlerMapping : Mapped to com.melilla.gestPlanes.controller.DocumentoController#tiposDeDocumentos()
2026-01-26T12:00:11.121+01:00 DEBUG 24840 --- [http-nio-9092-exec-6] s.w.s.m.m.a.RequestMappingHandlerMapping : Mapped to com.melilla.gestPlanes.controller.DocumentoController#tiposDeDocumentos()
2026-01-26T12:00:11.122+01:00 DEBUG 24840 --- [http-nio-9092-exec-6] o.s.web.servlet.DispatcherServlet        : GET "/tipoDocumentos", parameters={}
2026-01-26T12:00:11.122+01:00 DEBUG 24840 --- [http-nio-9092-exec-6] s.w.s.m.m.a.RequestMappingHandlerMapping : Mapped to com.melilla.gestPlanes.controller.DocumentoController#tiposDeDocumentos()
2026-01-26T12:00:11.124+01:00 DEBUG 24840 --- [http-nio-9092-exec-6] o.s.w.s.m.m.a.HttpEntityMethodProcessor  : Using 'application/json', given [application/json, text/plain, */*] and supported [application/json, application/*+json]
2026-01-26T12:00:11.125+01:00 DEBUG 24840 --- [http-nio-9092-exec-6] o.s.w.s.m.m.a.HttpEntityMethodProcessor  : Writing [ApiResponse(estado=200 OK, payload=[com.melilla.gestPlanes.model.TipoDocumento@7895ee21, com.melilla (truncated)...]
2026-01-26T12:00:11.125+01:00 DEBUG 24840 --- [http-nio-9092-exec-6] o.s.web.servlet.DispatcherServlet        : Completed 200 OK
2026-01-26T12:00:11.778+01:00  INFO 24840 --- [http-nio-9092-exec-9] c.m.g.JWT.JwtAuthenticationFilter        : Bearer eyJhbGciOiJIUzUxMiJ9.eyJzdWIiOiJhZG1pbiIsImlhdCI6MTc2OTQyNDY2NSwiZXhwIjoxNzY5NDI2MTA1fQ.bBQa-iDJyjZHli1A6OFgHIuKbLGLdsSc_SJN-f3Z9BjDHqkkEZ5iF74NZIYfhFSSfLPx6oE07NFU234g-Mbpdg
2026-01-26T12:00:11.779+01:00  INFO 24840 --- [http-nio-9092-exec-1] c.m.g.JWT.JwtAuthenticationFilter        : Bearer eyJhbGciOiJIUzUxMiJ9.eyJzdWIiOiJhZG1pbiIsImlhdCI6MTc2OTQyNDY2NSwiZXhwIjoxNzY5NDI2MTA1fQ.bBQa-iDJyjZHli1A6OFgHIuKbLGLdsSc_SJN-f3Z9BjDHqkkEZ5iF74NZIYfhFSSfLPx6oE07NFU234g-Mbpdg
2026-01-26T12:00:11.780+01:00  INFO 24840 --- [http-nio-9092-exec-9] c.m.g.JWT.JwtAuthenticationFilter        : admin
2026-01-26T12:00:11.781+01:00  INFO 24840 --- [http-nio-9092-exec-1] c.m.g.JWT.JwtAuthenticationFilter        : admin
2026-01-26T12:00:11.793+01:00  INFO 24840 --- [http-nio-9092-exec-9] c.m.g.JWT.JwtAuthenticationFilter        : Token válido
2026-01-26T12:00:11.793+01:00  INFO 24840 --- [http-nio-9092-exec-1] c.m.g.JWT.JwtAuthenticationFilter        : Token válido
2026-01-26T12:00:11.793+01:00  INFO 24840 --- [http-nio-9092-exec-9] c.m.g.JWT.JwtAuthenticationFilter        : admin
2026-01-26T12:00:11.793+01:00  INFO 24840 --- [http-nio-9092-exec-1] c.m.g.JWT.JwtAuthenticationFilter        : admin
2026-01-26T12:00:11.793+01:00 DEBUG 24840 --- [http-nio-9092-exec-9] s.w.s.m.m.a.RequestMappingHandlerMapping : Mapped to com.melilla.gestPlanes.controller.DashBoardController#trabajadoresPorEstadoGenero(Long)
2026-01-26T12:00:11.793+01:00 DEBUG 24840 --- [http-nio-9092-exec-1] s.w.s.m.m.a.RequestMappingHandlerMapping : Mapped to com.melilla.gestPlanes.controller.DashBoardController#trabajadoresdeBaja(Long)
2026-01-26T12:00:11.793+01:00 DEBUG 24840 --- [http-nio-9092-exec-9] s.w.s.m.m.a.RequestMappingHandlerMapping : Mapped to com.melilla.gestPlanes.controller.DashBoardController#trabajadoresPorEstadoGenero(Long)
2026-01-26T12:00:11.793+01:00 DEBUG 24840 --- [http-nio-9092-exec-1] s.w.s.m.m.a.RequestMappingHandlerMapping : Mapped to com.melilla.gestPlanes.controller.DashBoardController#trabajadoresdeBaja(Long)
2026-01-26T12:00:11.793+01:00 DEBUG 24840 --- [http-nio-9092-exec-9] s.w.s.m.m.a.RequestMappingHandlerMapping : Mapped to com.melilla.gestPlanes.controller.DashBoardController#trabajadoresPorEstadoGenero(Long)
2026-01-26T12:00:11.793+01:00 DEBUG 24840 --- [http-nio-9092-exec-1] s.w.s.m.m.a.RequestMappingHandlerMapping : Mapped to com.melilla.gestPlanes.controller.DashBoardController#trabajadoresdeBaja(Long)
2026-01-26T12:00:11.795+01:00 DEBUG 24840 --- [http-nio-9092-exec-1] s.w.s.m.m.a.RequestMappingHandlerMapping : Mapped to com.melilla.gestPlanes.controller.DashBoardController#trabajadoresdeBaja(Long)
2026-01-26T12:00:11.795+01:00 DEBUG 24840 --- [http-nio-9092-exec-9] s.w.s.m.m.a.RequestMappingHandlerMapping : Mapped to com.melilla.gestPlanes.controller.DashBoardController#trabajadoresPorEstadoGenero(Long)
2026-01-26T12:00:11.795+01:00 DEBUG 24840 --- [http-nio-9092-exec-1] s.w.s.m.m.a.RequestMappingHandlerMapping : Mapped to com.melilla.gestPlanes.controller.DashBoardController#trabajadoresdeBaja(Long)
2026-01-26T12:00:11.795+01:00 DEBUG 24840 --- [http-nio-9092-exec-9] s.w.s.m.m.a.RequestMappingHandlerMapping : Mapped to com.melilla.gestPlanes.controller.DashBoardController#trabajadoresPorEstadoGenero(Long)
2026-01-26T12:00:11.795+01:00 DEBUG 24840 --- [http-nio-9092-exec-1] s.w.s.m.m.a.RequestMappingHandlerMapping : Mapped to com.melilla.gestPlanes.controller.DashBoardController#trabajadoresdeBaja(Long)
2026-01-26T12:00:11.795+01:00 DEBUG 24840 --- [http-nio-9092-exec-9] s.w.s.m.m.a.RequestMappingHandlerMapping : Mapped to com.melilla.gestPlanes.controller.DashBoardController#trabajadoresPorEstadoGenero(Long)
2026-01-26T12:00:11.795+01:00 DEBUG 24840 --- [http-nio-9092-exec-1] s.w.s.m.m.a.RequestMappingHandlerMapping : Mapped to com.melilla.gestPlanes.controller.DashBoardController#trabajadoresdeBaja(Long)
2026-01-26T12:00:11.795+01:00 DEBUG 24840 --- [http-nio-9092-exec-1] o.s.web.servlet.DispatcherServlet        : GET "/dashBoard/bajas/120", parameters={}
2026-01-26T12:00:11.795+01:00 DEBUG 24840 --- [http-nio-9092-exec-9] s.w.s.m.m.a.RequestMappingHandlerMapping : Mapped to com.melilla.gestPlanes.controller.DashBoardController#trabajadoresPorEstadoGenero(Long)
2026-01-26T12:00:11.795+01:00 DEBUG 24840 --- [http-nio-9092-exec-1] s.w.s.m.m.a.RequestMappingHandlerMapping : Mapped to com.melilla.gestPlanes.controller.DashBoardController#trabajadoresdeBaja(Long)
2026-01-26T12:00:11.795+01:00 DEBUG 24840 --- [http-nio-9092-exec-9] o.s.web.servlet.DispatcherServlet        : GET "/dashBoard/ciudadanoPorEstado/120", parameters={}
2026-01-26T12:00:11.795+01:00 DEBUG 24840 --- [http-nio-9092-exec-9] s.w.s.m.m.a.RequestMappingHandlerMapping : Mapped to com.melilla.gestPlanes.controller.DashBoardController#trabajadoresPorEstadoGenero(Long)
2026-01-26T12:00:11.804+01:00 DEBUG 24840 --- [http-nio-9092-exec-1] o.s.w.s.m.m.a.HttpEntityMethodProcessor  : Using 'application/json', given [application/json, text/plain, */*] and supported [application/json, application/*+json]
2026-01-26T12:00:11.804+01:00 DEBUG 24840 --- [http-nio-9092-exec-1] o.s.w.s.m.m.a.HttpEntityMethodProcessor  : Writing [ApiResponse(estado=null, payload=[DashBoardBajasDTO(baja=laboral, cantidad=0), DashBoardBajasDTO(baj (truncated)...]
2026-01-26T12:00:11.804+01:00 DEBUG 24840 --- [http-nio-9092-exec-1] o.s.web.servlet.DispatcherServlet        : Completed 200 OK
2026-01-26T12:00:11.810+01:00 DEBUG 24840 --- [http-nio-9092-exec-9] o.s.w.s.m.m.a.HttpEntityMethodProcessor  : Using 'application/json', given [application/json, text/plain, */*] and supported [application/json, application/*+json]
2026-01-26T12:00:11.810+01:00 DEBUG 24840 --- [http-nio-9092-exec-9] o.s.w.s.m.m.a.HttpEntityMethodProcessor  : Writing [ApiResponse(estado=null, payload=[DashBoardEstadoGeneroDTO(estado=CANDIDATO/A, hombres=0, mujeres=3) (truncated)...]
2026-01-26T12:00:11.812+01:00 DEBUG 24840 --- [http-nio-9092-exec-9] o.s.web.servlet.DispatcherServlet        : Completed 200 OK
2026-01-26T12:00:11.818+01:00  INFO 24840 --- [http-nio-9092-exec-5] c.m.g.JWT.JwtAuthenticationFilter        : Bearer eyJhbGciOiJIUzUxMiJ9.eyJzdWIiOiJhZG1pbiIsImlhdCI6MTc2OTQyNDY2NSwiZXhwIjoxNzY5NDI2MTA1fQ.bBQa-iDJyjZHli1A6OFgHIuKbLGLdsSc_SJN-f3Z9BjDHqkkEZ5iF74NZIYfhFSSfLPx6oE07NFU234g-Mbpdg
2026-01-26T12:00:11.824+01:00  INFO 24840 --- [http-nio-9092-exec-5] c.m.g.JWT.JwtAuthenticationFilter        : admin
2026-01-26T12:00:11.828+01:00  INFO 24840 --- [http-nio-9092-exec-2] c.m.g.JWT.JwtAuthenticationFilter        : Bearer eyJhbGciOiJIUzUxMiJ9.eyJzdWIiOiJhZG1pbiIsImlhdCI6MTc2OTQyNDY2NSwiZXhwIjoxNzY5NDI2MTA1fQ.bBQa-iDJyjZHli1A6OFgHIuKbLGLdsSc_SJN-f3Z9BjDHqkkEZ5iF74NZIYfhFSSfLPx6oE07NFU234g-Mbpdg
2026-01-26T12:00:11.834+01:00  INFO 24840 --- [http-nio-9092-exec-2] c.m.g.JWT.JwtAuthenticationFilter        : admin
2026-01-26T12:00:11.841+01:00  INFO 24840 --- [http-nio-9092-exec-5] c.m.g.JWT.JwtAuthenticationFilter        : Token válido
2026-01-26T12:00:11.841+01:00  INFO 24840 --- [http-nio-9092-exec-5] c.m.g.JWT.JwtAuthenticationFilter        : admin
2026-01-26T12:00:11.842+01:00 DEBUG 24840 --- [http-nio-9092-exec-5] s.w.s.m.m.a.RequestMappingHandlerMapping : Mapped to com.melilla.gestPlanes.controller.DashBoardController#trabajadoresdeBaja(Long)
2026-01-26T12:00:11.842+01:00 DEBUG 24840 --- [http-nio-9092-exec-5] s.w.s.m.m.a.RequestMappingHandlerMapping : Mapped to com.melilla.gestPlanes.controller.DashBoardController#trabajadoresdeBaja(Long)
2026-01-26T12:00:11.842+01:00 DEBUG 24840 --- [http-nio-9092-exec-5] s.w.s.m.m.a.RequestMappingHandlerMapping : Mapped to com.melilla.gestPlanes.controller.DashBoardController#trabajadoresdeBaja(Long)
2026-01-26T12:00:11.843+01:00 DEBUG 24840 --- [http-nio-9092-exec-5] s.w.s.m.m.a.RequestMappingHandlerMapping : Mapped to com.melilla.gestPlanes.controller.DashBoardController#trabajadoresdeBaja(Long)
2026-01-26T12:00:11.843+01:00 DEBUG 24840 --- [http-nio-9092-exec-5] s.w.s.m.m.a.RequestMappingHandlerMapping : Mapped to com.melilla.gestPlanes.controller.DashBoardController#trabajadoresdeBaja(Long)
2026-01-26T12:00:11.843+01:00 DEBUG 24840 --- [http-nio-9092-exec-5] s.w.s.m.m.a.RequestMappingHandlerMapping : Mapped to com.melilla.gestPlanes.controller.DashBoardController#trabajadoresdeBaja(Long)
2026-01-26T12:00:11.844+01:00 DEBUG 24840 --- [http-nio-9092-exec-5] s.w.s.m.m.a.RequestMappingHandlerMapping : Mapped to com.melilla.gestPlanes.controller.DashBoardController#trabajadoresdeBaja(Long)
2026-01-26T12:00:11.845+01:00 DEBUG 24840 --- [http-nio-9092-exec-5] o.s.web.servlet.DispatcherServlet        : GET "/dashBoard/bajas/120", parameters={}
2026-01-26T12:00:11.846+01:00 DEBUG 24840 --- [http-nio-9092-exec-5] s.w.s.m.m.a.RequestMappingHandlerMapping : Mapped to com.melilla.gestPlanes.controller.DashBoardController#trabajadoresdeBaja(Long)
2026-01-26T12:00:11.860+01:00 DEBUG 24840 --- [http-nio-9092-exec-5] o.s.w.s.m.m.a.HttpEntityMethodProcessor  : Using 'application/json', given [application/json, text/plain, */*] and supported [application/json, application/*+json]
2026-01-26T12:00:11.860+01:00 DEBUG 24840 --- [http-nio-9092-exec-5] o.s.w.s.m.m.a.HttpEntityMethodProcessor  : Writing [ApiResponse(estado=null, payload=[DashBoardBajasDTO(baja=laboral, cantidad=0), DashBoardBajasDTO(baj (truncated)...]
2026-01-26T12:00:11.862+01:00 DEBUG 24840 --- [http-nio-9092-exec-5] o.s.web.servlet.DispatcherServlet        : Completed 200 OK
2026-01-26T12:00:11.866+01:00  INFO 24840 --- [http-nio-9092-exec-2] c.m.g.JWT.JwtAuthenticationFilter        : Token válido
2026-01-26T12:00:11.866+01:00  INFO 24840 --- [http-nio-9092-exec-2] c.m.g.JWT.JwtAuthenticationFilter        : admin
2026-01-26T12:00:11.873+01:00 DEBUG 24840 --- [http-nio-9092-exec-2] s.w.s.m.m.a.RequestMappingHandlerMapping : Mapped to com.melilla.gestPlanes.controller.DashBoardController#trabajadoresPorEstadoGenero(Long)
2026-01-26T12:00:11.873+01:00 DEBUG 24840 --- [http-nio-9092-exec-2] s.w.s.m.m.a.RequestMappingHandlerMapping : Mapped to com.melilla.gestPlanes.controller.DashBoardController#trabajadoresPorEstadoGenero(Long)
2026-01-26T12:00:11.873+01:00 DEBUG 24840 --- [http-nio-9092-exec-2] s.w.s.m.m.a.RequestMappingHandlerMapping : Mapped to com.melilla.gestPlanes.controller.DashBoardController#trabajadoresPorEstadoGenero(Long)
2026-01-26T12:00:11.875+01:00 DEBUG 24840 --- [http-nio-9092-exec-2] s.w.s.m.m.a.RequestMappingHandlerMapping : Mapped to com.melilla.gestPlanes.controller.DashBoardController#trabajadoresPorEstadoGenero(Long)
2026-01-26T12:00:11.875+01:00 DEBUG 24840 --- [http-nio-9092-exec-2] s.w.s.m.m.a.RequestMappingHandlerMapping : Mapped to com.melilla.gestPlanes.controller.DashBoardController#trabajadoresPorEstadoGenero(Long)
2026-01-26T12:00:11.875+01:00 DEBUG 24840 --- [http-nio-9092-exec-2] s.w.s.m.m.a.RequestMappingHandlerMapping : Mapped to com.melilla.gestPlanes.controller.DashBoardController#trabajadoresPorEstadoGenero(Long)
2026-01-26T12:00:11.875+01:00 DEBUG 24840 --- [http-nio-9092-exec-2] s.w.s.m.m.a.RequestMappingHandlerMapping : Mapped to com.melilla.gestPlanes.controller.DashBoardController#trabajadoresPorEstadoGenero(Long)
2026-01-26T12:00:11.875+01:00 DEBUG 24840 --- [http-nio-9092-exec-2] o.s.web.servlet.DispatcherServlet        : GET "/dashBoard/ciudadanoPorEstado/120", parameters={}
2026-01-26T12:00:11.875+01:00 DEBUG 24840 --- [http-nio-9092-exec-2] s.w.s.m.m.a.RequestMappingHandlerMapping : Mapped to com.melilla.gestPlanes.controller.DashBoardController#trabajadoresPorEstadoGenero(Long)
2026-01-26T12:00:11.912+01:00 DEBUG 24840 --- [http-nio-9092-exec-2] o.s.w.s.m.m.a.HttpEntityMethodProcessor  : Using 'application/json', given [application/json, text/plain, */*] and supported [application/json, application/*+json]
2026-01-26T12:00:11.912+01:00 DEBUG 24840 --- [http-nio-9092-exec-2] o.s.w.s.m.m.a.HttpEntityMethodProcessor  : Writing [ApiResponse(estado=null, payload=[DashBoardEstadoGeneroDTO(estado=CANDIDATO/A, hombres=0, mujeres=3) (truncated)...]
2026-01-26T12:00:11.912+01:00 DEBUG 24840 --- [http-nio-9092-exec-2] o.s.web.servlet.DispatcherServlet        : Completed 200 OK
2026-01-26T12:00:23.653+01:00  INFO 24840 --- [http-nio-9092-exec-6] c.m.g.JWT.JwtAuthenticationFilter        : Bearer eyJhbGciOiJIUzUxMiJ9.eyJzdWIiOiJhZG1pbiIsImlhdCI6MTc2OTQyNDY2NSwiZXhwIjoxNzY5NDI2MTA1fQ.bBQa-iDJyjZHli1A6OFgHIuKbLGLdsSc_SJN-f3Z9BjDHqkkEZ5iF74NZIYfhFSSfLPx6oE07NFU234g-Mbpdg
2026-01-26T12:00:23.657+01:00  INFO 24840 --- [http-nio-9092-exec-6] c.m.g.JWT.JwtAuthenticationFilter        : admin
2026-01-26T12:00:23.667+01:00  INFO 24840 --- [http-nio-9092-exec-6] c.m.g.JWT.JwtAuthenticationFilter        : Token válido
2026-01-26T12:00:23.667+01:00  INFO 24840 --- [http-nio-9092-exec-6] c.m.g.JWT.JwtAuthenticationFilter        : admin
2026-01-26T12:00:23.667+01:00 DEBUG 24840 --- [http-nio-9092-exec-6] s.w.s.m.m.a.RequestMappingHandlerMapping : Mapped to com.melilla.gestPlanes.controller.CiudadanoController#obtenerTrabajadorPorDNI(String)
2026-01-26T12:00:23.668+01:00 DEBUG 24840 --- [http-nio-9092-exec-6] s.w.s.m.m.a.RequestMappingHandlerMapping : Mapped to com.melilla.gestPlanes.controller.CiudadanoController#obtenerTrabajadorPorDNI(String)
2026-01-26T12:00:23.668+01:00 DEBUG 24840 --- [http-nio-9092-exec-6] s.w.s.m.m.a.RequestMappingHandlerMapping : Mapped to com.melilla.gestPlanes.controller.CiudadanoController#obtenerTrabajadorPorDNI(String)
2026-01-26T12:00:23.668+01:00 DEBUG 24840 --- [http-nio-9092-exec-6] s.w.s.m.m.a.RequestMappingHandlerMapping : Mapped to com.melilla.gestPlanes.controller.CiudadanoController#obtenerTrabajadorPorDNI(String)
2026-01-26T12:00:23.668+01:00 DEBUG 24840 --- [http-nio-9092-exec-6] s.w.s.m.m.a.RequestMappingHandlerMapping : Mapped to com.melilla.gestPlanes.controller.CiudadanoController#obtenerTrabajadorPorDNI(String)
2026-01-26T12:00:23.668+01:00 DEBUG 24840 --- [http-nio-9092-exec-6] s.w.s.m.m.a.RequestMappingHandlerMapping : Mapped to com.melilla.gestPlanes.controller.CiudadanoController#obtenerTrabajadorPorDNI(String)
2026-01-26T12:00:23.668+01:00 DEBUG 24840 --- [http-nio-9092-exec-6] s.w.s.m.m.a.RequestMappingHandlerMapping : Mapped to com.melilla.gestPlanes.controller.CiudadanoController#obtenerTrabajadorPorDNI(String)
2026-01-26T12:00:23.668+01:00 DEBUG 24840 --- [http-nio-9092-exec-6] o.s.web.servlet.DispatcherServlet        : GET "/trabajador/45300589L", parameters={}
2026-01-26T12:00:23.668+01:00 DEBUG 24840 --- [http-nio-9092-exec-6] s.w.s.m.m.a.RequestMappingHandlerMapping : Mapped to com.melilla.gestPlanes.controller.CiudadanoController#obtenerTrabajadorPorDNI(String)
2026-01-26T12:00:23.668+01:00  INFO 24840 --- [http-nio-9092-exec-6] c.m.g.service.impl.PlanServiceImpl       : obtenido el plan: 2024-2025
2026-01-26T12:00:23.668+01:00  INFO 24840 --- [http-nio-9092-exec-6] c.m.g.service.impl.PlanServiceImpl       : IdPlanTrabajo usuario logado: 120
2026-01-26T12:00:23.668+01:00  INFO 24840 --- [http-nio-9092-exec-6] c.m.g.service.impl.PlanServiceImpl       : IdPlanActivo: 11
2026-01-26T12:00:23.668+01:00  INFO 24840 --- [http-nio-9092-exec-6] c.m.g.service.impl.PlanServiceImpl       : Plan activo: 120 2025-2026
2026-01-26T12:00:23.684+01:00 DEBUG 24840 --- [http-nio-9092-exec-6] o.s.w.s.m.m.a.HttpEntityMethodProcessor  : Using 'application/json', given [application/json, text/plain, */*] and supported [application/json, application/*+json]
2026-01-26T12:00:23.684+01:00 DEBUG 24840 --- [http-nio-9092-exec-6] o.s.w.s.m.m.a.HttpEntityMethodProcessor  : Writing [ApiResponse(estado=null, payload=[com.melilla.gestPlanes.model.Ciudadano@78f3f0a5, com.melilla.gestP (truncated)...]
2026-01-26T12:00:23.694+01:00 DEBUG 24840 --- [http-nio-9092-exec-6] o.s.web.servlet.DispatcherServlet        : Completed 200 OK
2026-01-26T12:01:16.066+01:00  INFO 24840 --- [http-nio-9092-exec-1] c.m.g.JWT.JwtAuthenticationFilter        : Bearer eyJhbGciOiJIUzUxMiJ9.eyJzdWIiOiJhZG1pbiIsImlhdCI6MTc2OTQyNDY2NSwiZXhwIjoxNzY5NDI2MTA1fQ.bBQa-iDJyjZHli1A6OFgHIuKbLGLdsSc_SJN-f3Z9BjDHqkkEZ5iF74NZIYfhFSSfLPx6oE07NFU234g-Mbpdg
2026-01-26T12:01:16.070+01:00  INFO 24840 --- [http-nio-9092-exec-1] c.m.g.JWT.JwtAuthenticationFilter        : admin
2026-01-26T12:01:16.075+01:00  INFO 24840 --- [http-nio-9092-exec-1] c.m.g.JWT.JwtAuthenticationFilter        : Token válido
2026-01-26T12:01:16.075+01:00  INFO 24840 --- [http-nio-9092-exec-1] c.m.g.JWT.JwtAuthenticationFilter        : admin
2026-01-26T12:01:16.075+01:00 DEBUG 24840 --- [http-nio-9092-exec-1] s.w.s.m.m.a.RequestMappingHandlerMapping : Mapped to com.melilla.gestPlanes.controller.CiudadanoController#obtenerTrabajadorPorDNI(String)
2026-01-26T12:01:16.075+01:00 DEBUG 24840 --- [http-nio-9092-exec-1] s.w.s.m.m.a.RequestMappingHandlerMapping : Mapped to com.melilla.gestPlanes.controller.CiudadanoController#obtenerTrabajadorPorDNI(String)
2026-01-26T12:01:16.075+01:00 DEBUG 24840 --- [http-nio-9092-exec-1] s.w.s.m.m.a.RequestMappingHandlerMapping : Mapped to com.melilla.gestPlanes.controller.CiudadanoController#obtenerTrabajadorPorDNI(String)
2026-01-26T12:01:16.076+01:00 DEBUG 24840 --- [http-nio-9092-exec-1] s.w.s.m.m.a.RequestMappingHandlerMapping : Mapped to com.melilla.gestPlanes.controller.CiudadanoController#obtenerTrabajadorPorDNI(String)
2026-01-26T12:01:16.076+01:00 DEBUG 24840 --- [http-nio-9092-exec-1] s.w.s.m.m.a.RequestMappingHandlerMapping : Mapped to com.melilla.gestPlanes.controller.CiudadanoController#obtenerTrabajadorPorDNI(String)
2026-01-26T12:01:16.076+01:00 DEBUG 24840 --- [http-nio-9092-exec-1] s.w.s.m.m.a.RequestMappingHandlerMapping : Mapped to com.melilla.gestPlanes.controller.CiudadanoController#obtenerTrabajadorPorDNI(String)
2026-01-26T12:01:16.076+01:00 DEBUG 24840 --- [http-nio-9092-exec-1] s.w.s.m.m.a.RequestMappingHandlerMapping : Mapped to com.melilla.gestPlanes.controller.CiudadanoController#obtenerTrabajadorPorDNI(String)
2026-01-26T12:01:16.076+01:00 DEBUG 24840 --- [http-nio-9092-exec-1] o.s.web.servlet.DispatcherServlet        : GET "/trabajador/45300589L", parameters={}
2026-01-26T12:01:16.076+01:00 DEBUG 24840 --- [http-nio-9092-exec-1] s.w.s.m.m.a.RequestMappingHandlerMapping : Mapped to com.melilla.gestPlanes.controller.CiudadanoController#obtenerTrabajadorPorDNI(String)
2026-01-26T12:01:16.078+01:00  INFO 24840 --- [http-nio-9092-exec-1] c.m.g.service.impl.PlanServiceImpl       : obtenido el plan: 2024-2025
2026-01-26T12:01:16.078+01:00  INFO 24840 --- [http-nio-9092-exec-1] c.m.g.service.impl.PlanServiceImpl       : IdPlanTrabajo usuario logado: 120
2026-01-26T12:01:16.078+01:00  INFO 24840 --- [http-nio-9092-exec-1] c.m.g.service.impl.PlanServiceImpl       : IdPlanActivo: 11
2026-01-26T12:01:16.080+01:00  INFO 24840 --- [http-nio-9092-exec-1] c.m.g.service.impl.PlanServiceImpl       : Plan activo: 120 2025-2026
2026-01-26T12:01:16.093+01:00 DEBUG 24840 --- [http-nio-9092-exec-1] o.s.w.s.m.m.a.HttpEntityMethodProcessor  : Using 'application/json', given [application/json, text/plain, */*] and supported [application/json, application/*+json]
2026-01-26T12:01:16.093+01:00 DEBUG 24840 --- [http-nio-9092-exec-1] o.s.w.s.m.m.a.HttpEntityMethodProcessor  : Writing [ApiResponse(estado=null, payload=[com.melilla.gestPlanes.model.Ciudadano@5ab96a90, com.melilla.gestP (truncated)...]
2026-01-26T12:01:16.109+01:00 DEBUG 24840 --- [http-nio-9092-exec-1] o.s.web.servlet.DispatcherServlet        : Completed 200 OK
2026-01-26T12:02:01.615+01:00  INFO 24840 --- [http-nio-9092-exec-5] c.m.g.JWT.JwtAuthenticationFilter        : Bearer eyJhbGciOiJIUzUxMiJ9.eyJzdWIiOiJhZG1pbiIsImlhdCI6MTc2OTQyNDY2NSwiZXhwIjoxNzY5NDI2MTA1fQ.bBQa-iDJyjZHli1A6OFgHIuKbLGLdsSc_SJN-f3Z9BjDHqkkEZ5iF74NZIYfhFSSfLPx6oE07NFU234g-Mbpdg
2026-01-26T12:02:01.620+01:00  INFO 24840 --- [http-nio-9092-exec-5] c.m.g.JWT.JwtAuthenticationFilter        : admin
2026-01-26T12:02:01.628+01:00  INFO 24840 --- [http-nio-9092-exec-5] c.m.g.JWT.JwtAuthenticationFilter        : Token válido
2026-01-26T12:02:01.628+01:00  INFO 24840 --- [http-nio-9092-exec-5] c.m.g.JWT.JwtAuthenticationFilter        : admin
2026-01-26T12:02:01.628+01:00 DEBUG 24840 --- [http-nio-9092-exec-5] s.w.s.m.m.a.RequestMappingHandlerMapping : Mapped to com.melilla.gestPlanes.controller.CiudadanoController#obtenerCiudadano(Long)
2026-01-26T12:02:01.628+01:00 DEBUG 24840 --- [http-nio-9092-exec-5] s.w.s.m.m.a.RequestMappingHandlerMapping : Mapped to com.melilla.gestPlanes.controller.CiudadanoController#obtenerCiudadano(Long)
2026-01-26T12:02:01.629+01:00 DEBUG 24840 --- [http-nio-9092-exec-5] s.w.s.m.m.a.RequestMappingHandlerMapping : Mapped to com.melilla.gestPlanes.controller.CiudadanoController#obtenerCiudadano(Long)
2026-01-26T12:02:01.629+01:00 DEBUG 24840 --- [http-nio-9092-exec-5] s.w.s.m.m.a.RequestMappingHandlerMapping : Mapped to com.melilla.gestPlanes.controller.CiudadanoController#obtenerCiudadano(Long)
2026-01-26T12:02:01.629+01:00 DEBUG 24840 --- [http-nio-9092-exec-5] s.w.s.m.m.a.RequestMappingHandlerMapping : Mapped to com.melilla.gestPlanes.controller.CiudadanoController#obtenerCiudadano(Long)
2026-01-26T12:02:01.629+01:00 DEBUG 24840 --- [http-nio-9092-exec-5] s.w.s.m.m.a.RequestMappingHandlerMapping : Mapped to com.melilla.gestPlanes.controller.CiudadanoController#obtenerCiudadano(Long)
2026-01-26T12:02:01.629+01:00 DEBUG 24840 --- [http-nio-9092-exec-5] s.w.s.m.m.a.RequestMappingHandlerMapping : Mapped to com.melilla.gestPlanes.controller.CiudadanoController#obtenerCiudadano(Long)
2026-01-26T12:02:01.629+01:00 DEBUG 24840 --- [http-nio-9092-exec-5] o.s.web.servlet.DispatcherServlet        : GET "/ciudadano/2124", parameters={}
2026-01-26T12:02:01.630+01:00 DEBUG 24840 --- [http-nio-9092-exec-5] s.w.s.m.m.a.RequestMappingHandlerMapping : Mapped to com.melilla.gestPlanes.controller.CiudadanoController#obtenerCiudadano(Long)
2026-01-26T12:02:01.636+01:00 DEBUG 24840 --- [http-nio-9092-exec-5] o.s.w.s.m.m.a.HttpEntityMethodProcessor  : Using 'application/json', given [application/json, text/plain, */*] and supported [application/json, application/*+json]
2026-01-26T12:02:01.637+01:00 DEBUG 24840 --- [http-nio-9092-exec-5] o.s.w.s.m.m.a.HttpEntityMethodProcessor  : Writing [ApiResponse(estado=null, payload=[com.melilla.gestPlanes.model.Ciudadano@1c8c0b66], mensaje=null)]
2026-01-26T12:02:01.640+01:00 DEBUG 24840 --- [http-nio-9092-exec-5] o.s.web.servlet.DispatcherServlet        : Completed 200 OK
2026-01-26T12:02:02.373+01:00  INFO 24840 --- [http-nio-9092-exec-8] c.m.g.JWT.JwtAuthenticationFilter        : Bearer eyJhbGciOiJIUzUxMiJ9.eyJzdWIiOiJhZG1pbiIsImlhdCI6MTc2OTQyNDY2NSwiZXhwIjoxNzY5NDI2MTA1fQ.bBQa-iDJyjZHli1A6OFgHIuKbLGLdsSc_SJN-f3Z9BjDHqkkEZ5iF74NZIYfhFSSfLPx6oE07NFU234g-Mbpdg
2026-01-26T12:02:02.375+01:00  INFO 24840 --- [http-nio-9092-exec-8] c.m.g.JWT.JwtAuthenticationFilter        : admin
2026-01-26T12:02:02.400+01:00  INFO 24840 --- [http-nio-9092-exec-8] c.m.g.JWT.JwtAuthenticationFilter        : Token válido
2026-01-26T12:02:02.400+01:00  INFO 24840 --- [http-nio-9092-exec-8] c.m.g.JWT.JwtAuthenticationFilter        : admin
2026-01-26T12:02:02.404+01:00 DEBUG 24840 --- [http-nio-9092-exec-8] s.w.s.m.m.a.RequestMappingHandlerMapping : Mapped to com.melilla.gestPlanes.controller.CiudadanoController#obtenerCiudadano(Long)
2026-01-26T12:02:02.410+01:00 DEBUG 24840 --- [http-nio-9092-exec-8] s.w.s.m.m.a.RequestMappingHandlerMapping : Mapped to com.melilla.gestPlanes.controller.CiudadanoController#obtenerCiudadano(Long)
2026-01-26T12:02:02.411+01:00 DEBUG 24840 --- [http-nio-9092-exec-8] s.w.s.m.m.a.RequestMappingHandlerMapping : Mapped to com.melilla.gestPlanes.controller.CiudadanoController#obtenerCiudadano(Long)
2026-01-26T12:02:02.411+01:00 DEBUG 24840 --- [http-nio-9092-exec-8] s.w.s.m.m.a.RequestMappingHandlerMapping : Mapped to com.melilla.gestPlanes.controller.CiudadanoController#obtenerCiudadano(Long)
2026-01-26T12:02:02.411+01:00 DEBUG 24840 --- [http-nio-9092-exec-8] s.w.s.m.m.a.RequestMappingHandlerMapping : Mapped to com.melilla.gestPlanes.controller.CiudadanoController#obtenerCiudadano(Long)
2026-01-26T12:02:02.412+01:00 DEBUG 24840 --- [http-nio-9092-exec-8] s.w.s.m.m.a.RequestMappingHandlerMapping : Mapped to com.melilla.gestPlanes.controller.CiudadanoController#obtenerCiudadano(Long)
2026-01-26T12:02:02.413+01:00 DEBUG 24840 --- [http-nio-9092-exec-8] s.w.s.m.m.a.RequestMappingHandlerMapping : Mapped to com.melilla.gestPlanes.controller.CiudadanoController#obtenerCiudadano(Long)
2026-01-26T12:02:02.414+01:00 DEBUG 24840 --- [http-nio-9092-exec-8] o.s.web.servlet.DispatcherServlet        : GET "/ciudadano/2124", parameters={}
2026-01-26T12:02:02.415+01:00 DEBUG 24840 --- [http-nio-9092-exec-8] s.w.s.m.m.a.RequestMappingHandlerMapping : Mapped to com.melilla.gestPlanes.controller.CiudadanoController#obtenerCiudadano(Long)
2026-01-26T12:02:02.431+01:00 DEBUG 24840 --- [http-nio-9092-exec-8] o.s.w.s.m.m.a.HttpEntityMethodProcessor  : Using 'application/json', given [application/json, text/plain, */*] and supported [application/json, application/*+json]
2026-01-26T12:02:02.432+01:00 DEBUG 24840 --- [http-nio-9092-exec-8] o.s.w.s.m.m.a.HttpEntityMethodProcessor  : Writing [ApiResponse(estado=null, payload=[com.melilla.gestPlanes.model.Ciudadano@4a69005b], mensaje=null)]
2026-01-26T12:02:02.445+01:00 DEBUG 24840 --- [http-nio-9092-exec-8] o.s.web.servlet.DispatcherServlet        : Completed 200 OK
2026-01-26T12:02:02.456+01:00  INFO 24840 --- [http-nio-9092-exec-1] c.m.g.JWT.JwtAuthenticationFilter        : Bearer eyJhbGciOiJIUzUxMiJ9.eyJzdWIiOiJhZG1pbiIsImlhdCI6MTc2OTQyNDY2NSwiZXhwIjoxNzY5NDI2MTA1fQ.bBQa-iDJyjZHli1A6OFgHIuKbLGLdsSc_SJN-f3Z9BjDHqkkEZ5iF74NZIYfhFSSfLPx6oE07NFU234g-Mbpdg
2026-01-26T12:02:02.457+01:00  INFO 24840 --- [http-nio-9092-exec-10] c.m.g.JWT.JwtAuthenticationFilter        : Bearer eyJhbGciOiJIUzUxMiJ9.eyJzdWIiOiJhZG1pbiIsImlhdCI6MTc2OTQyNDY2NSwiZXhwIjoxNzY5NDI2MTA1fQ.bBQa-iDJyjZHli1A6OFgHIuKbLGLdsSc_SJN-f3Z9BjDHqkkEZ5iF74NZIYfhFSSfLPx6oE07NFU234g-Mbpdg
2026-01-26T12:02:02.490+01:00  INFO 24840 --- [http-nio-9092-exec-2] c.m.g.JWT.JwtAuthenticationFilter        : Bearer eyJhbGciOiJIUzUxMiJ9.eyJzdWIiOiJhZG1pbiIsImlhdCI6MTc2OTQyNDY2NSwiZXhwIjoxNzY5NDI2MTA1fQ.bBQa-iDJyjZHli1A6OFgHIuKbLGLdsSc_SJN-f3Z9BjDHqkkEZ5iF74NZIYfhFSSfLPx6oE07NFU234g-Mbpdg
2026-01-26T12:02:02.524+01:00  INFO 24840 --- [http-nio-9092-exec-10] c.m.g.JWT.JwtAuthenticationFilter        : admin
2026-01-26T12:02:02.524+01:00  INFO 24840 --- [http-nio-9092-exec-2] c.m.g.JWT.JwtAuthenticationFilter        : admin
2026-01-26T12:02:02.570+01:00  INFO 24840 --- [http-nio-9092-exec-5] c.m.g.JWT.JwtAuthenticationFilter        : Bearer eyJhbGciOiJIUzUxMiJ9.eyJzdWIiOiJhZG1pbiIsImlhdCI6MTc2OTQyNDY2NSwiZXhwIjoxNzY5NDI2MTA1fQ.bBQa-iDJyjZHli1A6OFgHIuKbLGLdsSc_SJN-f3Z9BjDHqkkEZ5iF74NZIYfhFSSfLPx6oE07NFU234g-Mbpdg
2026-01-26T12:02:02.570+01:00  INFO 24840 --- [http-nio-9092-exec-6] c.m.g.JWT.JwtAuthenticationFilter        : Bearer eyJhbGciOiJIUzUxMiJ9.eyJzdWIiOiJhZG1pbiIsImlhdCI6MTc2OTQyNDY2NSwiZXhwIjoxNzY5NDI2MTA1fQ.bBQa-iDJyjZHli1A6OFgHIuKbLGLdsSc_SJN-f3Z9BjDHqkkEZ5iF74NZIYfhFSSfLPx6oE07NFU234g-Mbpdg
2026-01-26T12:02:02.571+01:00  INFO 24840 --- [http-nio-9092-exec-1] c.m.g.JWT.JwtAuthenticationFilter        : admin
2026-01-26T12:02:02.574+01:00  INFO 24840 --- [http-nio-9092-exec-5] c.m.g.JWT.JwtAuthenticationFilter        : admin
2026-01-26T12:02:02.574+01:00  INFO 24840 --- [http-nio-9092-exec-6] c.m.g.JWT.JwtAuthenticationFilter        : admin
2026-01-26T12:02:02.577+01:00  INFO 24840 --- [http-nio-9092-exec-10] c.m.g.JWT.JwtAuthenticationFilter        : Token válido
2026-01-26T12:02:02.577+01:00  INFO 24840 --- [http-nio-9092-exec-10] c.m.g.JWT.JwtAuthenticationFilter        : admin
2026-01-26T12:02:02.578+01:00 DEBUG 24840 --- [http-nio-9092-exec-10] s.w.s.m.m.a.RequestMappingHandlerMapping : Mapped to com.melilla.gestPlanes.controller.CategoriaController#obtenerCategorias(Long, Long)
2026-01-26T12:02:02.578+01:00 DEBUG 24840 --- [http-nio-9092-exec-10] s.w.s.m.m.a.RequestMappingHandlerMapping : Mapped to com.melilla.gestPlanes.controller.CategoriaController#obtenerCategorias(Long, Long)
2026-01-26T12:02:02.579+01:00  INFO 24840 --- [http-nio-9092-exec-4] c.m.g.JWT.JwtAuthenticationFilter        : Bearer eyJhbGciOiJIUzUxMiJ9.eyJzdWIiOiJhZG1pbiIsImlhdCI6MTc2OTQyNDY2NSwiZXhwIjoxNzY5NDI2MTA1fQ.bBQa-iDJyjZHli1A6OFgHIuKbLGLdsSc_SJN-f3Z9BjDHqkkEZ5iF74NZIYfhFSSfLPx6oE07NFU234g-Mbpdg
2026-01-26T12:02:02.580+01:00 DEBUG 24840 --- [http-nio-9092-exec-10] s.w.s.m.m.a.RequestMappingHandlerMapping : Mapped to com.melilla.gestPlanes.controller.CategoriaController#obtenerCategorias(Long, Long)
2026-01-26T12:02:02.580+01:00 DEBUG 24840 --- [http-nio-9092-exec-10] s.w.s.m.m.a.RequestMappingHandlerMapping : Mapped to com.melilla.gestPlanes.controller.CategoriaController#obtenerCategorias(Long, Long)
2026-01-26T12:02:02.580+01:00 DEBUG 24840 --- [http-nio-9092-exec-10] s.w.s.m.m.a.RequestMappingHandlerMapping : Mapped to com.melilla.gestPlanes.controller.CategoriaController#obtenerCategorias(Long, Long)
2026-01-26T12:02:02.580+01:00 DEBUG 24840 --- [http-nio-9092-exec-10] s.w.s.m.m.a.RequestMappingHandlerMapping : Mapped to com.melilla.gestPlanes.controller.CategoriaController#obtenerCategorias(Long, Long)
2026-01-26T12:02:02.580+01:00  INFO 24840 --- [http-nio-9092-exec-2] c.m.g.JWT.JwtAuthenticationFilter        : Token válido
2026-01-26T12:02:02.580+01:00 DEBUG 24840 --- [http-nio-9092-exec-10] s.w.s.m.m.a.RequestMappingHandlerMapping : Mapped to com.melilla.gestPlanes.controller.CategoriaController#obtenerCategorias(Long, Long)
2026-01-26T12:02:02.580+01:00  INFO 24840 --- [http-nio-9092-exec-4] c.m.g.JWT.JwtAuthenticationFilter        : admin
2026-01-26T12:02:02.580+01:00  INFO 24840 --- [http-nio-9092-exec-2] c.m.g.JWT.JwtAuthenticationFilter        : admin
2026-01-26T12:02:02.582+01:00 DEBUG 24840 --- [http-nio-9092-exec-10] o.s.web.servlet.DispatcherServlet        : GET "/categorias/120/3", parameters={}
2026-01-26T12:02:02.582+01:00 DEBUG 24840 --- [http-nio-9092-exec-2] s.w.s.m.m.a.RequestMappingHandlerMapping : Mapped to com.melilla.gestPlanes.controller.DocumentoController#tiposDeDocumentos()
2026-01-26T12:02:02.582+01:00 DEBUG 24840 --- [http-nio-9092-exec-2] s.w.s.m.m.a.RequestMappingHandlerMapping : Mapped to com.melilla.gestPlanes.controller.DocumentoController#tiposDeDocumentos()
2026-01-26T12:02:02.582+01:00 DEBUG 24840 --- [http-nio-9092-exec-10] s.w.s.m.m.a.RequestMappingHandlerMapping : Mapped to com.melilla.gestPlanes.controller.CategoriaController#obtenerCategorias(Long, Long)
2026-01-26T12:02:02.586+01:00  INFO 24840 --- [http-nio-9092-exec-5] c.m.g.JWT.JwtAuthenticationFilter        : Token válido
2026-01-26T12:02:02.586+01:00  INFO 24840 --- [http-nio-9092-exec-5] c.m.g.JWT.JwtAuthenticationFilter        : admin
2026-01-26T12:02:02.582+01:00 DEBUG 24840 --- [http-nio-9092-exec-2] s.w.s.m.m.a.RequestMappingHandlerMapping : Mapped to com.melilla.gestPlanes.controller.DocumentoController#tiposDeDocumentos()
2026-01-26T12:02:02.591+01:00 DEBUG 24840 --- [http-nio-9092-exec-2] s.w.s.m.m.a.RequestMappingHandlerMapping : Mapped to com.melilla.gestPlanes.controller.DocumentoController#tiposDeDocumentos()
2026-01-26T12:02:02.591+01:00 DEBUG 24840 --- [http-nio-9092-exec-2] s.w.s.m.m.a.RequestMappingHandlerMapping : Mapped to com.melilla.gestPlanes.controller.DocumentoController#tiposDeDocumentos()
2026-01-26T12:02:02.591+01:00 DEBUG 24840 --- [http-nio-9092-exec-2] s.w.s.m.m.a.RequestMappingHandlerMapping : Mapped to com.melilla.gestPlanes.controller.DocumentoController#tiposDeDocumentos()
2026-01-26T12:02:02.591+01:00 DEBUG 24840 --- [http-nio-9092-exec-2] s.w.s.m.m.a.RequestMappingHandlerMapping : Mapped to com.melilla.gestPlanes.controller.DocumentoController#tiposDeDocumentos()
2026-01-26T12:02:02.593+01:00  INFO 24840 --- [http-nio-9092-exec-1] c.m.g.JWT.JwtAuthenticationFilter        : Token válido
2026-01-26T12:02:02.608+01:00  INFO 24840 --- [http-nio-9092-exec-6] c.m.g.JWT.JwtAuthenticationFilter        : Token válido
2026-01-26T12:02:02.612+01:00  INFO 24840 --- [http-nio-9092-exec-4] c.m.g.JWT.JwtAuthenticationFilter        : Token válido
2026-01-26T12:02:02.593+01:00 DEBUG 24840 --- [http-nio-9092-exec-5] s.w.s.m.m.a.RequestMappingHandlerMapping : Mapped to com.melilla.gestPlanes.controller.EstadoCiudadanoController#getEstadosCiudadano()
2026-01-26T12:02:02.621+01:00  INFO 24840 --- [http-nio-9092-exec-4] c.m.g.JWT.JwtAuthenticationFilter        : admin
2026-01-26T12:02:02.621+01:00  INFO 24840 --- [http-nio-9092-exec-6] c.m.g.JWT.JwtAuthenticationFilter        : admin
2026-01-26T12:02:02.621+01:00 DEBUG 24840 --- [http-nio-9092-exec-2] o.s.web.servlet.DispatcherServlet        : GET "/tipoDocumentos", parameters={}
2026-01-26T12:02:02.621+01:00  INFO 24840 --- [http-nio-9092-exec-1] c.m.g.JWT.JwtAuthenticationFilter        : admin
2026-01-26T12:02:02.621+01:00 DEBUG 24840 --- [http-nio-9092-exec-2] s.w.s.m.m.a.RequestMappingHandlerMapping : Mapped to com.melilla.gestPlanes.controller.DocumentoController#tiposDeDocumentos()
2026-01-26T12:02:02.621+01:00 DEBUG 24840 --- [http-nio-9092-exec-6] s.w.s.m.m.a.RequestMappingHandlerMapping : Mapped to com.melilla.gestPlanes.controller.OrganismoController#getOrganismoPorPlan(Long)
2026-01-26T12:02:02.621+01:00 DEBUG 24840 --- [http-nio-9092-exec-1] s.w.s.m.m.a.RequestMappingHandlerMapping : Mapped to com.melilla.gestPlanes.controller.EquipoController#equipos(Long)
2026-01-26T12:02:02.621+01:00 DEBUG 24840 --- [http-nio-9092-exec-4] s.w.s.m.m.a.RequestMappingHandlerMapping : Mapped to com.melilla.gestPlanes.controller.CiudadanoController#obtenerCiudadano(Long)
2026-01-26T12:02:02.621+01:00 DEBUG 24840 --- [http-nio-9092-exec-4] s.w.s.m.m.a.RequestMappingHandlerMapping : Mapped to com.melilla.gestPlanes.controller.CiudadanoController#obtenerCiudadano(Long)
2026-01-26T12:02:02.621+01:00 DEBUG 24840 --- [http-nio-9092-exec-5] s.w.s.m.m.a.RequestMappingHandlerMapping : Mapped to com.melilla.gestPlanes.controller.EstadoCiudadanoController#getEstadosCiudadano()
2026-01-26T12:02:02.621+01:00 DEBUG 24840 --- [http-nio-9092-exec-1] s.w.s.m.m.a.RequestMappingHandlerMapping : Mapped to com.melilla.gestPlanes.controller.EquipoController#equipos(Long)
2026-01-26T12:02:02.621+01:00 DEBUG 24840 --- [http-nio-9092-exec-6] s.w.s.m.m.a.RequestMappingHandlerMapping : Mapped to com.melilla.gestPlanes.controller.OrganismoController#getOrganismoPorPlan(Long)
2026-01-26T12:02:02.621+01:00 DEBUG 24840 --- [http-nio-9092-exec-4] s.w.s.m.m.a.RequestMappingHandlerMapping : Mapped to com.melilla.gestPlanes.controller.CiudadanoController#obtenerCiudadano(Long)
2026-01-26T12:02:02.623+01:00 DEBUG 24840 --- [http-nio-9092-exec-1] s.w.s.m.m.a.RequestMappingHandlerMapping : Mapped to com.melilla.gestPlanes.controller.EquipoController#equipos(Long)
2026-01-26T12:02:02.623+01:00 DEBUG 24840 --- [http-nio-9092-exec-5] s.w.s.m.m.a.RequestMappingHandlerMapping : Mapped to com.melilla.gestPlanes.controller.EstadoCiudadanoController#getEstadosCiudadano()
2026-01-26T12:02:02.643+01:00 DEBUG 24840 --- [http-nio-9092-exec-5] s.w.s.m.m.a.RequestMappingHandlerMapping : Mapped to com.melilla.gestPlanes.controller.EstadoCiudadanoController#getEstadosCiudadano()
2026-01-26T12:02:02.644+01:00 DEBUG 24840 --- [http-nio-9092-exec-4] s.w.s.m.m.a.RequestMappingHandlerMapping : Mapped to com.melilla.gestPlanes.controller.CiudadanoController#obtenerCiudadano(Long)
2026-01-26T12:02:02.644+01:00 DEBUG 24840 --- [http-nio-9092-exec-1] s.w.s.m.m.a.RequestMappingHandlerMapping : Mapped to com.melilla.gestPlanes.controller.EquipoController#equipos(Long)
2026-01-26T12:02:02.644+01:00 DEBUG 24840 --- [http-nio-9092-exec-5] s.w.s.m.m.a.RequestMappingHandlerMapping : Mapped to com.melilla.gestPlanes.controller.EstadoCiudadanoController#getEstadosCiudadano()
2026-01-26T12:02:02.644+01:00 DEBUG 24840 --- [http-nio-9092-exec-5] s.w.s.m.m.a.RequestMappingHandlerMapping : Mapped to com.melilla.gestPlanes.controller.EstadoCiudadanoController#getEstadosCiudadano()
2026-01-26T12:02:02.644+01:00 DEBUG 24840 --- [http-nio-9092-exec-4] s.w.s.m.m.a.RequestMappingHandlerMapping : Mapped to com.melilla.gestPlanes.controller.CiudadanoController#obtenerCiudadano(Long)
2026-01-26T12:02:02.625+01:00 DEBUG 24840 --- [http-nio-9092-exec-2] o.s.w.s.m.m.a.HttpEntityMethodProcessor  : Using 'application/json', given [application/json, text/plain, */*] and supported [application/json, application/*+json]
2026-01-26T12:02:02.626+01:00 DEBUG 24840 --- [http-nio-9092-exec-10] o.s.w.s.m.m.a.HttpEntityMethodProcessor  : Using 'application/json', given [application/json, text/plain, */*] and supported [application/json, application/*+json]
2026-01-26T12:02:02.644+01:00 DEBUG 24840 --- [http-nio-9092-exec-4] s.w.s.m.m.a.RequestMappingHandlerMapping : Mapped to com.melilla.gestPlanes.controller.CiudadanoController#obtenerCiudadano(Long)
2026-01-26T12:02:02.623+01:00 DEBUG 24840 --- [http-nio-9092-exec-6] s.w.s.m.m.a.RequestMappingHandlerMapping : Mapped to com.melilla.gestPlanes.controller.OrganismoController#getOrganismoPorPlan(Long)
2026-01-26T12:02:02.644+01:00 DEBUG 24840 --- [http-nio-9092-exec-2] o.s.w.s.m.m.a.HttpEntityMethodProcessor  : Writing [ApiResponse(estado=200 OK, payload=[com.melilla.gestPlanes.model.TipoDocumento@2423eb03, com.melilla (truncated)...]
2026-01-26T12:02:02.644+01:00 DEBUG 24840 --- [http-nio-9092-exec-4] s.w.s.m.m.a.RequestMappingHandlerMapping : Mapped to com.melilla.gestPlanes.controller.CiudadanoController#obtenerCiudadano(Long)
2026-01-26T12:02:02.644+01:00 DEBUG 24840 --- [http-nio-9092-exec-6] s.w.s.m.m.a.RequestMappingHandlerMapping : Mapped to com.melilla.gestPlanes.controller.OrganismoController#getOrganismoPorPlan(Long)
2026-01-26T12:02:02.644+01:00 DEBUG 24840 --- [http-nio-9092-exec-5] s.w.s.m.m.a.RequestMappingHandlerMapping : Mapped to com.melilla.gestPlanes.controller.EstadoCiudadanoController#getEstadosCiudadano()
2026-01-26T12:02:02.644+01:00 DEBUG 24840 --- [http-nio-9092-exec-4] o.s.web.servlet.DispatcherServlet        : GET "/ciudadano/2124", parameters={}
2026-01-26T12:02:02.645+01:00 DEBUG 24840 --- [http-nio-9092-exec-2] o.s.web.servlet.DispatcherServlet        : Completed 200 OK
2026-01-26T12:02:02.688+01:00 DEBUG 24840 --- [http-nio-9092-exec-5] o.s.web.servlet.DispatcherServlet        : GET "/estadosCiudadano", parameters={}
2026-01-26T12:02:02.688+01:00 DEBUG 24840 --- [http-nio-9092-exec-6] s.w.s.m.m.a.RequestMappingHandlerMapping : Mapped to com.melilla.gestPlanes.controller.OrganismoController#getOrganismoPorPlan(Long)
2026-01-26T12:02:02.688+01:00 DEBUG 24840 --- [http-nio-9092-exec-4] s.w.s.m.m.a.RequestMappingHandlerMapping : Mapped to com.melilla.gestPlanes.controller.CiudadanoController#obtenerCiudadano(Long)
2026-01-26T12:02:02.652+01:00 DEBUG 24840 --- [http-nio-9092-exec-10] o.s.w.s.m.m.a.HttpEntityMethodProcessor  : Writing [java.lang.StackOverflowError]
2026-01-26T12:02:02.688+01:00 DEBUG 24840 --- [http-nio-9092-exec-6] s.w.s.m.m.a.RequestMappingHandlerMapping : Mapped to com.melilla.gestPlanes.controller.OrganismoController#getOrganismoPorPlan(Long)
2026-01-26T12:02:02.644+01:00 DEBUG 24840 --- [http-nio-9092-exec-1] s.w.s.m.m.a.RequestMappingHandlerMapping : Mapped to com.melilla.gestPlanes.controller.EquipoController#equipos(Long)
2026-01-26T12:02:02.688+01:00 DEBUG 24840 --- [http-nio-9092-exec-6] s.w.s.m.m.a.RequestMappingHandlerMapping : Mapped to com.melilla.gestPlanes.controller.OrganismoController#getOrganismoPorPlan(Long)
2026-01-26T12:02:02.688+01:00 DEBUG 24840 --- [http-nio-9092-exec-6] o.s.web.servlet.DispatcherServlet        : GET "/organismo/120", parameters={}
2026-01-26T12:02:02.688+01:00 DEBUG 24840 --- [http-nio-9092-exec-1] s.w.s.m.m.a.RequestMappingHandlerMapping : Mapped to com.melilla.gestPlanes.controller.EquipoController#equipos(Long)
2026-01-26T12:02:02.688+01:00 DEBUG 24840 --- [http-nio-9092-exec-5] s.w.s.m.m.a.RequestMappingHandlerMapping : Mapped to com.melilla.gestPlanes.controller.EstadoCiudadanoController#getEstadosCiudadano()
2026-01-26T12:02:02.689+01:00 DEBUG 24840 --- [http-nio-9092-exec-10] o.s.web.servlet.DispatcherServlet        : Completed 200 OK
2026-01-26T12:02:02.689+01:00 DEBUG 24840 --- [http-nio-9092-exec-6] s.w.s.m.m.a.RequestMappingHandlerMapping : Mapped to com.melilla.gestPlanes.controller.OrganismoController#getOrganismoPorPlan(Long)
2026-01-26T12:02:02.690+01:00 DEBUG 24840 --- [http-nio-9092-exec-1] s.w.s.m.m.a.RequestMappingHandlerMapping : Mapped to com.melilla.gestPlanes.controller.EquipoController#equipos(Long)
2026-01-26T12:02:02.690+01:00 DEBUG 24840 --- [http-nio-9092-exec-1] o.s.web.servlet.DispatcherServlet        : GET "/equipos/120", parameters={}
2026-01-26T12:02:02.694+01:00 DEBUG 24840 --- [http-nio-9092-exec-4] o.s.w.s.m.m.a.HttpEntityMethodProcessor  : Using 'application/json', given [application/json, text/plain, */*] and supported [application/json, application/*+json]
2026-01-26T12:02:02.695+01:00 DEBUG 24840 --- [http-nio-9092-exec-6] o.s.w.s.m.m.a.HttpEntityMethodProcessor  : Using 'application/json', given [application/json, text/plain, */*] and supported [application/json, application/*+json]
2026-01-26T12:02:02.703+01:00 DEBUG 24840 --- [http-nio-9092-exec-4] o.s.w.s.m.m.a.HttpEntityMethodProcessor  : Writing [ApiResponse(estado=null, payload=[com.melilla.gestPlanes.model.Ciudadano@1a7c3b65], mensaje=null)]
2026-01-26T12:02:02.705+01:00 DEBUG 24840 --- [http-nio-9092-exec-1] s.w.s.m.m.a.RequestMappingHandlerMapping : Mapped to com.melilla.gestPlanes.controller.EquipoController#equipos(Long)
2026-01-26T12:02:02.711+01:00 DEBUG 24840 --- [http-nio-9092-exec-4] o.s.web.servlet.DispatcherServlet        : Completed 200 OK
2026-01-26T12:02:02.711+01:00 DEBUG 24840 --- [http-nio-9092-exec-5] o.s.w.s.m.m.a.HttpEntityMethodProcessor  : Using 'application/json', given [application/json, text/plain, */*] and supported [application/json, application/*+json]
2026-01-26T12:02:02.712+01:00 DEBUG 24840 --- [http-nio-9092-exec-5] o.s.w.s.m.m.a.HttpEntityMethodProcessor  : Writing [ApiResponse(estado=200 OK, payload=[EstadoCiudadano(idEstadoCiudadano=12, estado=APLAZADO), EstadoCi (truncated)...]
2026-01-26T12:02:02.714+01:00 DEBUG 24840 --- [http-nio-9092-exec-5] o.s.web.servlet.DispatcherServlet        : Completed 200 OK
2026-01-26T12:02:02.719+01:00 DEBUG 24840 --- [http-nio-9092-exec-6] o.s.w.s.m.m.a.HttpEntityMethodProcessor  : Writing [java.lang.StackOverflowError]
2026-01-26T12:02:02.720+01:00  INFO 24840 --- [http-nio-9092-exec-7] c.m.g.JWT.JwtAuthenticationFilter        : Bearer eyJhbGciOiJIUzUxMiJ9.eyJzdWIiOiJhZG1pbiIsImlhdCI6MTc2OTQyNDY2NSwiZXhwIjoxNzY5NDI2MTA1fQ.bBQa-iDJyjZHli1A6OFgHIuKbLGLdsSc_SJN-f3Z9BjDHqkkEZ5iF74NZIYfhFSSfLPx6oE07NFU234g-Mbpdg
2026-01-26T12:02:02.722+01:00 DEBUG 24840 --- [http-nio-9092-exec-6] o.s.web.servlet.DispatcherServlet        : Completed 200 OK
2026-01-26T12:02:02.722+01:00  INFO 24840 --- [http-nio-9092-exec-3] c.m.g.JWT.JwtAuthenticationFilter        : Bearer eyJhbGciOiJIUzUxMiJ9.eyJzdWIiOiJhZG1pbiIsImlhdCI6MTc2OTQyNDY2NSwiZXhwIjoxNzY5NDI2MTA1fQ.bBQa-iDJyjZHli1A6OFgHIuKbLGLdsSc_SJN-f3Z9BjDHqkkEZ5iF74NZIYfhFSSfLPx6oE07NFU234g-Mbpdg
2026-01-26T12:02:02.724+01:00  INFO 24840 --- [http-nio-9092-exec-7] c.m.g.JWT.JwtAuthenticationFilter        : admin
2026-01-26T12:02:02.726+01:00  INFO 24840 --- [http-nio-9092-exec-3] c.m.g.JWT.JwtAuthenticationFilter        : admin
2026-01-26T12:02:02.735+01:00  INFO 24840 --- [http-nio-9092-exec-8] c.m.g.JWT.JwtAuthenticationFilter        : Bearer eyJhbGciOiJIUzUxMiJ9.eyJzdWIiOiJhZG1pbiIsImlhdCI6MTc2OTQyNDY2NSwiZXhwIjoxNzY5NDI2MTA1fQ.bBQa-iDJyjZHli1A6OFgHIuKbLGLdsSc_SJN-f3Z9BjDHqkkEZ5iF74NZIYfhFSSfLPx6oE07NFU234g-Mbpdg
2026-01-26T12:02:02.738+01:00 DEBUG 24840 --- [http-nio-9092-exec-1] o.s.w.s.m.m.a.HttpEntityMethodProcessor  : Using 'application/json', given [application/json, text/plain, */*] and supported [application/json, application/*+json]
2026-01-26T12:02:02.758+01:00  INFO 24840 --- [http-nio-9092-exec-8] c.m.g.JWT.JwtAuthenticationFilter        : admin
2026-01-26T12:02:02.744+01:00  INFO 24840 --- [http-nio-9092-exec-3] c.m.g.JWT.JwtAuthenticationFilter        : Token válido
2026-01-26T12:02:02.750+01:00  INFO 24840 --- [http-nio-9092-exec-9] c.m.g.JWT.JwtAuthenticationFilter        : Bearer eyJhbGciOiJIUzUxMiJ9.eyJzdWIiOiJhZG1pbiIsImlhdCI6MTc2OTQyNDY2NSwiZXhwIjoxNzY5NDI2MTA1fQ.bBQa-iDJyjZHli1A6OFgHIuKbLGLdsSc_SJN-f3Z9BjDHqkkEZ5iF74NZIYfhFSSfLPx6oE07NFU234g-Mbpdg
2026-01-26T12:02:02.742+01:00  INFO 24840 --- [http-nio-9092-exec-7] c.m.g.JWT.JwtAuthenticationFilter        : Token válido
2026-01-26T12:02:02.759+01:00  INFO 24840 --- [http-nio-9092-exec-3] c.m.g.JWT.JwtAuthenticationFilter        : admin
2026-01-26T12:02:02.759+01:00  INFO 24840 --- [http-nio-9092-exec-7] c.m.g.JWT.JwtAuthenticationFilter        : admin
2026-01-26T12:02:02.759+01:00 DEBUG 24840 --- [http-nio-9092-exec-3] s.w.s.m.m.a.RequestMappingHandlerMapping : Mapped to com.melilla.gestPlanes.controller.DocumentoController#tiposDeDocumentos()
2026-01-26T12:02:02.760+01:00 DEBUG 24840 --- [http-nio-9092-exec-3] s.w.s.m.m.a.RequestMappingHandlerMapping : Mapped to com.melilla.gestPlanes.controller.DocumentoController#tiposDeDocumentos()
2026-01-26T12:02:02.760+01:00 DEBUG 24840 --- [http-nio-9092-exec-3] s.w.s.m.m.a.RequestMappingHandlerMapping : Mapped to com.melilla.gestPlanes.controller.DocumentoController#tiposDeDocumentos()
2026-01-26T12:02:02.760+01:00 DEBUG 24840 --- [http-nio-9092-exec-3] s.w.s.m.m.a.RequestMappingHandlerMapping : Mapped to com.melilla.gestPlanes.controller.DocumentoController#tiposDeDocumentos()
2026-01-26T12:02:02.760+01:00 DEBUG 24840 --- [http-nio-9092-exec-3] s.w.s.m.m.a.RequestMappingHandlerMapping : Mapped to com.melilla.gestPlanes.controller.DocumentoController#tiposDeDocumentos()
2026-01-26T12:02:02.760+01:00 DEBUG 24840 --- [http-nio-9092-exec-3] s.w.s.m.m.a.RequestMappingHandlerMapping : Mapped to com.melilla.gestPlanes.controller.DocumentoController#tiposDeDocumentos()
2026-01-26T12:02:02.760+01:00 DEBUG 24840 --- [http-nio-9092-exec-3] s.w.s.m.m.a.RequestMappingHandlerMapping : Mapped to com.melilla.gestPlanes.controller.DocumentoController#tiposDeDocumentos()
2026-01-26T12:02:02.760+01:00 DEBUG 24840 --- [http-nio-9092-exec-3] o.s.web.servlet.DispatcherServlet        : GET "/tipoDocumentos", parameters={}
2026-01-26T12:02:02.760+01:00 DEBUG 24840 --- [http-nio-9092-exec-7] s.w.s.m.m.a.RequestMappingHandlerMapping : Mapped to com.melilla.gestPlanes.controller.CategoriaController#obtenerCategorias(Long, Long)
2026-01-26T12:02:02.760+01:00 DEBUG 24840 --- [http-nio-9092-exec-3] s.w.s.m.m.a.RequestMappingHandlerMapping : Mapped to com.melilla.gestPlanes.controller.DocumentoController#tiposDeDocumentos()
2026-01-26T12:02:02.760+01:00 DEBUG 24840 --- [http-nio-9092-exec-7] s.w.s.m.m.a.RequestMappingHandlerMapping : Mapped to com.melilla.gestPlanes.controller.CategoriaController#obtenerCategorias(Long, Long)
2026-01-26T12:02:02.761+01:00 DEBUG 24840 --- [http-nio-9092-exec-7] s.w.s.m.m.a.RequestMappingHandlerMapping : Mapped to com.melilla.gestPlanes.controller.CategoriaController#obtenerCategorias(Long, Long)
2026-01-26T12:02:02.762+01:00 DEBUG 24840 --- [http-nio-9092-exec-7] s.w.s.m.m.a.RequestMappingHandlerMapping : Mapped to com.melilla.gestPlanes.controller.CategoriaController#obtenerCategorias(Long, Long)
2026-01-26T12:02:02.762+01:00 DEBUG 24840 --- [http-nio-9092-exec-7] s.w.s.m.m.a.RequestMappingHandlerMapping : Mapped to com.melilla.gestPlanes.controller.CategoriaController#obtenerCategorias(Long, Long)
2026-01-26T12:02:02.762+01:00  INFO 24840 --- [http-nio-9092-exec-9] c.m.g.JWT.JwtAuthenticationFilter        : admin
2026-01-26T12:02:02.762+01:00 DEBUG 24840 --- [http-nio-9092-exec-7] s.w.s.m.m.a.RequestMappingHandlerMapping : Mapped to com.melilla.gestPlanes.controller.CategoriaController#obtenerCategorias(Long, Long)
2026-01-26T12:02:02.763+01:00 DEBUG 24840 --- [http-nio-9092-exec-7] s.w.s.m.m.a.RequestMappingHandlerMapping : Mapped to com.melilla.gestPlanes.controller.CategoriaController#obtenerCategorias(Long, Long)
2026-01-26T12:02:02.763+01:00 DEBUG 24840 --- [http-nio-9092-exec-7] o.s.web.servlet.DispatcherServlet        : GET "/categorias/120/3", parameters={}
2026-01-26T12:02:02.763+01:00 DEBUG 24840 --- [http-nio-9092-exec-7] s.w.s.m.m.a.RequestMappingHandlerMapping : Mapped to com.melilla.gestPlanes.controller.CategoriaController#obtenerCategorias(Long, Long)
2026-01-26T12:02:02.765+01:00 DEBUG 24840 --- [http-nio-9092-exec-3] o.s.w.s.m.m.a.HttpEntityMethodProcessor  : Using 'application/json', given [application/json, text/plain, */*] and supported [application/json, application/*+json]
2026-01-26T12:02:02.765+01:00 DEBUG 24840 --- [http-nio-9092-exec-3] o.s.w.s.m.m.a.HttpEntityMethodProcessor  : Writing [ApiResponse(estado=200 OK, payload=[com.melilla.gestPlanes.model.TipoDocumento@4093971, com.melilla. (truncated)...]
2026-01-26T12:02:02.768+01:00 DEBUG 24840 --- [http-nio-9092-exec-3] o.s.web.servlet.DispatcherServlet        : Completed 200 OK
2026-01-26T12:02:02.773+01:00  INFO 24840 --- [http-nio-9092-exec-8] c.m.g.JWT.JwtAuthenticationFilter        : Token válido
2026-01-26T12:02:02.773+01:00 DEBUG 24840 --- [http-nio-9092-exec-7] o.s.w.s.m.m.a.HttpEntityMethodProcessor  : Using 'application/json', given [application/json, text/plain, */*] and supported [application/json, application/*+json]
2026-01-26T12:02:02.774+01:00  INFO 24840 --- [http-nio-9092-exec-8] c.m.g.JWT.JwtAuthenticationFilter        : admin
2026-01-26T12:02:02.774+01:00 DEBUG 24840 --- [http-nio-9092-exec-8] s.w.s.m.m.a.RequestMappingHandlerMapping : Mapped to com.melilla.gestPlanes.controller.EstadoCiudadanoController#getEstadosCiudadano()
2026-01-26T12:02:02.774+01:00 DEBUG 24840 --- [http-nio-9092-exec-8] s.w.s.m.m.a.RequestMappingHandlerMapping : Mapped to com.melilla.gestPlanes.controller.EstadoCiudadanoController#getEstadosCiudadano()
2026-01-26T12:02:02.774+01:00 DEBUG 24840 --- [http-nio-9092-exec-8] s.w.s.m.m.a.RequestMappingHandlerMapping : Mapped to com.melilla.gestPlanes.controller.EstadoCiudadanoController#getEstadosCiudadano()
2026-01-26T12:02:02.774+01:00 DEBUG 24840 --- [http-nio-9092-exec-8] s.w.s.m.m.a.RequestMappingHandlerMapping : Mapped to com.melilla.gestPlanes.controller.EstadoCiudadanoController#getEstadosCiudadano()
2026-01-26T12:02:02.774+01:00 DEBUG 24840 --- [http-nio-9092-exec-8] s.w.s.m.m.a.RequestMappingHandlerMapping : Mapped to com.melilla.gestPlanes.controller.EstadoCiudadanoController#getEstadosCiudadano()
2026-01-26T12:02:02.774+01:00 DEBUG 24840 --- [http-nio-9092-exec-8] s.w.s.m.m.a.RequestMappingHandlerMapping : Mapped to com.melilla.gestPlanes.controller.EstadoCiudadanoController#getEstadosCiudadano()
2026-01-26T12:02:02.774+01:00 DEBUG 24840 --- [http-nio-9092-exec-8] s.w.s.m.m.a.RequestMappingHandlerMapping : Mapped to com.melilla.gestPlanes.controller.EstadoCiudadanoController#getEstadosCiudadano()
2026-01-26T12:02:02.775+01:00 DEBUG 24840 --- [http-nio-9092-exec-8] o.s.web.servlet.DispatcherServlet        : GET "/estadosCiudadano", parameters={}
2026-01-26T12:02:02.775+01:00 DEBUG 24840 --- [http-nio-9092-exec-8] s.w.s.m.m.a.RequestMappingHandlerMapping : Mapped to com.melilla.gestPlanes.controller.EstadoCiudadanoController#getEstadosCiudadano()
2026-01-26T12:02:02.776+01:00 DEBUG 24840 --- [http-nio-9092-exec-1] o.s.w.s.m.m.a.HttpEntityMethodProcessor  : Writing [ApiResponse(estado=200 OK, payload=[EquipoResponseDTO(idEquipo=23, nombreEquipo=SULEIMAN, nombreJefe (truncated)...]
2026-01-26T12:02:02.782+01:00 DEBUG 24840 --- [http-nio-9092-exec-8] o.s.w.s.m.m.a.HttpEntityMethodProcessor  : Using 'application/json', given [application/json, text/plain, */*] and supported [application/json, application/*+json]
2026-01-26T12:02:02.782+01:00 DEBUG 24840 --- [http-nio-9092-exec-7] o.s.w.s.m.m.a.HttpEntityMethodProcessor  : Writing [java.lang.StackOverflowError]
2026-01-26T12:02:02.782+01:00 DEBUG 24840 --- [http-nio-9092-exec-8] o.s.w.s.m.m.a.HttpEntityMethodProcessor  : Writing [ApiResponse(estado=200 OK, payload=[EstadoCiudadano(idEstadoCiudadano=12, estado=APLAZADO), EstadoCi (truncated)...]
2026-01-26T12:02:02.785+01:00 DEBUG 24840 --- [http-nio-9092-exec-7] o.s.web.servlet.DispatcherServlet        : Completed 200 OK
2026-01-26T12:02:02.785+01:00  INFO 24840 --- [http-nio-9092-exec-9] c.m.g.JWT.JwtAuthenticationFilter        : Token válido
2026-01-26T12:02:02.785+01:00  INFO 24840 --- [http-nio-9092-exec-9] c.m.g.JWT.JwtAuthenticationFilter        : admin
2026-01-26T12:02:02.785+01:00 DEBUG 24840 --- [http-nio-9092-exec-9] s.w.s.m.m.a.RequestMappingHandlerMapping : Mapped to com.melilla.gestPlanes.controller.OrganismoController#getOrganismoPorPlan(Long)
2026-01-26T12:02:02.786+01:00 DEBUG 24840 --- [http-nio-9092-exec-8] o.s.web.servlet.DispatcherServlet        : Completed 200 OK
2026-01-26T12:02:02.787+01:00 DEBUG 24840 --- [http-nio-9092-exec-1] o.s.web.servlet.DispatcherServlet        : Completed 200 OK
2026-01-26T12:02:02.788+01:00 DEBUG 24840 --- [http-nio-9092-exec-9] s.w.s.m.m.a.RequestMappingHandlerMapping : Mapped to com.melilla.gestPlanes.controller.OrganismoController#getOrganismoPorPlan(Long)
2026-01-26T12:02:02.789+01:00 DEBUG 24840 --- [http-nio-9092-exec-9] s.w.s.m.m.a.RequestMappingHandlerMapping : Mapped to com.melilla.gestPlanes.controller.OrganismoController#getOrganismoPorPlan(Long)
2026-01-26T12:02:02.789+01:00 DEBUG 24840 --- [http-nio-9092-exec-9] s.w.s.m.m.a.RequestMappingHandlerMapping : Mapped to com.melilla.gestPlanes.controller.OrganismoController#getOrganismoPorPlan(Long)
2026-01-26T12:02:02.789+01:00 DEBUG 24840 --- [http-nio-9092-exec-9] s.w.s.m.m.a.RequestMappingHandlerMapping : Mapped to com.melilla.gestPlanes.controller.OrganismoController#getOrganismoPorPlan(Long)
2026-01-26T12:02:02.789+01:00 DEBUG 24840 --- [http-nio-9092-exec-9] s.w.s.m.m.a.RequestMappingHandlerMapping : Mapped to com.melilla.gestPlanes.controller.OrganismoController#getOrganismoPorPlan(Long)
2026-01-26T12:02:02.789+01:00 DEBUG 24840 --- [http-nio-9092-exec-9] s.w.s.m.m.a.RequestMappingHandlerMapping : Mapped to com.melilla.gestPlanes.controller.OrganismoController#getOrganismoPorPlan(Long)
2026-01-26T12:02:02.790+01:00 DEBUG 24840 --- [http-nio-9092-exec-9] o.s.web.servlet.DispatcherServlet        : GET "/organismo/120", parameters={}
2026-01-26T12:02:02.790+01:00 DEBUG 24840 --- [http-nio-9092-exec-9] s.w.s.m.m.a.RequestMappingHandlerMapping : Mapped to com.melilla.gestPlanes.controller.OrganismoController#getOrganismoPorPlan(Long)
2026-01-26T12:02:02.801+01:00  INFO 24840 --- [http-nio-9092-exec-2] c.m.g.JWT.JwtAuthenticationFilter        : Bearer eyJhbGciOiJIUzUxMiJ9.eyJzdWIiOiJhZG1pbiIsImlhdCI6MTc2OTQyNDY2NSwiZXhwIjoxNzY5NDI2MTA1fQ.bBQa-iDJyjZHli1A6OFgHIuKbLGLdsSc_SJN-f3Z9BjDHqkkEZ5iF74NZIYfhFSSfLPx6oE07NFU234g-Mbpdg
2026-01-26T12:02:02.801+01:00  INFO 24840 --- [http-nio-9092-exec-10] c.m.g.JWT.JwtAuthenticationFilter        : Bearer eyJhbGciOiJIUzUxMiJ9.eyJzdWIiOiJhZG1pbiIsImlhdCI6MTc2OTQyNDY2NSwiZXhwIjoxNzY5NDI2MTA1fQ.bBQa-iDJyjZHli1A6OFgHIuKbLGLdsSc_SJN-f3Z9BjDHqkkEZ5iF74NZIYfhFSSfLPx6oE07NFU234g-Mbpdg
2026-01-26T12:02:02.806+01:00  INFO 24840 --- [http-nio-9092-exec-10] c.m.g.JWT.JwtAuthenticationFilter        : admin
2026-01-26T12:02:02.806+01:00  INFO 24840 --- [http-nio-9092-exec-2] c.m.g.JWT.JwtAuthenticationFilter        : admin
2026-01-26T12:02:02.808+01:00 DEBUG 24840 --- [http-nio-9092-exec-9] o.s.w.s.m.m.a.HttpEntityMethodProcessor  : Using 'application/json', given [application/json, text/plain, */*] and supported [application/json, application/*+json]
2026-01-26T12:02:02.813+01:00  INFO 24840 --- [http-nio-9092-exec-10] c.m.g.JWT.JwtAuthenticationFilter        : Token válido
2026-01-26T12:02:02.814+01:00  INFO 24840 --- [http-nio-9092-exec-10] c.m.g.JWT.JwtAuthenticationFilter        : admin
2026-01-26T12:02:02.814+01:00  INFO 24840 --- [http-nio-9092-exec-2] c.m.g.JWT.JwtAuthenticationFilter        : Token válido
2026-01-26T12:02:02.814+01:00  INFO 24840 --- [http-nio-9092-exec-2] c.m.g.JWT.JwtAuthenticationFilter        : admin
2026-01-26T12:02:02.814+01:00 DEBUG 24840 --- [http-nio-9092-exec-10] s.w.s.m.m.a.RequestMappingHandlerMapping : Mapped to com.melilla.gestPlanes.controller.EquipoController#equipos(Long)
2026-01-26T12:02:02.814+01:00 DEBUG 24840 --- [http-nio-9092-exec-9] o.s.w.s.m.m.a.HttpEntityMethodProcessor  : Writing [java.lang.StackOverflowError]
2026-01-26T12:02:02.814+01:00 DEBUG 24840 --- [http-nio-9092-exec-10] s.w.s.m.m.a.RequestMappingHandlerMapping : Mapped to com.melilla.gestPlanes.controller.EquipoController#equipos(Long)
2026-01-26T12:02:02.814+01:00 DEBUG 24840 --- [http-nio-9092-exec-2] s.w.s.m.m.a.RequestMappingHandlerMapping : Mapped to com.melilla.gestPlanes.controller.CategoriaController#obtenerCategorias(Long, Long)
2026-01-26T12:02:02.814+01:00 DEBUG 24840 --- [http-nio-9092-exec-10] s.w.s.m.m.a.RequestMappingHandlerMapping : Mapped to com.melilla.gestPlanes.controller.EquipoController#equipos(Long)
2026-01-26T12:02:02.814+01:00 DEBUG 24840 --- [http-nio-9092-exec-10] s.w.s.m.m.a.RequestMappingHandlerMapping : Mapped to com.melilla.gestPlanes.controller.EquipoController#equipos(Long)
2026-01-26T12:02:02.814+01:00 DEBUG 24840 --- [http-nio-9092-exec-2] s.w.s.m.m.a.RequestMappingHandlerMapping : Mapped to com.melilla.gestPlanes.controller.CategoriaController#obtenerCategorias(Long, Long)
2026-01-26T12:02:02.814+01:00 DEBUG 24840 --- [http-nio-9092-exec-10] s.w.s.m.m.a.RequestMappingHandlerMapping : Mapped to com.melilla.gestPlanes.controller.EquipoController#equipos(Long)
2026-01-26T12:02:02.815+01:00 DEBUG 24840 --- [http-nio-9092-exec-9] o.s.web.servlet.DispatcherServlet        : Completed 200 OK
2026-01-26T12:02:02.815+01:00 DEBUG 24840 --- [http-nio-9092-exec-2] s.w.s.m.m.a.RequestMappingHandlerMapping : Mapped to com.melilla.gestPlanes.controller.CategoriaController#obtenerCategorias(Long, Long)
2026-01-26T12:02:02.818+01:00 DEBUG 24840 --- [http-nio-9092-exec-10] s.w.s.m.m.a.RequestMappingHandlerMapping : Mapped to com.melilla.gestPlanes.controller.EquipoController#equipos(Long)
2026-01-26T12:02:02.818+01:00 DEBUG 24840 --- [http-nio-9092-exec-2] s.w.s.m.m.a.RequestMappingHandlerMapping : Mapped to com.melilla.gestPlanes.controller.CategoriaController#obtenerCategorias(Long, Long)
2026-01-26T12:02:02.818+01:00 DEBUG 24840 --- [http-nio-9092-exec-10] s.w.s.m.m.a.RequestMappingHandlerMapping : Mapped to com.melilla.gestPlanes.controller.EquipoController#equipos(Long)
2026-01-26T12:02:02.818+01:00 DEBUG 24840 --- [http-nio-9092-exec-2] s.w.s.m.m.a.RequestMappingHandlerMapping : Mapped to com.melilla.gestPlanes.controller.CategoriaController#obtenerCategorias(Long, Long)
2026-01-26T12:02:02.818+01:00 DEBUG 24840 --- [http-nio-9092-exec-10] o.s.web.servlet.DispatcherServlet        : GET "/equipos/120", parameters={}
2026-01-26T12:02:02.818+01:00 DEBUG 24840 --- [http-nio-9092-exec-2] s.w.s.m.m.a.RequestMappingHandlerMapping : Mapped to com.melilla.gestPlanes.controller.CategoriaController#obtenerCategorias(Long, Long)
2026-01-26T12:02:02.819+01:00 DEBUG 24840 --- [http-nio-9092-exec-2] s.w.s.m.m.a.RequestMappingHandlerMapping : Mapped to com.melilla.gestPlanes.controller.CategoriaController#obtenerCategorias(Long, Long)
2026-01-26T12:02:02.819+01:00 DEBUG 24840 --- [http-nio-9092-exec-10] s.w.s.m.m.a.RequestMappingHandlerMapping : Mapped to com.melilla.gestPlanes.controller.EquipoController#equipos(Long)
2026-01-26T12:02:02.819+01:00 DEBUG 24840 --- [http-nio-9092-exec-2] o.s.web.servlet.DispatcherServlet        : GET "/categorias/120/3", parameters={}
2026-01-26T12:02:02.819+01:00 DEBUG 24840 --- [http-nio-9092-exec-2] s.w.s.m.m.a.RequestMappingHandlerMapping : Mapped to com.melilla.gestPlanes.controller.CategoriaController#obtenerCategorias(Long, Long)
2026-01-26T12:02:02.824+01:00 DEBUG 24840 --- [http-nio-9092-exec-2] o.s.w.s.m.m.a.HttpEntityMethodProcessor  : Using 'application/json', given [application/json, text/plain, */*] and supported [application/json, application/*+json]
2026-01-26T12:02:02.826+01:00 DEBUG 24840 --- [http-nio-9092-exec-10] o.s.w.s.m.m.a.HttpEntityMethodProcessor  : Using 'application/json', given [application/json, text/plain, */*] and supported [application/json, application/*+json]
2026-01-26T12:02:02.828+01:00 DEBUG 24840 --- [http-nio-9092-exec-10] o.s.w.s.m.m.a.HttpEntityMethodProcessor  : Writing [ApiResponse(estado=200 OK, payload=[EquipoResponseDTO(idEquipo=23, nombreEquipo=SULEIMAN, nombreJefe (truncated)...]
2026-01-26T12:02:02.829+01:00  INFO 24840 --- [http-nio-9092-exec-4] c.m.g.JWT.JwtAuthenticationFilter        : Bearer eyJhbGciOiJIUzUxMiJ9.eyJzdWIiOiJhZG1pbiIsImlhdCI6MTc2OTQyNDY2NSwiZXhwIjoxNzY5NDI2MTA1fQ.bBQa-iDJyjZHli1A6OFgHIuKbLGLdsSc_SJN-f3Z9BjDHqkkEZ5iF74NZIYfhFSSfLPx6oE07NFU234g-Mbpdg
2026-01-26T12:02:02.829+01:00 DEBUG 24840 --- [http-nio-9092-exec-10] o.s.web.servlet.DispatcherServlet        : Completed 200 OK
2026-01-26T12:02:02.831+01:00 DEBUG 24840 --- [http-nio-9092-exec-2] o.s.w.s.m.m.a.HttpEntityMethodProcessor  : Writing [java.lang.StackOverflowError]
2026-01-26T12:02:02.831+01:00  INFO 24840 --- [http-nio-9092-exec-4] c.m.g.JWT.JwtAuthenticationFilter        : admin
2026-01-26T12:02:02.831+01:00 DEBUG 24840 --- [http-nio-9092-exec-2] o.s.web.servlet.DispatcherServlet        : Completed 200 OK
2026-01-26T12:02:02.844+01:00  INFO 24840 --- [http-nio-9092-exec-4] c.m.g.JWT.JwtAuthenticationFilter        : Token válido
2026-01-26T12:02:02.846+01:00  INFO 24840 --- [http-nio-9092-exec-4] c.m.g.JWT.JwtAuthenticationFilter        : admin
2026-01-26T12:02:02.846+01:00 DEBUG 24840 --- [http-nio-9092-exec-4] s.w.s.m.m.a.RequestMappingHandlerMapping : Mapped to com.melilla.gestPlanes.controller.OrganismoController#getOrganismoPorPlan(Long)
2026-01-26T12:02:02.847+01:00  INFO 24840 --- [http-nio-9092-exec-5] c.m.g.JWT.JwtAuthenticationFilter        : Bearer eyJhbGciOiJIUzUxMiJ9.eyJzdWIiOiJhZG1pbiIsImlhdCI6MTc2OTQyNDY2NSwiZXhwIjoxNzY5NDI2MTA1fQ.bBQa-iDJyjZHli1A6OFgHIuKbLGLdsSc_SJN-f3Z9BjDHqkkEZ5iF74NZIYfhFSSfLPx6oE07NFU234g-Mbpdg
2026-01-26T12:02:02.849+01:00 DEBUG 24840 --- [http-nio-9092-exec-4] s.w.s.m.m.a.RequestMappingHandlerMapping : Mapped to com.melilla.gestPlanes.controller.OrganismoController#getOrganismoPorPlan(Long)
2026-01-26T12:02:02.850+01:00 DEBUG 24840 --- [http-nio-9092-exec-4] s.w.s.m.m.a.RequestMappingHandlerMapping : Mapped to com.melilla.gestPlanes.controller.OrganismoController#getOrganismoPorPlan(Long)
2026-01-26T12:02:02.850+01:00 DEBUG 24840 --- [http-nio-9092-exec-4] s.w.s.m.m.a.RequestMappingHandlerMapping : Mapped to com.melilla.gestPlanes.controller.OrganismoController#getOrganismoPorPlan(Long)
2026-01-26T12:02:02.851+01:00 DEBUG 24840 --- [http-nio-9092-exec-4] s.w.s.m.m.a.RequestMappingHandlerMapping : Mapped to com.melilla.gestPlanes.controller.OrganismoController#getOrganismoPorPlan(Long)
2026-01-26T12:02:02.851+01:00 DEBUG 24840 --- [http-nio-9092-exec-4] s.w.s.m.m.a.RequestMappingHandlerMapping : Mapped to com.melilla.gestPlanes.controller.OrganismoController#getOrganismoPorPlan(Long)
2026-01-26T12:02:02.851+01:00 DEBUG 24840 --- [http-nio-9092-exec-4] s.w.s.m.m.a.RequestMappingHandlerMapping : Mapped to com.melilla.gestPlanes.controller.OrganismoController#getOrganismoPorPlan(Long)
2026-01-26T12:02:02.851+01:00 DEBUG 24840 --- [http-nio-9092-exec-4] o.s.web.servlet.DispatcherServlet        : GET "/organismo/120", parameters={}
2026-01-26T12:02:02.852+01:00 DEBUG 24840 --- [http-nio-9092-exec-4] s.w.s.m.m.a.RequestMappingHandlerMapping : Mapped to com.melilla.gestPlanes.controller.OrganismoController#getOrganismoPorPlan(Long)
2026-01-26T12:02:02.854+01:00  INFO 24840 --- [http-nio-9092-exec-5] c.m.g.JWT.JwtAuthenticationFilter        : admin
2026-01-26T12:02:02.860+01:00 DEBUG 24840 --- [http-nio-9092-exec-4] o.s.w.s.m.m.a.HttpEntityMethodProcessor  : Using 'application/json', given [application/json, text/plain, */*] and supported [application/json, application/*+json]
2026-01-26T12:02:02.861+01:00  INFO 24840 --- [http-nio-9092-exec-6] c.m.g.JWT.JwtAuthenticationFilter        : Bearer eyJhbGciOiJIUzUxMiJ9.eyJzdWIiOiJhZG1pbiIsImlhdCI6MTc2OTQyNDY2NSwiZXhwIjoxNzY5NDI2MTA1fQ.bBQa-iDJyjZHli1A6OFgHIuKbLGLdsSc_SJN-f3Z9BjDHqkkEZ5iF74NZIYfhFSSfLPx6oE07NFU234g-Mbpdg
2026-01-26T12:02:02.869+01:00 DEBUG 24840 --- [http-nio-9092-exec-4] o.s.w.s.m.m.a.HttpEntityMethodProcessor  : Writing [java.lang.StackOverflowError]
2026-01-26T12:02:02.869+01:00  INFO 24840 --- [http-nio-9092-exec-5] c.m.g.JWT.JwtAuthenticationFilter        : Token válido
2026-01-26T12:02:02.876+01:00  INFO 24840 --- [http-nio-9092-exec-5] c.m.g.JWT.JwtAuthenticationFilter        : admin
2026-01-26T12:02:02.876+01:00 DEBUG 24840 --- [http-nio-9092-exec-5] s.w.s.m.m.a.RequestMappingHandlerMapping : Mapped to com.melilla.gestPlanes.controller.EquipoController#equipos(Long)
2026-01-26T12:02:02.877+01:00 DEBUG 24840 --- [http-nio-9092-exec-4] o.s.web.servlet.DispatcherServlet        : Completed 200 OK
2026-01-26T12:02:02.877+01:00 DEBUG 24840 --- [http-nio-9092-exec-5] s.w.s.m.m.a.RequestMappingHandlerMapping : Mapped to com.melilla.gestPlanes.controller.EquipoController#equipos(Long)
2026-01-26T12:02:02.878+01:00 DEBUG 24840 --- [http-nio-9092-exec-5] s.w.s.m.m.a.RequestMappingHandlerMapping : Mapped to com.melilla.gestPlanes.controller.EquipoController#equipos(Long)
2026-01-26T12:02:02.878+01:00  INFO 24840 --- [http-nio-9092-exec-6] c.m.g.JWT.JwtAuthenticationFilter        : admin
2026-01-26T12:02:02.878+01:00 DEBUG 24840 --- [http-nio-9092-exec-5] s.w.s.m.m.a.RequestMappingHandlerMapping : Mapped to com.melilla.gestPlanes.controller.EquipoController#equipos(Long)
2026-01-26T12:02:02.878+01:00 DEBUG 24840 --- [http-nio-9092-exec-5] s.w.s.m.m.a.RequestMappingHandlerMapping : Mapped to com.melilla.gestPlanes.controller.EquipoController#equipos(Long)
2026-01-26T12:02:02.879+01:00 DEBUG 24840 --- [http-nio-9092-exec-5] s.w.s.m.m.a.RequestMappingHandlerMapping : Mapped to com.melilla.gestPlanes.controller.EquipoController#equipos(Long)
2026-01-26T12:02:02.879+01:00 DEBUG 24840 --- [http-nio-9092-exec-5] s.w.s.m.m.a.RequestMappingHandlerMapping : Mapped to com.melilla.gestPlanes.controller.EquipoController#equipos(Long)
2026-01-26T12:02:02.879+01:00 DEBUG 24840 --- [http-nio-9092-exec-5] o.s.web.servlet.DispatcherServlet        : GET "/equipos/120", parameters={}
2026-01-26T12:02:02.879+01:00 DEBUG 24840 --- [http-nio-9092-exec-5] s.w.s.m.m.a.RequestMappingHandlerMapping : Mapped to com.melilla.gestPlanes.controller.EquipoController#equipos(Long)
2026-01-26T12:02:02.888+01:00 DEBUG 24840 --- [http-nio-9092-exec-5] o.s.w.s.m.m.a.HttpEntityMethodProcessor  : Using 'application/json', given [application/json, text/plain, */*] and supported [application/json, application/*+json]
2026-01-26T12:02:02.890+01:00 DEBUG 24840 --- [http-nio-9092-exec-5] o.s.w.s.m.m.a.HttpEntityMethodProcessor  : Writing [ApiResponse(estado=200 OK, payload=[EquipoResponseDTO(idEquipo=23, nombreEquipo=SULEIMAN, nombreJefe (truncated)...]
2026-01-26T12:02:02.891+01:00 DEBUG 24840 --- [http-nio-9092-exec-5] o.s.web.servlet.DispatcherServlet        : Completed 200 OK
2026-01-26T12:02:02.899+01:00  INFO 24840 --- [http-nio-9092-exec-3] c.m.g.JWT.JwtAuthenticationFilter        : Bearer eyJhbGciOiJIUzUxMiJ9.eyJzdWIiOiJhZG1pbiIsImlhdCI6MTc2OTQyNDY2NSwiZXhwIjoxNzY5NDI2MTA1fQ.bBQa-iDJyjZHli1A6OFgHIuKbLGLdsSc_SJN-f3Z9BjDHqkkEZ5iF74NZIYfhFSSfLPx6oE07NFU234g-Mbpdg
2026-01-26T12:02:02.892+01:00  INFO 24840 --- [http-nio-9092-exec-6] c.m.g.JWT.JwtAuthenticationFilter        : Token válido
2026-01-26T12:02:02.911+01:00  INFO 24840 --- [http-nio-9092-exec-6] c.m.g.JWT.JwtAuthenticationFilter        : admin
2026-01-26T12:02:02.912+01:00 DEBUG 24840 --- [http-nio-9092-exec-6] s.w.s.m.m.a.RequestMappingHandlerMapping : Mapped to com.melilla.gestPlanes.controller.CategoriaController#obtenerCategorias(Long, Long)
2026-01-26T12:02:02.912+01:00 DEBUG 24840 --- [http-nio-9092-exec-6] s.w.s.m.m.a.RequestMappingHandlerMapping : Mapped to com.melilla.gestPlanes.controller.CategoriaController#obtenerCategorias(Long, Long)
2026-01-26T12:02:02.912+01:00 DEBUG 24840 --- [http-nio-9092-exec-6] s.w.s.m.m.a.RequestMappingHandlerMapping : Mapped to com.melilla.gestPlanes.controller.CategoriaController#obtenerCategorias(Long, Long)
2026-01-26T12:02:02.913+01:00 DEBUG 24840 --- [http-nio-9092-exec-6] s.w.s.m.m.a.RequestMappingHandlerMapping : Mapped to com.melilla.gestPlanes.controller.CategoriaController#obtenerCategorias(Long, Long)
2026-01-26T12:02:02.913+01:00 DEBUG 24840 --- [http-nio-9092-exec-6] s.w.s.m.m.a.RequestMappingHandlerMapping : Mapped to com.melilla.gestPlanes.controller.CategoriaController#obtenerCategorias(Long, Long)
2026-01-26T12:02:02.913+01:00 DEBUG 24840 --- [http-nio-9092-exec-6] s.w.s.m.m.a.RequestMappingHandlerMapping : Mapped to com.melilla.gestPlanes.controller.CategoriaController#obtenerCategorias(Long, Long)
2026-01-26T12:02:02.913+01:00  INFO 24840 --- [http-nio-9092-exec-3] c.m.g.JWT.JwtAuthenticationFilter        : admin
2026-01-26T12:02:02.913+01:00 DEBUG 24840 --- [http-nio-9092-exec-6] s.w.s.m.m.a.RequestMappingHandlerMapping : Mapped to com.melilla.gestPlanes.controller.CategoriaController#obtenerCategorias(Long, Long)
2026-01-26T12:02:02.913+01:00 DEBUG 24840 --- [http-nio-9092-exec-6] o.s.web.servlet.DispatcherServlet        : GET "/categorias/120/3", parameters={}
2026-01-26T12:02:02.913+01:00 DEBUG 24840 --- [http-nio-9092-exec-6] s.w.s.m.m.a.RequestMappingHandlerMapping : Mapped to com.melilla.gestPlanes.controller.CategoriaController#obtenerCategorias(Long, Long)
2026-01-26T12:02:02.921+01:00 DEBUG 24840 --- [http-nio-9092-exec-6] o.s.w.s.m.m.a.HttpEntityMethodProcessor  : Using 'application/json', given [application/json, text/plain, */*] and supported [application/json, application/*+json]
2026-01-26T12:02:02.921+01:00  INFO 24840 --- [http-nio-9092-exec-3] c.m.g.JWT.JwtAuthenticationFilter        : Token válido
2026-01-26T12:02:02.921+01:00  INFO 24840 --- [http-nio-9092-exec-3] c.m.g.JWT.JwtAuthenticationFilter        : admin
2026-01-26T12:02:02.926+01:00  INFO 24840 --- [http-nio-9092-exec-7] c.m.g.JWT.JwtAuthenticationFilter        : Bearer eyJhbGciOiJIUzUxMiJ9.eyJzdWIiOiJhZG1pbiIsImlhdCI6MTc2OTQyNDY2NSwiZXhwIjoxNzY5NDI2MTA1fQ.bBQa-iDJyjZHli1A6OFgHIuKbLGLdsSc_SJN-f3Z9BjDHqkkEZ5iF74NZIYfhFSSfLPx6oE07NFU234g-Mbpdg
2026-01-26T12:02:02.927+01:00 DEBUG 24840 --- [http-nio-9092-exec-6] o.s.w.s.m.m.a.HttpEntityMethodProcessor  : Writing [java.lang.StackOverflowError]
2026-01-26T12:02:02.928+01:00 DEBUG 24840 --- [http-nio-9092-exec-3] s.w.s.m.m.a.RequestMappingHandlerMapping : Mapped to com.melilla.gestPlanes.controller.OrganismoController#getOrganismoPorPlan(Long)
2026-01-26T12:02:02.928+01:00 DEBUG 24840 --- [http-nio-9092-exec-3] s.w.s.m.m.a.RequestMappingHandlerMapping : Mapped to com.melilla.gestPlanes.controller.OrganismoController#getOrganismoPorPlan(Long)
2026-01-26T12:02:02.929+01:00 DEBUG 24840 --- [http-nio-9092-exec-3] s.w.s.m.m.a.RequestMappingHandlerMapping : Mapped to com.melilla.gestPlanes.controller.OrganismoController#getOrganismoPorPlan(Long)
2026-01-26T12:02:02.929+01:00 DEBUG 24840 --- [http-nio-9092-exec-6] o.s.web.servlet.DispatcherServlet        : Completed 200 OK
2026-01-26T12:02:02.929+01:00 DEBUG 24840 --- [http-nio-9092-exec-3] s.w.s.m.m.a.RequestMappingHandlerMapping : Mapped to com.melilla.gestPlanes.controller.OrganismoController#getOrganismoPorPlan(Long)
2026-01-26T12:02:02.929+01:00 DEBUG 24840 --- [http-nio-9092-exec-3] s.w.s.m.m.a.RequestMappingHandlerMapping : Mapped to com.melilla.gestPlanes.controller.OrganismoController#getOrganismoPorPlan(Long)
2026-01-26T12:02:02.929+01:00 DEBUG 24840 --- [http-nio-9092-exec-3] s.w.s.m.m.a.RequestMappingHandlerMapping : Mapped to com.melilla.gestPlanes.controller.OrganismoController#getOrganismoPorPlan(Long)
2026-01-26T12:02:02.929+01:00 DEBUG 24840 --- [http-nio-9092-exec-3] s.w.s.m.m.a.RequestMappingHandlerMapping : Mapped to com.melilla.gestPlanes.controller.OrganismoController#getOrganismoPorPlan(Long)
2026-01-26T12:02:02.930+01:00 DEBUG 24840 --- [http-nio-9092-exec-3] o.s.web.servlet.DispatcherServlet        : GET "/organismo/120", parameters={}
2026-01-26T12:02:02.930+01:00 DEBUG 24840 --- [http-nio-9092-exec-3] s.w.s.m.m.a.RequestMappingHandlerMapping : Mapped to com.melilla.gestPlanes.controller.OrganismoController#getOrganismoPorPlan(Long)
2026-01-26T12:02:02.933+01:00  INFO 24840 --- [http-nio-9092-exec-7] c.m.g.JWT.JwtAuthenticationFilter        : admin
2026-01-26T12:02:02.934+01:00 DEBUG 24840 --- [http-nio-9092-exec-3] o.s.w.s.m.m.a.HttpEntityMethodProcessor  : Using 'application/json', given [application/json, text/plain, */*] and supported [application/json, application/*+json]
2026-01-26T12:02:02.940+01:00 DEBUG 24840 --- [http-nio-9092-exec-3] o.s.w.s.m.m.a.HttpEntityMethodProcessor  : Writing [java.lang.StackOverflowError]
2026-01-26T12:02:02.941+01:00 DEBUG 24840 --- [http-nio-9092-exec-3] o.s.web.servlet.DispatcherServlet        : Completed 200 OK
2026-01-26T12:02:02.944+01:00  INFO 24840 --- [http-nio-9092-exec-7] c.m.g.JWT.JwtAuthenticationFilter        : Token válido
2026-01-26T12:02:02.944+01:00  INFO 24840 --- [http-nio-9092-exec-7] c.m.g.JWT.JwtAuthenticationFilter        : admin
2026-01-26T12:02:02.945+01:00 DEBUG 24840 --- [http-nio-9092-exec-7] s.w.s.m.m.a.RequestMappingHandlerMapping : Mapped to com.melilla.gestPlanes.controller.EquipoController#equipos(Long)
2026-01-26T12:02:02.945+01:00 DEBUG 24840 --- [http-nio-9092-exec-7] s.w.s.m.m.a.RequestMappingHandlerMapping : Mapped to com.melilla.gestPlanes.controller.EquipoController#equipos(Long)
2026-01-26T12:02:02.945+01:00 DEBUG 24840 --- [http-nio-9092-exec-7] s.w.s.m.m.a.RequestMappingHandlerMapping : Mapped to com.melilla.gestPlanes.controller.EquipoController#equipos(Long)
2026-01-26T12:02:02.945+01:00 DEBUG 24840 --- [http-nio-9092-exec-7] s.w.s.m.m.a.RequestMappingHandlerMapping : Mapped to com.melilla.gestPlanes.controller.EquipoController#equipos(Long)
2026-01-26T12:02:02.946+01:00 DEBUG 24840 --- [http-nio-9092-exec-7] s.w.s.m.m.a.RequestMappingHandlerMapping : Mapped to com.melilla.gestPlanes.controller.EquipoController#equipos(Long)
2026-01-26T12:02:02.946+01:00 DEBUG 24840 --- [http-nio-9092-exec-7] s.w.s.m.m.a.RequestMappingHandlerMapping : Mapped to com.melilla.gestPlanes.controller.EquipoController#equipos(Long)
2026-01-26T12:02:02.946+01:00 DEBUG 24840 --- [http-nio-9092-exec-7] s.w.s.m.m.a.RequestMappingHandlerMapping : Mapped to com.melilla.gestPlanes.controller.EquipoController#equipos(Long)
2026-01-26T12:02:02.946+01:00 DEBUG 24840 --- [http-nio-9092-exec-7] o.s.web.servlet.DispatcherServlet        : GET "/equipos/120", parameters={}
2026-01-26T12:02:02.946+01:00 DEBUG 24840 --- [http-nio-9092-exec-7] s.w.s.m.m.a.RequestMappingHandlerMapping : Mapped to com.melilla.gestPlanes.controller.EquipoController#equipos(Long)
2026-01-26T12:02:02.953+01:00 DEBUG 24840 --- [http-nio-9092-exec-7] o.s.w.s.m.m.a.HttpEntityMethodProcessor  : Using 'application/json', given [application/json, text/plain, */*] and supported [application/json, application/*+json]
2026-01-26T12:02:02.955+01:00 DEBUG 24840 --- [http-nio-9092-exec-7] o.s.w.s.m.m.a.HttpEntityMethodProcessor  : Writing [ApiResponse(estado=200 OK, payload=[EquipoResponseDTO(idEquipo=23, nombreEquipo=SULEIMAN, nombreJefe (truncated)...]
2026-01-26T12:02:02.957+01:00 DEBUG 24840 --- [http-nio-9092-exec-7] o.s.web.servlet.DispatcherServlet        : Completed 200 OK
2026-01-26T12:02:03.054+01:00  INFO 24840 --- [http-nio-9092-exec-1] c.m.g.JWT.JwtAuthenticationFilter        : Bearer eyJhbGciOiJIUzUxMiJ9.eyJzdWIiOiJhZG1pbiIsImlhdCI6MTc2OTQyNDY2NSwiZXhwIjoxNzY5NDI2MTA1fQ.bBQa-iDJyjZHli1A6OFgHIuKbLGLdsSc_SJN-f3Z9BjDHqkkEZ5iF74NZIYfhFSSfLPx6oE07NFU234g-Mbpdg
2026-01-26T12:02:03.055+01:00  INFO 24840 --- [http-nio-9092-exec-9] c.m.g.JWT.JwtAuthenticationFilter        : Bearer eyJhbGciOiJIUzUxMiJ9.eyJzdWIiOiJhZG1pbiIsImlhdCI6MTc2OTQyNDY2NSwiZXhwIjoxNzY5NDI2MTA1fQ.bBQa-iDJyjZHli1A6OFgHIuKbLGLdsSc_SJN-f3Z9BjDHqkkEZ5iF74NZIYfhFSSfLPx6oE07NFU234g-Mbpdg
2026-01-26T12:02:03.054+01:00  INFO 24840 --- [http-nio-9092-exec-8] c.m.g.JWT.JwtAuthenticationFilter        : Bearer eyJhbGciOiJIUzUxMiJ9.eyJzdWIiOiJhZG1pbiIsImlhdCI6MTc2OTQyNDY2NSwiZXhwIjoxNzY5NDI2MTA1fQ.bBQa-iDJyjZHli1A6OFgHIuKbLGLdsSc_SJN-f3Z9BjDHqkkEZ5iF74NZIYfhFSSfLPx6oE07NFU234g-Mbpdg
2026-01-26T12:02:03.059+01:00  INFO 24840 --- [http-nio-9092-exec-8] c.m.g.JWT.JwtAuthenticationFilter        : admin
2026-01-26T12:02:03.059+01:00  INFO 24840 --- [http-nio-9092-exec-9] c.m.g.JWT.JwtAuthenticationFilter        : admin
2026-01-26T12:02:03.059+01:00  INFO 24840 --- [http-nio-9092-exec-1] c.m.g.JWT.JwtAuthenticationFilter        : admin
2026-01-26T12:02:03.070+01:00  INFO 24840 --- [http-nio-9092-exec-1] c.m.g.JWT.JwtAuthenticationFilter        : Token válido
2026-01-26T12:02:03.070+01:00  INFO 24840 --- [http-nio-9092-exec-9] c.m.g.JWT.JwtAuthenticationFilter        : Token válido
2026-01-26T12:02:03.070+01:00  INFO 24840 --- [http-nio-9092-exec-8] c.m.g.JWT.JwtAuthenticationFilter        : Token válido
2026-01-26T12:02:03.071+01:00  INFO 24840 --- [http-nio-9092-exec-1] c.m.g.JWT.JwtAuthenticationFilter        : admin
2026-01-26T12:02:03.071+01:00  INFO 24840 --- [http-nio-9092-exec-9] c.m.g.JWT.JwtAuthenticationFilter        : admin
2026-01-26T12:02:03.071+01:00  INFO 24840 --- [http-nio-9092-exec-8] c.m.g.JWT.JwtAuthenticationFilter        : admin
2026-01-26T12:02:03.071+01:00 DEBUG 24840 --- [http-nio-9092-exec-8] s.w.s.m.m.a.RequestMappingHandlerMapping : Mapped to com.melilla.gestPlanes.controller.CategoriaController#obtenerCategorias(Long, Long)
2026-01-26T12:02:03.071+01:00 DEBUG 24840 --- [http-nio-9092-exec-1] s.w.s.m.m.a.RequestMappingHandlerMapping : Mapped to com.melilla.gestPlanes.controller.OrganismoController#getOrganismoPorPlan(Long)
2026-01-26T12:02:03.071+01:00 DEBUG 24840 --- [http-nio-9092-exec-9] s.w.s.m.m.a.RequestMappingHandlerMapping : Mapped to com.melilla.gestPlanes.controller.EquipoController#equipos(Long)
2026-01-26T12:02:03.072+01:00 DEBUG 24840 --- [http-nio-9092-exec-8] s.w.s.m.m.a.RequestMappingHandlerMapping : Mapped to com.melilla.gestPlanes.controller.CategoriaController#obtenerCategorias(Long, Long)
2026-01-26T12:02:03.072+01:00 DEBUG 24840 --- [http-nio-9092-exec-1] s.w.s.m.m.a.RequestMappingHandlerMapping : Mapped to com.melilla.gestPlanes.controller.OrganismoController#getOrganismoPorPlan(Long)
2026-01-26T12:02:03.072+01:00 DEBUG 24840 --- [http-nio-9092-exec-8] s.w.s.m.m.a.RequestMappingHandlerMapping : Mapped to com.melilla.gestPlanes.controller.CategoriaController#obtenerCategorias(Long, Long)
2026-01-26T12:02:03.072+01:00 DEBUG 24840 --- [http-nio-9092-exec-9] s.w.s.m.m.a.RequestMappingHandlerMapping : Mapped to com.melilla.gestPlanes.controller.EquipoController#equipos(Long)
2026-01-26T12:02:03.073+01:00 DEBUG 24840 --- [http-nio-9092-exec-8] s.w.s.m.m.a.RequestMappingHandlerMapping : Mapped to com.melilla.gestPlanes.controller.CategoriaController#obtenerCategorias(Long, Long)
2026-01-26T12:02:03.073+01:00 DEBUG 24840 --- [http-nio-9092-exec-1] s.w.s.m.m.a.RequestMappingHandlerMapping : Mapped to com.melilla.gestPlanes.controller.OrganismoController#getOrganismoPorPlan(Long)
2026-01-26T12:02:03.073+01:00 DEBUG 24840 --- [http-nio-9092-exec-9] s.w.s.m.m.a.RequestMappingHandlerMapping : Mapped to com.melilla.gestPlanes.controller.EquipoController#equipos(Long)
2026-01-26T12:02:03.073+01:00 DEBUG 24840 --- [http-nio-9092-exec-8] s.w.s.m.m.a.RequestMappingHandlerMapping : Mapped to com.melilla.gestPlanes.controller.CategoriaController#obtenerCategorias(Long, Long)
2026-01-26T12:02:03.073+01:00 DEBUG 24840 --- [http-nio-9092-exec-9] s.w.s.m.m.a.RequestMappingHandlerMapping : Mapped to com.melilla.gestPlanes.controller.EquipoController#equipos(Long)
2026-01-26T12:02:03.073+01:00 DEBUG 24840 --- [http-nio-9092-exec-1] s.w.s.m.m.a.RequestMappingHandlerMapping : Mapped to com.melilla.gestPlanes.controller.OrganismoController#getOrganismoPorPlan(Long)
2026-01-26T12:02:03.073+01:00 DEBUG 24840 --- [http-nio-9092-exec-8] s.w.s.m.m.a.RequestMappingHandlerMapping : Mapped to com.melilla.gestPlanes.controller.CategoriaController#obtenerCategorias(Long, Long)
2026-01-26T12:02:03.073+01:00 DEBUG 24840 --- [http-nio-9092-exec-1] s.w.s.m.m.a.RequestMappingHandlerMapping : Mapped to com.melilla.gestPlanes.controller.OrganismoController#getOrganismoPorPlan(Long)
2026-01-26T12:02:03.073+01:00 DEBUG 24840 --- [http-nio-9092-exec-9] s.w.s.m.m.a.RequestMappingHandlerMapping : Mapped to com.melilla.gestPlanes.controller.EquipoController#equipos(Long)
2026-01-26T12:02:03.074+01:00 DEBUG 24840 --- [http-nio-9092-exec-1] s.w.s.m.m.a.RequestMappingHandlerMapping : Mapped to com.melilla.gestPlanes.controller.OrganismoController#getOrganismoPorPlan(Long)
2026-01-26T12:02:03.074+01:00 DEBUG 24840 --- [http-nio-9092-exec-8] s.w.s.m.m.a.RequestMappingHandlerMapping : Mapped to com.melilla.gestPlanes.controller.CategoriaController#obtenerCategorias(Long, Long)
2026-01-26T12:02:03.074+01:00 DEBUG 24840 --- [http-nio-9092-exec-9] s.w.s.m.m.a.RequestMappingHandlerMapping : Mapped to com.melilla.gestPlanes.controller.EquipoController#equipos(Long)
2026-01-26T12:02:03.074+01:00 DEBUG 24840 --- [http-nio-9092-exec-1] s.w.s.m.m.a.RequestMappingHandlerMapping : Mapped to com.melilla.gestPlanes.controller.OrganismoController#getOrganismoPorPlan(Long)
2026-01-26T12:02:03.074+01:00 DEBUG 24840 --- [http-nio-9092-exec-8] o.s.web.servlet.DispatcherServlet        : GET "/categorias/120/3", parameters={}
2026-01-26T12:02:03.074+01:00 DEBUG 24840 --- [http-nio-9092-exec-1] o.s.web.servlet.DispatcherServlet        : GET "/organismo/120", parameters={}
2026-01-26T12:02:03.074+01:00 DEBUG 24840 --- [http-nio-9092-exec-8] s.w.s.m.m.a.RequestMappingHandlerMapping : Mapped to com.melilla.gestPlanes.controller.CategoriaController#obtenerCategorias(Long, Long)
2026-01-26T12:02:03.074+01:00 DEBUG 24840 --- [http-nio-9092-exec-9] s.w.s.m.m.a.RequestMappingHandlerMapping : Mapped to com.melilla.gestPlanes.controller.EquipoController#equipos(Long)
2026-01-26T12:02:03.074+01:00 DEBUG 24840 --- [http-nio-9092-exec-1] s.w.s.m.m.a.RequestMappingHandlerMapping : Mapped to com.melilla.gestPlanes.controller.OrganismoController#getOrganismoPorPlan(Long)
2026-01-26T12:02:03.074+01:00 DEBUG 24840 --- [http-nio-9092-exec-9] o.s.web.servlet.DispatcherServlet        : GET "/equipos/120", parameters={}
2026-01-26T12:02:03.074+01:00 DEBUG 24840 --- [http-nio-9092-exec-9] s.w.s.m.m.a.RequestMappingHandlerMapping : Mapped to com.melilla.gestPlanes.controller.EquipoController#equipos(Long)
2026-01-26T12:02:03.078+01:00 DEBUG 24840 --- [http-nio-9092-exec-8] o.s.w.s.m.m.a.HttpEntityMethodProcessor  : Using 'application/json', given [application/json, text/plain, */*] and supported [application/json, application/*+json]
2026-01-26T12:02:03.085+01:00 DEBUG 24840 --- [http-nio-9092-exec-1] o.s.w.s.m.m.a.HttpEntityMethodProcessor  : Using 'application/json', given [application/json, text/plain, */*] and supported [application/json, application/*+json]
2026-01-26T12:02:03.090+01:00 DEBUG 24840 --- [http-nio-9092-exec-9] o.s.w.s.m.m.a.HttpEntityMethodProcessor  : Using 'application/json', given [application/json, text/plain, */*] and supported [application/json, application/*+json]
2026-01-26T12:02:03.094+01:00 DEBUG 24840 --- [http-nio-9092-exec-9] o.s.w.s.m.m.a.HttpEntityMethodProcessor  : Writing [ApiResponse(estado=200 OK, payload=[EquipoResponseDTO(idEquipo=23, nombreEquipo=SULEIMAN, nombreJefe (truncated)...]
2026-01-26T12:02:03.095+01:00 DEBUG 24840 --- [http-nio-9092-exec-9] o.s.web.servlet.DispatcherServlet        : Completed 200 OK
2026-01-26T12:02:03.095+01:00 DEBUG 24840 --- [http-nio-9092-exec-1] o.s.w.s.m.m.a.HttpEntityMethodProcessor  : Writing [java.lang.StackOverflowError]
2026-01-26T12:02:03.096+01:00 DEBUG 24840 --- [http-nio-9092-exec-1] o.s.web.servlet.DispatcherServlet        : Completed 200 OK
2026-01-26T12:02:03.098+01:00 DEBUG 24840 --- [http-nio-9092-exec-8] o.s.w.s.m.m.a.HttpEntityMethodProcessor  : Writing [java.lang.StackOverflowError]
2026-01-26T12:02:03.100+01:00 DEBUG 24840 --- [http-nio-9092-exec-8] o.s.web.servlet.DispatcherServlet        : Completed 200 OK
2026-01-26T12:02:03.107+01:00  INFO 24840 --- [http-nio-9092-exec-10] c.m.g.JWT.JwtAuthenticationFilter        : Bearer eyJhbGciOiJIUzUxMiJ9.eyJzdWIiOiJhZG1pbiIsImlhdCI6MTc2OTQyNDY2NSwiZXhwIjoxNzY5NDI2MTA1fQ.bBQa-iDJyjZHli1A6OFgHIuKbLGLdsSc_SJN-f3Z9BjDHqkkEZ5iF74NZIYfhFSSfLPx6oE07NFU234g-Mbpdg
2026-01-26T12:02:03.109+01:00  INFO 24840 --- [http-nio-9092-exec-10] c.m.g.JWT.JwtAuthenticationFilter        : admin
2026-01-26T12:02:03.112+01:00  INFO 24840 --- [http-nio-9092-exec-2] c.m.g.JWT.JwtAuthenticationFilter        : Bearer eyJhbGciOiJIUzUxMiJ9.eyJzdWIiOiJhZG1pbiIsImlhdCI6MTc2OTQyNDY2NSwiZXhwIjoxNzY5NDI2MTA1fQ.bBQa-iDJyjZHli1A6OFgHIuKbLGLdsSc_SJN-f3Z9BjDHqkkEZ5iF74NZIYfhFSSfLPx6oE07NFU234g-Mbpdg
2026-01-26T12:02:03.114+01:00  INFO 24840 --- [http-nio-9092-exec-4] c.m.g.JWT.JwtAuthenticationFilter        : Bearer eyJhbGciOiJIUzUxMiJ9.eyJzdWIiOiJhZG1pbiIsImlhdCI6MTc2OTQyNDY2NSwiZXhwIjoxNzY5NDI2MTA1fQ.bBQa-iDJyjZHli1A6OFgHIuKbLGLdsSc_SJN-f3Z9BjDHqkkEZ5iF74NZIYfhFSSfLPx6oE07NFU234g-Mbpdg
2026-01-26T12:02:03.116+01:00  INFO 24840 --- [http-nio-9092-exec-2] c.m.g.JWT.JwtAuthenticationFilter        : admin
2026-01-26T12:02:03.118+01:00  INFO 24840 --- [http-nio-9092-exec-4] c.m.g.JWT.JwtAuthenticationFilter        : admin
2026-01-26T12:02:03.118+01:00  INFO 24840 --- [http-nio-9092-exec-10] c.m.g.JWT.JwtAuthenticationFilter        : Token válido
2026-01-26T12:02:03.120+01:00  INFO 24840 --- [http-nio-9092-exec-10] c.m.g.JWT.JwtAuthenticationFilter        : admin
2026-01-26T12:02:03.120+01:00 DEBUG 24840 --- [http-nio-9092-exec-10] s.w.s.m.m.a.RequestMappingHandlerMapping : Mapped to com.melilla.gestPlanes.controller.EquipoController#equipos(Long)
2026-01-26T12:02:03.120+01:00 DEBUG 24840 --- [http-nio-9092-exec-10] s.w.s.m.m.a.RequestMappingHandlerMapping : Mapped to com.melilla.gestPlanes.controller.EquipoController#equipos(Long)
2026-01-26T12:02:03.120+01:00 DEBUG 24840 --- [http-nio-9092-exec-10] s.w.s.m.m.a.RequestMappingHandlerMapping : Mapped to com.melilla.gestPlanes.controller.EquipoController#equipos(Long)
2026-01-26T12:02:03.120+01:00 DEBUG 24840 --- [http-nio-9092-exec-10] s.w.s.m.m.a.RequestMappingHandlerMapping : Mapped to com.melilla.gestPlanes.controller.EquipoController#equipos(Long)
2026-01-26T12:02:03.120+01:00 DEBUG 24840 --- [http-nio-9092-exec-10] s.w.s.m.m.a.RequestMappingHandlerMapping : Mapped to com.melilla.gestPlanes.controller.EquipoController#equipos(Long)
2026-01-26T12:02:03.120+01:00 DEBUG 24840 --- [http-nio-9092-exec-10] s.w.s.m.m.a.RequestMappingHandlerMapping : Mapped to com.melilla.gestPlanes.controller.EquipoController#equipos(Long)
2026-01-26T12:02:03.122+01:00 DEBUG 24840 --- [http-nio-9092-exec-10] s.w.s.m.m.a.RequestMappingHandlerMapping : Mapped to com.melilla.gestPlanes.controller.EquipoController#equipos(Long)
2026-01-26T12:02:03.122+01:00 DEBUG 24840 --- [http-nio-9092-exec-10] o.s.web.servlet.DispatcherServlet        : GET "/equipos/120", parameters={}
2026-01-26T12:02:03.122+01:00 DEBUG 24840 --- [http-nio-9092-exec-10] s.w.s.m.m.a.RequestMappingHandlerMapping : Mapped to com.melilla.gestPlanes.controller.EquipoController#equipos(Long)
2026-01-26T12:02:03.126+01:00  INFO 24840 --- [http-nio-9092-exec-2] c.m.g.JWT.JwtAuthenticationFilter        : Token válido
2026-01-26T12:02:03.127+01:00  INFO 24840 --- [http-nio-9092-exec-2] c.m.g.JWT.JwtAuthenticationFilter        : admin
2026-01-26T12:02:03.127+01:00 DEBUG 24840 --- [http-nio-9092-exec-2] s.w.s.m.m.a.RequestMappingHandlerMapping : Mapped to com.melilla.gestPlanes.controller.CategoriaController#obtenerCategorias(Long, Long)
2026-01-26T12:02:03.127+01:00 DEBUG 24840 --- [http-nio-9092-exec-2] s.w.s.m.m.a.RequestMappingHandlerMapping : Mapped to com.melilla.gestPlanes.controller.CategoriaController#obtenerCategorias(Long, Long)
2026-01-26T12:02:03.128+01:00 DEBUG 24840 --- [http-nio-9092-exec-2] s.w.s.m.m.a.RequestMappingHandlerMapping : Mapped to com.melilla.gestPlanes.controller.CategoriaController#obtenerCategorias(Long, Long)
2026-01-26T12:02:03.128+01:00 DEBUG 24840 --- [http-nio-9092-exec-2] s.w.s.m.m.a.RequestMappingHandlerMapping : Mapped to com.melilla.gestPlanes.controller.CategoriaController#obtenerCategorias(Long, Long)
2026-01-26T12:02:03.128+01:00  INFO 24840 --- [http-nio-9092-exec-4] c.m.g.JWT.JwtAuthenticationFilter        : Token válido
2026-01-26T12:02:03.128+01:00  INFO 24840 --- [http-nio-9092-exec-4] c.m.g.JWT.JwtAuthenticationFilter        : admin
2026-01-26T12:02:03.128+01:00 DEBUG 24840 --- [http-nio-9092-exec-2] s.w.s.m.m.a.RequestMappingHandlerMapping : Mapped to com.melilla.gestPlanes.controller.CategoriaController#obtenerCategorias(Long, Long)
2026-01-26T12:02:03.129+01:00 DEBUG 24840 --- [http-nio-9092-exec-4] s.w.s.m.m.a.RequestMappingHandlerMapping : Mapped to com.melilla.gestPlanes.controller.OrganismoController#getOrganismoPorPlan(Long)
2026-01-26T12:02:03.129+01:00 DEBUG 24840 --- [http-nio-9092-exec-2] s.w.s.m.m.a.RequestMappingHandlerMapping : Mapped to com.melilla.gestPlanes.controller.CategoriaController#obtenerCategorias(Long, Long)
2026-01-26T12:02:03.129+01:00 DEBUG 24840 --- [http-nio-9092-exec-4] s.w.s.m.m.a.RequestMappingHandlerMapping : Mapped to com.melilla.gestPlanes.controller.OrganismoController#getOrganismoPorPlan(Long)
2026-01-26T12:02:03.129+01:00 DEBUG 24840 --- [http-nio-9092-exec-2] s.w.s.m.m.a.RequestMappingHandlerMapping : Mapped to com.melilla.gestPlanes.controller.CategoriaController#obtenerCategorias(Long, Long)
2026-01-26T12:02:03.129+01:00 DEBUG 24840 --- [http-nio-9092-exec-4] s.w.s.m.m.a.RequestMappingHandlerMapping : Mapped to com.melilla.gestPlanes.controller.OrganismoController#getOrganismoPorPlan(Long)
2026-01-26T12:02:03.129+01:00 DEBUG 24840 --- [http-nio-9092-exec-10] o.s.w.s.m.m.a.HttpEntityMethodProcessor  : Using 'application/json', given [application/json, text/plain, */*] and supported [application/json, application/*+json]
2026-01-26T12:02:03.129+01:00 DEBUG 24840 --- [http-nio-9092-exec-2] o.s.web.servlet.DispatcherServlet        : GET "/categorias/120/3", parameters={}
2026-01-26T12:02:03.130+01:00 DEBUG 24840 --- [http-nio-9092-exec-2] s.w.s.m.m.a.RequestMappingHandlerMapping : Mapped to com.melilla.gestPlanes.controller.CategoriaController#obtenerCategorias(Long, Long)
2026-01-26T12:02:03.130+01:00 DEBUG 24840 --- [http-nio-9092-exec-4] s.w.s.m.m.a.RequestMappingHandlerMapping : Mapped to com.melilla.gestPlanes.controller.OrganismoController#getOrganismoPorPlan(Long)
2026-01-26T12:02:03.130+01:00 DEBUG 24840 --- [http-nio-9092-exec-4] s.w.s.m.m.a.RequestMappingHandlerMapping : Mapped to com.melilla.gestPlanes.controller.OrganismoController#getOrganismoPorPlan(Long)
2026-01-26T12:02:03.132+01:00 DEBUG 24840 --- [http-nio-9092-exec-10] o.s.w.s.m.m.a.HttpEntityMethodProcessor  : Writing [ApiResponse(estado=200 OK, payload=[EquipoResponseDTO(idEquipo=23, nombreEquipo=SULEIMAN, nombreJefe (truncated)...]
2026-01-26T12:02:03.132+01:00 DEBUG 24840 --- [http-nio-9092-exec-4] s.w.s.m.m.a.RequestMappingHandlerMapping : Mapped to com.melilla.gestPlanes.controller.OrganismoController#getOrganismoPorPlan(Long)
2026-01-26T12:02:03.132+01:00 DEBUG 24840 --- [http-nio-9092-exec-4] s.w.s.m.m.a.RequestMappingHandlerMapping : Mapped to com.melilla.gestPlanes.controller.OrganismoController#getOrganismoPorPlan(Long)
2026-01-26T12:02:03.133+01:00 DEBUG 24840 --- [http-nio-9092-exec-4] o.s.web.servlet.DispatcherServlet        : GET "/organismo/120", parameters={}
2026-01-26T12:02:03.134+01:00 DEBUG 24840 --- [http-nio-9092-exec-10] o.s.web.servlet.DispatcherServlet        : Completed 200 OK
2026-01-26T12:02:03.136+01:00 DEBUG 24840 --- [http-nio-9092-exec-4] s.w.s.m.m.a.RequestMappingHandlerMapping : Mapped to com.melilla.gestPlanes.controller.OrganismoController#getOrganismoPorPlan(Long)
2026-01-26T12:02:03.138+01:00 DEBUG 24840 --- [http-nio-9092-exec-2] o.s.w.s.m.m.a.HttpEntityMethodProcessor  : Using 'application/json', given [application/json, text/plain, */*] and supported [application/json, application/*+json]
2026-01-26T12:02:03.144+01:00 DEBUG 24840 --- [http-nio-9092-exec-4] o.s.w.s.m.m.a.HttpEntityMethodProcessor  : Using 'application/json', given [application/json, text/plain, */*] and supported [application/json, application/*+json]
2026-01-26T12:02:03.144+01:00 DEBUG 24840 --- [http-nio-9092-exec-2] o.s.w.s.m.m.a.HttpEntityMethodProcessor  : Writing [java.lang.StackOverflowError]
2026-01-26T12:02:03.145+01:00 DEBUG 24840 --- [http-nio-9092-exec-2] o.s.web.servlet.DispatcherServlet        : Completed 200 OK
2026-01-26T12:02:03.149+01:00 DEBUG 24840 --- [http-nio-9092-exec-4] o.s.w.s.m.m.a.HttpEntityMethodProcessor  : Writing [java.lang.StackOverflowError]
2026-01-26T12:02:03.151+01:00 DEBUG 24840 --- [http-nio-9092-exec-4] o.s.web.servlet.DispatcherServlet        : Completed 200 OK
2026-01-26T12:02:03.503+01:00  INFO 24840 --- [http-nio-9092-exec-3] c.m.g.JWT.JwtAuthenticationFilter        : Bearer eyJhbGciOiJIUzUxMiJ9.eyJzdWIiOiJhZG1pbiIsImlhdCI6MTc2OTQyNDY2NSwiZXhwIjoxNzY5NDI2MTA1fQ.bBQa-iDJyjZHli1A6OFgHIuKbLGLdsSc_SJN-f3Z9BjDHqkkEZ5iF74NZIYfhFSSfLPx6oE07NFU234g-Mbpdg
2026-01-26T12:02:03.503+01:00  INFO 24840 --- [http-nio-9092-exec-6] c.m.g.JWT.JwtAuthenticationFilter        : Bearer eyJhbGciOiJIUzUxMiJ9.eyJzdWIiOiJhZG1pbiIsImlhdCI6MTc2OTQyNDY2NSwiZXhwIjoxNzY5NDI2MTA1fQ.bBQa-iDJyjZHli1A6OFgHIuKbLGLdsSc_SJN-f3Z9BjDHqkkEZ5iF74NZIYfhFSSfLPx6oE07NFU234g-Mbpdg
2026-01-26T12:02:03.503+01:00  INFO 24840 --- [http-nio-9092-exec-5] c.m.g.JWT.JwtAuthenticationFilter        : Bearer eyJhbGciOiJIUzUxMiJ9.eyJzdWIiOiJhZG1pbiIsImlhdCI6MTc2OTQyNDY2NSwiZXhwIjoxNzY5NDI2MTA1fQ.bBQa-iDJyjZHli1A6OFgHIuKbLGLdsSc_SJN-f3Z9BjDHqkkEZ5iF74NZIYfhFSSfLPx6oE07NFU234g-Mbpdg
2026-01-26T12:02:03.506+01:00  INFO 24840 --- [http-nio-9092-exec-5] c.m.g.JWT.JwtAuthenticationFilter        : admin
2026-01-26T12:02:03.506+01:00  INFO 24840 --- [http-nio-9092-exec-6] c.m.g.JWT.JwtAuthenticationFilter        : admin
2026-01-26T12:02:03.506+01:00  INFO 24840 --- [http-nio-9092-exec-3] c.m.g.JWT.JwtAuthenticationFilter        : admin
2026-01-26T12:02:03.520+01:00  INFO 24840 --- [http-nio-9092-exec-6] c.m.g.JWT.JwtAuthenticationFilter        : Token válido
2026-01-26T12:02:03.527+01:00  INFO 24840 --- [http-nio-9092-exec-6] c.m.g.JWT.JwtAuthenticationFilter        : admin
2026-01-26T12:02:03.553+01:00 DEBUG 24840 --- [http-nio-9092-exec-6] s.w.s.m.m.a.RequestMappingHandlerMapping : Mapped to com.melilla.gestPlanes.controller.OrganismoController#getOrganismoPorPlan(Long)
2026-01-26T12:02:03.553+01:00 DEBUG 24840 --- [http-nio-9092-exec-6] s.w.s.m.m.a.RequestMappingHandlerMapping : Mapped to com.melilla.gestPlanes.controller.OrganismoController#getOrganismoPorPlan(Long)
2026-01-26T12:02:03.554+01:00 DEBUG 24840 --- [http-nio-9092-exec-6] s.w.s.m.m.a.RequestMappingHandlerMapping : Mapped to com.melilla.gestPlanes.controller.OrganismoController#getOrganismoPorPlan(Long)
2026-01-26T12:02:03.554+01:00 DEBUG 24840 --- [http-nio-9092-exec-6] s.w.s.m.m.a.RequestMappingHandlerMapping : Mapped to com.melilla.gestPlanes.controller.OrganismoController#getOrganismoPorPlan(Long)
2026-01-26T12:02:03.556+01:00  INFO 24840 --- [http-nio-9092-exec-5] c.m.g.JWT.JwtAuthenticationFilter        : Token válido
2026-01-26T12:02:03.557+01:00  INFO 24840 --- [http-nio-9092-exec-5] c.m.g.JWT.JwtAuthenticationFilter        : admin
2026-01-26T12:02:03.557+01:00 DEBUG 24840 --- [http-nio-9092-exec-5] s.w.s.m.m.a.RequestMappingHandlerMapping : Mapped to com.melilla.gestPlanes.controller.EquipoController#equipos(Long)
2026-01-26T12:02:03.558+01:00  INFO 24840 --- [http-nio-9092-exec-3] c.m.g.JWT.JwtAuthenticationFilter        : Token válido
2026-01-26T12:02:03.558+01:00  INFO 24840 --- [http-nio-9092-exec-3] c.m.g.JWT.JwtAuthenticationFilter        : admin
2026-01-26T12:02:03.558+01:00 DEBUG 24840 --- [http-nio-9092-exec-3] s.w.s.m.m.a.RequestMappingHandlerMapping : Mapped to com.melilla.gestPlanes.controller.CategoriaController#obtenerCategorias(Long, Long)
2026-01-26T12:02:03.559+01:00 DEBUG 24840 --- [http-nio-9092-exec-3] s.w.s.m.m.a.RequestMappingHandlerMapping : Mapped to com.melilla.gestPlanes.controller.CategoriaController#obtenerCategorias(Long, Long)
2026-01-26T12:02:03.559+01:00 DEBUG 24840 --- [http-nio-9092-exec-3] s.w.s.m.m.a.RequestMappingHandlerMapping : Mapped to com.melilla.gestPlanes.controller.CategoriaController#obtenerCategorias(Long, Long)
2026-01-26T12:02:03.559+01:00 DEBUG 24840 --- [http-nio-9092-exec-3] s.w.s.m.m.a.RequestMappingHandlerMapping : Mapped to com.melilla.gestPlanes.controller.CategoriaController#obtenerCategorias(Long, Long)
2026-01-26T12:02:03.560+01:00 DEBUG 24840 --- [http-nio-9092-exec-3] s.w.s.m.m.a.RequestMappingHandlerMapping : Mapped to com.melilla.gestPlanes.controller.CategoriaController#obtenerCategorias(Long, Long)
2026-01-26T12:02:03.560+01:00 DEBUG 24840 --- [http-nio-9092-exec-3] s.w.s.m.m.a.RequestMappingHandlerMapping : Mapped to com.melilla.gestPlanes.controller.CategoriaController#obtenerCategorias(Long, Long)
2026-01-26T12:02:03.558+01:00 DEBUG 24840 --- [http-nio-9092-exec-5] s.w.s.m.m.a.RequestMappingHandlerMapping : Mapped to com.melilla.gestPlanes.controller.EquipoController#equipos(Long)
2026-01-26T12:02:03.560+01:00 DEBUG 24840 --- [http-nio-9092-exec-3] s.w.s.m.m.a.RequestMappingHandlerMapping : Mapped to com.melilla.gestPlanes.controller.CategoriaController#obtenerCategorias(Long, Long)
2026-01-26T12:02:03.563+01:00 DEBUG 24840 --- [http-nio-9092-exec-6] s.w.s.m.m.a.RequestMappingHandlerMapping : Mapped to com.melilla.gestPlanes.controller.OrganismoController#getOrganismoPorPlan(Long)
2026-01-26T12:02:03.563+01:00 DEBUG 24840 --- [http-nio-9092-exec-5] s.w.s.m.m.a.RequestMappingHandlerMapping : Mapped to com.melilla.gestPlanes.controller.EquipoController#equipos(Long)
2026-01-26T12:02:03.563+01:00 DEBUG 24840 --- [http-nio-9092-exec-3] o.s.web.servlet.DispatcherServlet        : GET "/categorias/120/3", parameters={}
2026-01-26T12:02:03.566+01:00 DEBUG 24840 --- [http-nio-9092-exec-3] s.w.s.m.m.a.RequestMappingHandlerMapping : Mapped to com.melilla.gestPlanes.controller.CategoriaController#obtenerCategorias(Long, Long)
2026-01-26T12:02:03.566+01:00 DEBUG 24840 --- [http-nio-9092-exec-5] s.w.s.m.m.a.RequestMappingHandlerMapping : Mapped to com.melilla.gestPlanes.controller.EquipoController#equipos(Long)
2026-01-26T12:02:03.564+01:00 DEBUG 24840 --- [http-nio-9092-exec-6] s.w.s.m.m.a.RequestMappingHandlerMapping : Mapped to com.melilla.gestPlanes.controller.OrganismoController#getOrganismoPorPlan(Long)
2026-01-26T12:02:03.569+01:00 DEBUG 24840 --- [http-nio-9092-exec-5] s.w.s.m.m.a.RequestMappingHandlerMapping : Mapped to com.melilla.gestPlanes.controller.EquipoController#equipos(Long)
2026-01-26T12:02:03.569+01:00 DEBUG 24840 --- [http-nio-9092-exec-5] s.w.s.m.m.a.RequestMappingHandlerMapping : Mapped to com.melilla.gestPlanes.controller.EquipoController#equipos(Long)
2026-01-26T12:02:03.569+01:00 DEBUG 24840 --- [http-nio-9092-exec-5] s.w.s.m.m.a.RequestMappingHandlerMapping : Mapped to com.melilla.gestPlanes.controller.EquipoController#equipos(Long)
2026-01-26T12:02:03.569+01:00 DEBUG 24840 --- [http-nio-9092-exec-6] s.w.s.m.m.a.RequestMappingHandlerMapping : Mapped to com.melilla.gestPlanes.controller.OrganismoController#getOrganismoPorPlan(Long)
2026-01-26T12:02:03.570+01:00 DEBUG 24840 --- [http-nio-9092-exec-5] o.s.web.servlet.DispatcherServlet        : GET "/equipos/120", parameters={}
2026-01-26T12:02:03.570+01:00 DEBUG 24840 --- [http-nio-9092-exec-5] s.w.s.m.m.a.RequestMappingHandlerMapping : Mapped to com.melilla.gestPlanes.controller.EquipoController#equipos(Long)
2026-01-26T12:02:03.570+01:00 DEBUG 24840 --- [http-nio-9092-exec-6] o.s.web.servlet.DispatcherServlet        : GET "/organismo/120", parameters={}
2026-01-26T12:02:03.611+01:00 DEBUG 24840 --- [http-nio-9092-exec-6] s.w.s.m.m.a.RequestMappingHandlerMapping : Mapped to com.melilla.gestPlanes.controller.OrganismoController#getOrganismoPorPlan(Long)
2026-01-26T12:02:03.622+01:00 DEBUG 24840 --- [http-nio-9092-exec-5] o.s.w.s.m.m.a.HttpEntityMethodProcessor  : Using 'application/json', given [application/json, text/plain, */*] and supported [application/json, application/*+json]
2026-01-26T12:02:03.633+01:00 DEBUG 24840 --- [http-nio-9092-exec-5] o.s.w.s.m.m.a.HttpEntityMethodProcessor  : Writing [ApiResponse(estado=200 OK, payload=[EquipoResponseDTO(idEquipo=23, nombreEquipo=SULEIMAN, nombreJefe (truncated)...]
2026-01-26T12:02:03.636+01:00 DEBUG 24840 --- [http-nio-9092-exec-5] o.s.web.servlet.DispatcherServlet        : Completed 200 OK
2026-01-26T12:02:03.643+01:00 DEBUG 24840 --- [http-nio-9092-exec-6] o.s.w.s.m.m.a.HttpEntityMethodProcessor  : Using 'application/json', given [application/json, text/plain, */*] and supported [application/json, application/*+json]
2026-01-26T12:02:03.646+01:00 DEBUG 24840 --- [http-nio-9092-exec-3] o.s.w.s.m.m.a.HttpEntityMethodProcessor  : Using 'application/json', given [application/json, text/plain, */*] and supported [application/json, application/*+json]
2026-01-26T12:02:03.651+01:00 DEBUG 24840 --- [http-nio-9092-exec-6] o.s.w.s.m.m.a.HttpEntityMethodProcessor  : Writing [java.lang.StackOverflowError]
2026-01-26T12:02:03.652+01:00 DEBUG 24840 --- [http-nio-9092-exec-6] o.s.web.servlet.DispatcherServlet        : Completed 200 OK
2026-01-26T12:02:03.676+01:00 DEBUG 24840 --- [http-nio-9092-exec-3] o.s.w.s.m.m.a.HttpEntityMethodProcessor  : Writing [java.lang.StackOverflowError]
2026-01-26T12:02:03.679+01:00 DEBUG 24840 --- [http-nio-9092-exec-3] o.s.web.servlet.DispatcherServlet        : Completed 200 OK
2026-01-26T12:02:03.688+01:00  INFO 24840 --- [http-nio-9092-exec-7] c.m.g.JWT.JwtAuthenticationFilter        : Bearer eyJhbGciOiJIUzUxMiJ9.eyJzdWIiOiJhZG1pbiIsImlhdCI6MTc2OTQyNDY2NSwiZXhwIjoxNzY5NDI2MTA1fQ.bBQa-iDJyjZHli1A6OFgHIuKbLGLdsSc_SJN-f3Z9BjDHqkkEZ5iF74NZIYfhFSSfLPx6oE07NFU234g-Mbpdg
2026-01-26T12:02:03.693+01:00  INFO 24840 --- [http-nio-9092-exec-7] c.m.g.JWT.JwtAuthenticationFilter        : admin
2026-01-26T12:02:03.728+01:00  INFO 24840 --- [http-nio-9092-exec-7] c.m.g.JWT.JwtAuthenticationFilter        : Token válido
2026-01-26T12:02:03.729+01:00  INFO 24840 --- [http-nio-9092-exec-9] c.m.g.JWT.JwtAuthenticationFilter        : Bearer eyJhbGciOiJIUzUxMiJ9.eyJzdWIiOiJhZG1pbiIsImlhdCI6MTc2OTQyNDY2NSwiZXhwIjoxNzY5NDI2MTA1fQ.bBQa-iDJyjZHli1A6OFgHIuKbLGLdsSc_SJN-f3Z9BjDHqkkEZ5iF74NZIYfhFSSfLPx6oE07NFU234g-Mbpdg
2026-01-26T12:02:03.739+01:00  INFO 24840 --- [http-nio-9092-exec-7] c.m.g.JWT.JwtAuthenticationFilter        : admin
2026-01-26T12:02:03.739+01:00 DEBUG 24840 --- [http-nio-9092-exec-7] s.w.s.m.m.a.RequestMappingHandlerMapping : Mapped to com.melilla.gestPlanes.controller.EquipoController#equipos(Long)
2026-01-26T12:02:03.742+01:00 DEBUG 24840 --- [http-nio-9092-exec-7] s.w.s.m.m.a.RequestMappingHandlerMapping : Mapped to com.melilla.gestPlanes.controller.EquipoController#equipos(Long)
2026-01-26T12:02:03.742+01:00 DEBUG 24840 --- [http-nio-9092-exec-7] s.w.s.m.m.a.RequestMappingHandlerMapping : Mapped to com.melilla.gestPlanes.controller.EquipoController#equipos(Long)
2026-01-26T12:02:03.742+01:00 DEBUG 24840 --- [http-nio-9092-exec-7] s.w.s.m.m.a.RequestMappingHandlerMapping : Mapped to com.melilla.gestPlanes.controller.EquipoController#equipos(Long)
2026-01-26T12:02:03.742+01:00  INFO 24840 --- [http-nio-9092-exec-9] c.m.g.JWT.JwtAuthenticationFilter        : admin
2026-01-26T12:02:03.742+01:00 DEBUG 24840 --- [http-nio-9092-exec-7] s.w.s.m.m.a.RequestMappingHandlerMapping : Mapped to com.melilla.gestPlanes.controller.EquipoController#equipos(Long)
2026-01-26T12:02:03.743+01:00 DEBUG 24840 --- [http-nio-9092-exec-7] s.w.s.m.m.a.RequestMappingHandlerMapping : Mapped to com.melilla.gestPlanes.controller.EquipoController#equipos(Long)
2026-01-26T12:02:03.747+01:00  INFO 24840 --- [http-nio-9092-exec-1] c.m.g.JWT.JwtAuthenticationFilter        : Bearer eyJhbGciOiJIUzUxMiJ9.eyJzdWIiOiJhZG1pbiIsImlhdCI6MTc2OTQyNDY2NSwiZXhwIjoxNzY5NDI2MTA1fQ.bBQa-iDJyjZHli1A6OFgHIuKbLGLdsSc_SJN-f3Z9BjDHqkkEZ5iF74NZIYfhFSSfLPx6oE07NFU234g-Mbpdg
2026-01-26T12:02:03.777+01:00  INFO 24840 --- [http-nio-9092-exec-9] c.m.g.JWT.JwtAuthenticationFilter        : Token válido
2026-01-26T12:02:03.902+01:00  INFO 24840 --- [http-nio-9092-exec-9] c.m.g.JWT.JwtAuthenticationFilter        : admin
2026-01-26T12:02:03.902+01:00 DEBUG 24840 --- [http-nio-9092-exec-7] s.w.s.m.m.a.RequestMappingHandlerMapping : Mapped to com.melilla.gestPlanes.controller.EquipoController#equipos(Long)
2026-01-26T12:02:03.902+01:00 DEBUG 24840 --- [http-nio-9092-exec-9] s.w.s.m.m.a.RequestMappingHandlerMapping : Mapped to com.melilla.gestPlanes.controller.OrganismoController#getOrganismoPorPlan(Long)
2026-01-26T12:02:03.902+01:00 DEBUG 24840 --- [http-nio-9092-exec-7] o.s.web.servlet.DispatcherServlet        : GET "/equipos/120", parameters={}
2026-01-26T12:02:03.903+01:00 DEBUG 24840 --- [http-nio-9092-exec-9] s.w.s.m.m.a.RequestMappingHandlerMapping : Mapped to com.melilla.gestPlanes.controller.OrganismoController#getOrganismoPorPlan(Long)
2026-01-26T12:02:03.903+01:00 DEBUG 24840 --- [http-nio-9092-exec-7] s.w.s.m.m.a.RequestMappingHandlerMapping : Mapped to com.melilla.gestPlanes.controller.EquipoController#equipos(Long)
2026-01-26T12:02:03.903+01:00 DEBUG 24840 --- [http-nio-9092-exec-9] s.w.s.m.m.a.RequestMappingHandlerMapping : Mapped to com.melilla.gestPlanes.controller.OrganismoController#getOrganismoPorPlan(Long)
2026-01-26T12:02:03.903+01:00 DEBUG 24840 --- [http-nio-9092-exec-9] s.w.s.m.m.a.RequestMappingHandlerMapping : Mapped to com.melilla.gestPlanes.controller.OrganismoController#getOrganismoPorPlan(Long)
2026-01-26T12:02:03.903+01:00 DEBUG 24840 --- [http-nio-9092-exec-9] s.w.s.m.m.a.RequestMappingHandlerMapping : Mapped to com.melilla.gestPlanes.controller.OrganismoController#getOrganismoPorPlan(Long)
2026-01-26T12:02:03.903+01:00 DEBUG 24840 --- [http-nio-9092-exec-9] s.w.s.m.m.a.RequestMappingHandlerMapping : Mapped to com.melilla.gestPlanes.controller.OrganismoController#getOrganismoPorPlan(Long)
2026-01-26T12:02:03.904+01:00 DEBUG 24840 --- [http-nio-9092-exec-9] s.w.s.m.m.a.RequestMappingHandlerMapping : Mapped to com.melilla.gestPlanes.controller.OrganismoController#getOrganismoPorPlan(Long)
2026-01-26T12:02:03.904+01:00 DEBUG 24840 --- [http-nio-9092-exec-9] o.s.web.servlet.DispatcherServlet        : GET "/organismo/120", parameters={}
2026-01-26T12:02:03.905+01:00 DEBUG 24840 --- [http-nio-9092-exec-9] s.w.s.m.m.a.RequestMappingHandlerMapping : Mapped to com.melilla.gestPlanes.controller.OrganismoController#getOrganismoPorPlan(Long)
2026-01-26T12:02:03.906+01:00  INFO 24840 --- [http-nio-9092-exec-1] c.m.g.JWT.JwtAuthenticationFilter        : admin
2026-01-26T12:02:03.911+01:00 DEBUG 24840 --- [http-nio-9092-exec-9] o.s.w.s.m.m.a.HttpEntityMethodProcessor  : Using 'application/json', given [application/json, text/plain, */*] and supported [application/json, application/*+json]
2026-01-26T12:02:03.913+01:00 DEBUG 24840 --- [http-nio-9092-exec-7] o.s.w.s.m.m.a.HttpEntityMethodProcessor  : Using 'application/json', given [application/json, text/plain, */*] and supported [application/json, application/*+json]
2026-01-26T12:02:03.961+01:00 DEBUG 24840 --- [http-nio-9092-exec-7] o.s.w.s.m.m.a.HttpEntityMethodProcessor  : Writing [ApiResponse(estado=200 OK, payload=[EquipoResponseDTO(idEquipo=23, nombreEquipo=SULEIMAN, nombreJefe (truncated)...]
2026-01-26T12:02:03.962+01:00 DEBUG 24840 --- [http-nio-9092-exec-7] o.s.web.servlet.DispatcherServlet        : Completed 200 OK
2026-01-26T12:02:03.968+01:00 DEBUG 24840 --- [http-nio-9092-exec-9] o.s.w.s.m.m.a.HttpEntityMethodProcessor  : Writing [java.lang.StackOverflowError]
2026-01-26T12:02:03.970+01:00 DEBUG 24840 --- [http-nio-9092-exec-9] o.s.web.servlet.DispatcherServlet        : Completed 200 OK
2026-01-26T12:02:03.980+01:00  INFO 24840 --- [http-nio-9092-exec-1] c.m.g.JWT.JwtAuthenticationFilter        : Token válido
2026-01-26T12:02:03.980+01:00  INFO 24840 --- [http-nio-9092-exec-1] c.m.g.JWT.JwtAuthenticationFilter        : admin
2026-01-26T12:02:03.992+01:00 DEBUG 24840 --- [http-nio-9092-exec-1] s.w.s.m.m.a.RequestMappingHandlerMapping : Mapped to com.melilla.gestPlanes.controller.CategoriaController#obtenerCategorias(Long, Long)
2026-01-26T12:02:03.992+01:00 DEBUG 24840 --- [http-nio-9092-exec-1] s.w.s.m.m.a.RequestMappingHandlerMapping : Mapped to com.melilla.gestPlanes.controller.CategoriaController#obtenerCategorias(Long, Long)
2026-01-26T12:02:03.993+01:00 DEBUG 24840 --- [http-nio-9092-exec-1] s.w.s.m.m.a.RequestMappingHandlerMapping : Mapped to com.melilla.gestPlanes.controller.CategoriaController#obtenerCategorias(Long, Long)
2026-01-26T12:02:03.993+01:00 DEBUG 24840 --- [http-nio-9092-exec-1] s.w.s.m.m.a.RequestMappingHandlerMapping : Mapped to com.melilla.gestPlanes.controller.CategoriaController#obtenerCategorias(Long, Long)
2026-01-26T12:02:03.993+01:00 DEBUG 24840 --- [http-nio-9092-exec-1] s.w.s.m.m.a.RequestMappingHandlerMapping : Mapped to com.melilla.gestPlanes.controller.CategoriaController#obtenerCategorias(Long, Long)
2026-01-26T12:02:03.993+01:00 DEBUG 24840 --- [http-nio-9092-exec-1] s.w.s.m.m.a.RequestMappingHandlerMapping : Mapped to com.melilla.gestPlanes.controller.CategoriaController#obtenerCategorias(Long, Long)
2026-01-26T12:02:03.994+01:00 DEBUG 24840 --- [http-nio-9092-exec-1] s.w.s.m.m.a.RequestMappingHandlerMapping : Mapped to com.melilla.gestPlanes.controller.CategoriaController#obtenerCategorias(Long, Long)
2026-01-26T12:02:03.994+01:00 DEBUG 24840 --- [http-nio-9092-exec-1] o.s.web.servlet.DispatcherServlet        : GET "/categorias/120/3", parameters={}
2026-01-26T12:02:03.996+01:00 DEBUG 24840 --- [http-nio-9092-exec-1] s.w.s.m.m.a.RequestMappingHandlerMapping : Mapped to com.melilla.gestPlanes.controller.CategoriaController#obtenerCategorias(Long, Long)
2026-01-26T12:02:04.009+01:00  INFO 24840 --- [http-nio-9092-exec-8] c.m.g.JWT.JwtAuthenticationFilter        : Bearer eyJhbGciOiJIUzUxMiJ9.eyJzdWIiOiJhZG1pbiIsImlhdCI6MTc2OTQyNDY2NSwiZXhwIjoxNzY5NDI2MTA1fQ.bBQa-iDJyjZHli1A6OFgHIuKbLGLdsSc_SJN-f3Z9BjDHqkkEZ5iF74NZIYfhFSSfLPx6oE07NFU234g-Mbpdg
2026-01-26T12:02:04.024+01:00  INFO 24840 --- [http-nio-9092-exec-10] c.m.g.JWT.JwtAuthenticationFilter        : Bearer eyJhbGciOiJIUzUxMiJ9.eyJzdWIiOiJhZG1pbiIsImlhdCI6MTc2OTQyNDY2NSwiZXhwIjoxNzY5NDI2MTA1fQ.bBQa-iDJyjZHli1A6OFgHIuKbLGLdsSc_SJN-f3Z9BjDHqkkEZ5iF74NZIYfhFSSfLPx6oE07NFU234g-Mbpdg
2026-01-26T12:02:04.031+01:00  INFO 24840 --- [http-nio-9092-exec-8] c.m.g.JWT.JwtAuthenticationFilter        : admin
2026-01-26T12:02:04.037+01:00 DEBUG 24840 --- [http-nio-9092-exec-1] o.s.w.s.m.m.a.HttpEntityMethodProcessor  : Using 'application/json', given [application/json, text/plain, */*] and supported [application/json, application/*+json]
2026-01-26T12:02:04.045+01:00  INFO 24840 --- [http-nio-9092-exec-10] c.m.g.JWT.JwtAuthenticationFilter        : admin
2026-01-26T12:02:04.063+01:00  INFO 24840 --- [http-nio-9092-exec-8] c.m.g.JWT.JwtAuthenticationFilter        : Token válido
2026-01-26T12:02:04.063+01:00  INFO 24840 --- [http-nio-9092-exec-8] c.m.g.JWT.JwtAuthenticationFilter        : admin
2026-01-26T12:02:04.064+01:00 DEBUG 24840 --- [http-nio-9092-exec-8] s.w.s.m.m.a.RequestMappingHandlerMapping : Mapped to com.melilla.gestPlanes.controller.EquipoController#equipos(Long)
2026-01-26T12:02:04.065+01:00 DEBUG 24840 --- [http-nio-9092-exec-8] s.w.s.m.m.a.RequestMappingHandlerMapping : Mapped to com.melilla.gestPlanes.controller.EquipoController#equipos(Long)
2026-01-26T12:02:04.065+01:00 DEBUG 24840 --- [http-nio-9092-exec-8] s.w.s.m.m.a.RequestMappingHandlerMapping : Mapped to com.melilla.gestPlanes.controller.EquipoController#equipos(Long)
2026-01-26T12:02:04.066+01:00 DEBUG 24840 --- [http-nio-9092-exec-8] s.w.s.m.m.a.RequestMappingHandlerMapping : Mapped to com.melilla.gestPlanes.controller.EquipoController#equipos(Long)
2026-01-26T12:02:04.067+01:00 DEBUG 24840 --- [http-nio-9092-exec-8] s.w.s.m.m.a.RequestMappingHandlerMapping : Mapped to com.melilla.gestPlanes.controller.EquipoController#equipos(Long)
2026-01-26T12:02:04.067+01:00 DEBUG 24840 --- [http-nio-9092-exec-8] s.w.s.m.m.a.RequestMappingHandlerMapping : Mapped to com.melilla.gestPlanes.controller.EquipoController#equipos(Long)
2026-01-26T12:02:04.068+01:00 DEBUG 24840 --- [http-nio-9092-exec-8] s.w.s.m.m.a.RequestMappingHandlerMapping : Mapped to com.melilla.gestPlanes.controller.EquipoController#equipos(Long)
2026-01-26T12:02:04.068+01:00 DEBUG 24840 --- [http-nio-9092-exec-8] o.s.web.servlet.DispatcherServlet        : GET "/equipos/120", parameters={}
2026-01-26T12:02:04.068+01:00 DEBUG 24840 --- [http-nio-9092-exec-8] s.w.s.m.m.a.RequestMappingHandlerMapping : Mapped to com.melilla.gestPlanes.controller.EquipoController#equipos(Long)
2026-01-26T12:02:04.074+01:00  INFO 24840 --- [http-nio-9092-exec-10] c.m.g.JWT.JwtAuthenticationFilter        : Token válido
2026-01-26T12:02:04.074+01:00  INFO 24840 --- [http-nio-9092-exec-10] c.m.g.JWT.JwtAuthenticationFilter        : admin
2026-01-26T12:02:04.074+01:00 DEBUG 24840 --- [http-nio-9092-exec-8] o.s.w.s.m.m.a.HttpEntityMethodProcessor  : Using 'application/json', given [application/json, text/plain, */*] and supported [application/json, application/*+json]
2026-01-26T12:02:04.076+01:00 DEBUG 24840 --- [http-nio-9092-exec-1] o.s.w.s.m.m.a.HttpEntityMethodProcessor  : Writing [java.lang.StackOverflowError]
2026-01-26T12:02:04.077+01:00 DEBUG 24840 --- [http-nio-9092-exec-8] o.s.w.s.m.m.a.HttpEntityMethodProcessor  : Writing [ApiResponse(estado=200 OK, payload=[EquipoResponseDTO(idEquipo=23, nombreEquipo=SULEIMAN, nombreJefe (truncated)...]
2026-01-26T12:02:04.078+01:00 DEBUG 24840 --- [http-nio-9092-exec-8] o.s.web.servlet.DispatcherServlet        : Completed 200 OK
2026-01-26T12:02:04.078+01:00 DEBUG 24840 --- [http-nio-9092-exec-1] o.s.web.servlet.DispatcherServlet        : Completed 200 OK
2026-01-26T12:02:04.080+01:00 DEBUG 24840 --- [http-nio-9092-exec-10] s.w.s.m.m.a.RequestMappingHandlerMapping : Mapped to com.melilla.gestPlanes.controller.OrganismoController#getOrganismoPorPlan(Long)
2026-01-26T12:02:04.080+01:00 DEBUG 24840 --- [http-nio-9092-exec-10] s.w.s.m.m.a.RequestMappingHandlerMapping : Mapped to com.melilla.gestPlanes.controller.OrganismoController#getOrganismoPorPlan(Long)
2026-01-26T12:02:04.081+01:00 DEBUG 24840 --- [http-nio-9092-exec-10] s.w.s.m.m.a.RequestMappingHandlerMapping : Mapped to com.melilla.gestPlanes.controller.OrganismoController#getOrganismoPorPlan(Long)
2026-01-26T12:02:04.081+01:00 DEBUG 24840 --- [http-nio-9092-exec-10] s.w.s.m.m.a.RequestMappingHandlerMapping : Mapped to com.melilla.gestPlanes.controller.OrganismoController#getOrganismoPorPlan(Long)
2026-01-26T12:02:04.081+01:00 DEBUG 24840 --- [http-nio-9092-exec-10] s.w.s.m.m.a.RequestMappingHandlerMapping : Mapped to com.melilla.gestPlanes.controller.OrganismoController#getOrganismoPorPlan(Long)
2026-01-26T12:02:04.081+01:00 DEBUG 24840 --- [http-nio-9092-exec-10] s.w.s.m.m.a.RequestMappingHandlerMapping : Mapped to com.melilla.gestPlanes.controller.OrganismoController#getOrganismoPorPlan(Long)
2026-01-26T12:02:04.087+01:00 DEBUG 24840 --- [http-nio-9092-exec-10] s.w.s.m.m.a.RequestMappingHandlerMapping : Mapped to com.melilla.gestPlanes.controller.OrganismoController#getOrganismoPorPlan(Long)
2026-01-26T12:02:04.087+01:00 DEBUG 24840 --- [http-nio-9092-exec-10] o.s.web.servlet.DispatcherServlet        : GET "/organismo/120", parameters={}
2026-01-26T12:02:04.088+01:00 DEBUG 24840 --- [http-nio-9092-exec-10] s.w.s.m.m.a.RequestMappingHandlerMapping : Mapped to com.melilla.gestPlanes.controller.OrganismoController#getOrganismoPorPlan(Long)
2026-01-26T12:02:04.096+01:00 DEBUG 24840 --- [http-nio-9092-exec-10] o.s.w.s.m.m.a.HttpEntityMethodProcessor  : Using 'application/json', given [application/json, text/plain, */*] and supported [application/json, application/*+json]
2026-01-26T12:02:04.107+01:00 DEBUG 24840 --- [http-nio-9092-exec-10] o.s.w.s.m.m.a.HttpEntityMethodProcessor  : Writing [java.lang.StackOverflowError]
2026-01-26T12:02:04.114+01:00 DEBUG 24840 --- [http-nio-9092-exec-10] o.s.web.servlet.DispatcherServlet        : Completed 200 OK
2026-01-26T12:02:04.121+01:00  INFO 24840 --- [http-nio-9092-exec-2] c.m.g.JWT.JwtAuthenticationFilter        : Bearer eyJhbGciOiJIUzUxMiJ9.eyJzdWIiOiJhZG1pbiIsImlhdCI6MTc2OTQyNDY2NSwiZXhwIjoxNzY5NDI2MTA1fQ.bBQa-iDJyjZHli1A6OFgHIuKbLGLdsSc_SJN-f3Z9BjDHqkkEZ5iF74NZIYfhFSSfLPx6oE07NFU234g-Mbpdg
2026-01-26T12:02:04.140+01:00  INFO 24840 --- [http-nio-9092-exec-4] c.m.g.JWT.JwtAuthenticationFilter        : Bearer eyJhbGciOiJIUzUxMiJ9.eyJzdWIiOiJhZG1pbiIsImlhdCI6MTc2OTQyNDY2NSwiZXhwIjoxNzY5NDI2MTA1fQ.bBQa-iDJyjZHli1A6OFgHIuKbLGLdsSc_SJN-f3Z9BjDHqkkEZ5iF74NZIYfhFSSfLPx6oE07NFU234g-Mbpdg
2026-01-26T12:02:04.140+01:00  INFO 24840 --- [http-nio-9092-exec-2] c.m.g.JWT.JwtAuthenticationFilter        : admin
2026-01-26T12:02:04.143+01:00  INFO 24840 --- [http-nio-9092-exec-4] c.m.g.JWT.JwtAuthenticationFilter        : admin
2026-01-26T12:02:04.166+01:00  INFO 24840 --- [http-nio-9092-exec-4] c.m.g.JWT.JwtAuthenticationFilter        : Token válido
2026-01-26T12:02:04.167+01:00  INFO 24840 --- [http-nio-9092-exec-4] c.m.g.JWT.JwtAuthenticationFilter        : admin
2026-01-26T12:02:04.167+01:00 DEBUG 24840 --- [http-nio-9092-exec-4] s.w.s.m.m.a.RequestMappingHandlerMapping : Mapped to com.melilla.gestPlanes.controller.CategoriaController#obtenerCategorias(Long, Long)
2026-01-26T12:02:04.168+01:00 DEBUG 24840 --- [http-nio-9092-exec-4] s.w.s.m.m.a.RequestMappingHandlerMapping : Mapped to com.melilla.gestPlanes.controller.CategoriaController#obtenerCategorias(Long, Long)
2026-01-26T12:02:04.168+01:00 DEBUG 24840 --- [http-nio-9092-exec-4] s.w.s.m.m.a.RequestMappingHandlerMapping : Mapped to com.melilla.gestPlanes.controller.CategoriaController#obtenerCategorias(Long, Long)
2026-01-26T12:02:04.168+01:00 DEBUG 24840 --- [http-nio-9092-exec-4] s.w.s.m.m.a.RequestMappingHandlerMapping : Mapped to com.melilla.gestPlanes.controller.CategoriaController#obtenerCategorias(Long, Long)
2026-01-26T12:02:04.168+01:00 DEBUG 24840 --- [http-nio-9092-exec-4] s.w.s.m.m.a.RequestMappingHandlerMapping : Mapped to com.melilla.gestPlanes.controller.CategoriaController#obtenerCategorias(Long, Long)
2026-01-26T12:02:04.169+01:00 DEBUG 24840 --- [http-nio-9092-exec-4] s.w.s.m.m.a.RequestMappingHandlerMapping : Mapped to com.melilla.gestPlanes.controller.CategoriaController#obtenerCategorias(Long, Long)
2026-01-26T12:02:04.169+01:00 DEBUG 24840 --- [http-nio-9092-exec-4] s.w.s.m.m.a.RequestMappingHandlerMapping : Mapped to com.melilla.gestPlanes.controller.CategoriaController#obtenerCategorias(Long, Long)
2026-01-26T12:02:04.169+01:00 DEBUG 24840 --- [http-nio-9092-exec-4] o.s.web.servlet.DispatcherServlet        : GET "/categorias/120/3", parameters={}
2026-01-26T12:02:04.209+01:00  INFO 24840 --- [http-nio-9092-exec-2] c.m.g.JWT.JwtAuthenticationFilter        : Token válido
2026-01-26T12:02:04.439+01:00  INFO 24840 --- [http-nio-9092-exec-2] c.m.g.JWT.JwtAuthenticationFilter        : admin
2026-01-26T12:02:04.239+01:00  INFO 24840 --- [http-nio-9092-exec-5] c.m.g.JWT.JwtAuthenticationFilter        : Bearer eyJhbGciOiJIUzUxMiJ9.eyJzdWIiOiJhZG1pbiIsImlhdCI6MTc2OTQyNDY2NSwiZXhwIjoxNzY5NDI2MTA1fQ.bBQa-iDJyjZHli1A6OFgHIuKbLGLdsSc_SJN-f3Z9BjDHqkkEZ5iF74NZIYfhFSSfLPx6oE07NFU234g-Mbpdg
2026-01-26T12:02:04.439+01:00 DEBUG 24840 --- [http-nio-9092-exec-4] s.w.s.m.m.a.RequestMappingHandlerMapping : Mapped to com.melilla.gestPlanes.controller.CategoriaController#obtenerCategorias(Long, Long)
2026-01-26T12:02:04.439+01:00 DEBUG 24840 --- [http-nio-9092-exec-2] s.w.s.m.m.a.RequestMappingHandlerMapping : Mapped to com.melilla.gestPlanes.controller.EquipoController#equipos(Long)
2026-01-26T12:02:04.440+01:00 DEBUG 24840 --- [http-nio-9092-exec-2] s.w.s.m.m.a.RequestMappingHandlerMapping : Mapped to com.melilla.gestPlanes.controller.EquipoController#equipos(Long)
2026-01-26T12:02:04.440+01:00 DEBUG 24840 --- [http-nio-9092-exec-2] s.w.s.m.m.a.RequestMappingHandlerMapping : Mapped to com.melilla.gestPlanes.controller.EquipoController#equipos(Long)
2026-01-26T12:02:04.440+01:00 DEBUG 24840 --- [http-nio-9092-exec-2] s.w.s.m.m.a.RequestMappingHandlerMapping : Mapped to com.melilla.gestPlanes.controller.EquipoController#equipos(Long)
2026-01-26T12:02:04.440+01:00 DEBUG 24840 --- [http-nio-9092-exec-2] s.w.s.m.m.a.RequestMappingHandlerMapping : Mapped to com.melilla.gestPlanes.controller.EquipoController#equipos(Long)
2026-01-26T12:02:04.440+01:00 DEBUG 24840 --- [http-nio-9092-exec-2] s.w.s.m.m.a.RequestMappingHandlerMapping : Mapped to com.melilla.gestPlanes.controller.EquipoController#equipos(Long)
2026-01-26T12:02:04.441+01:00 DEBUG 24840 --- [http-nio-9092-exec-2] s.w.s.m.m.a.RequestMappingHandlerMapping : Mapped to com.melilla.gestPlanes.controller.EquipoController#equipos(Long)
2026-01-26T12:02:04.441+01:00 DEBUG 24840 --- [http-nio-9092-exec-2] o.s.web.servlet.DispatcherServlet        : GET "/equipos/120", parameters={}
2026-01-26T12:02:04.441+01:00  INFO 24840 --- [http-nio-9092-exec-5] c.m.g.JWT.JwtAuthenticationFilter        : admin
2026-01-26T12:02:04.442+01:00 DEBUG 24840 --- [http-nio-9092-exec-2] s.w.s.m.m.a.RequestMappingHandlerMapping : Mapped to com.melilla.gestPlanes.controller.EquipoController#equipos(Long)
2026-01-26T12:02:04.444+01:00 DEBUG 24840 --- [http-nio-9092-exec-4] o.s.w.s.m.m.a.HttpEntityMethodProcessor  : Using 'application/json', given [application/json, text/plain, */*] and supported [application/json, application/*+json]
2026-01-26T12:02:04.450+01:00 DEBUG 24840 --- [http-nio-9092-exec-2] o.s.w.s.m.m.a.HttpEntityMethodProcessor  : Using 'application/json', given [application/json, text/plain, */*] and supported [application/json, application/*+json]
2026-01-26T12:02:04.451+01:00  INFO 24840 --- [http-nio-9092-exec-5] c.m.g.JWT.JwtAuthenticationFilter        : Token válido
2026-01-26T12:02:04.450+01:00 DEBUG 24840 --- [http-nio-9092-exec-4] o.s.w.s.m.m.a.HttpEntityMethodProcessor  : Writing [java.lang.StackOverflowError]
2026-01-26T12:02:04.458+01:00  INFO 24840 --- [http-nio-9092-exec-5] c.m.g.JWT.JwtAuthenticationFilter        : admin
2026-01-26T12:02:04.458+01:00 DEBUG 24840 --- [http-nio-9092-exec-5] s.w.s.m.m.a.RequestMappingHandlerMapping : Mapped to com.melilla.gestPlanes.controller.OrganismoController#getOrganismoPorPlan(Long)
2026-01-26T12:02:04.459+01:00 DEBUG 24840 --- [http-nio-9092-exec-4] o.s.web.servlet.DispatcherServlet        : Completed 200 OK
2026-01-26T12:02:04.459+01:00 DEBUG 24840 --- [http-nio-9092-exec-5] s.w.s.m.m.a.RequestMappingHandlerMapping : Mapped to com.melilla.gestPlanes.controller.OrganismoController#getOrganismoPorPlan(Long)
2026-01-26T12:02:04.460+01:00 DEBUG 24840 --- [http-nio-9092-exec-5] s.w.s.m.m.a.RequestMappingHandlerMapping : Mapped to com.melilla.gestPlanes.controller.OrganismoController#getOrganismoPorPlan(Long)
2026-01-26T12:02:04.460+01:00 DEBUG 24840 --- [http-nio-9092-exec-5] s.w.s.m.m.a.RequestMappingHandlerMapping : Mapped to com.melilla.gestPlanes.controller.OrganismoController#getOrganismoPorPlan(Long)
2026-01-26T12:02:04.460+01:00 DEBUG 24840 --- [http-nio-9092-exec-5] s.w.s.m.m.a.RequestMappingHandlerMapping : Mapped to com.melilla.gestPlanes.controller.OrganismoController#getOrganismoPorPlan(Long)
2026-01-26T12:02:04.460+01:00 DEBUG 24840 --- [http-nio-9092-exec-2] o.s.w.s.m.m.a.HttpEntityMethodProcessor  : Writing [ApiResponse(estado=200 OK, payload=[EquipoResponseDTO(idEquipo=23, nombreEquipo=SULEIMAN, nombreJefe (truncated)...]
2026-01-26T12:02:04.461+01:00 DEBUG 24840 --- [http-nio-9092-exec-5] s.w.s.m.m.a.RequestMappingHandlerMapping : Mapped to com.melilla.gestPlanes.controller.OrganismoController#getOrganismoPorPlan(Long)
2026-01-26T12:02:04.461+01:00 DEBUG 24840 --- [http-nio-9092-exec-5] s.w.s.m.m.a.RequestMappingHandlerMapping : Mapped to com.melilla.gestPlanes.controller.OrganismoController#getOrganismoPorPlan(Long)
2026-01-26T12:02:04.461+01:00 DEBUG 24840 --- [http-nio-9092-exec-2] o.s.web.servlet.DispatcherServlet        : Completed 200 OK
2026-01-26T12:02:04.461+01:00 DEBUG 24840 --- [http-nio-9092-exec-5] o.s.web.servlet.DispatcherServlet        : GET "/organismo/120", parameters={}
2026-01-26T12:02:04.462+01:00 DEBUG 24840 --- [http-nio-9092-exec-5] s.w.s.m.m.a.RequestMappingHandlerMapping : Mapped to com.melilla.gestPlanes.controller.OrganismoController#getOrganismoPorPlan(Long)
2026-01-26T12:02:04.487+01:00 DEBUG 24840 --- [http-nio-9092-exec-5] o.s.w.s.m.m.a.HttpEntityMethodProcessor  : Using 'application/json', given [application/json, text/plain, */*] and supported [application/json, application/*+json]
2026-01-26T12:02:04.499+01:00  INFO 24840 --- [http-nio-9092-exec-6] c.m.g.JWT.JwtAuthenticationFilter        : Bearer eyJhbGciOiJIUzUxMiJ9.eyJzdWIiOiJhZG1pbiIsImlhdCI6MTc2OTQyNDY2NSwiZXhwIjoxNzY5NDI2MTA1fQ.bBQa-iDJyjZHli1A6OFgHIuKbLGLdsSc_SJN-f3Z9BjDHqkkEZ5iF74NZIYfhFSSfLPx6oE07NFU234g-Mbpdg
2026-01-26T12:02:04.503+01:00 DEBUG 24840 --- [http-nio-9092-exec-5] o.s.w.s.m.m.a.HttpEntityMethodProcessor  : Writing [java.lang.StackOverflowError]
2026-01-26T12:02:04.504+01:00 DEBUG 24840 --- [http-nio-9092-exec-5] o.s.web.servlet.DispatcherServlet        : Completed 200 OK
2026-01-26T12:02:04.505+01:00  INFO 24840 --- [http-nio-9092-exec-6] c.m.g.JWT.JwtAuthenticationFilter        : admin
2026-01-26T12:02:04.519+01:00  INFO 24840 --- [http-nio-9092-exec-3] c.m.g.JWT.JwtAuthenticationFilter        : Bearer eyJhbGciOiJIUzUxMiJ9.eyJzdWIiOiJhZG1pbiIsImlhdCI6MTc2OTQyNDY2NSwiZXhwIjoxNzY5NDI2MTA1fQ.bBQa-iDJyjZHli1A6OFgHIuKbLGLdsSc_SJN-f3Z9BjDHqkkEZ5iF74NZIYfhFSSfLPx6oE07NFU234g-Mbpdg
2026-01-26T12:02:04.521+01:00  INFO 24840 --- [http-nio-9092-exec-3] c.m.g.JWT.JwtAuthenticationFilter        : admin
2026-01-26T12:02:04.528+01:00  INFO 24840 --- [http-nio-9092-exec-6] c.m.g.JWT.JwtAuthenticationFilter        : Token válido
2026-01-26T12:02:04.528+01:00  INFO 24840 --- [http-nio-9092-exec-6] c.m.g.JWT.JwtAuthenticationFilter        : admin
2026-01-26T12:02:04.529+01:00 DEBUG 24840 --- [http-nio-9092-exec-6] s.w.s.m.m.a.RequestMappingHandlerMapping : Mapped to com.melilla.gestPlanes.controller.CategoriaController#obtenerCategorias(Long, Long)
2026-01-26T12:02:04.529+01:00 DEBUG 24840 --- [http-nio-9092-exec-6] s.w.s.m.m.a.RequestMappingHandlerMapping : Mapped to com.melilla.gestPlanes.controller.CategoriaController#obtenerCategorias(Long, Long)
2026-01-26T12:02:04.529+01:00 DEBUG 24840 --- [http-nio-9092-exec-6] s.w.s.m.m.a.RequestMappingHandlerMapping : Mapped to com.melilla.gestPlanes.controller.CategoriaController#obtenerCategorias(Long, Long)
2026-01-26T12:02:04.530+01:00 DEBUG 24840 --- [http-nio-9092-exec-6] s.w.s.m.m.a.RequestMappingHandlerMapping : Mapped to com.melilla.gestPlanes.controller.CategoriaController#obtenerCategorias(Long, Long)
2026-01-26T12:02:04.530+01:00 DEBUG 24840 --- [http-nio-9092-exec-6] s.w.s.m.m.a.RequestMappingHandlerMapping : Mapped to com.melilla.gestPlanes.controller.CategoriaController#obtenerCategorias(Long, Long)
2026-01-26T12:02:04.530+01:00 DEBUG 24840 --- [http-nio-9092-exec-6] s.w.s.m.m.a.RequestMappingHandlerMapping : Mapped to com.melilla.gestPlanes.controller.CategoriaController#obtenerCategorias(Long, Long)
2026-01-26T12:02:04.534+01:00  INFO 24840 --- [http-nio-9092-exec-7] c.m.g.JWT.JwtAuthenticationFilter        : Bearer eyJhbGciOiJIUzUxMiJ9.eyJzdWIiOiJhZG1pbiIsImlhdCI6MTc2OTQyNDY2NSwiZXhwIjoxNzY5NDI2MTA1fQ.bBQa-iDJyjZHli1A6OFgHIuKbLGLdsSc_SJN-f3Z9BjDHqkkEZ5iF74NZIYfhFSSfLPx6oE07NFU234g-Mbpdg
2026-01-26T12:02:04.538+01:00  INFO 24840 --- [http-nio-9092-exec-7] c.m.g.JWT.JwtAuthenticationFilter        : admin
2026-01-26T12:02:04.534+01:00 DEBUG 24840 --- [http-nio-9092-exec-6] s.w.s.m.m.a.RequestMappingHandlerMapping : Mapped to com.melilla.gestPlanes.controller.CategoriaController#obtenerCategorias(Long, Long)
2026-01-26T12:02:04.542+01:00  INFO 24840 --- [http-nio-9092-exec-3] c.m.g.JWT.JwtAuthenticationFilter        : Token válido
2026-01-26T12:02:04.563+01:00  INFO 24840 --- [http-nio-9092-exec-7] c.m.g.JWT.JwtAuthenticationFilter        : Token válido
2026-01-26T12:02:04.585+01:00  INFO 24840 --- [http-nio-9092-exec-7] c.m.g.JWT.JwtAuthenticationFilter        : admin
2026-01-26T12:02:04.585+01:00  INFO 24840 --- [http-nio-9092-exec-3] c.m.g.JWT.JwtAuthenticationFilter        : admin
2026-01-26T12:02:04.585+01:00 DEBUG 24840 --- [http-nio-9092-exec-6] o.s.web.servlet.DispatcherServlet        : GET "/categorias/120/3", parameters={}
2026-01-26T12:02:04.586+01:00 DEBUG 24840 --- [http-nio-9092-exec-7] s.w.s.m.m.a.RequestMappingHandlerMapping : Mapped to com.melilla.gestPlanes.controller.OrganismoController#getOrganismoPorPlan(Long)
2026-01-26T12:02:04.586+01:00 DEBUG 24840 --- [http-nio-9092-exec-3] s.w.s.m.m.a.RequestMappingHandlerMapping : Mapped to com.melilla.gestPlanes.controller.EquipoController#equipos(Long)
2026-01-26T12:02:04.586+01:00 DEBUG 24840 --- [http-nio-9092-exec-6] s.w.s.m.m.a.RequestMappingHandlerMapping : Mapped to com.melilla.gestPlanes.controller.CategoriaController#obtenerCategorias(Long, Long)
2026-01-26T12:02:04.586+01:00 DEBUG 24840 --- [http-nio-9092-exec-7] s.w.s.m.m.a.RequestMappingHandlerMapping : Mapped to com.melilla.gestPlanes.controller.OrganismoController#getOrganismoPorPlan(Long)
2026-01-26T12:02:04.586+01:00 DEBUG 24840 --- [http-nio-9092-exec-3] s.w.s.m.m.a.RequestMappingHandlerMapping : Mapped to com.melilla.gestPlanes.controller.EquipoController#equipos(Long)
2026-01-26T12:02:04.586+01:00 DEBUG 24840 --- [http-nio-9092-exec-3] s.w.s.m.m.a.RequestMappingHandlerMapping : Mapped to com.melilla.gestPlanes.controller.EquipoController#equipos(Long)
2026-01-26T12:02:04.586+01:00 DEBUG 24840 --- [http-nio-9092-exec-7] s.w.s.m.m.a.RequestMappingHandlerMapping : Mapped to com.melilla.gestPlanes.controller.OrganismoController#getOrganismoPorPlan(Long)
2026-01-26T12:02:04.586+01:00 DEBUG 24840 --- [http-nio-9092-exec-3] s.w.s.m.m.a.RequestMappingHandlerMapping : Mapped to com.melilla.gestPlanes.controller.EquipoController#equipos(Long)
2026-01-26T12:02:04.587+01:00 DEBUG 24840 --- [http-nio-9092-exec-7] s.w.s.m.m.a.RequestMappingHandlerMapping : Mapped to com.melilla.gestPlanes.controller.OrganismoController#getOrganismoPorPlan(Long)
2026-01-26T12:02:04.587+01:00 DEBUG 24840 --- [http-nio-9092-exec-3] s.w.s.m.m.a.RequestMappingHandlerMapping : Mapped to com.melilla.gestPlanes.controller.EquipoController#equipos(Long)
2026-01-26T12:02:04.587+01:00 DEBUG 24840 --- [http-nio-9092-exec-7] s.w.s.m.m.a.RequestMappingHandlerMapping : Mapped to com.melilla.gestPlanes.controller.OrganismoController#getOrganismoPorPlan(Long)
2026-01-26T12:02:04.587+01:00 DEBUG 24840 --- [http-nio-9092-exec-3] s.w.s.m.m.a.RequestMappingHandlerMapping : Mapped to com.melilla.gestPlanes.controller.EquipoController#equipos(Long)
2026-01-26T12:02:04.587+01:00 DEBUG 24840 --- [http-nio-9092-exec-7] s.w.s.m.m.a.RequestMappingHandlerMapping : Mapped to com.melilla.gestPlanes.controller.OrganismoController#getOrganismoPorPlan(Long)
2026-01-26T12:02:04.588+01:00 DEBUG 24840 --- [http-nio-9092-exec-3] s.w.s.m.m.a.RequestMappingHandlerMapping : Mapped to com.melilla.gestPlanes.controller.EquipoController#equipos(Long)
2026-01-26T12:02:04.588+01:00 DEBUG 24840 --- [http-nio-9092-exec-7] s.w.s.m.m.a.RequestMappingHandlerMapping : Mapped to com.melilla.gestPlanes.controller.OrganismoController#getOrganismoPorPlan(Long)
2026-01-26T12:02:04.589+01:00 DEBUG 24840 --- [http-nio-9092-exec-7] o.s.web.servlet.DispatcherServlet        : GET "/organismo/120", parameters={}
2026-01-26T12:02:04.589+01:00 DEBUG 24840 --- [http-nio-9092-exec-3] o.s.web.servlet.DispatcherServlet        : GET "/equipos/120", parameters={}
2026-01-26T12:02:04.589+01:00 DEBUG 24840 --- [http-nio-9092-exec-7] s.w.s.m.m.a.RequestMappingHandlerMapping : Mapped to com.melilla.gestPlanes.controller.OrganismoController#getOrganismoPorPlan(Long)
2026-01-26T12:02:04.590+01:00 DEBUG 24840 --- [http-nio-9092-exec-3] s.w.s.m.m.a.RequestMappingHandlerMapping : Mapped to com.melilla.gestPlanes.controller.EquipoController#equipos(Long)
2026-01-26T12:02:04.592+01:00 DEBUG 24840 --- [http-nio-9092-exec-6] o.s.w.s.m.m.a.HttpEntityMethodProcessor  : Using 'application/json', given [application/json, text/plain, */*] and supported [application/json, application/*+json]
2026-01-26T12:02:04.593+01:00 DEBUG 24840 --- [http-nio-9092-exec-7] o.s.w.s.m.m.a.HttpEntityMethodProcessor  : Using 'application/json', given [application/json, text/plain, */*] and supported [application/json, application/*+json]
2026-01-26T12:02:04.600+01:00 DEBUG 24840 --- [http-nio-9092-exec-7] o.s.w.s.m.m.a.HttpEntityMethodProcessor  : Writing [java.lang.StackOverflowError]
2026-01-26T12:02:04.603+01:00 DEBUG 24840 --- [http-nio-9092-exec-7] o.s.web.servlet.DispatcherServlet        : Completed 200 OK
2026-01-26T12:02:04.605+01:00 DEBUG 24840 --- [http-nio-9092-exec-6] o.s.w.s.m.m.a.HttpEntityMethodProcessor  : Writing [java.lang.StackOverflowError]
2026-01-26T12:02:04.606+01:00 DEBUG 24840 --- [http-nio-9092-exec-6] o.s.web.servlet.DispatcherServlet        : Completed 200 OK
2026-01-26T12:02:04.612+01:00 DEBUG 24840 --- [http-nio-9092-exec-3] o.s.w.s.m.m.a.HttpEntityMethodProcessor  : Using 'application/json', given [application/json, text/plain, */*] and supported [application/json, application/*+json]
2026-01-26T12:02:04.614+01:00 DEBUG 24840 --- [http-nio-9092-exec-3] o.s.w.s.m.m.a.HttpEntityMethodProcessor  : Writing [ApiResponse(estado=200 OK, payload=[EquipoResponseDTO(idEquipo=23, nombreEquipo=SULEIMAN, nombreJefe (truncated)...]
2026-01-26T12:02:04.615+01:00 DEBUG 24840 --- [http-nio-9092-exec-3] o.s.web.servlet.DispatcherServlet        : Completed 200 OK
2026-01-26T12:02:04.628+01:00  INFO 24840 --- [http-nio-9092-exec-9] c.m.g.JWT.JwtAuthenticationFilter        : Bearer eyJhbGciOiJIUzUxMiJ9.eyJzdWIiOiJhZG1pbiIsImlhdCI6MTc2OTQyNDY2NSwiZXhwIjoxNzY5NDI2MTA1fQ.bBQa-iDJyjZHli1A6OFgHIuKbLGLdsSc_SJN-f3Z9BjDHqkkEZ5iF74NZIYfhFSSfLPx6oE07NFU234g-Mbpdg
2026-01-26T12:02:04.629+01:00  INFO 24840 --- [http-nio-9092-exec-8] c.m.g.JWT.JwtAuthenticationFilter        : Bearer eyJhbGciOiJIUzUxMiJ9.eyJzdWIiOiJhZG1pbiIsImlhdCI6MTc2OTQyNDY2NSwiZXhwIjoxNzY5NDI2MTA1fQ.bBQa-iDJyjZHli1A6OFgHIuKbLGLdsSc_SJN-f3Z9BjDHqkkEZ5iF74NZIYfhFSSfLPx6oE07NFU234g-Mbpdg
2026-01-26T12:02:04.633+01:00  INFO 24840 --- [http-nio-9092-exec-8] c.m.g.JWT.JwtAuthenticationFilter        : admin
2026-01-26T12:02:04.634+01:00  INFO 24840 --- [http-nio-9092-exec-9] c.m.g.JWT.JwtAuthenticationFilter        : admin
2026-01-26T12:02:04.634+01:00  INFO 24840 --- [http-nio-9092-exec-1] c.m.g.JWT.JwtAuthenticationFilter        : Bearer eyJhbGciOiJIUzUxMiJ9.eyJzdWIiOiJhZG1pbiIsImlhdCI6MTc2OTQyNDY2NSwiZXhwIjoxNzY5NDI2MTA1fQ.bBQa-iDJyjZHli1A6OFgHIuKbLGLdsSc_SJN-f3Z9BjDHqkkEZ5iF74NZIYfhFSSfLPx6oE07NFU234g-Mbpdg
2026-01-26T12:02:04.638+01:00  INFO 24840 --- [http-nio-9092-exec-1] c.m.g.JWT.JwtAuthenticationFilter        : admin
2026-01-26T12:02:04.644+01:00  INFO 24840 --- [http-nio-9092-exec-8] c.m.g.JWT.JwtAuthenticationFilter        : Token válido
2026-01-26T12:02:04.644+01:00  INFO 24840 --- [http-nio-9092-exec-8] c.m.g.JWT.JwtAuthenticationFilter        : admin
2026-01-26T12:02:04.644+01:00  INFO 24840 --- [http-nio-9092-exec-9] c.m.g.JWT.JwtAuthenticationFilter        : Token válido
2026-01-26T12:02:04.644+01:00  INFO 24840 --- [http-nio-9092-exec-9] c.m.g.JWT.JwtAuthenticationFilter        : admin
2026-01-26T12:02:04.645+01:00 DEBUG 24840 --- [http-nio-9092-exec-8] s.w.s.m.m.a.RequestMappingHandlerMapping : Mapped to com.melilla.gestPlanes.controller.CategoriaController#obtenerCategorias(Long, Long)
2026-01-26T12:02:04.645+01:00 DEBUG 24840 --- [http-nio-9092-exec-9] s.w.s.m.m.a.RequestMappingHandlerMapping : Mapped to com.melilla.gestPlanes.controller.OrganismoController#getOrganismoPorPlan(Long)
2026-01-26T12:02:04.645+01:00 DEBUG 24840 --- [http-nio-9092-exec-8] s.w.s.m.m.a.RequestMappingHandlerMapping : Mapped to com.melilla.gestPlanes.controller.CategoriaController#obtenerCategorias(Long, Long)
2026-01-26T12:02:04.645+01:00 DEBUG 24840 --- [http-nio-9092-exec-9] s.w.s.m.m.a.RequestMappingHandlerMapping : Mapped to com.melilla.gestPlanes.controller.OrganismoController#getOrganismoPorPlan(Long)
2026-01-26T12:02:04.645+01:00 DEBUG 24840 --- [http-nio-9092-exec-8] s.w.s.m.m.a.RequestMappingHandlerMapping : Mapped to com.melilla.gestPlanes.controller.CategoriaController#obtenerCategorias(Long, Long)
2026-01-26T12:02:04.645+01:00 DEBUG 24840 --- [http-nio-9092-exec-9] s.w.s.m.m.a.RequestMappingHandlerMapping : Mapped to com.melilla.gestPlanes.controller.OrganismoController#getOrganismoPorPlan(Long)
2026-01-26T12:02:04.645+01:00 DEBUG 24840 --- [http-nio-9092-exec-8] s.w.s.m.m.a.RequestMappingHandlerMapping : Mapped to com.melilla.gestPlanes.controller.CategoriaController#obtenerCategorias(Long, Long)
2026-01-26T12:02:04.646+01:00 DEBUG 24840 --- [http-nio-9092-exec-8] s.w.s.m.m.a.RequestMappingHandlerMapping : Mapped to com.melilla.gestPlanes.controller.CategoriaController#obtenerCategorias(Long, Long)
2026-01-26T12:02:04.646+01:00 DEBUG 24840 --- [http-nio-9092-exec-9] s.w.s.m.m.a.RequestMappingHandlerMapping : Mapped to com.melilla.gestPlanes.controller.OrganismoController#getOrganismoPorPlan(Long)
2026-01-26T12:02:04.646+01:00 DEBUG 24840 --- [http-nio-9092-exec-8] s.w.s.m.m.a.RequestMappingHandlerMapping : Mapped to com.melilla.gestPlanes.controller.CategoriaController#obtenerCategorias(Long, Long)
2026-01-26T12:02:04.646+01:00 DEBUG 24840 --- [http-nio-9092-exec-9] s.w.s.m.m.a.RequestMappingHandlerMapping : Mapped to com.melilla.gestPlanes.controller.OrganismoController#getOrganismoPorPlan(Long)
2026-01-26T12:02:04.646+01:00 DEBUG 24840 --- [http-nio-9092-exec-8] s.w.s.m.m.a.RequestMappingHandlerMapping : Mapped to com.melilla.gestPlanes.controller.CategoriaController#obtenerCategorias(Long, Long)
2026-01-26T12:02:04.646+01:00 DEBUG 24840 --- [http-nio-9092-exec-9] s.w.s.m.m.a.RequestMappingHandlerMapping : Mapped to com.melilla.gestPlanes.controller.OrganismoController#getOrganismoPorPlan(Long)
2026-01-26T12:02:04.646+01:00  INFO 24840 --- [http-nio-9092-exec-1] c.m.g.JWT.JwtAuthenticationFilter        : Token válido
2026-01-26T12:02:04.646+01:00 DEBUG 24840 --- [http-nio-9092-exec-8] o.s.web.servlet.DispatcherServlet        : GET "/categorias/120/3", parameters={}
2026-01-26T12:02:04.646+01:00  INFO 24840 --- [http-nio-9092-exec-1] c.m.g.JWT.JwtAuthenticationFilter        : admin
2026-01-26T12:02:04.646+01:00 DEBUG 24840 --- [http-nio-9092-exec-9] s.w.s.m.m.a.RequestMappingHandlerMapping : Mapped to com.melilla.gestPlanes.controller.OrganismoController#getOrganismoPorPlan(Long)
2026-01-26T12:02:04.646+01:00 DEBUG 24840 --- [http-nio-9092-exec-9] o.s.web.servlet.DispatcherServlet        : GET "/organismo/120", parameters={}
2026-01-26T12:02:04.646+01:00 DEBUG 24840 --- [http-nio-9092-exec-8] s.w.s.m.m.a.RequestMappingHandlerMapping : Mapped to com.melilla.gestPlanes.controller.CategoriaController#obtenerCategorias(Long, Long)
2026-01-26T12:02:04.647+01:00 DEBUG 24840 --- [http-nio-9092-exec-1] s.w.s.m.m.a.RequestMappingHandlerMapping : Mapped to com.melilla.gestPlanes.controller.EquipoController#equipos(Long)
2026-01-26T12:02:04.647+01:00 DEBUG 24840 --- [http-nio-9092-exec-9] s.w.s.m.m.a.RequestMappingHandlerMapping : Mapped to com.melilla.gestPlanes.controller.OrganismoController#getOrganismoPorPlan(Long)
2026-01-26T12:02:04.647+01:00 DEBUG 24840 --- [http-nio-9092-exec-1] s.w.s.m.m.a.RequestMappingHandlerMapping : Mapped to com.melilla.gestPlanes.controller.EquipoController#equipos(Long)
2026-01-26T12:02:04.647+01:00 DEBUG 24840 --- [http-nio-9092-exec-1] s.w.s.m.m.a.RequestMappingHandlerMapping : Mapped to com.melilla.gestPlanes.controller.EquipoController#equipos(Long)
2026-01-26T12:02:04.647+01:00 DEBUG 24840 --- [http-nio-9092-exec-1] s.w.s.m.m.a.RequestMappingHandlerMapping : Mapped to com.melilla.gestPlanes.controller.EquipoController#equipos(Long)
2026-01-26T12:02:04.649+01:00 DEBUG 24840 --- [http-nio-9092-exec-1] s.w.s.m.m.a.RequestMappingHandlerMapping : Mapped to com.melilla.gestPlanes.controller.EquipoController#equipos(Long)
2026-01-26T12:02:04.652+01:00 DEBUG 24840 --- [http-nio-9092-exec-1] s.w.s.m.m.a.RequestMappingHandlerMapping : Mapped to com.melilla.gestPlanes.controller.EquipoController#equipos(Long)
2026-01-26T12:02:04.652+01:00 DEBUG 24840 --- [http-nio-9092-exec-1] s.w.s.m.m.a.RequestMappingHandlerMapping : Mapped to com.melilla.gestPlanes.controller.EquipoController#equipos(Long)
2026-01-26T12:02:04.653+01:00 DEBUG 24840 --- [http-nio-9092-exec-1] o.s.web.servlet.DispatcherServlet        : GET "/equipos/120", parameters={}
2026-01-26T12:02:04.653+01:00 DEBUG 24840 --- [http-nio-9092-exec-8] o.s.w.s.m.m.a.HttpEntityMethodProcessor  : Using 'application/json', given [application/json, text/plain, */*] and supported [application/json, application/*+json]
2026-01-26T12:02:04.653+01:00 DEBUG 24840 --- [http-nio-9092-exec-1] s.w.s.m.m.a.RequestMappingHandlerMapping : Mapped to com.melilla.gestPlanes.controller.EquipoController#equipos(Long)
2026-01-26T12:02:04.655+01:00 DEBUG 24840 --- [http-nio-9092-exec-9] o.s.w.s.m.m.a.HttpEntityMethodProcessor  : Using 'application/json', given [application/json, text/plain, */*] and supported [application/json, application/*+json]
2026-01-26T12:02:04.659+01:00 DEBUG 24840 --- [http-nio-9092-exec-8] o.s.w.s.m.m.a.HttpEntityMethodProcessor  : Writing [java.lang.StackOverflowError]
2026-01-26T12:02:04.659+01:00 DEBUG 24840 --- [http-nio-9092-exec-1] o.s.w.s.m.m.a.HttpEntityMethodProcessor  : Using 'application/json', given [application/json, text/plain, */*] and supported [application/json, application/*+json]
2026-01-26T12:02:04.660+01:00 DEBUG 24840 --- [http-nio-9092-exec-9] o.s.w.s.m.m.a.HttpEntityMethodProcessor  : Writing [java.lang.StackOverflowError]
2026-01-26T12:02:04.660+01:00 DEBUG 24840 --- [http-nio-9092-exec-8] o.s.web.servlet.DispatcherServlet        : Completed 200 OK
2026-01-26T12:02:04.661+01:00 DEBUG 24840 --- [http-nio-9092-exec-9] o.s.web.servlet.DispatcherServlet        : Completed 200 OK
2026-01-26T12:02:04.661+01:00 DEBUG 24840 --- [http-nio-9092-exec-1] o.s.w.s.m.m.a.HttpEntityMethodProcessor  : Writing [ApiResponse(estado=200 OK, payload=[EquipoResponseDTO(idEquipo=23, nombreEquipo=SULEIMAN, nombreJefe (truncated)...]
2026-01-26T12:02:04.662+01:00 DEBUG 24840 --- [http-nio-9092-exec-1] o.s.web.servlet.DispatcherServlet        : Completed 200 OK
2026-01-26T12:02:04.676+01:00  INFO 24840 --- [http-nio-9092-exec-10] c.m.g.JWT.JwtAuthenticationFilter        : Bearer eyJhbGciOiJIUzUxMiJ9.eyJzdWIiOiJhZG1pbiIsImlhdCI6MTc2OTQyNDY2NSwiZXhwIjoxNzY5NDI2MTA1fQ.bBQa-iDJyjZHli1A6OFgHIuKbLGLdsSc_SJN-f3Z9BjDHqkkEZ5iF74NZIYfhFSSfLPx6oE07NFU234g-Mbpdg
2026-01-26T12:02:04.680+01:00  INFO 24840 --- [http-nio-9092-exec-10] c.m.g.JWT.JwtAuthenticationFilter        : admin
2026-01-26T12:02:04.693+01:00  INFO 24840 --- [http-nio-9092-exec-10] c.m.g.JWT.JwtAuthenticationFilter        : Token válido
2026-01-26T12:02:04.693+01:00  INFO 24840 --- [http-nio-9092-exec-10] c.m.g.JWT.JwtAuthenticationFilter        : admin
2026-01-26T12:02:04.693+01:00 DEBUG 24840 --- [http-nio-9092-exec-10] s.w.s.m.m.a.RequestMappingHandlerMapping : Mapped to com.melilla.gestPlanes.controller.CategoriaController#obtenerCategorias(Long, Long)
2026-01-26T12:02:04.694+01:00 DEBUG 24840 --- [http-nio-9092-exec-10] s.w.s.m.m.a.RequestMappingHandlerMapping : Mapped to com.melilla.gestPlanes.controller.CategoriaController#obtenerCategorias(Long, Long)
2026-01-26T12:02:04.694+01:00 DEBUG 24840 --- [http-nio-9092-exec-10] s.w.s.m.m.a.RequestMappingHandlerMapping : Mapped to com.melilla.gestPlanes.controller.CategoriaController#obtenerCategorias(Long, Long)
2026-01-26T12:02:04.694+01:00 DEBUG 24840 --- [http-nio-9092-exec-10] s.w.s.m.m.a.RequestMappingHandlerMapping : Mapped to com.melilla.gestPlanes.controller.CategoriaController#obtenerCategorias(Long, Long)
2026-01-26T12:02:04.694+01:00 DEBUG 24840 --- [http-nio-9092-exec-10] s.w.s.m.m.a.RequestMappingHandlerMapping : Mapped to com.melilla.gestPlanes.controller.CategoriaController#obtenerCategorias(Long, Long)
2026-01-26T12:02:04.694+01:00 DEBUG 24840 --- [http-nio-9092-exec-10] s.w.s.m.m.a.RequestMappingHandlerMapping : Mapped to com.melilla.gestPlanes.controller.CategoriaController#obtenerCategorias(Long, Long)
2026-01-26T12:02:04.695+01:00 DEBUG 24840 --- [http-nio-9092-exec-10] s.w.s.m.m.a.RequestMappingHandlerMapping : Mapped to com.melilla.gestPlanes.controller.CategoriaController#obtenerCategorias(Long, Long)
2026-01-26T12:02:04.695+01:00 DEBUG 24840 --- [http-nio-9092-exec-10] o.s.web.servlet.DispatcherServlet        : GET "/categorias/120/3", parameters={}
2026-01-26T12:02:04.695+01:00 DEBUG 24840 --- [http-nio-9092-exec-10] s.w.s.m.m.a.RequestMappingHandlerMapping : Mapped to com.melilla.gestPlanes.controller.CategoriaController#obtenerCategorias(Long, Long)
2026-01-26T12:02:04.700+01:00 DEBUG 24840 --- [http-nio-9092-exec-10] o.s.w.s.m.m.a.HttpEntityMethodProcessor  : Using 'application/json', given [application/json, text/plain, */*] and supported [application/json, application/*+json]
2026-01-26T12:02:04.708+01:00 DEBUG 24840 --- [http-nio-9092-exec-10] o.s.w.s.m.m.a.HttpEntityMethodProcessor  : Writing [java.lang.StackOverflowError]
2026-01-26T12:02:04.710+01:00 DEBUG 24840 --- [http-nio-9092-exec-10] o.s.web.servlet.DispatcherServlet        : Completed 200 OK
2026-01-26T12:02:05.261+01:00  INFO 24840 --- [http-nio-9092-exec-7] c.m.g.JWT.JwtAuthenticationFilter        : Bearer eyJhbGciOiJIUzUxMiJ9.eyJzdWIiOiJhZG1pbiIsImlhdCI6MTc2OTQyNDY2NSwiZXhwIjoxNzY5NDI2MTA1fQ.bBQa-iDJyjZHli1A6OFgHIuKbLGLdsSc_SJN-f3Z9BjDHqkkEZ5iF74NZIYfhFSSfLPx6oE07NFU234g-Mbpdg
2026-01-26T12:02:05.270+01:00  INFO 24840 --- [http-nio-9092-exec-7] c.m.g.JWT.JwtAuthenticationFilter        : admin
2026-01-26T12:02:05.282+01:00  INFO 24840 --- [http-nio-9092-exec-7] c.m.g.JWT.JwtAuthenticationFilter        : Token válido
2026-01-26T12:02:05.282+01:00  INFO 24840 --- [http-nio-9092-exec-7] c.m.g.JWT.JwtAuthenticationFilter        : admin
2026-01-26T12:02:05.282+01:00 DEBUG 24840 --- [http-nio-9092-exec-7] s.w.s.m.m.a.RequestMappingHandlerMapping : Mapped to com.melilla.gestPlanes.controller.CiudadanoController#trabajadoresContratadosPorOrganismoOcupacion(Long, Long)
2026-01-26T12:02:05.282+01:00 DEBUG 24840 --- [http-nio-9092-exec-7] s.w.s.m.m.a.RequestMappingHandlerMapping : Mapped to com.melilla.gestPlanes.controller.CiudadanoController#trabajadoresContratadosPorOrganismoOcupacion(Long, Long)
2026-01-26T12:02:05.283+01:00 DEBUG 24840 --- [http-nio-9092-exec-7] s.w.s.m.m.a.RequestMappingHandlerMapping : Mapped to com.melilla.gestPlanes.controller.CiudadanoController#trabajadoresContratadosPorOrganismoOcupacion(Long, Long)
2026-01-26T12:02:05.283+01:00 DEBUG 24840 --- [http-nio-9092-exec-7] s.w.s.m.m.a.RequestMappingHandlerMapping : Mapped to com.melilla.gestPlanes.controller.CiudadanoController#trabajadoresContratadosPorOrganismoOcupacion(Long, Long)
2026-01-26T12:02:05.283+01:00 DEBUG 24840 --- [http-nio-9092-exec-7] s.w.s.m.m.a.RequestMappingHandlerMapping : Mapped to com.melilla.gestPlanes.controller.CiudadanoController#trabajadoresContratadosPorOrganismoOcupacion(Long, Long)
2026-01-26T12:02:05.284+01:00 DEBUG 24840 --- [http-nio-9092-exec-7] s.w.s.m.m.a.RequestMappingHandlerMapping : Mapped to com.melilla.gestPlanes.controller.CiudadanoController#trabajadoresContratadosPorOrganismoOcupacion(Long, Long)
2026-01-26T12:02:05.284+01:00 DEBUG 24840 --- [http-nio-9092-exec-7] s.w.s.m.m.a.RequestMappingHandlerMapping : Mapped to com.melilla.gestPlanes.controller.CiudadanoController#trabajadoresContratadosPorOrganismoOcupacion(Long, Long)
2026-01-26T12:02:05.284+01:00 DEBUG 24840 --- [http-nio-9092-exec-7] o.s.web.servlet.DispatcherServlet        : GET "/vacantes/662/3851", parameters={}
2026-01-26T12:02:05.284+01:00 DEBUG 24840 --- [http-nio-9092-exec-7] s.w.s.m.m.a.RequestMappingHandlerMapping : Mapped to com.melilla.gestPlanes.controller.CiudadanoController#trabajadoresContratadosPorOrganismoOcupacion(Long, Long)
2026-01-26T12:02:05.305+01:00  INFO 24840 --- [http-nio-9092-exec-6] c.m.g.JWT.JwtAuthenticationFilter        : Bearer eyJhbGciOiJIUzUxMiJ9.eyJzdWIiOiJhZG1pbiIsImlhdCI6MTc2OTQyNDY2NSwiZXhwIjoxNzY5NDI2MTA1fQ.bBQa-iDJyjZHli1A6OFgHIuKbLGLdsSc_SJN-f3Z9BjDHqkkEZ5iF74NZIYfhFSSfLPx6oE07NFU234g-Mbpdg
2026-01-26T12:02:05.315+01:00  INFO 24840 --- [http-nio-9092-exec-3] c.m.g.JWT.JwtAuthenticationFilter        : Bearer eyJhbGciOiJIUzUxMiJ9.eyJzdWIiOiJhZG1pbiIsImlhdCI6MTc2OTQyNDY2NSwiZXhwIjoxNzY5NDI2MTA1fQ.bBQa-iDJyjZHli1A6OFgHIuKbLGLdsSc_SJN-f3Z9BjDHqkkEZ5iF74NZIYfhFSSfLPx6oE07NFU234g-Mbpdg
2026-01-26T12:02:05.318+01:00  INFO 24840 --- [http-nio-9092-exec-3] c.m.g.JWT.JwtAuthenticationFilter        : admin
2026-01-26T12:02:05.318+01:00  INFO 24840 --- [http-nio-9092-exec-6] c.m.g.JWT.JwtAuthenticationFilter        : admin
2026-01-26T12:02:05.330+01:00  INFO 24840 --- [http-nio-9092-exec-3] c.m.g.JWT.JwtAuthenticationFilter        : Token válido
2026-01-26T12:02:05.330+01:00  INFO 24840 --- [http-nio-9092-exec-3] c.m.g.JWT.JwtAuthenticationFilter        : admin
2026-01-26T12:02:05.330+01:00 DEBUG 24840 --- [http-nio-9092-exec-3] s.w.s.m.m.a.RequestMappingHandlerMapping : Mapped to com.melilla.gestPlanes.controller.DestinoController#getDestinosOrganismo(Long)
2026-01-26T12:02:05.335+01:00 DEBUG 24840 --- [http-nio-9092-exec-3] s.w.s.m.m.a.RequestMappingHandlerMapping : Mapped to com.melilla.gestPlanes.controller.DestinoController#getDestinosOrganismo(Long)
2026-01-26T12:02:05.335+01:00 DEBUG 24840 --- [http-nio-9092-exec-3] s.w.s.m.m.a.RequestMappingHandlerMapping : Mapped to com.melilla.gestPlanes.controller.DestinoController#getDestinosOrganismo(Long)
2026-01-26T12:02:05.335+01:00 DEBUG 24840 --- [http-nio-9092-exec-3] s.w.s.m.m.a.RequestMappingHandlerMapping : Mapped to com.melilla.gestPlanes.controller.DestinoController#getDestinosOrganismo(Long)
2026-01-26T12:02:05.337+01:00 DEBUG 24840 --- [http-nio-9092-exec-3] s.w.s.m.m.a.RequestMappingHandlerMapping : Mapped to com.melilla.gestPlanes.controller.DestinoController#getDestinosOrganismo(Long)
2026-01-26T12:02:05.337+01:00 DEBUG 24840 --- [http-nio-9092-exec-3] s.w.s.m.m.a.RequestMappingHandlerMapping : Mapped to com.melilla.gestPlanes.controller.DestinoController#getDestinosOrganismo(Long)
2026-01-26T12:02:05.337+01:00 DEBUG 24840 --- [http-nio-9092-exec-3] s.w.s.m.m.a.RequestMappingHandlerMapping : Mapped to com.melilla.gestPlanes.controller.DestinoController#getDestinosOrganismo(Long)
2026-01-26T12:02:05.337+01:00 DEBUG 24840 --- [http-nio-9092-exec-3] o.s.web.servlet.DispatcherServlet        : GET "/destinos/662", parameters={}
2026-01-26T12:02:05.337+01:00 DEBUG 24840 --- [http-nio-9092-exec-3] s.w.s.m.m.a.RequestMappingHandlerMapping : Mapped to com.melilla.gestPlanes.controller.DestinoController#getDestinosOrganismo(Long)
2026-01-26T12:02:05.342+01:00  INFO 24840 --- [http-nio-9092-exec-6] c.m.g.JWT.JwtAuthenticationFilter        : Token válido
2026-01-26T12:02:05.346+01:00 DEBUG 24840 --- [http-nio-9092-exec-3] o.s.w.s.m.m.a.HttpEntityMethodProcessor  : Using 'application/json', given [application/json, text/plain, */*] and supported [application/json, application/*+json]
2026-01-26T12:02:05.346+01:00 DEBUG 24840 --- [http-nio-9092-exec-3] o.s.w.s.m.m.a.HttpEntityMethodProcessor  : Writing [ApiResponse(estado=null, payload=[], mensaje=null)]
2026-01-26T12:02:05.346+01:00  INFO 24840 --- [http-nio-9092-exec-6] c.m.g.JWT.JwtAuthenticationFilter        : admin
2026-01-26T12:02:05.346+01:00 DEBUG 24840 --- [http-nio-9092-exec-3] o.s.web.servlet.DispatcherServlet        : Completed 200 OK
2026-01-26T12:02:05.346+01:00 DEBUG 24840 --- [http-nio-9092-exec-6] s.w.s.m.m.a.RequestMappingHandlerMapping : Mapped to com.melilla.gestPlanes.controller.OcupacionController#getOcupacionPorCategoria(Long)
2026-01-26T12:02:05.346+01:00 DEBUG 24840 --- [http-nio-9092-exec-6] s.w.s.m.m.a.RequestMappingHandlerMapping : Mapped to com.melilla.gestPlanes.controller.OcupacionController#getOcupacionPorCategoria(Long)
2026-01-26T12:02:05.346+01:00 DEBUG 24840 --- [http-nio-9092-exec-6] s.w.s.m.m.a.RequestMappingHandlerMapping : Mapped to com.melilla.gestPlanes.controller.OcupacionController#getOcupacionPorCategoria(Long)
2026-01-26T12:02:05.346+01:00 DEBUG 24840 --- [http-nio-9092-exec-6] s.w.s.m.m.a.RequestMappingHandlerMapping : Mapped to com.melilla.gestPlanes.controller.OcupacionController#getOcupacionPorCategoria(Long)
2026-01-26T12:02:05.346+01:00 DEBUG 24840 --- [http-nio-9092-exec-6] s.w.s.m.m.a.RequestMappingHandlerMapping : Mapped to com.melilla.gestPlanes.controller.OcupacionController#getOcupacionPorCategoria(Long)
2026-01-26T12:02:05.358+01:00 DEBUG 24840 --- [http-nio-9092-exec-7] o.s.w.s.m.m.a.HttpEntityMethodProcessor  : Using 'application/json', given [application/json, text/plain, */*] and supported [application/json, application/*+json]
2026-01-26T12:02:05.358+01:00 DEBUG 24840 --- [http-nio-9092-exec-7] o.s.w.s.m.m.a.HttpEntityMethodProcessor  : Writing [ApiResponse(estado=null, payload=[VacantesResponseDTO(id=null, idOrganismo=662, organismo=EDUCACIÓN, (truncated)...]
2026-01-26T12:02:05.350+01:00 DEBUG 24840 --- [http-nio-9092-exec-6] s.w.s.m.m.a.RequestMappingHandlerMapping : Mapped to com.melilla.gestPlanes.controller.OcupacionController#getOcupacionPorCategoria(Long)
2026-01-26T12:02:05.359+01:00 DEBUG 24840 --- [http-nio-9092-exec-7] o.s.web.servlet.DispatcherServlet        : Completed 200 OK
2026-01-26T12:02:05.359+01:00 DEBUG 24840 --- [http-nio-9092-exec-6] s.w.s.m.m.a.RequestMappingHandlerMapping : Mapped to com.melilla.gestPlanes.controller.OcupacionController#getOcupacionPorCategoria(Long)
2026-01-26T12:02:05.361+01:00 DEBUG 24840 --- [http-nio-9092-exec-6] o.s.web.servlet.DispatcherServlet        : GET "/ocupaciones/1103", parameters={}
2026-01-26T12:02:05.361+01:00 DEBUG 24840 --- [http-nio-9092-exec-6] s.w.s.m.m.a.RequestMappingHandlerMapping : Mapped to com.melilla.gestPlanes.controller.OcupacionController#getOcupacionPorCategoria(Long)
2026-01-26T12:02:05.399+01:00 DEBUG 24840 --- [http-nio-9092-exec-6] o.s.w.s.m.m.a.HttpEntityMethodProcessor  : Using 'application/json', given [application/json, text/plain, */*] and supported [application/json, application/*+json]
2026-01-26T12:02:05.423+01:00 DEBUG 24840 --- [http-nio-9092-exec-6] o.s.w.s.m.m.a.HttpEntityMethodProcessor  : Writing [java.lang.StackOverflowError]
2026-01-26T12:02:05.444+01:00 DEBUG 24840 --- [http-nio-9092-exec-6] o.s.web.servlet.DispatcherServlet        : Completed 200 OK
2026-01-26T12:02:20.644+01:00  INFO 24840 --- [http-nio-9092-exec-2] c.m.g.JWT.JwtAuthenticationFilter        : Bearer eyJhbGciOiJIUzUxMiJ9.eyJzdWIiOiJhZG1pbiIsImlhdCI6MTc2OTQyNDY2NSwiZXhwIjoxNzY5NDI2MTA1fQ.bBQa-iDJyjZHli1A6OFgHIuKbLGLdsSc_SJN-f3Z9BjDHqkkEZ5iF74NZIYfhFSSfLPx6oE07NFU234g-Mbpdg
2026-01-26T12:02:20.645+01:00  INFO 24840 --- [http-nio-9092-exec-5] c.m.g.JWT.JwtAuthenticationFilter        : Bearer eyJhbGciOiJIUzUxMiJ9.eyJzdWIiOiJhZG1pbiIsImlhdCI6MTc2OTQyNDY2NSwiZXhwIjoxNzY5NDI2MTA1fQ.bBQa-iDJyjZHli1A6OFgHIuKbLGLdsSc_SJN-f3Z9BjDHqkkEZ5iF74NZIYfhFSSfLPx6oE07NFU234g-Mbpdg
2026-01-26T12:02:20.647+01:00  INFO 24840 --- [http-nio-9092-exec-5] c.m.g.JWT.JwtAuthenticationFilter        : admin
2026-01-26T12:02:20.647+01:00  INFO 24840 --- [http-nio-9092-exec-2] c.m.g.JWT.JwtAuthenticationFilter        : admin
2026-01-26T12:02:20.653+01:00  INFO 24840 --- [http-nio-9092-exec-2] c.m.g.JWT.JwtAuthenticationFilter        : Token válido
2026-01-26T12:02:20.653+01:00  INFO 24840 --- [http-nio-9092-exec-2] c.m.g.JWT.JwtAuthenticationFilter        : admin
2026-01-26T12:02:20.653+01:00 DEBUG 24840 --- [http-nio-9092-exec-2] s.w.s.m.m.a.RequestMappingHandlerMapping : Mapped to com.melilla.gestPlanes.controller.DashBoardController#trabajadoresPorEstadoGenero(Long)
2026-01-26T12:02:20.653+01:00  INFO 24840 --- [http-nio-9092-exec-5] c.m.g.JWT.JwtAuthenticationFilter        : Token válido
2026-01-26T12:02:20.654+01:00 DEBUG 24840 --- [http-nio-9092-exec-2] s.w.s.m.m.a.RequestMappingHandlerMapping : Mapped to com.melilla.gestPlanes.controller.DashBoardController#trabajadoresPorEstadoGenero(Long)
2026-01-26T12:02:20.654+01:00  INFO 24840 --- [http-nio-9092-exec-5] c.m.g.JWT.JwtAuthenticationFilter        : admin
2026-01-26T12:02:20.654+01:00 DEBUG 24840 --- [http-nio-9092-exec-2] s.w.s.m.m.a.RequestMappingHandlerMapping : Mapped to com.melilla.gestPlanes.controller.DashBoardController#trabajadoresPorEstadoGenero(Long)
2026-01-26T12:02:20.654+01:00 DEBUG 24840 --- [http-nio-9092-exec-5] s.w.s.m.m.a.RequestMappingHandlerMapping : Mapped to com.melilla.gestPlanes.controller.DashBoardController#trabajadoresdeBaja(Long)
2026-01-26T12:02:20.654+01:00 DEBUG 24840 --- [http-nio-9092-exec-2] s.w.s.m.m.a.RequestMappingHandlerMapping : Mapped to com.melilla.gestPlanes.controller.DashBoardController#trabajadoresPorEstadoGenero(Long)
2026-01-26T12:02:20.654+01:00 DEBUG 24840 --- [http-nio-9092-exec-5] s.w.s.m.m.a.RequestMappingHandlerMapping : Mapped to com.melilla.gestPlanes.controller.DashBoardController#trabajadoresdeBaja(Long)
2026-01-26T12:02:20.654+01:00 DEBUG 24840 --- [http-nio-9092-exec-2] s.w.s.m.m.a.RequestMappingHandlerMapping : Mapped to com.melilla.gestPlanes.controller.DashBoardController#trabajadoresPorEstadoGenero(Long)
2026-01-26T12:02:20.654+01:00 DEBUG 24840 --- [http-nio-9092-exec-5] s.w.s.m.m.a.RequestMappingHandlerMapping : Mapped to com.melilla.gestPlanes.controller.DashBoardController#trabajadoresdeBaja(Long)
2026-01-26T12:02:20.654+01:00 DEBUG 24840 --- [http-nio-9092-exec-2] s.w.s.m.m.a.RequestMappingHandlerMapping : Mapped to com.melilla.gestPlanes.controller.DashBoardController#trabajadoresPorEstadoGenero(Long)
2026-01-26T12:02:20.654+01:00 DEBUG 24840 --- [http-nio-9092-exec-2] s.w.s.m.m.a.RequestMappingHandlerMapping : Mapped to com.melilla.gestPlanes.controller.DashBoardController#trabajadoresPorEstadoGenero(Long)
2026-01-26T12:02:20.654+01:00 DEBUG 24840 --- [http-nio-9092-exec-5] s.w.s.m.m.a.RequestMappingHandlerMapping : Mapped to com.melilla.gestPlanes.controller.DashBoardController#trabajadoresdeBaja(Long)
2026-01-26T12:02:20.655+01:00 DEBUG 24840 --- [http-nio-9092-exec-2] o.s.web.servlet.DispatcherServlet        : GET "/dashBoard/ciudadanoPorEstado/120", parameters={}
2026-01-26T12:02:20.655+01:00 DEBUG 24840 --- [http-nio-9092-exec-5] s.w.s.m.m.a.RequestMappingHandlerMapping : Mapped to com.melilla.gestPlanes.controller.DashBoardController#trabajadoresdeBaja(Long)
2026-01-26T12:02:20.655+01:00 DEBUG 24840 --- [http-nio-9092-exec-2] s.w.s.m.m.a.RequestMappingHandlerMapping : Mapped to com.melilla.gestPlanes.controller.DashBoardController#trabajadoresPorEstadoGenero(Long)
2026-01-26T12:02:20.655+01:00 DEBUG 24840 --- [http-nio-9092-exec-5] s.w.s.m.m.a.RequestMappingHandlerMapping : Mapped to com.melilla.gestPlanes.controller.DashBoardController#trabajadoresdeBaja(Long)
2026-01-26T12:02:20.655+01:00 DEBUG 24840 --- [http-nio-9092-exec-5] s.w.s.m.m.a.RequestMappingHandlerMapping : Mapped to com.melilla.gestPlanes.controller.DashBoardController#trabajadoresdeBaja(Long)
2026-01-26T12:02:20.655+01:00 DEBUG 24840 --- [http-nio-9092-exec-5] o.s.web.servlet.DispatcherServlet        : GET "/dashBoard/bajas/120", parameters={}
2026-01-26T12:02:20.656+01:00 DEBUG 24840 --- [http-nio-9092-exec-5] s.w.s.m.m.a.RequestMappingHandlerMapping : Mapped to com.melilla.gestPlanes.controller.DashBoardController#trabajadoresdeBaja(Long)
2026-01-26T12:02:20.662+01:00 DEBUG 24840 --- [http-nio-9092-exec-5] o.s.w.s.m.m.a.HttpEntityMethodProcessor  : Using 'application/json', given [application/json, text/plain, */*] and supported [application/json, application/*+json]
2026-01-26T12:02:20.662+01:00 DEBUG 24840 --- [http-nio-9092-exec-5] o.s.w.s.m.m.a.HttpEntityMethodProcessor  : Writing [ApiResponse(estado=null, payload=[DashBoardBajasDTO(baja=laboral, cantidad=0), DashBoardBajasDTO(baj (truncated)...]
2026-01-26T12:02:20.663+01:00 DEBUG 24840 --- [http-nio-9092-exec-5] o.s.web.servlet.DispatcherServlet        : Completed 200 OK
2026-01-26T12:02:20.694+01:00  INFO 24840 --- [http-nio-9092-exec-4] c.m.g.JWT.JwtAuthenticationFilter        : Bearer eyJhbGciOiJIUzUxMiJ9.eyJzdWIiOiJhZG1pbiIsImlhdCI6MTc2OTQyNDY2NSwiZXhwIjoxNzY5NDI2MTA1fQ.bBQa-iDJyjZHli1A6OFgHIuKbLGLdsSc_SJN-f3Z9BjDHqkkEZ5iF74NZIYfhFSSfLPx6oE07NFU234g-Mbpdg
2026-01-26T12:02:20.721+01:00  INFO 24840 --- [http-nio-9092-exec-4] c.m.g.JWT.JwtAuthenticationFilter        : admin
2026-01-26T12:02:20.817+01:00 DEBUG 24840 --- [http-nio-9092-exec-2] o.s.w.s.m.m.a.HttpEntityMethodProcessor  : Using 'application/json', given [application/json, text/plain, */*] and supported [application/json, application/*+json]
2026-01-26T12:02:20.818+01:00 DEBUG 24840 --- [http-nio-9092-exec-2] o.s.w.s.m.m.a.HttpEntityMethodProcessor  : Writing [ApiResponse(estado=null, payload=[DashBoardEstadoGeneroDTO(estado=CANDIDATO/A, hombres=0, mujeres=3) (truncated)...]
2026-01-26T12:02:20.818+01:00  INFO 24840 --- [http-nio-9092-exec-4] c.m.g.JWT.JwtAuthenticationFilter        : Token válido
2026-01-26T12:02:20.818+01:00  INFO 24840 --- [http-nio-9092-exec-4] c.m.g.JWT.JwtAuthenticationFilter        : admin
2026-01-26T12:02:20.819+01:00 DEBUG 24840 --- [http-nio-9092-exec-2] o.s.web.servlet.DispatcherServlet        : Completed 200 OK
2026-01-26T12:02:20.819+01:00 DEBUG 24840 --- [http-nio-9092-exec-4] s.w.s.m.m.a.RequestMappingHandlerMapping : Mapped to com.melilla.gestPlanes.controller.DashBoardController#trabajadoresdeBaja(Long)
2026-01-26T12:02:20.819+01:00 DEBUG 24840 --- [http-nio-9092-exec-4] s.w.s.m.m.a.RequestMappingHandlerMapping : Mapped to com.melilla.gestPlanes.controller.DashBoardController#trabajadoresdeBaja(Long)
2026-01-26T12:02:20.820+01:00 DEBUG 24840 --- [http-nio-9092-exec-4] s.w.s.m.m.a.RequestMappingHandlerMapping : Mapped to com.melilla.gestPlanes.controller.DashBoardController#trabajadoresdeBaja(Long)
2026-01-26T12:02:20.820+01:00 DEBUG 24840 --- [http-nio-9092-exec-4] s.w.s.m.m.a.RequestMappingHandlerMapping : Mapped to com.melilla.gestPlanes.controller.DashBoardController#trabajadoresdeBaja(Long)
2026-01-26T12:02:20.820+01:00 DEBUG 24840 --- [http-nio-9092-exec-4] s.w.s.m.m.a.RequestMappingHandlerMapping : Mapped to com.melilla.gestPlanes.controller.DashBoardController#trabajadoresdeBaja(Long)
2026-01-26T12:02:20.820+01:00 DEBUG 24840 --- [http-nio-9092-exec-4] s.w.s.m.m.a.RequestMappingHandlerMapping : Mapped to com.melilla.gestPlanes.controller.DashBoardController#trabajadoresdeBaja(Long)
2026-01-26T12:02:20.821+01:00 DEBUG 24840 --- [http-nio-9092-exec-4] s.w.s.m.m.a.RequestMappingHandlerMapping : Mapped to com.melilla.gestPlanes.controller.DashBoardController#trabajadoresdeBaja(Long)
2026-01-26T12:02:20.821+01:00 DEBUG 24840 --- [http-nio-9092-exec-4] o.s.web.servlet.DispatcherServlet        : GET "/dashBoard/bajas/120", parameters={}
2026-01-26T12:02:20.821+01:00 DEBUG 24840 --- [http-nio-9092-exec-4] s.w.s.m.m.a.RequestMappingHandlerMapping : Mapped to com.melilla.gestPlanes.controller.DashBoardController#trabajadoresdeBaja(Long)
2026-01-26T12:02:20.825+01:00 DEBUG 24840 --- [http-nio-9092-exec-4] o.s.w.s.m.m.a.HttpEntityMethodProcessor  : Using 'application/json', given [application/json, text/plain, */*] and supported [application/json, application/*+json]
2026-01-26T12:02:20.826+01:00 DEBUG 24840 --- [http-nio-9092-exec-4] o.s.w.s.m.m.a.HttpEntityMethodProcessor  : Writing [ApiResponse(estado=null, payload=[DashBoardBajasDTO(baja=laboral, cantidad=0), DashBoardBajasDTO(baj (truncated)...]
2026-01-26T12:02:20.826+01:00 DEBUG 24840 --- [http-nio-9092-exec-4] o.s.web.servlet.DispatcherServlet        : Completed 200 OK
2026-01-26T12:02:20.838+01:00  INFO 24840 --- [http-nio-9092-exec-3] c.m.g.JWT.JwtAuthenticationFilter        : Bearer eyJhbGciOiJIUzUxMiJ9.eyJzdWIiOiJhZG1pbiIsImlhdCI6MTc2OTQyNDY2NSwiZXhwIjoxNzY5NDI2MTA1fQ.bBQa-iDJyjZHli1A6OFgHIuKbLGLdsSc_SJN-f3Z9BjDHqkkEZ5iF74NZIYfhFSSfLPx6oE07NFU234g-Mbpdg
2026-01-26T12:02:20.841+01:00  INFO 24840 --- [http-nio-9092-exec-3] c.m.g.JWT.JwtAuthenticationFilter        : admin
2026-01-26T12:02:20.870+01:00  INFO 24840 --- [http-nio-9092-exec-3] c.m.g.JWT.JwtAuthenticationFilter        : Token válido
2026-01-26T12:02:20.870+01:00  INFO 24840 --- [http-nio-9092-exec-3] c.m.g.JWT.JwtAuthenticationFilter        : admin
2026-01-26T12:02:20.871+01:00 DEBUG 24840 --- [http-nio-9092-exec-3] s.w.s.m.m.a.RequestMappingHandlerMapping : Mapped to com.melilla.gestPlanes.controller.DashBoardController#trabajadoresPorEstadoGenero(Long)
2026-01-26T12:02:20.872+01:00 DEBUG 24840 --- [http-nio-9092-exec-3] s.w.s.m.m.a.RequestMappingHandlerMapping : Mapped to com.melilla.gestPlanes.controller.DashBoardController#trabajadoresPorEstadoGenero(Long)
2026-01-26T12:02:20.872+01:00 DEBUG 24840 --- [http-nio-9092-exec-3] s.w.s.m.m.a.RequestMappingHandlerMapping : Mapped to com.melilla.gestPlanes.controller.DashBoardController#trabajadoresPorEstadoGenero(Long)
2026-01-26T12:02:20.873+01:00 DEBUG 24840 --- [http-nio-9092-exec-3] s.w.s.m.m.a.RequestMappingHandlerMapping : Mapped to com.melilla.gestPlanes.controller.DashBoardController#trabajadoresPorEstadoGenero(Long)
2026-01-26T12:02:20.873+01:00 DEBUG 24840 --- [http-nio-9092-exec-3] s.w.s.m.m.a.RequestMappingHandlerMapping : Mapped to com.melilla.gestPlanes.controller.DashBoardController#trabajadoresPorEstadoGenero(Long)
2026-01-26T12:02:20.873+01:00 DEBUG 24840 --- [http-nio-9092-exec-3] s.w.s.m.m.a.RequestMappingHandlerMapping : Mapped to com.melilla.gestPlanes.controller.DashBoardController#trabajadoresPorEstadoGenero(Long)
2026-01-26T12:02:20.876+01:00 DEBUG 24840 --- [http-nio-9092-exec-3] s.w.s.m.m.a.RequestMappingHandlerMapping : Mapped to com.melilla.gestPlanes.controller.DashBoardController#trabajadoresPorEstadoGenero(Long)
2026-01-26T12:02:20.879+01:00 DEBUG 24840 --- [http-nio-9092-exec-3] o.s.web.servlet.DispatcherServlet        : GET "/dashBoard/ciudadanoPorEstado/120", parameters={}
2026-01-26T12:02:20.879+01:00 DEBUG 24840 --- [http-nio-9092-exec-3] s.w.s.m.m.a.RequestMappingHandlerMapping : Mapped to com.melilla.gestPlanes.controller.DashBoardController#trabajadoresPorEstadoGenero(Long)
2026-01-26T12:02:20.914+01:00 DEBUG 24840 --- [http-nio-9092-exec-3] o.s.w.s.m.m.a.HttpEntityMethodProcessor  : Using 'application/json', given [application/json, text/plain, */*] and supported [application/json, application/*+json]
2026-01-26T12:02:20.915+01:00 DEBUG 24840 --- [http-nio-9092-exec-3] o.s.w.s.m.m.a.HttpEntityMethodProcessor  : Writing [ApiResponse(estado=null, payload=[DashBoardEstadoGeneroDTO(estado=CANDIDATO/A, hombres=0, mujeres=3) (truncated)...]
2026-01-26T12:02:20.918+01:00 DEBUG 24840 --- [http-nio-9092-exec-3] o.s.web.servlet.DispatcherServlet        : Completed 200 OK
2026-01-26T12:02:25.570+01:00  INFO 24840 --- [http-nio-9092-exec-6] c.m.g.JWT.JwtAuthenticationFilter        : Bearer eyJhbGciOiJIUzUxMiJ9.eyJzdWIiOiJhZG1pbiIsImlhdCI6MTc2OTQyNDY2NSwiZXhwIjoxNzY5NDI2MTA1fQ.bBQa-iDJyjZHli1A6OFgHIuKbLGLdsSc_SJN-f3Z9BjDHqkkEZ5iF74NZIYfhFSSfLPx6oE07NFU234g-Mbpdg
2026-01-26T12:02:25.571+01:00  INFO 24840 --- [http-nio-9092-exec-6] c.m.g.JWT.JwtAuthenticationFilter        : admin
2026-01-26T12:02:25.576+01:00  INFO 24840 --- [http-nio-9092-exec-6] c.m.g.JWT.JwtAuthenticationFilter        : Token válido
2026-01-26T12:02:25.576+01:00  INFO 24840 --- [http-nio-9092-exec-6] c.m.g.JWT.JwtAuthenticationFilter        : admin
2026-01-26T12:02:25.576+01:00 DEBUG 24840 --- [http-nio-9092-exec-6] s.w.s.m.m.a.RequestMappingHandlerMapping : Mapped to com.melilla.gestPlanes.controller.CiudadanoController#obtenerTrabajadorPorDNI(String)
2026-01-26T12:02:25.577+01:00 DEBUG 24840 --- [http-nio-9092-exec-6] s.w.s.m.m.a.RequestMappingHandlerMapping : Mapped to com.melilla.gestPlanes.controller.CiudadanoController#obtenerTrabajadorPorDNI(String)
2026-01-26T12:02:25.577+01:00 DEBUG 24840 --- [http-nio-9092-exec-6] s.w.s.m.m.a.RequestMappingHandlerMapping : Mapped to com.melilla.gestPlanes.controller.CiudadanoController#obtenerTrabajadorPorDNI(String)
2026-01-26T12:02:25.577+01:00 DEBUG 24840 --- [http-nio-9092-exec-6] s.w.s.m.m.a.RequestMappingHandlerMapping : Mapped to com.melilla.gestPlanes.controller.CiudadanoController#obtenerTrabajadorPorDNI(String)
2026-01-26T12:02:25.577+01:00 DEBUG 24840 --- [http-nio-9092-exec-6] s.w.s.m.m.a.RequestMappingHandlerMapping : Mapped to com.melilla.gestPlanes.controller.CiudadanoController#obtenerTrabajadorPorDNI(String)
2026-01-26T12:02:25.577+01:00 DEBUG 24840 --- [http-nio-9092-exec-6] s.w.s.m.m.a.RequestMappingHandlerMapping : Mapped to com.melilla.gestPlanes.controller.CiudadanoController#obtenerTrabajadorPorDNI(String)
2026-01-26T12:02:25.577+01:00 DEBUG 24840 --- [http-nio-9092-exec-6] s.w.s.m.m.a.RequestMappingHandlerMapping : Mapped to com.melilla.gestPlanes.controller.CiudadanoController#obtenerTrabajadorPorDNI(String)
2026-01-26T12:02:25.577+01:00 DEBUG 24840 --- [http-nio-9092-exec-6] o.s.web.servlet.DispatcherServlet        : GET "/trabajador/44034658P", parameters={}
2026-01-26T12:02:25.577+01:00 DEBUG 24840 --- [http-nio-9092-exec-6] s.w.s.m.m.a.RequestMappingHandlerMapping : Mapped to com.melilla.gestPlanes.controller.CiudadanoController#obtenerTrabajadorPorDNI(String)
2026-01-26T12:02:25.579+01:00  INFO 24840 --- [http-nio-9092-exec-6] c.m.g.service.impl.PlanServiceImpl       : obtenido el plan: 2024-2025
2026-01-26T12:02:25.579+01:00  INFO 24840 --- [http-nio-9092-exec-6] c.m.g.service.impl.PlanServiceImpl       : IdPlanTrabajo usuario logado: 120
2026-01-26T12:02:25.579+01:00  INFO 24840 --- [http-nio-9092-exec-6] c.m.g.service.impl.PlanServiceImpl       : IdPlanActivo: 11
2026-01-26T12:02:25.580+01:00  INFO 24840 --- [http-nio-9092-exec-6] c.m.g.service.impl.PlanServiceImpl       : Plan activo: 120 2025-2026
2026-01-26T12:02:25.582+01:00 DEBUG 24840 --- [http-nio-9092-exec-6] o.s.w.s.m.m.a.HttpEntityMethodProcessor  : Using 'application/json', given [application/json, text/plain, */*] and supported [application/json, application/*+json]
2026-01-26T12:02:25.582+01:00 DEBUG 24840 --- [http-nio-9092-exec-6] o.s.w.s.m.m.a.HttpEntityMethodProcessor  : Writing [ApiResponse(estado=null, payload=[], mensaje=null)]
2026-01-26T12:02:25.583+01:00 DEBUG 24840 --- [http-nio-9092-exec-6] o.s.web.servlet.DispatcherServlet        : Completed 200 OK
