2025-12-04T10:12:51.154+01:00  INFO 22172 --- [restartedMain] c.m.gestPlanes.GestPlanesApplication     : Starting GestPlanesApplication using Java 17.0.1 with PID 22172 (D:\proyectos\gestPlanes\target\classes started by juancarlos.pmera in D:\proyectos\gestPlanes)
2025-12-04T10:12:51.158+01:00  INFO 22172 --- [restartedMain] c.m.gestPlanes.GestPlanesApplication     : No active profile set, falling back to 1 default profile: "default"
2025-12-04T10:12:51.240+01:00  INFO 22172 --- [restartedMain] .e.DevToolsPropertyDefaultsPostProcessor : Devtools property defaults active! Set 'spring.devtools.add-properties' to 'false' to disable
2025-12-04T10:12:52.824+01:00  INFO 22172 --- [restartedMain] .s.d.r.c.RepositoryConfigurationDelegate : Bootstrapping Spring Data JPA repositories in DEFAULT mode.
2025-12-04T10:12:53.213+01:00  INFO 22172 --- [restartedMain] .s.d.r.c.RepositoryConfigurationDelegate : Finished Spring Data repository scanning in 377 ms. Found 24 JPA repository interfaceinterfaces.
2025-12-04T10:12:54.520+01:00  INFO 22172 --- [restartedMain] o.s.b.w.embedded.tomcat.TomcatWebServer  : Tomcat initialized with port(s): 9092 (http)
2025-12-04T10:12:54.534+01:00  INFO 22172 --- [restartedMain] o.apache.catalina.core.StandardService   : Starting service [Tomcat]
2025-12-04T10:12:54.535+01:00  INFO 22172 --- [restartedMain] o.apache.catalina.core.StandardEngine    : Starting Servlet engine: [Apache Tomcat/10.1.16]
2025-12-04T10:12:54.778+01:00  INFO 22172 --- [restartedMain] o.a.c.c.C.[Tomcat].[localhost].[/]       : Initializing Spring embedded WebApplicationContext
2025-12-04T10:12:54.778+01:00  INFO 22172 --- [restartedMain] w.s.c.ServletWebServerApplicationContext : Root WebApplicationContext: initialization completed in 3536 ms
2025-12-04T10:12:54.801+01:00 TRACE 22172 --- [restartedMain] o.s.b.w.s.ServletContextInitializerBeans : Added existing Filter initializer bean 'securityFilterChainRegistration'; order=-100, resource=class path resource [org/springframework/boot/autoconfigure/security/servlet/SecurityFilterAutoConfiguration.class]
2025-12-04T10:12:54.801+01:00 TRACE 22172 --- [restartedMain] o.s.b.w.s.ServletContextInitializerBeans : Added existing Servlet initializer bean 'dispatcherServletRegistration'; order=2147483647, resource=class path resource [org/springframework/boot/autoconfigure/web/servlet/DispatcherServletAutoConfiguration$DispatcherServletRegistrationConfiguration.class]
2025-12-04T10:12:56.645+01:00  INFO 22172 --- [restartedMain] o.hibernate.jpa.internal.util.LogHelper  : HHH000204: Processing PersistenceUnitInfo [name: default]
2025-12-04T10:12:56.737+01:00  INFO 22172 --- [restartedMain] org.hibernate.Version                    : HHH000412: Hibernate ORM core version 6.1.7.Final
2025-12-04T10:12:57.185+01:00  INFO 22172 --- [restartedMain] com.zaxxer.hikari.HikariDataSource       : HikariPool-1 - Starting...
2025-12-04T10:12:57.292+01:00  INFO 22172 --- [restartedMain] com.zaxxer.hikari.pool.HikariPool        : HikariPool-1 - Added connection org.mariadb.jdbc.Connection@4bab0706
2025-12-04T10:12:57.295+01:00  INFO 22172 --- [restartedMain] com.zaxxer.hikari.HikariDataSource       : HikariPool-1 - Start completed.
2025-12-04T10:12:57.361+01:00  INFO 22172 --- [restartedMain] SQL dialect                              : HHH000400: Using dialect: org.hibernate.dialect.MariaDBDialect
2025-12-04T10:12:57.415+01:00  INFO 22172 --- [restartedMain] o.h.e.boot.internal.EnversServiceImpl    : Envers integration enabled? : true
2025-12-04T10:12:57.928+01:00  INFO 22172 --- [restartedMain] o.h.e.c.i.m.AuditMetadataGenerator       : Adding properties for entity: com.melilla.gestPlanes.model.config.PlanConfig
2025-12-04T10:12:57.935+01:00  INFO 22172 --- [restartedMain] o.h.e.c.i.m.AuditMetadataGenerator       : Adding properties for entity: com.melilla.gestPlanes.model.Plan
2025-12-04T10:12:57.938+01:00  INFO 22172 --- [restartedMain] o.h.e.c.i.m.AuditMetadataGenerator       : Adding properties for entity: com.melilla.gestPlanes.model.SalarioDetalle
2025-12-04T10:12:57.939+01:00  INFO 22172 --- [restartedMain] o.h.e.c.i.m.AuditMetadataGenerator       : Adding properties for entity: com.melilla.gestPlanes.model.Contrato
2025-12-04T10:12:57.940+01:00  INFO 22172 --- [restartedMain] o.h.e.c.i.m.AuditMetadataGenerator       : Adding properties for entity: com.melilla.gestPlanes.model.NotaCiudadano
2025-12-04T10:12:57.941+01:00  INFO 22172 --- [restartedMain] o.h.e.c.i.m.AuditMetadataGenerator       : Adding properties for entity: com.melilla.gestPlanes.model.Documento
2025-12-04T10:12:57.945+01:00  INFO 22172 --- [restartedMain] o.h.e.c.i.m.AuditMetadataGenerator       : Adding properties for entity: com.melilla.gestPlanes.model.Ciudadano
2025-12-04T10:12:57.946+01:00  INFO 22172 --- [restartedMain] o.h.e.c.i.m.AuditMetadataGenerator       : Adding properties for entity: com.melilla.gestPlanes.model.config.PlantillaContratoConfig
2025-12-04T10:12:57.947+01:00  INFO 22172 --- [restartedMain] o.h.e.c.i.m.AuditMetadataGenerator       : Adding properties for entity: com.melilla.gestPlanes.model.Salario
2025-12-04T10:12:57.948+01:00  INFO 22172 --- [restartedMain] o.h.e.c.i.m.AuditMetadataGenerator       : Adding properties for entity: com.melilla.gestPlanes.model.DocumentoPlan
2025-12-04T10:12:57.960+01:00  INFO 22172 --- [restartedMain] .e.b.i.AdditionalJaxbMappingProducerImpl : Adding JAXB document mapping
2025-12-04T10:12:58.422+01:00  INFO 22172 --- [restartedMain] org.hibernate.envers.boot                : HHH90005601: Envers-generated HBM mapping...
<?xml version="1.0" encoding="UTF-8" standalone="yes"?>
<hibernate-mapping auto-import="false" xmlns="http://www.hibernate.org/xsd/orm/hbm">
    <class discriminator-value="PlanConfig" table="plan_config_AUD" entity-name="com.melilla.gestPlanes.model.config.PlanConfig_AUD" abstract="false">
        <composite-id name="originalId">
            <key-property name="idConfig">
                <column name="id_config"/>
                <type name="long">
                    <param name="org.hibernate.type.ParameterType.primaryKey">false</param>
                    <param name="org.hibernate.type.ParameterType.dynamic">true</param>
                    <param name="org.hibernate.type.ParameterType.returnedClass">java.lang.Long</param>
                    <param name="org.hibernate.type.ParameterType.accessType">field</param>
                    <param name="org.hibernate.type.ParameterType.entityClass">com.melilla.gestPlanes.model.config.PlanConfig</param>
                    <param name="org.hibernate.type.ParameterType.propertyName">idConfig</param>
                </type>
            </key-property>
            <key-many-to-one class="com.melilla.gestPlanes.envers.CustomRevisionEntity" name="REV">
                <column name="REV"/>
            </key-many-to-one>
        </composite-id>
        <property insert="true" name="REVTYPE" type="org.hibernate.envers.internal.entities.RevisionTypeType" update="false"/>
        <many-to-one class="com.melilla.gestPlanes.envers.CustomRevisionEntity" insert="true" name="REVEND" update="true">
            <column name="REVEND"/>
        </many-to-one>
        <property insert="true" name="REVEND_TSTMP" type="timestamp" update="true">
            <column name="REVEND_TSTMP"/>
        </property>
        <property insert="true" name="createdAt" update="false">
            <column name="created_at"/>
            <type name="LocalDateTime">
                <param name="org.hibernate.type.ParameterType.primaryKey">false</param>
                <param name="org.hibernate.type.ParameterType.dynamic">true</param>
                <param name="org.hibernate.type.ParameterType.returnedClass">java.time.LocalDateTime</param>
                <param name="org.hibernate.type.ParameterType.accessType">field</param>
                <param name="org.hibernate.type.ParameterType.entityClass">com.melilla.gestPlanes.model.config.PlanConfig</param>
                <param name="org.hibernate.type.ParameterType.propertyName">createdAt</param>
            </type>
        </property>
        <property insert="true" name="deleted" type="boolean" update="false">
            <column name="deleted"/>
        </property>
        <property insert="true" name="deletedAt" update="false">
            <column name="deleted_at"/>
            <type name="LocalDateTime">
                <param name="org.hibernate.type.ParameterType.primaryKey">false</param>
                <param name="org.hibernate.type.ParameterType.dynamic">true</param>
                <param name="org.hibernate.type.ParameterType.returnedClass">java.time.LocalDateTime</param>
                <param name="org.hibernate.type.ParameterType.accessType">field</param>
                <param name="org.hibernate.type.ParameterType.entityClass">com.melilla.gestPlanes.model.config.PlanConfig</param>
                <param name="org.hibernate.type.ParameterType.propertyName">deletedAt</param>
            </type>
        </property>
        <property insert="true" name="tempDir" update="false">
            <column name="temp_dir"/>
            <type name="string">
                <param name="org.hibernate.type.ParameterType.primaryKey">false</param>
                <param name="org.hibernate.type.ParameterType.dynamic">true</param>
                <param name="org.hibernate.type.ParameterType.returnedClass">java.lang.String</param>
                <param name="org.hibernate.type.ParameterType.accessType">field</param>
                <param name="org.hibernate.type.ParameterType.entityClass">com.melilla.gestPlanes.model.config.PlanConfig</param>
                <param name="org.hibernate.type.ParameterType.propertyName">tempDir</param>
            </type>
        </property>
        <property insert="true" name="templateDir" update="false">
            <column name="template_dir"/>
            <type name="string">
                <param name="org.hibernate.type.ParameterType.primaryKey">false</param>
                <param name="org.hibernate.type.ParameterType.dynamic">true</param>
                <param name="org.hibernate.type.ParameterType.returnedClass">java.lang.String</param>
                <param name="org.hibernate.type.ParameterType.accessType">field</param>
                <param name="org.hibernate.type.ParameterType.entityClass">com.melilla.gestPlanes.model.config.PlanConfig</param>
                <param name="org.hibernate.type.ParameterType.propertyName">templateDir</param>
            </type>
        </property>
        <property insert="true" name="trashcanDir" update="false">
            <column name="trashcan_dir"/>
            <type name="string">
                <param name="org.hibernate.type.ParameterType.primaryKey">false</param>
                <param name="org.hibernate.type.ParameterType.dynamic">true</param>
                <param name="org.hibernate.type.ParameterType.returnedClass">java.lang.String</param>
                <param name="org.hibernate.type.ParameterType.accessType">field</param>
                <param name="org.hibernate.type.ParameterType.entityClass">com.melilla.gestPlanes.model.config.PlanConfig</param>
                <param name="org.hibernate.type.ParameterType.propertyName">trashcanDir</param>
            </type>
        </property>
        <property insert="true" name="uploadDir" update="false">
            <column name="upload_dir"/>
            <type name="string">
                <param name="org.hibernate.type.ParameterType.primaryKey">false</param>
                <param name="org.hibernate.type.ParameterType.dynamic">true</param>
                <param name="org.hibernate.type.ParameterType.returnedClass">java.lang.String</param>
                <param name="org.hibernate.type.ParameterType.accessType">field</param>
                <param name="org.hibernate.type.ParameterType.entityClass">com.melilla.gestPlanes.model.config.PlanConfig</param>
                <param name="org.hibernate.type.ParameterType.propertyName">uploadDir</param>
            </type>
        </property>
    </class>
</hibernate-mapping>

2025-12-04T10:12:58.444+01:00  INFO 22172 --- [restartedMain] .e.b.i.AdditionalJaxbMappingProducerImpl : Adding JAXB document mapping
2025-12-04T10:12:58.526+01:00  INFO 22172 --- [restartedMain] org.hibernate.envers.boot                : HHH90005601: Envers-generated HBM mapping...
<?xml version="1.0" encoding="UTF-8" standalone="yes"?>
<hibernate-mapping auto-import="false" xmlns="http://www.hibernate.org/xsd/orm/hbm">
    <class discriminator-value="Plan" table="plan_AUD" entity-name="com.melilla.gestPlanes.model.Plan_AUD" abstract="false">
        <composite-id name="originalId">
            <key-property name="idPlan">
                <column name="id_plan"/>
                <type name="long">
                    <param name="org.hibernate.type.ParameterType.primaryKey">false</param>
                    <param name="org.hibernate.type.ParameterType.dynamic">true</param>
                    <param name="org.hibernate.type.ParameterType.returnedClass">java.lang.Long</param>
                    <param name="org.hibernate.type.ParameterType.accessType">field</param>
                    <param name="org.hibernate.type.ParameterType.entityClass">com.melilla.gestPlanes.model.Plan</param>
                    <param name="org.hibernate.type.ParameterType.propertyName">idPlan</param>
                </type>
            </key-property>
            <key-many-to-one class="com.melilla.gestPlanes.envers.CustomRevisionEntity" name="REV">
                <column name="REV"/>
            </key-many-to-one>
        </composite-id>
        <property insert="true" name="REVTYPE" type="org.hibernate.envers.internal.entities.RevisionTypeType" update="false"/>
        <many-to-one class="com.melilla.gestPlanes.envers.CustomRevisionEntity" insert="true" name="REVEND" update="true">
            <column name="REVEND"/>
        </many-to-one>
        <property insert="true" name="REVEND_TSTMP" type="timestamp" update="true">
            <column name="REVEND_TSTMP"/>
        </property>
        <property insert="true" name="activo" type="boolean" update="false">
            <column name="activo"/>
        </property>
        <property insert="true" name="createdAt" update="false">
            <column name="created_at"/>
            <type name="LocalDateTime">
                <param name="org.hibernate.type.ParameterType.primaryKey">false</param>
                <param name="org.hibernate.type.ParameterType.dynamic">true</param>
                <param name="org.hibernate.type.ParameterType.returnedClass">java.time.LocalDateTime</param>
                <param name="org.hibernate.type.ParameterType.accessType">field</param>
                <param name="org.hibernate.type.ParameterType.entityClass">com.melilla.gestPlanes.model.Plan</param>
                <param name="org.hibernate.type.ParameterType.propertyName">createdAt</param>
            </type>
        </property>
        <property insert="true" name="deleted" type="boolean" update="false">
            <column name="deleted"/>
        </property>
        <property insert="true" name="deletedAt" update="false">
            <column name="deleted_at"/>
            <type name="LocalDateTime">
                <param name="org.hibernate.type.ParameterType.primaryKey">false</param>
                <param name="org.hibernate.type.ParameterType.dynamic">true</param>
                <param name="org.hibernate.type.ParameterType.returnedClass">java.time.LocalDateTime</param>
                <param name="org.hibernate.type.ParameterType.accessType">field</param>
                <param name="org.hibernate.type.ParameterType.entityClass">com.melilla.gestPlanes.model.Plan</param>
                <param name="org.hibernate.type.ParameterType.propertyName">deletedAt</param>
            </type>
        </property>
        <property insert="true" name="denominacion" update="false">
            <column name="denominacion"/>
            <type name="string">
                <param name="org.hibernate.type.ParameterType.primaryKey">false</param>
                <param name="org.hibernate.type.ParameterType.dynamic">true</param>
                <param name="org.hibernate.type.ParameterType.returnedClass">java.lang.String</param>
                <param name="org.hibernate.type.ParameterType.accessType">field</param>
                <param name="org.hibernate.type.ParameterType.entityClass">com.melilla.gestPlanes.model.Plan</param>
                <param name="org.hibernate.type.ParameterType.propertyName">denominacion</param>
            </type>
        </property>
        <property insert="true" name="config_idConfig" update="false">
            <column name="config_id"/>
            <type name="long">
                <param name="org.hibernate.type.ParameterType.primaryKey">false</param>
                <param name="org.hibernate.type.ParameterType.dynamic">true</param>
                <param name="org.hibernate.type.ParameterType.returnedClass">java.lang.Long</param>
                <param name="org.hibernate.type.ParameterType.accessType">field</param>
                <param name="org.hibernate.type.ParameterType.entityClass">com.melilla.gestPlanes.model.config.PlanConfig</param>
                <param name="org.hibernate.type.ParameterType.propertyName">idConfig</param>
            </type>
        </property>
    </class>
</hibernate-mapping>

2025-12-04T10:12:58.526+01:00  INFO 22172 --- [restartedMain] .e.b.i.AdditionalJaxbMappingProducerImpl : Adding JAXB document mapping
2025-12-04T10:12:58.599+01:00  INFO 22172 --- [restartedMain] org.hibernate.envers.boot                : HHH90005601: Envers-generated HBM mapping...
<?xml version="1.0" encoding="UTF-8" standalone="yes"?>
<hibernate-mapping auto-import="false" xmlns="http://www.hibernate.org/xsd/orm/hbm">
    <class discriminator-value="SalarioDetalle" table="salario_detalle_AUD" entity-name="com.melilla.gestPlanes.model.SalarioDetalle_AUD" abstract="false">
        <composite-id name="originalId">
            <key-property name="idSalarioDetalle" type="long">
                <column name="id_salario_detalle"/>
            </key-property>
            <key-many-to-one class="com.melilla.gestPlanes.envers.CustomRevisionEntity" name="REV">
                <column name="REV"/>
            </key-many-to-one>
        </composite-id>
        <property insert="true" name="REVTYPE" type="org.hibernate.envers.internal.entities.RevisionTypeType" update="false"/>
        <many-to-one class="com.melilla.gestPlanes.envers.CustomRevisionEntity" insert="true" name="REVEND" update="true">
            <column name="REVEND"/>
        </many-to-one>
        <property insert="true" name="REVEND_TSTMP" type="timestamp" update="true">
            <column name="REVEND_TSTMP"/>
        </property>
        <property insert="true" name="base" update="false">
            <column name="base"/>
            <type name="string">
                <param name="org.hibernate.type.ParameterType.primaryKey">false</param>
                <param name="org.hibernate.type.ParameterType.dynamic">true</param>
                <param name="org.hibernate.type.ParameterType.returnedClass">java.lang.String</param>
                <param name="org.hibernate.type.ParameterType.accessType">field</param>
                <param name="org.hibernate.type.ParameterType.entityClass">com.melilla.gestPlanes.model.SalarioDetalle</param>
                <param name="org.hibernate.type.ParameterType.propertyName">base</param>
            </type>
        </property>
        <property insert="true" name="createdAt" update="false">
            <column name="created_at"/>
            <type name="LocalDateTime">
                <param name="org.hibernate.type.ParameterType.primaryKey">false</param>
                <param name="org.hibernate.type.ParameterType.dynamic">true</param>
                <param name="org.hibernate.type.ParameterType.returnedClass">java.time.LocalDateTime</param>
                <param name="org.hibernate.type.ParameterType.accessType">field</param>
                <param name="org.hibernate.type.ParameterType.entityClass">com.melilla.gestPlanes.model.SalarioDetalle</param>
                <param name="org.hibernate.type.ParameterType.propertyName">createdAt</param>
            </type>
        </property>
        <property insert="true" name="deleted" type="boolean" update="false">
            <column name="deleted"/>
        </property>
        <property insert="true" name="deletedAt" update="false">
            <column name="deleted_at"/>
            <type name="LocalDateTime">
                <param name="org.hibernate.type.ParameterType.primaryKey">false</param>
                <param name="org.hibernate.type.ParameterType.dynamic">true</param>
                <param name="org.hibernate.type.ParameterType.returnedClass">java.time.LocalDateTime</param>
                <param name="org.hibernate.type.ParameterType.accessType">field</param>
                <param name="org.hibernate.type.ParameterType.entityClass">com.melilla.gestPlanes.model.SalarioDetalle</param>
                <param name="org.hibernate.type.ParameterType.propertyName">deletedAt</param>
            </type>
        </property>
        <property insert="true" name="grupo" type="integer" update="false">
            <column name="grupo"/>
        </property>
        <property insert="true" name="prorrata" update="false">
            <column name="prorrata"/>
            <type name="string">
                <param name="org.hibernate.type.ParameterType.primaryKey">false</param>
                <param name="org.hibernate.type.ParameterType.dynamic">true</param>
                <param name="org.hibernate.type.ParameterType.returnedClass">java.lang.String</param>
                <param name="org.hibernate.type.ParameterType.accessType">field</param>
                <param name="org.hibernate.type.ParameterType.entityClass">com.melilla.gestPlanes.model.SalarioDetalle</param>
                <param name="org.hibernate.type.ParameterType.propertyName">prorrata</param>
            </type>
        </property>
        <property insert="true" name="residencia" update="false">
            <column name="residencia"/>
            <type name="string">
                <param name="org.hibernate.type.ParameterType.primaryKey">false</param>
                <param name="org.hibernate.type.ParameterType.dynamic">true</param>
                <param name="org.hibernate.type.ParameterType.returnedClass">java.lang.String</param>
                <param name="org.hibernate.type.ParameterType.accessType">field</param>
                <param name="org.hibernate.type.ParameterType.entityClass">com.melilla.gestPlanes.model.SalarioDetalle</param>
                <param name="org.hibernate.type.ParameterType.propertyName">residencia</param>
            </type>
        </property>
        <property insert="true" name="total" update="false">
            <column name="total"/>
            <type name="string">
                <param name="org.hibernate.type.ParameterType.primaryKey">false</param>
                <param name="org.hibernate.type.ParameterType.dynamic">true</param>
                <param name="org.hibernate.type.ParameterType.returnedClass">java.lang.String</param>
                <param name="org.hibernate.type.ParameterType.accessType">field</param>
                <param name="org.hibernate.type.ParameterType.entityClass">com.melilla.gestPlanes.model.SalarioDetalle</param>
                <param name="org.hibernate.type.ParameterType.propertyName">total</param>
            </type>
        </property>
        <property insert="true" name="salario_idSalario" update="false">
            <column name="id_salario"/>
            <type name="long">
                <param name="org.hibernate.type.ParameterType.primaryKey">false</param>
                <param name="org.hibernate.type.ParameterType.dynamic">true</param>
                <param name="org.hibernate.type.ParameterType.returnedClass">java.lang.Long</param>
                <param name="org.hibernate.type.ParameterType.accessType">field</param>
                <param name="org.hibernate.type.ParameterType.entityClass">com.melilla.gestPlanes.model.Salario</param>
                <param name="org.hibernate.type.ParameterType.propertyName">idSalario</param>
            </type>
        </property>
    </class>
</hibernate-mapping>

2025-12-04T10:12:58.600+01:00  INFO 22172 --- [restartedMain] .e.b.i.AdditionalJaxbMappingProducerImpl : Adding JAXB document mapping
2025-12-04T10:12:58.662+01:00  INFO 22172 --- [restartedMain] org.hibernate.envers.boot                : HHH90005601: Envers-generated HBM mapping...
<?xml version="1.0" encoding="UTF-8" standalone="yes"?>
<hibernate-mapping auto-import="false" xmlns="http://www.hibernate.org/xsd/orm/hbm">
    <class discriminator-value="Contrato" table="contrato_AUD" entity-name="com.melilla.gestPlanes.model.Contrato_AUD" abstract="false">
        <composite-id name="originalId">
            <key-property name="idContrato">
                <column name="id_contrato"/>
                <type name="long">
                    <param name="org.hibernate.type.ParameterType.primaryKey">false</param>
                    <param name="org.hibernate.type.ParameterType.dynamic">true</param>
                    <param name="org.hibernate.type.ParameterType.returnedClass">java.lang.Long</param>
                    <param name="org.hibernate.type.ParameterType.accessType">field</param>
                    <param name="org.hibernate.type.ParameterType.entityClass">com.melilla.gestPlanes.model.Contrato</param>
                    <param name="org.hibernate.type.ParameterType.propertyName">idContrato</param>
                </type>
            </key-property>
            <key-many-to-one class="com.melilla.gestPlanes.envers.CustomRevisionEntity" name="REV">
                <column name="REV"/>
            </key-many-to-one>
        </composite-id>
        <property insert="true" name="REVTYPE" type="org.hibernate.envers.internal.entities.RevisionTypeType" update="false"/>
        <many-to-one class="com.melilla.gestPlanes.envers.CustomRevisionEntity" insert="true" name="REVEND" update="true">
            <column name="REVEND"/>
        </many-to-one>
        <property insert="true" name="REVEND_TSTMP" type="timestamp" update="true">
            <column name="REVEND_TSTMP"/>
        </property>
        <property insert="true" name="activo" type="boolean" update="false">
            <column name="activo"/>
        </property>
        <property insert="true" name="base" update="false">
            <column name="base"/>
            <type name="string">
                <param name="org.hibernate.type.ParameterType.primaryKey">false</param>
                <param name="org.hibernate.type.ParameterType.dynamic">true</param>
                <param name="org.hibernate.type.ParameterType.returnedClass">java.lang.String</param>
                <param name="org.hibernate.type.ParameterType.accessType">field</param>
                <param name="org.hibernate.type.ParameterType.entityClass">com.melilla.gestPlanes.model.Contrato</param>
                <param name="org.hibernate.type.ParameterType.propertyName">base</param>
            </type>
        </property>
        <property insert="true" name="createdAt" update="false">
            <column name="created_at"/>
            <type name="LocalDateTime">
                <param name="org.hibernate.type.ParameterType.primaryKey">false</param>
                <param name="org.hibernate.type.ParameterType.dynamic">true</param>
                <param name="org.hibernate.type.ParameterType.returnedClass">java.time.LocalDateTime</param>
                <param name="org.hibernate.type.ParameterType.accessType">field</param>
                <param name="org.hibernate.type.ParameterType.entityClass">com.melilla.gestPlanes.model.Contrato</param>
                <param name="org.hibernate.type.ParameterType.propertyName">createdAt</param>
            </type>
        </property>
        <property insert="true" name="deleted" type="boolean" update="false">
            <column name="deleted"/>
        </property>
        <property insert="true" name="deletedAt" update="false">
            <column name="deleted_at"/>
            <type name="LocalDateTime">
                <param name="org.hibernate.type.ParameterType.primaryKey">false</param>
                <param name="org.hibernate.type.ParameterType.dynamic">true</param>
                <param name="org.hibernate.type.ParameterType.returnedClass">java.time.LocalDateTime</param>
                <param name="org.hibernate.type.ParameterType.accessType">field</param>
                <param name="org.hibernate.type.ParameterType.entityClass">com.melilla.gestPlanes.model.Contrato</param>
                <param name="org.hibernate.type.ParameterType.propertyName">deletedAt</param>
            </type>
        </property>
        <property insert="true" name="diasVacaciones" type="integer" update="false">
            <column name="dias_vacaciones"/>
        </property>
        <property insert="true" name="duracion" type="integer" update="false">
            <column name="duracion"/>
        </property>
        <property insert="true" name="fechaExtincion" update="false">
            <column name="fecha_extincion"/>
            <type name="LocalDate">
                <param name="org.hibernate.type.ParameterType.primaryKey">false</param>
                <param name="org.hibernate.type.ParameterType.dynamic">true</param>
                <param name="org.hibernate.type.ParameterType.returnedClass">java.time.LocalDate</param>
                <param name="org.hibernate.type.ParameterType.accessType">field</param>
                <param name="org.hibernate.type.ParameterType.entityClass">com.melilla.gestPlanes.model.Contrato</param>
                <param name="org.hibernate.type.ParameterType.propertyName">fechaExtincion</param>
            </type>
        </property>
        <property insert="true" name="fechaFinal" update="false">
            <column name="fecha_final"/>
            <type name="LocalDate">
                <param name="org.hibernate.type.ParameterType.primaryKey">false</param>
                <param name="org.hibernate.type.ParameterType.dynamic">true</param>
                <param name="org.hibernate.type.ParameterType.returnedClass">java.time.LocalDate</param>
                <param name="org.hibernate.type.ParameterType.accessType">field</param>
                <param name="org.hibernate.type.ParameterType.entityClass">com.melilla.gestPlanes.model.Contrato</param>
                <param name="org.hibernate.type.ParameterType.propertyName">fechaFinal</param>
            </type>
        </property>
        <property insert="true" name="fechaInicio" update="false">
            <column name="fecha_inicio"/>
            <type name="LocalDate">
                <param name="org.hibernate.type.ParameterType.primaryKey">false</param>
                <param name="org.hibernate.type.ParameterType.dynamic">true</param>
                <param name="org.hibernate.type.ParameterType.returnedClass">java.time.LocalDate</param>
                <param name="org.hibernate.type.ParameterType.accessType">field</param>
                <param name="org.hibernate.type.ParameterType.entityClass">com.melilla.gestPlanes.model.Contrato</param>
                <param name="org.hibernate.type.ParameterType.propertyName">fechaInicio</param>
            </type>
        </property>
        <property insert="true" name="gc" update="false">
            <column name="gc"/>
            <type name="string">
                <param name="org.hibernate.type.ParameterType.primaryKey">false</param>
                <param name="org.hibernate.type.ParameterType.dynamic">true</param>
                <param name="org.hibernate.type.ParameterType.returnedClass">java.lang.String</param>
                <param name="org.hibernate.type.ParameterType.accessType">field</param>
                <param name="org.hibernate.type.ParameterType.entityClass">com.melilla.gestPlanes.model.Contrato</param>
                <param name="org.hibernate.type.ParameterType.propertyName">gc</param>
            </type>
        </property>
        <property insert="true" name="porcentajeHoras" update="false">
            <column name="porcentaje_horas"/>
            <type name="string">
                <param name="org.hibernate.type.ParameterType.primaryKey">false</param>
                <param name="org.hibernate.type.ParameterType.dynamic">true</param>
                <param name="org.hibernate.type.ParameterType.returnedClass">java.lang.String</param>
                <param name="org.hibernate.type.ParameterType.accessType">field</param>
                <param name="org.hibernate.type.ParameterType.entityClass">com.melilla.gestPlanes.model.Contrato</param>
                <param name="org.hibernate.type.ParameterType.propertyName">porcentajeHoras</param>
            </type>
        </property>
        <property insert="true" name="prorratas" update="false">
            <column name="prorratas"/>
            <type name="string">
                <param name="org.hibernate.type.ParameterType.primaryKey">false</param>
                <param name="org.hibernate.type.ParameterType.dynamic">true</param>
                <param name="org.hibernate.type.ParameterType.returnedClass">java.lang.String</param>
                <param name="org.hibernate.type.ParameterType.accessType">field</param>
                <param name="org.hibernate.type.ParameterType.entityClass">com.melilla.gestPlanes.model.Contrato</param>
                <param name="org.hibernate.type.ParameterType.propertyName">prorratas</param>
            </type>
        </property>
        <property insert="true" name="residencia" update="false">
            <column name="residencia"/>
            <type name="string">
                <param name="org.hibernate.type.ParameterType.primaryKey">false</param>
                <param name="org.hibernate.type.ParameterType.dynamic">true</param>
                <param name="org.hibernate.type.ParameterType.returnedClass">java.lang.String</param>
                <param name="org.hibernate.type.ParameterType.accessType">field</param>
                <param name="org.hibernate.type.ParameterType.entityClass">com.melilla.gestPlanes.model.Contrato</param>
                <param name="org.hibernate.type.ParameterType.propertyName">residencia</param>
            </type>
        </property>
        <property insert="true" name="total" update="false">
            <column name="total"/>
            <type name="string">
                <param name="org.hibernate.type.ParameterType.primaryKey">false</param>
                <param name="org.hibernate.type.ParameterType.dynamic">true</param>
                <param name="org.hibernate.type.ParameterType.returnedClass">java.lang.String</param>
                <param name="org.hibernate.type.ParameterType.accessType">field</param>
                <param name="org.hibernate.type.ParameterType.entityClass">com.melilla.gestPlanes.model.Contrato</param>
                <param name="org.hibernate.type.ParameterType.propertyName">total</param>
            </type>
        </property>
        <property insert="true" name="turno" update="false">
            <column name="turno"/>
            <type name="string">
                <param name="org.hibernate.type.ParameterType.primaryKey">false</param>
                <param name="org.hibernate.type.ParameterType.dynamic">true</param>
                <param name="org.hibernate.type.ParameterType.returnedClass">java.lang.String</param>
                <param name="org.hibernate.type.ParameterType.accessType">field</param>
                <param name="org.hibernate.type.ParameterType.entityClass">com.melilla.gestPlanes.model.Contrato</param>
                <param name="org.hibernate.type.ParameterType.propertyName">turno</param>
            </type>
        </property>
        <property insert="true" name="ciudadano_idCiudadano" update="false">
            <column name="id_ciudadano"/>
            <type name="long">
                <param name="org.hibernate.type.ParameterType.primaryKey">false</param>
                <param name="org.hibernate.type.ParameterType.dynamic">true</param>
                <param name="org.hibernate.type.ParameterType.returnedClass">java.lang.Long</param>
                <param name="org.hibernate.type.ParameterType.accessType">field</param>
                <param name="org.hibernate.type.ParameterType.entityClass">com.melilla.gestPlanes.model.Ciudadano</param>
                <param name="org.hibernate.type.ParameterType.propertyName">idCiudadano</param>
            </type>
        </property>
        <property insert="true" name="salario_idSalario" update="false">
            <column name="id_salario"/>
            <type name="long">
                <param name="org.hibernate.type.ParameterType.primaryKey">false</param>
                <param name="org.hibernate.type.ParameterType.dynamic">true</param>
                <param name="org.hibernate.type.ParameterType.returnedClass">java.lang.Long</param>
                <param name="org.hibernate.type.ParameterType.accessType">field</param>
                <param name="org.hibernate.type.ParameterType.entityClass">com.melilla.gestPlanes.model.Salario</param>
                <param name="org.hibernate.type.ParameterType.propertyName">idSalario</param>
            </type>
        </property>
    </class>
</hibernate-mapping>

2025-12-04T10:12:58.665+01:00  INFO 22172 --- [restartedMain] .e.b.i.AdditionalJaxbMappingProducerImpl : Adding JAXB document mapping
2025-12-04T10:12:58.743+01:00  INFO 22172 --- [restartedMain] org.hibernate.envers.boot                : HHH90005601: Envers-generated HBM mapping...
<?xml version="1.0" encoding="UTF-8" standalone="yes"?>
<hibernate-mapping auto-import="false" xmlns="http://www.hibernate.org/xsd/orm/hbm">
    <class discriminator-value="NotaCiudadano" table="nota_ciudadano_AUD" entity-name="com.melilla.gestPlanes.model.NotaCiudadano_AUD" abstract="false">
        <composite-id name="originalId">
            <key-property name="idNota">
                <column name="id_nota"/>
                <type name="long">
                    <param name="org.hibernate.type.ParameterType.primaryKey">false</param>
                    <param name="org.hibernate.type.ParameterType.dynamic">true</param>
                    <param name="org.hibernate.type.ParameterType.returnedClass">java.lang.Long</param>
                    <param name="org.hibernate.type.ParameterType.accessType">field</param>
                    <param name="org.hibernate.type.ParameterType.entityClass">com.melilla.gestPlanes.model.NotaCiudadano</param>
                    <param name="org.hibernate.type.ParameterType.propertyName">idNota</param>
                </type>
            </key-property>
            <key-many-to-one class="com.melilla.gestPlanes.envers.CustomRevisionEntity" name="REV">
                <column name="REV"/>
            </key-many-to-one>
        </composite-id>
        <property insert="true" name="REVTYPE" type="org.hibernate.envers.internal.entities.RevisionTypeType" update="false"/>
        <many-to-one class="com.melilla.gestPlanes.envers.CustomRevisionEntity" insert="true" name="REVEND" update="true">
            <column name="REVEND"/>
        </many-to-one>
        <property insert="true" name="REVEND_TSTMP" type="timestamp" update="true">
            <column name="REVEND_TSTMP"/>
        </property>
        <property insert="true" name="asunto" update="false">
            <column name="asunto"/>
            <type name="string">
                <param name="org.hibernate.type.ParameterType.primaryKey">false</param>
                <param name="org.hibernate.type.ParameterType.dynamic">true</param>
                <param name="org.hibernate.type.ParameterType.returnedClass">java.lang.String</param>
                <param name="org.hibernate.type.ParameterType.accessType">field</param>
                <param name="org.hibernate.type.ParameterType.entityClass">com.melilla.gestPlanes.model.NotaCiudadano</param>
                <param name="org.hibernate.type.ParameterType.propertyName">asunto</param>
            </type>
        </property>
        <property insert="true" name="createdAt" update="false">
            <column name="created_at"/>
            <type name="LocalDateTime">
                <param name="org.hibernate.type.ParameterType.primaryKey">false</param>
                <param name="org.hibernate.type.ParameterType.dynamic">true</param>
                <param name="org.hibernate.type.ParameterType.returnedClass">java.time.LocalDateTime</param>
                <param name="org.hibernate.type.ParameterType.accessType">field</param>
                <param name="org.hibernate.type.ParameterType.entityClass">com.melilla.gestPlanes.model.NotaCiudadano</param>
                <param name="org.hibernate.type.ParameterType.propertyName">createdAt</param>
            </type>
        </property>
        <property insert="true" name="deleted" type="boolean" update="false">
            <column name="deleted"/>
        </property>
        <property insert="true" name="deletedAt" update="false">
            <column name="deleted_at"/>
            <type name="LocalDateTime">
                <param name="org.hibernate.type.ParameterType.primaryKey">false</param>
                <param name="org.hibernate.type.ParameterType.dynamic">true</param>
                <param name="org.hibernate.type.ParameterType.returnedClass">java.time.LocalDateTime</param>
                <param name="org.hibernate.type.ParameterType.accessType">field</param>
                <param name="org.hibernate.type.ParameterType.entityClass">com.melilla.gestPlanes.model.NotaCiudadano</param>
                <param name="org.hibernate.type.ParameterType.propertyName">deletedAt</param>
            </type>
        </property>
        <property insert="true" name="fechaNota" update="false">
            <column name="fecha_nota"/>
            <type name="LocalDate">
                <param name="org.hibernate.type.ParameterType.primaryKey">false</param>
                <param name="org.hibernate.type.ParameterType.dynamic">true</param>
                <param name="org.hibernate.type.ParameterType.returnedClass">java.time.LocalDate</param>
                <param name="org.hibernate.type.ParameterType.accessType">field</param>
                <param name="org.hibernate.type.ParameterType.entityClass">com.melilla.gestPlanes.model.NotaCiudadano</param>
                <param name="org.hibernate.type.ParameterType.propertyName">fechaNota</param>
            </type>
        </property>
        <property insert="true" name="nota" update="false">
            <column name="nota"/>
            <type name="string">
                <param name="org.hibernate.type.ParameterType.primaryKey">false</param>
                <param name="org.hibernate.type.ParameterType.dynamic">true</param>
                <param name="org.hibernate.type.ParameterType.returnedClass">java.lang.String</param>
                <param name="org.hibernate.type.ParameterType.accessType">field</param>
                <param name="org.hibernate.type.ParameterType.entityClass">com.melilla.gestPlanes.model.NotaCiudadano</param>
                <param name="org.hibernate.type.ParameterType.propertyName">nota</param>
            </type>
        </property>
        <property insert="true" name="pinned" type="boolean" update="false">
            <column name="pinned"/>
        </property>
        <property insert="true" name="ciudadano_idCiudadano" update="false">
            <column name="id_ciudadano"/>
            <type name="long">
                <param name="org.hibernate.type.ParameterType.primaryKey">false</param>
                <param name="org.hibernate.type.ParameterType.dynamic">true</param>
                <param name="org.hibernate.type.ParameterType.returnedClass">java.lang.Long</param>
                <param name="org.hibernate.type.ParameterType.accessType">field</param>
                <param name="org.hibernate.type.ParameterType.entityClass">com.melilla.gestPlanes.model.Ciudadano</param>
                <param name="org.hibernate.type.ParameterType.propertyName">idCiudadano</param>
            </type>
        </property>
    </class>
</hibernate-mapping>

2025-12-04T10:12:58.744+01:00  INFO 22172 --- [restartedMain] .e.b.i.AdditionalJaxbMappingProducerImpl : Adding JAXB document mapping
2025-12-04T10:12:58.798+01:00  INFO 22172 --- [restartedMain] org.hibernate.envers.boot                : HHH90005601: Envers-generated HBM mapping...
<?xml version="1.0" encoding="UTF-8" standalone="yes"?>
<hibernate-mapping auto-import="false" xmlns="http://www.hibernate.org/xsd/orm/hbm">
    <class discriminator-value="Documento" table="documento_AUD" entity-name="com.melilla.gestPlanes.model.Documento_AUD" abstract="false">
        <composite-id name="originalId">
            <key-property name="idDocumento">
                <column name="id_documento"/>
                <type name="long">
                    <param name="org.hibernate.type.ParameterType.primaryKey">false</param>
                    <param name="org.hibernate.type.ParameterType.dynamic">true</param>
                    <param name="org.hibernate.type.ParameterType.returnedClass">java.lang.Long</param>
                    <param name="org.hibernate.type.ParameterType.accessType">field</param>
                    <param name="org.hibernate.type.ParameterType.entityClass">com.melilla.gestPlanes.model.Documento</param>
                    <param name="org.hibernate.type.ParameterType.propertyName">idDocumento</param>
                </type>
            </key-property>
            <key-many-to-one class="com.melilla.gestPlanes.envers.CustomRevisionEntity" name="REV">
                <column name="REV"/>
            </key-many-to-one>
        </composite-id>
        <property insert="true" name="REVTYPE" type="org.hibernate.envers.internal.entities.RevisionTypeType" update="false"/>
        <many-to-one class="com.melilla.gestPlanes.envers.CustomRevisionEntity" insert="true" name="REVEND" update="true">
            <column name="REVEND"/>
        </many-to-one>
        <property insert="true" name="REVEND_TSTMP" type="timestamp" update="true">
            <column name="REVEND_TSTMP"/>
        </property>
        <property insert="true" name="createdAt" update="false">
            <column name="created_at"/>
            <type name="LocalDateTime">
                <param name="org.hibernate.type.ParameterType.primaryKey">false</param>
                <param name="org.hibernate.type.ParameterType.dynamic">true</param>
                <param name="org.hibernate.type.ParameterType.returnedClass">java.time.LocalDateTime</param>
                <param name="org.hibernate.type.ParameterType.accessType">field</param>
                <param name="org.hibernate.type.ParameterType.entityClass">com.melilla.gestPlanes.model.Documento</param>
                <param name="org.hibernate.type.ParameterType.propertyName">createdAt</param>
            </type>
        </property>
        <property insert="true" name="deleted" type="boolean" update="false">
            <column name="deleted"/>
        </property>
        <property insert="true" name="deletedAt" update="false">
            <column name="deleted_at"/>
            <type name="LocalDateTime">
                <param name="org.hibernate.type.ParameterType.primaryKey">false</param>
                <param name="org.hibernate.type.ParameterType.dynamic">true</param>
                <param name="org.hibernate.type.ParameterType.returnedClass">java.time.LocalDateTime</param>
                <param name="org.hibernate.type.ParameterType.accessType">field</param>
                <param name="org.hibernate.type.ParameterType.entityClass">com.melilla.gestPlanes.model.Documento</param>
                <param name="org.hibernate.type.ParameterType.propertyName">deletedAt</param>
            </type>
        </property>
        <property insert="true" name="nombre" update="false">
            <column name="nombre"/>
            <type name="string">
                <param name="org.hibernate.type.ParameterType.primaryKey">false</param>
                <param name="org.hibernate.type.ParameterType.dynamic">true</param>
                <param name="org.hibernate.type.ParameterType.returnedClass">java.lang.String</param>
                <param name="org.hibernate.type.ParameterType.accessType">field</param>
                <param name="org.hibernate.type.ParameterType.entityClass">com.melilla.gestPlanes.model.Documento</param>
                <param name="org.hibernate.type.ParameterType.propertyName">nombre</param>
            </type>
        </property>
        <property insert="true" name="observaciones" update="false">
            <column name="observaciones"/>
            <type name="string">
                <param name="org.hibernate.type.ParameterType.primaryKey">false</param>
                <param name="org.hibernate.type.ParameterType.dynamic">true</param>
                <param name="org.hibernate.type.ParameterType.returnedClass">java.lang.String</param>
                <param name="org.hibernate.type.ParameterType.accessType">field</param>
                <param name="org.hibernate.type.ParameterType.entityClass">com.melilla.gestPlanes.model.Documento</param>
                <param name="org.hibernate.type.ParameterType.propertyName">observaciones</param>
            </type>
        </property>
        <property insert="true" name="ruta" update="false">
            <column name="ruta"/>
            <type name="string">
                <param name="org.hibernate.type.ParameterType.primaryKey">false</param>
                <param name="org.hibernate.type.ParameterType.dynamic">true</param>
                <param name="org.hibernate.type.ParameterType.returnedClass">java.lang.String</param>
                <param name="org.hibernate.type.ParameterType.accessType">field</param>
                <param name="org.hibernate.type.ParameterType.entityClass">com.melilla.gestPlanes.model.Documento</param>
                <param name="org.hibernate.type.ParameterType.propertyName">ruta</param>
            </type>
        </property>
        <property insert="true" name="tipo" update="false">
            <column name="tipo"/>
            <type name="string">
                <param name="org.hibernate.type.ParameterType.primaryKey">false</param>
                <param name="org.hibernate.type.ParameterType.dynamic">true</param>
                <param name="org.hibernate.type.ParameterType.returnedClass">java.lang.String</param>
                <param name="org.hibernate.type.ParameterType.accessType">field</param>
                <param name="org.hibernate.type.ParameterType.entityClass">com.melilla.gestPlanes.model.Documento</param>
                <param name="org.hibernate.type.ParameterType.propertyName">tipo</param>
            </type>
        </property>
        <property insert="true" name="ciudadano_idCiudadano" update="false">
            <column name="id_ciudadano"/>
            <type name="long">
                <param name="org.hibernate.type.ParameterType.primaryKey">false</param>
                <param name="org.hibernate.type.ParameterType.dynamic">true</param>
                <param name="org.hibernate.type.ParameterType.returnedClass">java.lang.Long</param>
                <param name="org.hibernate.type.ParameterType.accessType">field</param>
                <param name="org.hibernate.type.ParameterType.entityClass">com.melilla.gestPlanes.model.Ciudadano</param>
                <param name="org.hibernate.type.ParameterType.propertyName">idCiudadano</param>
            </type>
        </property>
    </class>
</hibernate-mapping>

2025-12-04T10:12:58.799+01:00  INFO 22172 --- [restartedMain] .e.b.i.AdditionalJaxbMappingProducerImpl : Adding JAXB document mapping
2025-12-04T10:12:58.854+01:00  INFO 22172 --- [restartedMain] org.hibernate.envers.boot                : HHH90005601: Envers-generated HBM mapping...
<?xml version="1.0" encoding="UTF-8" standalone="yes"?>
<hibernate-mapping auto-import="false" xmlns="http://www.hibernate.org/xsd/orm/hbm">
    <class discriminator-value="Ciudadano" table="ciudadano_AUD" entity-name="com.melilla.gestPlanes.model.Ciudadano_AUD" abstract="false">
        <composite-id name="originalId">
            <key-property name="idCiudadano">
                <column name="id_ciudadano"/>
                <type name="long">
                    <param name="org.hibernate.type.ParameterType.primaryKey">false</param>
                    <param name="org.hibernate.type.ParameterType.dynamic">true</param>
                    <param name="org.hibernate.type.ParameterType.returnedClass">java.lang.Long</param>
                    <param name="org.hibernate.type.ParameterType.accessType">field</param>
                    <param name="org.hibernate.type.ParameterType.entityClass">com.melilla.gestPlanes.model.Ciudadano</param>
                    <param name="org.hibernate.type.ParameterType.propertyName">idCiudadano</param>
                </type>
            </key-property>
            <key-many-to-one class="com.melilla.gestPlanes.envers.CustomRevisionEntity" name="REV">
                <column name="REV"/>
            </key-many-to-one>
        </composite-id>
        <property insert="true" name="REVTYPE" type="org.hibernate.envers.internal.entities.RevisionTypeType" update="false"/>
        <many-to-one class="com.melilla.gestPlanes.envers.CustomRevisionEntity" insert="true" name="REVEND" update="true">
            <column name="REVEND"/>
        </many-to-one>
        <property insert="true" name="REVEND_TSTMP" type="timestamp" update="true">
            <column name="REVEND_TSTMP"/>
        </property>
        <property insert="true" name="DNI" update="false">
            <column name="dni"/>
            <type name="string">
                <param name="org.hibernate.type.ParameterType.primaryKey">false</param>
                <param name="org.hibernate.type.ParameterType.dynamic">true</param>
                <param name="org.hibernate.type.ParameterType.returnedClass">java.lang.String</param>
                <param name="org.hibernate.type.ParameterType.accessType">field</param>
                <param name="org.hibernate.type.ParameterType.entityClass">com.melilla.gestPlanes.model.Ciudadano</param>
                <param name="org.hibernate.type.ParameterType.propertyName">DNI</param>
            </type>
        </property>
        <property insert="true" name="altaSS" type="boolean" update="false">
            <column name="altass"/>
        </property>
        <property insert="true" name="antecedentes" type="boolean" update="false">
            <column name="antecedentes"/>
        </property>
        <property insert="true" name="apellido1" update="false">
            <column name="apellido1"/>
            <type name="string">
                <param name="org.hibernate.type.ParameterType.primaryKey">false</param>
                <param name="org.hibernate.type.ParameterType.dynamic">true</param>
                <param name="org.hibernate.type.ParameterType.returnedClass">java.lang.String</param>
                <param name="org.hibernate.type.ParameterType.accessType">field</param>
                <param name="org.hibernate.type.ParameterType.entityClass">com.melilla.gestPlanes.model.Ciudadano</param>
                <param name="org.hibernate.type.ParameterType.propertyName">apellido1</param>
            </type>
        </property>
        <property insert="true" name="apellido2" update="false">
            <column name="apellido2"/>
            <type name="string">
                <param name="org.hibernate.type.ParameterType.primaryKey">false</param>
                <param name="org.hibernate.type.ParameterType.dynamic">true</param>
                <param name="org.hibernate.type.ParameterType.returnedClass">java.lang.String</param>
                <param name="org.hibernate.type.ParameterType.accessType">field</param>
                <param name="org.hibernate.type.ParameterType.entityClass">com.melilla.gestPlanes.model.Ciudadano</param>
                <param name="org.hibernate.type.ParameterType.propertyName">apellido2</param>
            </type>
        </property>
        <property insert="true" name="bajaLaboral" type="boolean" update="false">
            <column name="baja_laboral"/>
        </property>
        <property insert="true" name="bajaMaternal" type="boolean" update="false">
            <column name="baja_maternal"/>
        </property>
        <property insert="true" name="ccc" update="false">
            <column name="ccc"/>
            <type name="string">
                <param name="org.hibernate.type.ParameterType.primaryKey">false</param>
                <param name="org.hibernate.type.ParameterType.dynamic">true</param>
                <param name="org.hibernate.type.ParameterType.returnedClass">java.lang.String</param>
                <param name="org.hibernate.type.ParameterType.accessType">field</param>
                <param name="org.hibernate.type.ParameterType.entityClass">com.melilla.gestPlanes.model.Ciudadano</param>
                <param name="org.hibernate.type.ParameterType.propertyName">ccc</param>
            </type>
        </property>
        <property insert="true" name="contrata" type="boolean" update="false">
            <column name="contrata"/>
        </property>
        <property insert="true" name="createdAt" update="false">
            <column name="created_at"/>
            <type name="LocalDateTime">
                <param name="org.hibernate.type.ParameterType.primaryKey">false</param>
                <param name="org.hibernate.type.ParameterType.dynamic">true</param>
                <param name="org.hibernate.type.ParameterType.returnedClass">java.time.LocalDateTime</param>
                <param name="org.hibernate.type.ParameterType.accessType">field</param>
                <param name="org.hibernate.type.ParameterType.entityClass">com.melilla.gestPlanes.model.Ciudadano</param>
                <param name="org.hibernate.type.ParameterType.propertyName">createdAt</param>
            </type>
        </property>
        <property insert="true" name="cupo" type="boolean" update="false">
            <column name="cupo"/>
        </property>
        <property insert="true" name="deleted" type="boolean" update="false">
            <column name="deleted"/>
        </property>
        <property insert="true" name="deletedAt" update="false">
            <column name="deleted_at"/>
            <type name="LocalDateTime">
                <param name="org.hibernate.type.ParameterType.primaryKey">false</param>
                <param name="org.hibernate.type.ParameterType.dynamic">true</param>
                <param name="org.hibernate.type.ParameterType.returnedClass">java.time.LocalDateTime</param>
                <param name="org.hibernate.type.ParameterType.accessType">field</param>
                <param name="org.hibernate.type.ParameterType.entityClass">com.melilla.gestPlanes.model.Ciudadano</param>
                <param name="org.hibernate.type.ParameterType.propertyName">deletedAt</param>
            </type>
        </property>
        <property insert="true" name="email" update="false">
            <column name="email"/>
            <type name="string">
                <param name="org.hibernate.type.ParameterType.primaryKey">false</param>
                <param name="org.hibernate.type.ParameterType.dynamic">true</param>
                <param name="org.hibernate.type.ParameterType.returnedClass">java.lang.String</param>
                <param name="org.hibernate.type.ParameterType.accessType">field</param>
                <param name="org.hibernate.type.ParameterType.entityClass">com.melilla.gestPlanes.model.Ciudadano</param>
                <param name="org.hibernate.type.ParameterType.propertyName">email</param>
            </type>
        </property>
        <property insert="true" name="esJefeEquipo" type="boolean" update="false">
            <column name="es_jefe_equipo"/>
        </property>
        <property insert="true" name="escaneado" type="boolean" update="false">
            <column name="escaneado"/>
        </property>
        <property insert="true" name="estado" update="false">
            <column name="estado"/>
            <type name="string">
                <param name="org.hibernate.type.ParameterType.primaryKey">false</param>
                <param name="org.hibernate.type.ParameterType.dynamic">true</param>
                <param name="org.hibernate.type.ParameterType.returnedClass">java.lang.String</param>
                <param name="org.hibernate.type.ParameterType.accessType">field</param>
                <param name="org.hibernate.type.ParameterType.entityClass">com.melilla.gestPlanes.model.Ciudadano</param>
                <param name="org.hibernate.type.ParameterType.propertyName">estado</param>
            </type>
        </property>
        <property insert="true" name="estadoCivil" update="false">
            <column name="estado_civil"/>
            <type name="string">
                <param name="org.hibernate.type.ParameterType.primaryKey">false</param>
                <param name="org.hibernate.type.ParameterType.dynamic">true</param>
                <param name="org.hibernate.type.ParameterType.returnedClass">java.lang.String</param>
                <param name="org.hibernate.type.ParameterType.accessType">field</param>
                <param name="org.hibernate.type.ParameterType.entityClass">com.melilla.gestPlanes.model.Ciudadano</param>
                <param name="org.hibernate.type.ParameterType.propertyName">estadoCivil</param>
            </type>
        </property>
        <property insert="true" name="fechaListadoSepe" update="false">
            <column name="fecha_listado_sepe"/>
            <type name="LocalDate">
                <param name="org.hibernate.type.ParameterType.primaryKey">false</param>
                <param name="org.hibernate.type.ParameterType.dynamic">true</param>
                <param name="org.hibernate.type.ParameterType.returnedClass">java.time.LocalDate</param>
                <param name="org.hibernate.type.ParameterType.accessType">field</param>
                <param name="org.hibernate.type.ParameterType.entityClass">com.melilla.gestPlanes.model.Ciudadano</param>
                <param name="org.hibernate.type.ParameterType.propertyName">fechaListadoSepe</param>
            </type>
        </property>
        <property insert="true" name="fechaNacimiento" update="false">
            <column name="fecha_nacimiento"/>
            <type name="LocalDate">
                <param name="org.hibernate.type.ParameterType.primaryKey">false</param>
                <param name="org.hibernate.type.ParameterType.dynamic">true</param>
                <param name="org.hibernate.type.ParameterType.returnedClass">java.time.LocalDate</param>
                <param name="org.hibernate.type.ParameterType.accessType">field</param>
                <param name="org.hibernate.type.ParameterType.entityClass">com.melilla.gestPlanes.model.Ciudadano</param>
                <param name="org.hibernate.type.ParameterType.propertyName">fechaNacimiento</param>
            </type>
        </property>
        <property insert="true" name="fechaRegistro" update="false">
            <column name="fecha_registro"/>
            <type name="LocalDate">
                <param name="org.hibernate.type.ParameterType.primaryKey">false</param>
                <param name="org.hibernate.type.ParameterType.dynamic">true</param>
                <param name="org.hibernate.type.ParameterType.returnedClass">java.time.LocalDate</param>
                <param name="org.hibernate.type.ParameterType.accessType">field</param>
                <param name="org.hibernate.type.ParameterType.entityClass">com.melilla.gestPlanes.model.Ciudadano</param>
                <param name="org.hibernate.type.ParameterType.propertyName">fechaRegistro</param>
            </type>
        </property>
        <property insert="true" name="nacionalidad" update="false">
            <column name="nacionalidad"/>
            <type name="string">
                <param name="org.hibernate.type.ParameterType.primaryKey">false</param>
                <param name="org.hibernate.type.ParameterType.dynamic">true</param>
                <param name="org.hibernate.type.ParameterType.returnedClass">java.lang.String</param>
                <param name="org.hibernate.type.ParameterType.accessType">field</param>
                <param name="org.hibernate.type.ParameterType.entityClass">com.melilla.gestPlanes.model.Ciudadano</param>
                <param name="org.hibernate.type.ParameterType.propertyName">nacionalidad</param>
            </type>
        </property>
        <property insert="true" name="nedaes" type="boolean" update="false">
            <column name="nedaes"/>
        </property>
        <property insert="true" name="nombre" update="false">
            <column name="nombre"/>
            <type name="string">
                <param name="org.hibernate.type.ParameterType.primaryKey">false</param>
                <param name="org.hibernate.type.ParameterType.dynamic">true</param>
                <param name="org.hibernate.type.ParameterType.returnedClass">java.lang.String</param>
                <param name="org.hibernate.type.ParameterType.accessType">field</param>
                <param name="org.hibernate.type.ParameterType.entityClass">com.melilla.gestPlanes.model.Ciudadano</param>
                <param name="org.hibernate.type.ParameterType.propertyName">nombre</param>
            </type>
        </property>
        <property insert="true" name="numeroOrdenSepe" type="integer" update="false">
            <column name="numero_orden_sepe"/>
        </property>
        <property insert="true" name="reclamaSalarios" type="boolean" update="false">
            <column name="reclama_salarios"/>
        </property>
        <property insert="true" name="seguridadSocial" update="false">
            <column name="seguridad_social"/>
            <type name="string">
                <param name="org.hibernate.type.ParameterType.primaryKey">false</param>
                <param name="org.hibernate.type.ParameterType.dynamic">true</param>
                <param name="org.hibernate.type.ParameterType.returnedClass">java.lang.String</param>
                <param name="org.hibernate.type.ParameterType.accessType">field</param>
                <param name="org.hibernate.type.ParameterType.entityClass">com.melilla.gestPlanes.model.Ciudadano</param>
                <param name="org.hibernate.type.ParameterType.propertyName">seguridadSocial</param>
            </type>
        </property>
        <property insert="true" name="sexo" update="false">
            <column name="sexo"/>
            <type name="string">
                <param name="org.hibernate.type.ParameterType.primaryKey">false</param>
                <param name="org.hibernate.type.ParameterType.dynamic">true</param>
                <param name="org.hibernate.type.ParameterType.returnedClass">java.lang.String</param>
                <param name="org.hibernate.type.ParameterType.accessType">field</param>
                <param name="org.hibernate.type.ParameterType.entityClass">com.melilla.gestPlanes.model.Ciudadano</param>
                <param name="org.hibernate.type.ParameterType.propertyName">sexo</param>
            </type>
        </property>
        <property insert="true" name="sinClausula" type="boolean" update="false">
            <column name="sin_clausula"/>
        </property>
        <property insert="true" name="suplente" type="boolean" update="false">
            <column name="suplente"/>
        </property>
        <property insert="true" name="telefono" update="false">
            <column name="telefono"/>
            <type name="string">
                <param name="org.hibernate.type.ParameterType.primaryKey">false</param>
                <param name="org.hibernate.type.ParameterType.dynamic">true</param>
                <param name="org.hibernate.type.ParameterType.returnedClass">java.lang.String</param>
                <param name="org.hibernate.type.ParameterType.accessType">field</param>
                <param name="org.hibernate.type.ParameterType.entityClass">com.melilla.gestPlanes.model.Ciudadano</param>
                <param name="org.hibernate.type.ParameterType.propertyName">telefono</param>
            </type>
        </property>
        <property insert="true" name="vacacionesDisfrutadas" type="integer" update="false">
            <column name="vacaciones_disfrutadas"/>
        </property>
        <property insert="true" name="vg" type="boolean" update="false">
            <column name="vg"/>
        </property>
    </class>
</hibernate-mapping>

2025-12-04T10:12:58.855+01:00  INFO 22172 --- [restartedMain] .e.b.i.AdditionalJaxbMappingProducerImpl : Adding JAXB document mapping
2025-12-04T10:12:58.901+01:00  INFO 22172 --- [restartedMain] org.hibernate.envers.boot                : HHH90005601: Envers-generated HBM mapping...
<?xml version="1.0" encoding="UTF-8" standalone="yes"?>
<hibernate-mapping auto-import="false" xmlns="http://www.hibernate.org/xsd/orm/hbm">
    <class discriminator-value="PlantillaContratoConfig" table="plantilla_contrato_config_AUD" entity-name="com.melilla.gestPlanes.model.config.PlantillaContratoConfig_AUD" abstract="false">
        <composite-id name="originalId">
            <key-property name="idContratoConfig">
                <column name="id_contrato_config"/>
                <type name="long">
                    <param name="org.hibernate.type.ParameterType.primaryKey">false</param>
                    <param name="org.hibernate.type.ParameterType.dynamic">true</param>
                    <param name="org.hibernate.type.ParameterType.returnedClass">java.lang.Long</param>
                    <param name="org.hibernate.type.ParameterType.accessType">field</param>
                    <param name="org.hibernate.type.ParameterType.entityClass">com.melilla.gestPlanes.model.config.PlantillaContratoConfig</param>
                    <param name="org.hibernate.type.ParameterType.propertyName">idContratoConfig</param>
                </type>
            </key-property>
            <key-many-to-one class="com.melilla.gestPlanes.envers.CustomRevisionEntity" name="REV">
                <column name="REV"/>
            </key-many-to-one>
        </composite-id>
        <property insert="true" name="REVTYPE" type="org.hibernate.envers.internal.entities.RevisionTypeType" update="false"/>
        <many-to-one class="com.melilla.gestPlanes.envers.CustomRevisionEntity" insert="true" name="REVEND" update="true">
            <column name="REVEND"/>
        </many-to-one>
        <property insert="true" name="REVEND_TSTMP" type="timestamp" update="true">
            <column name="REVEND_TSTMP"/>
        </property>
        <property insert="true" name="activa" type="boolean" update="false">
            <column name="activa"/>
        </property>
        <property insert="true" name="actividadEconomica" update="false">
            <column name="actividad_economica"/>
            <type name="string">
                <param name="org.hibernate.type.ParameterType.primaryKey">false</param>
                <param name="org.hibernate.type.ParameterType.dynamic">true</param>
                <param name="org.hibernate.type.ParameterType.returnedClass">java.lang.String</param>
                <param name="org.hibernate.type.ParameterType.accessType">field</param>
                <param name="org.hibernate.type.ParameterType.entityClass">com.melilla.gestPlanes.model.config.PlantillaContratoConfig</param>
                <param name="org.hibernate.type.ParameterType.propertyName">actividadEconomica</param>
            </type>
        </property>
        <property insert="true" name="cargoRepresentante" update="false">
            <column name="cargo_representante"/>
            <type name="string">
                <param name="org.hibernate.type.ParameterType.primaryKey">false</param>
                <param name="org.hibernate.type.ParameterType.dynamic">true</param>
                <param name="org.hibernate.type.ParameterType.returnedClass">java.lang.String</param>
                <param name="org.hibernate.type.ParameterType.accessType">field</param>
                <param name="org.hibernate.type.ParameterType.entityClass">com.melilla.gestPlanes.model.config.PlantillaContratoConfig</param>
                <param name="org.hibernate.type.ParameterType.propertyName">cargoRepresentante</param>
            </type>
        </property>
        <property insert="true" name="cif" update="false">
            <column name="cif"/>
            <type name="string">
                <param name="org.hibernate.type.ParameterType.primaryKey">false</param>
                <param name="org.hibernate.type.ParameterType.dynamic">true</param>
                <param name="org.hibernate.type.ParameterType.returnedClass">java.lang.String</param>
                <param name="org.hibernate.type.ParameterType.accessType">field</param>
                <param name="org.hibernate.type.ParameterType.entityClass">com.melilla.gestPlanes.model.config.PlantillaContratoConfig</param>
                <param name="org.hibernate.type.ParameterType.propertyName">cif</param>
            </type>
        </property>
        <property insert="true" name="clausulaAdicional" update="false">
            <column length="255" name="clausula_adicional" sql-type="TEXT"/>
            <type name="string">
                <param name="org.hibernate.type.ParameterType.primaryKey">false</param>
                <param name="org.hibernate.type.ParameterType.dynamic">true</param>
                <param name="org.hibernate.type.ParameterType.returnedClass">java.lang.String</param>
                <param name="org.hibernate.type.ParameterType.accessType">field</param>
                <param name="org.hibernate.type.ParameterType.entityClass">com.melilla.gestPlanes.model.config.PlantillaContratoConfig</param>
                <param name="org.hibernate.type.ParameterType.propertyName">clausulaAdicional</param>
            </type>
        </property>
        <property insert="true" name="clausulaEspecifica" update="false">
            <column length="255" name="clausula_especifica" sql-type="TEXT"/>
            <type name="string">
                <param name="org.hibernate.type.ParameterType.primaryKey">false</param>
                <param name="org.hibernate.type.ParameterType.dynamic">true</param>
                <param name="org.hibernate.type.ParameterType.returnedClass">java.lang.String</param>
                <param name="org.hibernate.type.ParameterType.accessType">field</param>
                <param name="org.hibernate.type.ParameterType.entityClass">com.melilla.gestPlanes.model.config.PlantillaContratoConfig</param>
                <param name="org.hibernate.type.ParameterType.propertyName">clausulaEspecifica</param>
            </type>
        </property>
        <property insert="true" name="codigoCuentaCotizacion" update="false">
            <column name="codigo_cuenta_cotizacion"/>
            <type name="string">
                <param name="org.hibernate.type.ParameterType.primaryKey">false</param>
                <param name="org.hibernate.type.ParameterType.dynamic">true</param>
                <param name="org.hibernate.type.ParameterType.returnedClass">java.lang.String</param>
                <param name="org.hibernate.type.ParameterType.accessType">field</param>
                <param name="org.hibernate.type.ParameterType.entityClass">com.melilla.gestPlanes.model.config.PlantillaContratoConfig</param>
                <param name="org.hibernate.type.ParameterType.propertyName">codigoCuentaCotizacion</param>
            </type>
        </property>
        <property insert="true" name="codigoMunicipioEmpresa" update="false">
            <column name="codigo_municipio_empresa"/>
            <type name="string">
                <param name="org.hibernate.type.ParameterType.primaryKey">false</param>
                <param name="org.hibernate.type.ParameterType.dynamic">true</param>
                <param name="org.hibernate.type.ParameterType.returnedClass">java.lang.String</param>
                <param name="org.hibernate.type.ParameterType.accessType">field</param>
                <param name="org.hibernate.type.ParameterType.entityClass">com.melilla.gestPlanes.model.config.PlantillaContratoConfig</param>
                <param name="org.hibernate.type.ParameterType.propertyName">codigoMunicipioEmpresa</param>
            </type>
        </property>
        <property insert="true" name="codigoPaisEmpresa" update="false">
            <column name="codigo_pais_empresa"/>
            <type name="string">
                <param name="org.hibernate.type.ParameterType.primaryKey">false</param>
                <param name="org.hibernate.type.ParameterType.dynamic">true</param>
                <param name="org.hibernate.type.ParameterType.returnedClass">java.lang.String</param>
                <param name="org.hibernate.type.ParameterType.accessType">field</param>
                <param name="org.hibernate.type.ParameterType.entityClass">com.melilla.gestPlanes.model.config.PlantillaContratoConfig</param>
                <param name="org.hibernate.type.ParameterType.propertyName">codigoPaisEmpresa</param>
            </type>
        </property>
        <property insert="true" name="codigoPostalEmpresa" update="false">
            <column name="codigo_postal_empresa"/>
            <type name="string">
                <param name="org.hibernate.type.ParameterType.primaryKey">false</param>
                <param name="org.hibernate.type.ParameterType.dynamic">true</param>
                <param name="org.hibernate.type.ParameterType.returnedClass">java.lang.String</param>
                <param name="org.hibernate.type.ParameterType.accessType">field</param>
                <param name="org.hibernate.type.ParameterType.entityClass">com.melilla.gestPlanes.model.config.PlantillaContratoConfig</param>
                <param name="org.hibernate.type.ParameterType.propertyName">codigoPostalEmpresa</param>
            </type>
        </property>
        <property insert="true" name="dniRepresentante" update="false">
            <column name="dni_representante"/>
            <type name="string">
                <param name="org.hibernate.type.ParameterType.primaryKey">false</param>
                <param name="org.hibernate.type.ParameterType.dynamic">true</param>
                <param name="org.hibernate.type.ParameterType.returnedClass">java.lang.String</param>
                <param name="org.hibernate.type.ParameterType.accessType">field</param>
                <param name="org.hibernate.type.ParameterType.entityClass">com.melilla.gestPlanes.model.config.PlantillaContratoConfig</param>
                <param name="org.hibernate.type.ParameterType.propertyName">dniRepresentante</param>
            </type>
        </property>
        <property insert="true" name="domicilioSocial" update="false">
            <column name="domicilio_social"/>
            <type name="string">
                <param name="org.hibernate.type.ParameterType.primaryKey">false</param>
                <param name="org.hibernate.type.ParameterType.dynamic">true</param>
                <param name="org.hibernate.type.ParameterType.returnedClass">java.lang.String</param>
                <param name="org.hibernate.type.ParameterType.accessType">field</param>
                <param name="org.hibernate.type.ParameterType.entityClass">com.melilla.gestPlanes.model.config.PlantillaContratoConfig</param>
                <param name="org.hibernate.type.ParameterType.propertyName">domicilioSocial</param>
            </type>
        </property>
        <property insert="true" name="horas" update="false">
            <column name="horas"/>
            <type name="string">
                <param name="org.hibernate.type.ParameterType.primaryKey">false</param>
                <param name="org.hibernate.type.ParameterType.dynamic">true</param>
                <param name="org.hibernate.type.ParameterType.returnedClass">java.lang.String</param>
                <param name="org.hibernate.type.ParameterType.accessType">field</param>
                <param name="org.hibernate.type.ParameterType.entityClass">com.melilla.gestPlanes.model.config.PlantillaContratoConfig</param>
                <param name="org.hibernate.type.ParameterType.propertyName">horas</param>
            </type>
        </property>
        <property insert="true" name="municipioEmpresa" update="false">
            <column name="municipio_empresa"/>
            <type name="string">
                <param name="org.hibernate.type.ParameterType.primaryKey">false</param>
                <param name="org.hibernate.type.ParameterType.dynamic">true</param>
                <param name="org.hibernate.type.ParameterType.returnedClass">java.lang.String</param>
                <param name="org.hibernate.type.ParameterType.accessType">field</param>
                <param name="org.hibernate.type.ParameterType.entityClass">com.melilla.gestPlanes.model.config.PlantillaContratoConfig</param>
                <param name="org.hibernate.type.ParameterType.propertyName">municipioEmpresa</param>
            </type>
        </property>
        <property insert="true" name="nombre" update="false">
            <column name="nombre"/>
            <type name="string">
                <param name="org.hibernate.type.ParameterType.primaryKey">false</param>
                <param name="org.hibernate.type.ParameterType.dynamic">true</param>
                <param name="org.hibernate.type.ParameterType.returnedClass">java.lang.String</param>
                <param name="org.hibernate.type.ParameterType.accessType">field</param>
                <param name="org.hibernate.type.ParameterType.entityClass">com.melilla.gestPlanes.model.config.PlantillaContratoConfig</param>
                <param name="org.hibernate.type.ParameterType.propertyName">nombre</param>
            </type>
        </property>
        <property insert="true" name="nombreFicheroPlantilla" update="false">
            <column name="nombre_fichero_plantilla"/>
            <type name="string">
                <param name="org.hibernate.type.ParameterType.primaryKey">false</param>
                <param name="org.hibernate.type.ParameterType.dynamic">true</param>
                <param name="org.hibernate.type.ParameterType.returnedClass">java.lang.String</param>
                <param name="org.hibernate.type.ParameterType.accessType">field</param>
                <param name="org.hibernate.type.ParameterType.entityClass">com.melilla.gestPlanes.model.config.PlantillaContratoConfig</param>
                <param name="org.hibernate.type.ParameterType.propertyName">nombreFicheroPlantilla</param>
            </type>
        </property>
        <property insert="true" name="nombreRepresentante" update="false">
            <column name="nombre_representante"/>
            <type name="string">
                <param name="org.hibernate.type.ParameterType.primaryKey">false</param>
                <param name="org.hibernate.type.ParameterType.dynamic">true</param>
                <param name="org.hibernate.type.ParameterType.returnedClass">java.lang.String</param>
                <param name="org.hibernate.type.ParameterType.accessType">field</param>
                <param name="org.hibernate.type.ParameterType.entityClass">com.melilla.gestPlanes.model.config.PlantillaContratoConfig</param>
                <param name="org.hibernate.type.ParameterType.propertyName">nombreRepresentante</param>
            </type>
        </property>
        <property insert="true" name="paisEmpresa" update="false">
            <column name="pais_empresa"/>
            <type name="string">
                <param name="org.hibernate.type.ParameterType.primaryKey">false</param>
                <param name="org.hibernate.type.ParameterType.dynamic">true</param>
                <param name="org.hibernate.type.ParameterType.returnedClass">java.lang.String</param>
                <param name="org.hibernate.type.ParameterType.accessType">field</param>
                <param name="org.hibernate.type.ParameterType.entityClass">com.melilla.gestPlanes.model.config.PlantillaContratoConfig</param>
                <param name="org.hibernate.type.ParameterType.propertyName">paisEmpresa</param>
            </type>
        </property>
        <property insert="true" name="razonSocial" update="false">
            <column name="razon_social"/>
            <type name="string">
                <param name="org.hibernate.type.ParameterType.primaryKey">false</param>
                <param name="org.hibernate.type.ParameterType.dynamic">true</param>
                <param name="org.hibernate.type.ParameterType.returnedClass">java.lang.String</param>
                <param name="org.hibernate.type.ParameterType.accessType">field</param>
                <param name="org.hibernate.type.ParameterType.entityClass">com.melilla.gestPlanes.model.config.PlantillaContratoConfig</param>
                <param name="org.hibernate.type.ParameterType.propertyName">razonSocial</param>
            </type>
        </property>
        <property insert="true" name="regimen" update="false">
            <column name="regimen"/>
            <type name="string">
                <param name="org.hibernate.type.ParameterType.primaryKey">false</param>
                <param name="org.hibernate.type.ParameterType.dynamic">true</param>
                <param name="org.hibernate.type.ParameterType.returnedClass">java.lang.String</param>
                <param name="org.hibernate.type.ParameterType.accessType">field</param>
                <param name="org.hibernate.type.ParameterType.entityClass">com.melilla.gestPlanes.model.config.PlantillaContratoConfig</param>
                <param name="org.hibernate.type.ParameterType.propertyName">regimen</param>
            </type>
        </property>
        <property insert="true" name="sepe" update="false">
            <column name="sepe"/>
            <type name="string">
                <param name="org.hibernate.type.ParameterType.primaryKey">false</param>
                <param name="org.hibernate.type.ParameterType.dynamic">true</param>
                <param name="org.hibernate.type.ParameterType.returnedClass">java.lang.String</param>
                <param name="org.hibernate.type.ParameterType.accessType">field</param>
                <param name="org.hibernate.type.ParameterType.entityClass">com.melilla.gestPlanes.model.config.PlantillaContratoConfig</param>
                <param name="org.hibernate.type.ParameterType.propertyName">sepe</param>
            </type>
        </property>
        <property insert="true" name="textoConceptosSalariales" update="false">
            <column name="texto_conceptos_salariales"/>
            <type name="string">
                <param name="org.hibernate.type.ParameterType.primaryKey">false</param>
                <param name="org.hibernate.type.ParameterType.dynamic">true</param>
                <param name="org.hibernate.type.ParameterType.returnedClass">java.lang.String</param>
                <param name="org.hibernate.type.ParameterType.accessType">field</param>
                <param name="org.hibernate.type.ParameterType.entityClass">com.melilla.gestPlanes.model.config.PlantillaContratoConfig</param>
                <param name="org.hibernate.type.ParameterType.propertyName">textoConceptosSalariales</param>
            </type>
        </property>
        <property insert="true" name="url" update="false">
            <column name="url"/>
            <type name="string">
                <param name="org.hibernate.type.ParameterType.primaryKey">false</param>
                <param name="org.hibernate.type.ParameterType.dynamic">true</param>
                <param name="org.hibernate.type.ParameterType.returnedClass">java.lang.String</param>
                <param name="org.hibernate.type.ParameterType.accessType">field</param>
                <param name="org.hibernate.type.ParameterType.entityClass">com.melilla.gestPlanes.model.config.PlantillaContratoConfig</param>
                <param name="org.hibernate.type.ParameterType.propertyName">url</param>
            </type>
        </property>
        <property insert="true" name="plan_idPlan" update="false">
            <column name="id_plan"/>
            <type name="long">
                <param name="org.hibernate.type.ParameterType.primaryKey">false</param>
                <param name="org.hibernate.type.ParameterType.dynamic">true</param>
                <param name="org.hibernate.type.ParameterType.returnedClass">java.lang.Long</param>
                <param name="org.hibernate.type.ParameterType.accessType">field</param>
                <param name="org.hibernate.type.ParameterType.entityClass">com.melilla.gestPlanes.model.Plan</param>
                <param name="org.hibernate.type.ParameterType.propertyName">idPlan</param>
            </type>
        </property>
    </class>
</hibernate-mapping>

2025-12-04T10:12:58.902+01:00  INFO 22172 --- [restartedMain] .e.b.i.AdditionalJaxbMappingProducerImpl : Adding JAXB document mapping
2025-12-04T10:12:58.942+01:00  INFO 22172 --- [restartedMain] org.hibernate.envers.boot                : HHH90005601: Envers-generated HBM mapping...
<?xml version="1.0" encoding="UTF-8" standalone="yes"?>
<hibernate-mapping auto-import="false" xmlns="http://www.hibernate.org/xsd/orm/hbm">
    <class discriminator-value="Salario" table="salario_AUD" entity-name="com.melilla.gestPlanes.model.Salario_AUD" abstract="false">
        <composite-id name="originalId">
            <key-property name="idSalario">
                <column name="id_salario"/>
                <type name="long">
                    <param name="org.hibernate.type.ParameterType.primaryKey">false</param>
                    <param name="org.hibernate.type.ParameterType.dynamic">true</param>
                    <param name="org.hibernate.type.ParameterType.returnedClass">java.lang.Long</param>
                    <param name="org.hibernate.type.ParameterType.accessType">field</param>
                    <param name="org.hibernate.type.ParameterType.entityClass">com.melilla.gestPlanes.model.Salario</param>
                    <param name="org.hibernate.type.ParameterType.propertyName">idSalario</param>
                </type>
            </key-property>
            <key-many-to-one class="com.melilla.gestPlanes.envers.CustomRevisionEntity" name="REV">
                <column name="REV"/>
            </key-many-to-one>
        </composite-id>
        <property insert="true" name="REVTYPE" type="org.hibernate.envers.internal.entities.RevisionTypeType" update="false"/>
        <many-to-one class="com.melilla.gestPlanes.envers.CustomRevisionEntity" insert="true" name="REVEND" update="true">
            <column name="REVEND"/>
        </many-to-one>
        <property insert="true" name="REVEND_TSTMP" type="timestamp" update="true">
            <column name="REVEND_TSTMP"/>
        </property>
        <property insert="true" name="activo" type="boolean" update="false">
            <column name="activo"/>
        </property>
        <property insert="true" name="createdAt" update="false">
            <column name="created_at"/>
            <type name="LocalDateTime">
                <param name="org.hibernate.type.ParameterType.primaryKey">false</param>
                <param name="org.hibernate.type.ParameterType.dynamic">true</param>
                <param name="org.hibernate.type.ParameterType.returnedClass">java.time.LocalDateTime</param>
                <param name="org.hibernate.type.ParameterType.accessType">field</param>
                <param name="org.hibernate.type.ParameterType.entityClass">com.melilla.gestPlanes.model.Salario</param>
                <param name="org.hibernate.type.ParameterType.propertyName">createdAt</param>
            </type>
        </property>
        <property insert="true" name="deleted" type="boolean" update="false">
            <column name="deleted"/>
        </property>
        <property insert="true" name="deletedAt" update="false">
            <column name="deleted_at"/>
            <type name="LocalDateTime">
                <param name="org.hibernate.type.ParameterType.primaryKey">false</param>
                <param name="org.hibernate.type.ParameterType.dynamic">true</param>
                <param name="org.hibernate.type.ParameterType.returnedClass">java.time.LocalDateTime</param>
                <param name="org.hibernate.type.ParameterType.accessType">field</param>
                <param name="org.hibernate.type.ParameterType.entityClass">com.melilla.gestPlanes.model.Salario</param>
                <param name="org.hibernate.type.ParameterType.propertyName">deletedAt</param>
            </type>
        </property>
        <property insert="true" name="descripcion" update="false">
            <column name="descripcion"/>
            <type name="string">
                <param name="org.hibernate.type.ParameterType.primaryKey">false</param>
                <param name="org.hibernate.type.ParameterType.dynamic">true</param>
                <param name="org.hibernate.type.ParameterType.returnedClass">java.lang.String</param>
                <param name="org.hibernate.type.ParameterType.accessType">field</param>
                <param name="org.hibernate.type.ParameterType.entityClass">com.melilla.gestPlanes.model.Salario</param>
                <param name="org.hibernate.type.ParameterType.propertyName">descripcion</param>
            </type>
        </property>
        <property insert="true" name="plan_idPlan" update="false">
            <column name="id_plan"/>
            <type name="long">
                <param name="org.hibernate.type.ParameterType.primaryKey">false</param>
                <param name="org.hibernate.type.ParameterType.dynamic">true</param>
                <param name="org.hibernate.type.ParameterType.returnedClass">java.lang.Long</param>
                <param name="org.hibernate.type.ParameterType.accessType">field</param>
                <param name="org.hibernate.type.ParameterType.entityClass">com.melilla.gestPlanes.model.Plan</param>
                <param name="org.hibernate.type.ParameterType.propertyName">idPlan</param>
            </type>
        </property>
    </class>
</hibernate-mapping>

2025-12-04T10:12:58.942+01:00  INFO 22172 --- [restartedMain] .e.b.i.AdditionalJaxbMappingProducerImpl : Adding JAXB document mapping
2025-12-04T10:12:58.991+01:00  INFO 22172 --- [restartedMain] org.hibernate.envers.boot                : HHH90005601: Envers-generated HBM mapping...
<?xml version="1.0" encoding="UTF-8" standalone="yes"?>
<hibernate-mapping auto-import="false" xmlns="http://www.hibernate.org/xsd/orm/hbm">
    <class discriminator-value="DocumentoPlan" table="documento_plan_AUD" entity-name="com.melilla.gestPlanes.model.DocumentoPlan_AUD" abstract="false">
        <composite-id name="originalId">
            <key-property name="idDocumentoPlan">
                <column name="id_documento_plan"/>
                <type name="long">
                    <param name="org.hibernate.type.ParameterType.primaryKey">false</param>
                    <param name="org.hibernate.type.ParameterType.dynamic">true</param>
                    <param name="org.hibernate.type.ParameterType.returnedClass">java.lang.Long</param>
                    <param name="org.hibernate.type.ParameterType.accessType">field</param>
                    <param name="org.hibernate.type.ParameterType.entityClass">com.melilla.gestPlanes.model.DocumentoPlan</param>
                    <param name="org.hibernate.type.ParameterType.propertyName">idDocumentoPlan</param>
                </type>
            </key-property>
            <key-many-to-one class="com.melilla.gestPlanes.envers.CustomRevisionEntity" name="REV">
                <column name="REV"/>
            </key-many-to-one>
        </composite-id>
        <property insert="true" name="REVTYPE" type="org.hibernate.envers.internal.entities.RevisionTypeType" update="false"/>
        <many-to-one class="com.melilla.gestPlanes.envers.CustomRevisionEntity" insert="true" name="REVEND" update="true">
            <column name="REVEND"/>
        </many-to-one>
        <property insert="true" name="REVEND_TSTMP" type="timestamp" update="true">
            <column name="REVEND_TSTMP"/>
        </property>
        <property insert="true" name="createdAt" update="false">
            <column name="created_at"/>
            <type name="LocalDateTime">
                <param name="org.hibernate.type.ParameterType.primaryKey">false</param>
                <param name="org.hibernate.type.ParameterType.dynamic">true</param>
                <param name="org.hibernate.type.ParameterType.returnedClass">java.time.LocalDateTime</param>
                <param name="org.hibernate.type.ParameterType.accessType">field</param>
                <param name="org.hibernate.type.ParameterType.entityClass">com.melilla.gestPlanes.model.DocumentoPlan</param>
                <param name="org.hibernate.type.ParameterType.propertyName">createdAt</param>
            </type>
        </property>
        <property insert="true" name="deleted" type="boolean" update="false">
            <column name="deleted"/>
        </property>
        <property insert="true" name="deletedAt" update="false">
            <column name="deleted_at"/>
            <type name="LocalDateTime">
                <param name="org.hibernate.type.ParameterType.primaryKey">false</param>
                <param name="org.hibernate.type.ParameterType.dynamic">true</param>
                <param name="org.hibernate.type.ParameterType.returnedClass">java.time.LocalDateTime</param>
                <param name="org.hibernate.type.ParameterType.accessType">field</param>
                <param name="org.hibernate.type.ParameterType.entityClass">com.melilla.gestPlanes.model.DocumentoPlan</param>
                <param name="org.hibernate.type.ParameterType.propertyName">deletedAt</param>
            </type>
        </property>
        <property insert="true" name="nombre" update="false">
            <column name="nombre"/>
            <type name="string">
                <param name="org.hibernate.type.ParameterType.primaryKey">false</param>
                <param name="org.hibernate.type.ParameterType.dynamic">true</param>
                <param name="org.hibernate.type.ParameterType.returnedClass">java.lang.String</param>
                <param name="org.hibernate.type.ParameterType.accessType">field</param>
                <param name="org.hibernate.type.ParameterType.entityClass">com.melilla.gestPlanes.model.DocumentoPlan</param>
                <param name="org.hibernate.type.ParameterType.propertyName">nombre</param>
            </type>
        </property>
        <property insert="true" name="observaciones" update="false">
            <column name="observaciones"/>
            <type name="string">
                <param name="org.hibernate.type.ParameterType.primaryKey">false</param>
                <param name="org.hibernate.type.ParameterType.dynamic">true</param>
                <param name="org.hibernate.type.ParameterType.returnedClass">java.lang.String</param>
                <param name="org.hibernate.type.ParameterType.accessType">field</param>
                <param name="org.hibernate.type.ParameterType.entityClass">com.melilla.gestPlanes.model.DocumentoPlan</param>
                <param name="org.hibernate.type.ParameterType.propertyName">observaciones</param>
            </type>
        </property>
        <property insert="true" name="ruta" update="false">
            <column name="ruta"/>
            <type name="string">
                <param name="org.hibernate.type.ParameterType.primaryKey">false</param>
                <param name="org.hibernate.type.ParameterType.dynamic">true</param>
                <param name="org.hibernate.type.ParameterType.returnedClass">java.lang.String</param>
                <param name="org.hibernate.type.ParameterType.accessType">field</param>
                <param name="org.hibernate.type.ParameterType.entityClass">com.melilla.gestPlanes.model.DocumentoPlan</param>
                <param name="org.hibernate.type.ParameterType.propertyName">ruta</param>
            </type>
        </property>
        <property insert="true" name="tipo" update="false">
            <column name="tipo"/>
            <type name="string">
                <param name="org.hibernate.type.ParameterType.primaryKey">false</param>
                <param name="org.hibernate.type.ParameterType.dynamic">true</param>
                <param name="org.hibernate.type.ParameterType.returnedClass">java.lang.String</param>
                <param name="org.hibernate.type.ParameterType.accessType">field</param>
                <param name="org.hibernate.type.ParameterType.entityClass">com.melilla.gestPlanes.model.DocumentoPlan</param>
                <param name="org.hibernate.type.ParameterType.propertyName">tipo</param>
            </type>
        </property>
    </class>
</hibernate-mapping>

2025-12-04T10:13:00.554+01:00  INFO 22172 --- [restartedMain] o.h.e.t.j.p.i.JtaPlatformInitiator       : HHH000490: Using JtaPlatform implementation: [org.hibernate.engine.transaction.jta.platform.internal.NoJtaPlatform]
2025-12-04T10:13:00.567+01:00  INFO 22172 --- [restartedMain] j.LocalContainerEntityManagerFactoryBean : Initialized JPA EntityManagerFactory for persistence unit 'default'
2025-12-04T10:13:03.032+01:00 TRACE 22172 --- [restartedMain] o.s.b.w.s.ServletContextInitializerBeans : Created Filter initializer for bean 'characterEncodingFilter'; order=-2147483648, resource=class path resource [org/springframework/boot/autoconfigure/web/servlet/HttpEncodingAutoConfiguration.class]
2025-12-04T10:13:03.032+01:00 TRACE 22172 --- [restartedMain] o.s.b.w.s.ServletContextInitializerBeans : Created Filter initializer for bean 'formContentFilter'; order=-9900, resource=class path resource [org/springframework/boot/autoconfigure/web/servlet/WebMvcAutoConfiguration.class]
2025-12-04T10:13:03.032+01:00 TRACE 22172 --- [restartedMain] o.s.b.w.s.ServletContextInitializerBeans : Created Filter initializer for bean 'requestContextFilter'; order=-105, resource=class path resource [org/springframework/boot/autoconfigure/web/servlet/WebMvcAutoConfiguration$WebMvcAutoConfigurationAdapter.class]
2025-12-04T10:13:03.033+01:00 TRACE 22172 --- [restartedMain] o.s.b.w.s.ServletContextInitializerBeans : Created Filter initializer for bean 'jwtAuthenticationFilter'; order=2147483647, resource=file [D:\proyectos\gestPlanes\target\classes\com\melilla\gestPlanes\JWT\JwtAuthenticationFilter.class]
2025-12-04T10:13:03.039+01:00 DEBUG 22172 --- [restartedMain] o.s.b.w.s.ServletContextInitializerBeans : Mapping filters: springSecurityFilterChain urls=[/*] order=-100, characterEncodingFilter urls=[/*] order=-2147483648, formContentFilter urls=[/*] order=-9900, requestContextFilter urls=[/*] order=-105, jwtAuthenticationFilter urls=[/*] order=2147483647
2025-12-04T10:13:03.039+01:00 DEBUG 22172 --- [restartedMain] o.s.b.w.s.ServletContextInitializerBeans : Mapping servlets: dispatcherServlet urls=[/]
2025-12-04T10:13:03.139+01:00 TRACE 22172 --- [restartedMain] eGlobalAuthenticationAutowiredConfigurer : Eagerly initializing {securityConfig=com.melilla.gestPlanes.security.SecurityConfig$$SpringCGLIB$$0@3b8ba380}
2025-12-04T10:13:04.300+01:00  WARN 22172 --- [restartedMain] JpaBaseConfiguration$JpaWebConfiguration : spring.jpa.open-in-view is enabled by default. Therefore, database queries may be performed during view rendering. Explicitly configure spring.jpa.open-in-view to disable this warning
2025-12-04T10:13:04.682+01:00 DEBUG 22172 --- [restartedMain] s.w.s.m.m.a.RequestMappingHandlerMapping : 125 mappings in 'requestMappingHandlerMapping'
2025-12-04T10:13:04.807+01:00 DEBUG 22172 --- [restartedMain] o.s.w.s.handler.SimpleUrlHandlerMapping  : Patterns [/webjars/**, /**, /swagger-ui*/*swagger-initializer.js, /swagger-ui*/**] in 'resourceHandlerMapping'
2025-12-04T10:13:04.884+01:00  INFO 22172 --- [restartedMain] o.s.s.web.DefaultSecurityFilterChain     : Will secure any request with [org.springframework.security.web.session.DisableEncodeUrlFilter@8a0ab7e, org.springframework.security.web.context.request.async.WebAsyncManagerIntegrationFilter@5446e041, org.springframework.security.web.context.SecurityContextHolderFilter@5f09a7d1, org.springframework.security.web.header.HeaderWriterFilter@299621d8, org.springframework.web.filter.CorsFilter@1bd8ae4, org.springframework.security.web.authentication.logout.LogoutFilter@4df96257, com.melilla.gestPlanes.JWT.JwtAuthenticationFilter@324e53fe, org.springframework.security.web.savedrequest.RequestCacheAwareFilter@355599a9, org.springframework.security.web.servletapi.SecurityContextHolderAwareRequestFilter@62d22e6d, org.springframework.security.web.authentication.AnonymousAuthenticationFilter@2f92f386, org.springframework.security.web.session.SessionManagementFilter@281ace6a, org.springframework.security.web.access.ExceptionTranslationFilter@3971db7b, org.springframework.security.web.access.intercept.AuthorizationFilter@1df8384b]
2025-12-04T10:13:04.970+01:00 DEBUG 22172 --- [restartedMain] s.w.s.m.m.a.RequestMappingHandlerAdapter : ControllerAdvice beans: 0 @ModelAttribute, 0 @InitBinder, 1 RequestBodyAdvice, 1 ResponseBodyAdvice
2025-12-04T10:13:05.017+01:00 DEBUG 22172 --- [restartedMain] .m.m.a.ExceptionHandlerExceptionResolver : ControllerAdvice beans: 3 @ExceptionHandler, 1 ResponseBodyAdvice
2025-12-04T10:13:05.057+01:00 DEBUG 22172 --- [restartedMain] .m.m.a.ExceptionHandlerExceptionResolver : ControllerAdvice beans: 3 @ExceptionHandler, 0 ResponseBodyAdvice
2025-12-04T10:13:05.419+01:00  INFO 22172 --- [restartedMain] o.s.b.d.a.OptionalLiveReloadServer       : LiveReload server is running on port 35729
2025-12-04T10:13:05.484+01:00  INFO 22172 --- [restartedMain] o.s.b.w.embedded.tomcat.TomcatWebServer  : Tomcat started on port(s): 9092 (http) with context path ''
2025-12-04T10:13:05.502+01:00 DEBUG 22172 --- [restartedMain] .s.b.a.l.ConditionEvaluationReportLogger : 


============================
CONDITIONS EVALUATION REPORT
============================


Positive matches:
-----------------

   AopAutoConfiguration matched:
      - @ConditionalOnProperty (spring.aop.auto=true) matched (OnPropertyCondition)

   AopAutoConfiguration.AspectJAutoProxyingConfiguration matched:
      - @ConditionalOnClass found required class 'org.aspectj.weaver.Advice' (OnClassCondition)

   AopAutoConfiguration.AspectJAutoProxyingConfiguration.CglibAutoProxyConfiguration matched:
      - @ConditionalOnProperty (spring.aop.proxy-target-class=true) matched (OnPropertyCondition)

   ApplicationAvailabilityAutoConfiguration#applicationAvailability matched:
      - @ConditionalOnMissingBean (types: org.springframework.boot.availability.ApplicationAvailability; SearchStrategy: all) did not find any beans (OnBeanCondition)

   CaffeineCacheConfiguration matched:
      - @ConditionalOnClass found required classes 'com.github.benmanes.caffeine.cache.Caffeine', 'org.springframework.cache.caffeine.CaffeineCacheManager' (OnClassCondition)
      - Cache org.springframework.boot.autoconfigure.cache.CaffeineCacheConfiguration automatic cache type (CacheCondition)

   DataSourceAutoConfiguration matched:
      - @ConditionalOnClass found required classes 'javax.sql.DataSource', 'org.springframework.jdbc.datasource.embedded.EmbeddedDatabaseType' (OnClassCondition)
      - @ConditionalOnMissingBean (types: io.r2dbc.spi.ConnectionFactory; SearchStrategy: all) did not find any beans (OnBeanCondition)

   DataSourceAutoConfiguration.PooledDataSourceConfiguration matched:
      - AnyNestedCondition 1 matched 1 did not; NestedCondition on DataSourceAutoConfiguration.PooledDataSourceCondition.PooledDataSourceAvailable PooledDataSource found supported DataSource; NestedCondition on DataSourceAutoConfiguration.PooledDataSourceCondition.ExplicitType @ConditionalOnProperty (spring.datasource.type) did not find property 'type' (DataSourceAutoConfiguration.PooledDataSourceCondition)
      - @ConditionalOnMissingBean (types: javax.sql.DataSource,javax.sql.XADataSource; SearchStrategy: all) did not find any beans (OnBeanCondition)

   DataSourceConfiguration.Hikari matched:
      - @ConditionalOnClass found required class 'com.zaxxer.hikari.HikariDataSource' (OnClassCondition)
      - @ConditionalOnProperty (spring.datasource.type=com.zaxxer.hikari.HikariDataSource) matched (OnPropertyCondition)
      - @ConditionalOnMissingBean (types: javax.sql.DataSource; SearchStrategy: all) did not find any beans (OnBeanCondition)

   DataSourceInitializationConfiguration matched:
      - @ConditionalOnClass found required class 'org.springframework.jdbc.datasource.init.DatabasePopulator' (OnClassCondition)
      - @ConditionalOnSingleCandidate (types: javax.sql.DataSource; SearchStrategy: all) found a single bean 'dataSource'; @ConditionalOnMissingBean (types: org.springframework.boot.autoconfigure.sql.init.SqlDataSourceScriptDatabaseInitializer,org.springframework.boot.autoconfigure.sql.init.SqlR2dbcScriptDatabaseInitializer; SearchStrategy: all) did not find any beans (OnBeanCondition)

   DataSourceJmxConfiguration matched:
      - @ConditionalOnProperty (spring.jmx.enabled=true) matched (OnPropertyCondition)

   DataSourceJmxConfiguration.Hikari matched:
      - @ConditionalOnClass found required class 'com.zaxxer.hikari.HikariDataSource' (OnClassCondition)
      - @ConditionalOnSingleCandidate (types: javax.sql.DataSource; SearchStrategy: all) found a single bean 'dataSource' (OnBeanCondition)

   DataSourcePoolMetadataProvidersConfiguration.HikariPoolDataSourceMetadataProviderConfiguration matched:
      - @ConditionalOnClass found required class 'com.zaxxer.hikari.HikariDataSource' (OnClassCondition)

   DataSourceTransactionManagerAutoConfiguration matched:
      - @ConditionalOnClass found required classes 'org.springframework.jdbc.core.JdbcTemplate', 'org.springframework.transaction.TransactionManager' (OnClassCondition)

   DataSourceTransactionManagerAutoConfiguration.JdbcTransactionManagerConfiguration matched:
      - @ConditionalOnSingleCandidate (types: javax.sql.DataSource; SearchStrategy: all) found a single bean 'dataSource' (OnBeanCondition)

   DevToolsDataSourceAutoConfiguration matched:
      - Devtools devtools enabled. (OnEnabledDevToolsCondition)
      - DevTools DataSource Condition found auto-configured DataSource (DevToolsDataSourceAutoConfiguration.DevToolsDataSourceCondition)

   DevToolsDataSourceAutoConfiguration.DatabaseShutdownExecutorEntityManagerFactoryDependsOnPostProcessor matched:
      - @ConditionalOnClass found required class 'org.springframework.orm.jpa.LocalContainerEntityManagerFactoryBean' (OnClassCondition)
      - @ConditionalOnBean (types: org.springframework.orm.jpa.AbstractEntityManagerFactoryBean; SearchStrategy: all) found bean '&entityManagerFactory' (OnBeanCondition)

   DispatcherServletAutoConfiguration matched:
      - @ConditionalOnClass found required class 'org.springframework.web.servlet.DispatcherServlet' (OnClassCondition)
      - found 'session' scope (OnWebApplicationCondition)

   DispatcherServletAutoConfiguration.DispatcherServletConfiguration matched:
      - @ConditionalOnClass found required class 'jakarta.servlet.ServletRegistration' (OnClassCondition)
      - Default DispatcherServlet did not find dispatcher servlet beans (DispatcherServletAutoConfiguration.DefaultDispatcherServletCondition)

   DispatcherServletAutoConfiguration.DispatcherServletRegistrationConfiguration matched:
      - @ConditionalOnClass found required class 'jakarta.servlet.ServletRegistration' (OnClassCondition)
      - DispatcherServlet Registration did not find servlet registration bean (DispatcherServletAutoConfiguration.DispatcherServletRegistrationCondition)

   DispatcherServletAutoConfiguration.DispatcherServletRegistrationConfiguration#dispatcherServletRegistration matched:
      - @ConditionalOnBean (names: dispatcherServlet types: org.springframework.web.servlet.DispatcherServlet; SearchStrategy: all) found bean 'dispatcherServlet' (OnBeanCondition)

   EmbeddedWebServerFactoryCustomizerAutoConfiguration matched:
      - @ConditionalOnWebApplication (required) found 'session' scope (OnWebApplicationCondition)
      - @ConditionalOnWarDeployment the application is not deployed as a WAR file. (OnWarDeploymentCondition)

   EmbeddedWebServerFactoryCustomizerAutoConfiguration.TomcatWebServerFactoryCustomizerConfiguration matched:
      - @ConditionalOnClass found required classes 'org.apache.catalina.startup.Tomcat', 'org.apache.coyote.UpgradeProtocol' (OnClassCondition)

   ErrorMvcAutoConfiguration matched:
      - @ConditionalOnClass found required classes 'jakarta.servlet.Servlet', 'org.springframework.web.servlet.DispatcherServlet' (OnClassCondition)
      - found 'session' scope (OnWebApplicationCondition)

   ErrorMvcAutoConfiguration#basicErrorController matched:
      - @ConditionalOnMissingBean (types: org.springframework.boot.web.servlet.error.ErrorController; SearchStrategy: current) did not find any beans (OnBeanCondition)

   ErrorMvcAutoConfiguration#errorAttributes matched:
      - @ConditionalOnMissingBean (types: org.springframework.boot.web.servlet.error.ErrorAttributes; SearchStrategy: current) did not find any beans (OnBeanCondition)

   ErrorMvcAutoConfiguration.DefaultErrorViewResolverConfiguration#conventionErrorViewResolver matched:
      - @ConditionalOnBean (types: org.springframework.web.servlet.DispatcherServlet; SearchStrategy: all) found bean 'dispatcherServlet'; @ConditionalOnMissingBean (types: org.springframework.boot.autoconfigure.web.servlet.error.ErrorViewResolver; SearchStrategy: all) did not find any beans (OnBeanCondition)

   GenericCacheConfiguration matched:
      - Cache org.springframework.boot.autoconfigure.cache.GenericCacheConfiguration automatic cache type (CacheCondition)

   HibernateJpaAutoConfiguration matched:
      - @ConditionalOnClass found required classes 'org.springframework.orm.jpa.LocalContainerEntityManagerFactoryBean', 'jakarta.persistence.EntityManager', 'org.hibernate.engine.spi.SessionImplementor' (OnClassCondition)

   HibernateJpaConfiguration matched:
      - @ConditionalOnSingleCandidate (types: javax.sql.DataSource; SearchStrategy: all) found a single bean 'dataSource' (OnBeanCondition)

   HttpEncodingAutoConfiguration matched:
      - @ConditionalOnClass found required class 'org.springframework.web.filter.CharacterEncodingFilter' (OnClassCondition)
      - found 'session' scope (OnWebApplicationCondition)
      - @ConditionalOnProperty (server.servlet.encoding.enabled) matched (OnPropertyCondition)

   HttpEncodingAutoConfiguration#characterEncodingFilter matched:
      - @ConditionalOnMissingBean (types: org.springframework.web.filter.CharacterEncodingFilter; SearchStrategy: all) did not find any beans (OnBeanCondition)

   HttpMessageConvertersAutoConfiguration matched:
      - @ConditionalOnClass found required class 'org.springframework.http.converter.HttpMessageConverter' (OnClassCondition)
      - NoneNestedConditions 0 matched 1 did not; NestedCondition on HttpMessageConvertersAutoConfiguration.NotReactiveWebApplicationCondition.ReactiveWebApplication did not find reactive web application classes (HttpMessageConvertersAutoConfiguration.NotReactiveWebApplicationCondition)

   HttpMessageConvertersAutoConfiguration#messageConverters matched:
      - @ConditionalOnMissingBean (types: org.springframework.boot.autoconfigure.http.HttpMessageConverters; SearchStrategy: all) did not find any beans (OnBeanCondition)

   HttpMessageConvertersAutoConfiguration.StringHttpMessageConverterConfiguration matched:
      - @ConditionalOnClass found required class 'org.springframework.http.converter.StringHttpMessageConverter' (OnClassCondition)

   HttpMessageConvertersAutoConfiguration.StringHttpMessageConverterConfiguration#stringHttpMessageConverter matched:
      - @ConditionalOnMissingBean (types: org.springframework.http.converter.StringHttpMessageConverter; SearchStrategy: all) did not find any beans (OnBeanCondition)

   HypermediaAutoConfiguration matched:
      - @ConditionalOnClass found required classes 'org.springframework.hateoas.EntityModel', 'org.springframework.web.bind.annotation.RequestMapping', 'org.springframework.web.servlet.mvc.method.annotation.RequestMappingHandlerAdapter', 'org.springframework.plugin.core.Plugin' (OnClassCondition)
      - @ConditionalOnWebApplication (required) found 'session' scope (OnWebApplicationCondition)

   HypermediaAutoConfiguration#applicationJsonHalConfiguration matched:
      - @ConditionalOnClass found required class 'com.fasterxml.jackson.databind.ObjectMapper' (OnClassCondition)
      - @ConditionalOnProperty (spring.hateoas.use-hal-as-default-json-media-type) matched (OnPropertyCondition)
      - @ConditionalOnMissingBean (types: org.springframework.hateoas.mediatype.hal.HalConfiguration; SearchStrategy: all) did not find any beans (OnBeanCondition)

   JacksonAutoConfiguration matched:
      - @ConditionalOnClass found required class 'com.fasterxml.jackson.databind.ObjectMapper' (OnClassCondition)

   JacksonAutoConfiguration.Jackson2ObjectMapperBuilderCustomizerConfiguration matched:
      - @ConditionalOnClass found required class 'org.springframework.http.converter.json.Jackson2ObjectMapperBuilder' (OnClassCondition)

   JacksonAutoConfiguration.JacksonObjectMapperBuilderConfiguration matched:
      - @ConditionalOnClass found required class 'org.springframework.http.converter.json.Jackson2ObjectMapperBuilder' (OnClassCondition)

   JacksonAutoConfiguration.JacksonObjectMapperBuilderConfiguration#jacksonObjectMapperBuilder matched:
      - @ConditionalOnMissingBean (types: org.springframework.http.converter.json.Jackson2ObjectMapperBuilder; SearchStrategy: all) did not find any beans (OnBeanCondition)

   JacksonAutoConfiguration.JacksonObjectMapperConfiguration matched:
      - @ConditionalOnClass found required class 'org.springframework.http.converter.json.Jackson2ObjectMapperBuilder' (OnClassCondition)

   JacksonAutoConfiguration.JacksonObjectMapperConfiguration#jacksonObjectMapper matched:
      - @ConditionalOnMissingBean (types: com.fasterxml.jackson.databind.ObjectMapper; SearchStrategy: all) did not find any beans (OnBeanCondition)

   JacksonAutoConfiguration.ParameterNamesModuleConfiguration matched:
      - @ConditionalOnClass found required class 'com.fasterxml.jackson.module.paramnames.ParameterNamesModule' (OnClassCondition)

   JacksonAutoConfiguration.ParameterNamesModuleConfiguration#parameterNamesModule matched:
      - @ConditionalOnMissingBean (types: com.fasterxml.jackson.module.paramnames.ParameterNamesModule; SearchStrategy: all) did not find any beans (OnBeanCondition)

   JacksonHttpMessageConvertersConfiguration.MappingJackson2HttpMessageConverterConfiguration matched:
      - @ConditionalOnClass found required class 'com.fasterxml.jackson.databind.ObjectMapper' (OnClassCondition)
      - @ConditionalOnProperty (spring.mvc.converters.preferred-json-mapper=jackson) matched (OnPropertyCondition)
      - @ConditionalOnBean (types: com.fasterxml.jackson.databind.ObjectMapper; SearchStrategy: all) found bean 'jacksonObjectMapper' (OnBeanCondition)

   JacksonHttpMessageConvertersConfiguration.MappingJackson2HttpMessageConverterConfiguration#mappingJackson2HttpMessageConverter matched:
      - @ConditionalOnMissingBean (types: org.springframework.http.converter.json.MappingJackson2HttpMessageConverter ignored: org.springframework.hateoas.server.mvc.TypeConstrainedMappingJackson2HttpMessageConverter,org.springframework.data.rest.webmvc.alps.AlpsJsonHttpMessageConverter; SearchStrategy: all) did not find any beans (OnBeanCondition)

   JdbcTemplateAutoConfiguration matched:
      - @ConditionalOnClass found required classes 'javax.sql.DataSource', 'org.springframework.jdbc.core.JdbcTemplate' (OnClassCondition)
      - @ConditionalOnSingleCandidate (types: javax.sql.DataSource; SearchStrategy: all) found a single bean 'dataSource' (OnBeanCondition)

   JdbcTemplateConfiguration matched:
      - @ConditionalOnMissingBean (types: org.springframework.jdbc.core.JdbcOperations; SearchStrategy: all) did not find any beans (OnBeanCondition)

   JmxAutoConfiguration matched:
      - @ConditionalOnClass found required class 'org.springframework.jmx.export.MBeanExporter' (OnClassCondition)
      - @ConditionalOnProperty (spring.jmx.enabled=true) matched (OnPropertyCondition)

   JmxAutoConfiguration#mbeanExporter matched:
      - @ConditionalOnMissingBean (types: org.springframework.jmx.export.MBeanExporter; SearchStrategy: current) did not find any beans (OnBeanCondition)

   JmxAutoConfiguration#mbeanServer matched:
      - @ConditionalOnMissingBean (types: javax.management.MBeanServer; SearchStrategy: all) did not find any beans (OnBeanCondition)

   JmxAutoConfiguration#objectNamingStrategy matched:
      - @ConditionalOnMissingBean (types: org.springframework.jmx.export.naming.ObjectNamingStrategy; SearchStrategy: current) did not find any beans (OnBeanCondition)

   JpaBaseConfiguration#entityManagerFactory matched:
      - @ConditionalOnMissingBean (types: org.springframework.orm.jpa.LocalContainerEntityManagerFactoryBean,jakarta.persistence.EntityManagerFactory; SearchStrategy: all) did not find any beans (OnBeanCondition)

   JpaBaseConfiguration#entityManagerFactoryBuilder matched:
      - @ConditionalOnMissingBean (types: org.springframework.boot.orm.jpa.EntityManagerFactoryBuilder; SearchStrategy: all) did not find any beans (OnBeanCondition)

   JpaBaseConfiguration#jpaVendorAdapter matched:
      - @ConditionalOnMissingBean (types: org.springframework.orm.jpa.JpaVendorAdapter; SearchStrategy: all) did not find any beans (OnBeanCondition)

   JpaBaseConfiguration#transactionManager matched:
      - @ConditionalOnMissingBean (types: org.springframework.transaction.TransactionManager; SearchStrategy: all) did not find any beans (OnBeanCondition)

   JpaBaseConfiguration.JpaWebConfiguration matched:
      - @ConditionalOnClass found required class 'org.springframework.web.servlet.config.annotation.WebMvcConfigurer' (OnClassCondition)
      - found 'session' scope (OnWebApplicationCondition)
      - @ConditionalOnProperty (spring.jpa.open-in-view=true) matched (OnPropertyCondition)
      - @ConditionalOnMissingBean (types: org.springframework.orm.jpa.support.OpenEntityManagerInViewInterceptor,org.springframework.orm.jpa.support.OpenEntityManagerInViewFilter; SearchStrategy: all) did not find any beans (OnBeanCondition)

   JpaBaseConfiguration.PersistenceManagedTypesConfiguration matched:
      - @ConditionalOnMissingBean (types: org.springframework.orm.jpa.LocalContainerEntityManagerFactoryBean,jakarta.persistence.EntityManagerFactory; SearchStrategy: all) did not find any beans (OnBeanCondition)

   JpaBaseConfiguration.PersistenceManagedTypesConfiguration#persistenceManagedTypes matched:
      - @ConditionalOnMissingBean (types: org.springframework.orm.jpa.persistenceunit.PersistenceManagedTypes; SearchStrategy: all) did not find any beans (OnBeanCondition)

   JtaAutoConfiguration matched:
      - @ConditionalOnClass found required class 'jakarta.transaction.Transaction' (OnClassCondition)
      - @ConditionalOnProperty (spring.jta.enabled) matched (OnPropertyCondition)

   LifecycleAutoConfiguration#defaultLifecycleProcessor matched:
      - @ConditionalOnMissingBean (names: lifecycleProcessor; SearchStrategy: current) did not find any beans (OnBeanCondition)

   LocalDevToolsAutoConfiguration matched:
      - Initialized Restarter Condition available and initialized (OnInitializedRestarterCondition)

   LocalDevToolsAutoConfiguration.LiveReloadConfiguration matched:
      - @ConditionalOnProperty (spring.devtools.livereload.enabled) matched (OnPropertyCondition)

   LocalDevToolsAutoConfiguration.LiveReloadConfiguration#liveReloadServer matched:
      - @ConditionalOnMissingBean (types: org.springframework.boot.devtools.livereload.LiveReloadServer; SearchStrategy: all) did not find any beans (OnBeanCondition)

   LocalDevToolsAutoConfiguration.RestartConfiguration matched:
      - @ConditionalOnProperty (spring.devtools.restart.enabled) matched (OnPropertyCondition)

   LocalDevToolsAutoConfiguration.RestartConfiguration#classPathFileSystemWatcher matched:
      - @ConditionalOnMissingBean (types: org.springframework.boot.devtools.classpath.ClassPathFileSystemWatcher; SearchStrategy: all) did not find any beans (OnBeanCondition)

   LocalDevToolsAutoConfiguration.RestartConfiguration#classPathRestartStrategy matched:
      - @ConditionalOnMissingBean (types: org.springframework.boot.devtools.classpath.ClassPathRestartStrategy; SearchStrategy: all) did not find any beans (OnBeanCondition)

   LocalDevToolsAutoConfiguration.RestartConfiguration#conditionEvaluationDeltaLoggingListener matched:
      - @ConditionalOnProperty (spring.devtools.restart.log-condition-evaluation-delta) matched (OnPropertyCondition)

   MultipartAutoConfiguration matched:
      - @ConditionalOnClass found required classes 'jakarta.servlet.Servlet', 'org.springframework.web.multipart.support.StandardServletMultipartResolver', 'jakarta.servlet.MultipartConfigElement' (OnClassCondition)
      - found 'session' scope (OnWebApplicationCondition)
      - @ConditionalOnProperty (spring.servlet.multipart.enabled) matched (OnPropertyCondition)

   MultipartAutoConfiguration#multipartConfigElement matched:
      - @ConditionalOnMissingBean (types: jakarta.servlet.MultipartConfigElement; SearchStrategy: all) did not find any beans (OnBeanCondition)

   MultipartAutoConfiguration#multipartResolver matched:
      - @ConditionalOnMissingBean (types: org.springframework.web.multipart.MultipartResolver; SearchStrategy: all) did not find any beans (OnBeanCondition)

   NamedParameterJdbcTemplateConfiguration matched:
      - @ConditionalOnSingleCandidate (types: org.springframework.jdbc.core.JdbcTemplate; SearchStrategy: all) found a single bean 'jdbcTemplate'; @ConditionalOnMissingBean (types: org.springframework.jdbc.core.namedparam.NamedParameterJdbcOperations; SearchStrategy: all) did not find any beans (OnBeanCondition)

   NoOpCacheConfiguration matched:
      - Cache org.springframework.boot.autoconfigure.cache.NoOpCacheConfiguration automatic cache type (CacheCondition)

   OAuth2ResourceServerAutoConfiguration matched:
      - @ConditionalOnClass found required class 'org.springframework.security.oauth2.server.resource.authentication.BearerTokenAuthenticationToken' (OnClassCondition)
      - found 'session' scope (OnWebApplicationCondition)

   OAuth2ResourceServerJwtConfiguration.JwtDecoderConfiguration matched:
      - @ConditionalOnMissingBean (types: org.springframework.security.oauth2.jwt.JwtDecoder; SearchStrategy: all) did not find any beans (OnBeanCondition)

   OAuth2ResourceServerOpaqueTokenConfiguration.OpaqueTokenIntrospectionClientConfiguration matched:
      - @ConditionalOnMissingBean (types: org.springframework.security.oauth2.server.resource.introspection.OpaqueTokenIntrospector; SearchStrategy: all) did not find any beans (OnBeanCondition)

   Oauth2ResourceServerConfiguration.JwtConfiguration matched:
      - @ConditionalOnClass found required class 'org.springframework.security.oauth2.jwt.JwtDecoder' (OnClassCondition)

   PersistenceExceptionTranslationAutoConfiguration matched:
      - @ConditionalOnClass found required class 'org.springframework.dao.annotation.PersistenceExceptionTranslationPostProcessor' (OnClassCondition)

   PersistenceExceptionTranslationAutoConfiguration#persistenceExceptionTranslationPostProcessor matched:
      - @ConditionalOnProperty (spring.dao.exceptiontranslation.enabled) matched (OnPropertyCondition)
      - @ConditionalOnMissingBean (types: org.springframework.dao.annotation.PersistenceExceptionTranslationPostProcessor; SearchStrategy: all) did not find any beans (OnBeanCondition)

   PropertyPlaceholderAutoConfiguration#propertySourcesPlaceholderConfigurer matched:
      - @ConditionalOnMissingBean (types: org.springframework.context.support.PropertySourcesPlaceholderConfigurer; SearchStrategy: current) did not find any beans (OnBeanCondition)

   RepositoryRestMvcAutoConfiguration matched:
      - @ConditionalOnClass found required class 'org.springframework.data.rest.webmvc.config.RepositoryRestMvcConfiguration' (OnClassCondition)
      - found 'session' scope (OnWebApplicationCondition)
      - @ConditionalOnMissingBean (types: org.springframework.data.rest.webmvc.config.RepositoryRestMvcConfiguration; SearchStrategy: all) did not find any beans (OnBeanCondition)

   RestTemplateAutoConfiguration matched:
      - @ConditionalOnClass found required class 'org.springframework.web.client.RestTemplate' (OnClassCondition)
      - NoneNestedConditions 0 matched 1 did not; NestedCondition on RestTemplateAutoConfiguration.NotReactiveWebApplicationCondition.ReactiveWebApplication did not find reactive web application classes (RestTemplateAutoConfiguration.NotReactiveWebApplicationCondition)

   RestTemplateAutoConfiguration#restTemplateBuilder matched:
      - @ConditionalOnMissingBean (types: org.springframework.boot.web.client.RestTemplateBuilder; SearchStrategy: all) did not find any beans (OnBeanCondition)

   RestTemplateAutoConfiguration#restTemplateBuilderConfigurer matched:
      - @ConditionalOnMissingBean (types: org.springframework.boot.autoconfigure.web.client.RestTemplateBuilderConfigurer; SearchStrategy: all) did not find any beans (OnBeanCondition)

   SecurityAutoConfiguration matched:
      - @ConditionalOnClass found required class 'org.springframework.security.authentication.DefaultAuthenticationEventPublisher' (OnClassCondition)

   SecurityAutoConfiguration#authenticationEventPublisher matched:
      - @ConditionalOnMissingBean (types: org.springframework.security.authentication.AuthenticationEventPublisher; SearchStrategy: all) did not find any beans (OnBeanCondition)

   SecurityFilterAutoConfiguration matched:
      - @ConditionalOnClass found required classes 'org.springframework.security.web.context.AbstractSecurityWebApplicationInitializer', 'org.springframework.security.config.http.SessionCreationPolicy' (OnClassCondition)
      - found 'session' scope (OnWebApplicationCondition)

   SecurityFilterAutoConfiguration#securityFilterChainRegistration matched:
      - @ConditionalOnBean (names: springSecurityFilterChain; SearchStrategy: all) found bean 'springSecurityFilterChain' (OnBeanCondition)

   ServletWebServerFactoryAutoConfiguration matched:
      - @ConditionalOnClass found required class 'jakarta.servlet.ServletRequest' (OnClassCondition)
      - found 'session' scope (OnWebApplicationCondition)

   ServletWebServerFactoryAutoConfiguration#tomcatServletWebServerFactoryCustomizer matched:
      - @ConditionalOnClass found required class 'org.apache.catalina.startup.Tomcat' (OnClassCondition)

   ServletWebServerFactoryConfiguration.EmbeddedTomcat matched:
      - @ConditionalOnClass found required classes 'jakarta.servlet.Servlet', 'org.apache.catalina.startup.Tomcat', 'org.apache.coyote.UpgradeProtocol' (OnClassCondition)
      - @ConditionalOnMissingBean (types: org.springframework.boot.web.servlet.server.ServletWebServerFactory; SearchStrategy: current) did not find any beans (OnBeanCondition)

   SimpleCacheConfiguration matched:
      - Cache org.springframework.boot.autoconfigure.cache.SimpleCacheConfiguration automatic cache type (CacheCondition)

   SpringApplicationAdminJmxAutoConfiguration matched:
      - @ConditionalOnProperty (spring.application.admin.enabled=true) matched (OnPropertyCondition)

   SpringApplicationAdminJmxAutoConfiguration#springApplicationAdminRegistrar matched:
      - @ConditionalOnMissingBean (types: org.springframework.boot.admin.SpringApplicationAdminMXBeanRegistrar; SearchStrategy: all) did not find any beans (OnBeanCondition)

   SpringBootWebSecurityConfiguration matched:
      - found 'session' scope (OnWebApplicationCondition)

   SpringDocConfigProperties matched:
      - @ConditionalOnProperty (springdoc.api-docs.enabled) matched (OnPropertyCondition)
      - @ConditionalOnBean (types: org.springdoc.core.configuration.SpringDocConfiguration; SearchStrategy: all) found bean 'org.springdoc.core.configuration.SpringDocConfiguration' (OnBeanCondition)

   SpringDocConfiguration matched:
      - @ConditionalOnWebApplication (required) found 'session' scope (OnWebApplicationCondition)
      - @ConditionalOnProperty (springdoc.api-docs.enabled) matched (OnPropertyCondition)

   SpringDocConfiguration#fileSupportConverter matched:
      - @ConditionalOnMissingBean (types: org.springdoc.core.converters.FileSupportConverter; SearchStrategy: all) did not find any beans (OnBeanCondition)

   SpringDocConfiguration#openAPIBuilder matched:
      - @ConditionalOnMissingBean (types: org.springdoc.core.service.OpenAPIService; SearchStrategy: all) did not find any beans (OnBeanCondition)

   SpringDocConfiguration#operationBuilder matched:
      - @ConditionalOnMissingBean (types: org.springdoc.core.service.OperationService; SearchStrategy: all) did not find any beans (OnBeanCondition)

   SpringDocConfiguration#parameterBuilder matched:
      - @ConditionalOnMissingBean (types: org.springdoc.core.service.GenericParameterService; SearchStrategy: all) did not find any beans (OnBeanCondition)

   SpringDocConfiguration#polymorphicModelConverter matched:
      - @ConditionalOnProperty (springdoc.model-converters.polymorphic-converter.enabled) matched (OnPropertyCondition)
      - @ConditionalOnMissingBean (types: org.springdoc.core.converters.PolymorphicModelConverter; SearchStrategy: all) did not find any beans (OnBeanCondition)

   SpringDocConfiguration#requestBodyBuilder matched:
      - @ConditionalOnMissingBean (types: org.springdoc.core.service.RequestBodyService; SearchStrategy: all) did not find any beans (OnBeanCondition)

   SpringDocConfiguration#responseSupportConverter matched:
      - @ConditionalOnMissingBean (types: org.springdoc.core.converters.ResponseSupportConverter; SearchStrategy: all) did not find any beans (OnBeanCondition)

   SpringDocConfiguration#schemaPropertyDeprecatingConverter matched:
      - @ConditionalOnProperty (springdoc.model-converters.deprecating-converter.enabled) matched (OnPropertyCondition)
      - @ConditionalOnMissingBean (types: org.springdoc.core.converters.SchemaPropertyDeprecatingConverter; SearchStrategy: all) did not find any beans (OnBeanCondition)

   SpringDocConfiguration#securityParser matched:
      - @ConditionalOnMissingBean (types: org.springdoc.core.service.SecurityService; SearchStrategy: all) did not find any beans (OnBeanCondition)

   SpringDocConfiguration#springDocCustomizers matched:
      - @ConditionalOnMissingBean (types: org.springdoc.core.customizers.SpringDocCustomizers; SearchStrategy: all) did not find any beans (OnBeanCondition)

   SpringDocConfiguration#springDocProviders matched:
      - @ConditionalOnMissingBean (types: org.springdoc.core.providers.SpringDocProviders; SearchStrategy: all) did not find any beans (OnBeanCondition)

   SpringDocConfiguration#springdocObjectMapperProvider matched:
      - @ConditionalOnMissingBean (types: org.springdoc.core.providers.ObjectMapperProvider; SearchStrategy: all) did not find any beans (OnBeanCondition)

   SpringDocConfiguration.QuerydslProvider matched:
      - @ConditionalOnClass found required class 'org.springframework.data.querydsl.binding.QuerydslBindingsFactory' (OnClassCondition)

   SpringDocConfiguration.QuerydslProvider#queryDslQuerydslPredicateOperationCustomizer matched:
      - @ConditionalOnMissingBean (types: org.springdoc.core.customizers.QuerydslPredicateOperationCustomizer; SearchStrategy: all) did not find any beans (OnBeanCondition)

   SpringDocConfiguration.SpringDocRepositoryRestConfiguration matched:
      - @ConditionalOnClass found required class 'org.springframework.data.rest.core.config.RepositoryRestConfiguration' (OnClassCondition)

   SpringDocConfiguration.SpringDocRepositoryRestConfiguration#repositoryRestConfigurationProvider matched:
      - @ConditionalOnMissingBean (types: org.springdoc.core.providers.RepositoryRestConfigurationProvider; SearchStrategy: all) did not find any beans (OnBeanCondition)

   SpringDocConfiguration.SpringDocSpringDataWebPropertiesProvider matched:
      - @ConditionalOnClass found required class 'org.springframework.boot.autoconfigure.data.web.SpringDataWebProperties' (OnClassCondition)

   SpringDocConfiguration.SpringDocSpringDataWebPropertiesProvider#springDataWebPropertiesProvider matched:
      - @ConditionalOnMissingBean (types: org.springdoc.core.providers.SpringDataWebPropertiesProvider; SearchStrategy: all) did not find any beans (OnBeanCondition)

   SpringDocConfiguration.WebConversionServiceConfiguration matched:
      - @ConditionalOnClass found required class 'org.springframework.boot.autoconfigure.web.format.WebConversionService' (OnClassCondition)

   SpringDocDataRestConfiguration matched:
      - @ConditionalOnClass found required class 'org.springframework.data.rest.core.config.RepositoryRestConfiguration' (OnClassCondition)
      - @ConditionalOnWebApplication (required) found 'session' scope (OnWebApplicationCondition)
      - @ConditionalOnExpression (#{${springdoc.api-docs.enabled:true} and ${springdoc.enable-data-rest:true}}) resulted in true (OnExpressionCondition)
      - @ConditionalOnBean (types: org.springdoc.core.configuration.SpringDocConfiguration; SearchStrategy: all) found bean 'org.springdoc.core.configuration.SpringDocConfiguration' (OnBeanCondition)

   SpringDocDataRestConfiguration#halProvider matched:
      - @ConditionalOnMissingBean (types: org.springdoc.core.providers.DataRestHalProvider; SearchStrategy: all) did not find any beans (OnBeanCondition)

   SpringDocDataRestConfiguration.SpringRepositoryRestResourceProviderConfiguration matched:
      - @ConditionalOnClass found required class 'org.springframework.data.rest.webmvc.RepositoryRestHandlerMapping' (OnClassCondition)

   SpringDocDataRestConfiguration.SpringRepositoryRestResourceProviderConfiguration#dataRestOperationBuilder matched:
      - @ConditionalOnMissingBean (types: org.springdoc.core.data.DataRestOperationService; SearchStrategy: all) did not find any beans (OnBeanCondition)

   SpringDocDataRestConfiguration.SpringRepositoryRestResourceProviderConfiguration#dataRestRequestBuilder matched:
      - @ConditionalOnMissingBean (types: org.springdoc.core.data.DataRestRequestService; SearchStrategy: all) did not find any beans (OnBeanCondition)

   SpringDocDataRestConfiguration.SpringRepositoryRestResourceProviderConfiguration#dataRestResponseBuilder matched:
      - @ConditionalOnMissingBean (types: org.springdoc.core.data.DataRestResponseService; SearchStrategy: all) did not find any beans (OnBeanCondition)

   SpringDocDataRestConfiguration.SpringRepositoryRestResourceProviderConfiguration#dataRestRouterOperationBuilder matched:
      - @ConditionalOnMissingBean (types: org.springdoc.core.data.DataRestRouterOperationService; SearchStrategy: all) did not find any beans (OnBeanCondition)

   SpringDocDataRestConfiguration.SpringRepositoryRestResourceProviderConfiguration#dataRestTagsBuilder matched:
      - @ConditionalOnMissingBean (types: org.springdoc.core.data.DataRestTagsService; SearchStrategy: all) did not find any beans (OnBeanCondition)

   SpringDocDataRestConfiguration.SpringRepositoryRestResourceProviderConfiguration#springDocDataRestUtils matched:
      - @ConditionalOnMissingBean (types: org.springdoc.core.utils.SpringDocDataRestUtils; SearchStrategy: all) did not find any beans (OnBeanCondition)

   SpringDocDataRestConfiguration.SpringRepositoryRestResourceProviderConfiguration#springRepositoryRestResourceProvider matched:
      - @ConditionalOnMissingBean (types: org.springdoc.core.providers.SpringRepositoryRestResourceProvider; SearchStrategy: all) did not find any beans (OnBeanCondition)

   SpringDocHateoasConfiguration matched:
      - @ConditionalOnClass found required class 'org.springframework.hateoas.server.LinkRelationProvider' (OnClassCondition)
      - @ConditionalOnWebApplication (required) found 'session' scope (OnWebApplicationCondition)
      - @ConditionalOnExpression (#{${springdoc.api-docs.enabled:true} and ${springdoc.enable-hateoas:true}}) resulted in true (OnExpressionCondition)
      - @ConditionalOnBean (types: org.springdoc.core.configuration.SpringDocConfiguration; SearchStrategy: all) found bean 'org.springdoc.core.configuration.SpringDocConfiguration' (OnBeanCondition)

   SpringDocHateoasConfiguration#collectionModelContentConverter matched:
      - @ConditionalOnMissingBean (types: org.springdoc.core.converters.CollectionModelContentConverter; SearchStrategy: all) did not find any beans (OnBeanCondition)

   SpringDocHateoasConfiguration#linksSchemaCustomizer matched:
      - @ConditionalOnMissingBean (types: org.springdoc.core.customizers.GlobalOpenApiCustomizer; SearchStrategy: all) did not find any beans (OnBeanCondition)

   SpringDocPageableConfiguration matched:
      - @ConditionalOnClass found required class 'org.springframework.data.domain.Pageable' (OnClassCondition)
      - @ConditionalOnWebApplication (required) found 'session' scope (OnWebApplicationCondition)
      - @ConditionalOnProperty (springdoc.api-docs.enabled) matched (OnPropertyCondition)
      - @ConditionalOnBean (types: org.springdoc.core.configuration.SpringDocConfiguration; SearchStrategy: all) found bean 'org.springdoc.core.configuration.SpringDocConfiguration' (OnBeanCondition)

   SpringDocPageableConfiguration#delegatingMethodParameterCustomizer matched:
      - @ConditionalOnMissingBean (types: org.springdoc.core.customizers.DelegatingMethodParameterCustomizer; SearchStrategy: all) did not find any beans (OnBeanCondition)

   SpringDocPageableConfiguration#pageableOpenAPIConverter matched:
      - @ConditionalOnProperty (springdoc.model-converters.pageable-converter.enabled) matched (OnPropertyCondition)
      - @ConditionalOnMissingBean (types: org.springdoc.core.converters.PageableOpenAPIConverter; SearchStrategy: all) did not find any beans (OnBeanCondition)

   SpringDocSecurityConfiguration matched:
      - @ConditionalOnClass found required class 'org.springframework.security.web.SecurityFilterChain' (OnClassCondition)
      - @ConditionalOnWebApplication (required) found 'session' scope (OnWebApplicationCondition)
      - @ConditionalOnExpression (#{${springdoc.api-docs.enabled:true} and ${springdoc.enable-spring-security:true}}) resulted in true (OnExpressionCondition)
      - @ConditionalOnBean (types: org.springdoc.core.configuration.SpringDocConfiguration; SearchStrategy: all) found bean 'org.springdoc.core.configuration.SpringDocConfiguration' (OnBeanCondition)

   SpringDocSecurityConfiguration.SpringSecurityLoginEndpointConfiguration matched:
      - @ConditionalOnClass found required class 'jakarta.servlet.Filter' (OnClassCondition)

   SpringDocSortConfiguration matched:
      - @ConditionalOnClass found required class 'org.springframework.data.domain.Sort' (OnClassCondition)
      - @ConditionalOnWebApplication (required) found 'session' scope (OnWebApplicationCondition)
      - @ConditionalOnProperty (springdoc.api-docs.enabled) matched (OnPropertyCondition)
      - @ConditionalOnBean (types: org.springdoc.core.configuration.SpringDocConfiguration; SearchStrategy: all) found bean 'org.springdoc.core.configuration.SpringDocConfiguration' (OnBeanCondition)

   SpringDocSortConfiguration#sortOpenAPIConverter matched:
      - @ConditionalOnProperty (springdoc.model-converters.sort-converter.enabled) matched (OnPropertyCondition)
      - @ConditionalOnMissingBean (types: org.springdoc.core.converters.SortOpenAPIConverter; SearchStrategy: all) did not find any beans (OnBeanCondition)

   SpringDocUIConfiguration matched:
      - @ConditionalOnWebApplication (required) found 'session' scope (OnWebApplicationCondition)
      - @ConditionalOnBean (types: org.springdoc.core.configuration.SpringDocConfiguration; SearchStrategy: all) found bean 'org.springdoc.core.configuration.SpringDocConfiguration' (OnBeanCondition)

   SpringDocWebMvcConfiguration matched:
      - found 'session' scope (OnWebApplicationCondition)
      - @ConditionalOnProperty (springdoc.api-docs.enabled) matched (OnPropertyCondition)
      - @ConditionalOnBean (types: org.springdoc.core.configuration.SpringDocConfiguration; SearchStrategy: all) found bean 'org.springdoc.core.configuration.SpringDocConfiguration' (OnBeanCondition)

   SpringDocWebMvcConfiguration#openApiResource matched:
      - @ConditionalOnProperty (springdoc.use-management-port=false) matched (OnPropertyCondition)
      - @ConditionalOnMissingBean (types: org.springdoc.webmvc.api.OpenApiWebMvcResource; SearchStrategy: all) did not find any beans (OnBeanCondition)

   SpringDocWebMvcConfiguration#requestBuilder matched:
      - @ConditionalOnMissingBean (types: org.springdoc.webmvc.core.service.RequestService; SearchStrategy: all) did not find any beans (OnBeanCondition)

   SpringDocWebMvcConfiguration#responseBuilder matched:
      - @ConditionalOnMissingBean (types: org.springdoc.core.service.GenericResponseService; SearchStrategy: all) did not find any beans (OnBeanCondition)

   SpringDocWebMvcConfiguration#springWebProvider matched:
      - @ConditionalOnMissingBean (types: org.springdoc.core.providers.SpringWebProvider; SearchStrategy: all) did not find any beans (OnBeanCondition)

   SpringDocWebMvcConfiguration.SpringDocWebMvcRouterConfiguration matched:
      - @ConditionalOnClass found required class 'org.springframework.web.servlet.function.RouterFunction' (OnClassCondition)

   SpringDocWebMvcConfiguration.SpringDocWebMvcRouterConfiguration#routerFunctionProvider matched:
      - @ConditionalOnMissingBean (types: org.springdoc.webmvc.core.providers.RouterFunctionWebMvcProvider; SearchStrategy: all) did not find any beans (OnBeanCondition)

   SqlInitializationAutoConfiguration matched:
      - @ConditionalOnProperty (spring.sql.init.enabled) matched (OnPropertyCondition)
      - NoneNestedConditions 0 matched 1 did not; NestedCondition on SqlInitializationAutoConfiguration.SqlInitializationModeCondition.ModeIsNever @ConditionalOnProperty (spring.sql.init.mode=never) did not find property 'mode' (SqlInitializationAutoConfiguration.SqlInitializationModeCondition)

   SwaggerConfig matched:
      - found 'session' scope (OnWebApplicationCondition)
      - @ConditionalOnProperty (springdoc.swagger-ui.enabled) matched (OnPropertyCondition)
      - @ConditionalOnBean (types: org.springdoc.core.configuration.SpringDocConfiguration; SearchStrategy: all) found bean 'org.springdoc.core.configuration.SpringDocConfiguration' (OnBeanCondition)

   SwaggerConfig#indexPageTransformer matched:
      - @ConditionalOnMissingBean (types: org.springdoc.webmvc.ui.SwaggerIndexTransformer; SearchStrategy: all) did not find any beans (OnBeanCondition)

   SwaggerConfig#swaggerConfigResource matched:
      - @ConditionalOnProperty (springdoc.use-management-port=false) matched (OnPropertyCondition)
      - @ConditionalOnMissingBean (types: org.springdoc.webmvc.ui.SwaggerConfigResource; SearchStrategy: all) did not find any beans (OnBeanCondition)

   SwaggerConfig#swaggerResourceResolver matched:
      - @ConditionalOnMissingBean (types: org.springdoc.webmvc.ui.SwaggerResourceResolver; SearchStrategy: all) did not find any beans (OnBeanCondition)

   SwaggerConfig#swaggerWebMvcConfigurer matched:
      - @ConditionalOnMissingBean (types: org.springdoc.webmvc.ui.SwaggerWebMvcConfigurer; SearchStrategy: all) did not find any beans (OnBeanCondition)

   SwaggerConfig#swaggerWelcome matched:
      - @ConditionalOnProperty (springdoc.use-management-port=false) matched (OnPropertyCondition)
      - @ConditionalOnMissingBean (types: org.springdoc.webmvc.ui.SwaggerWelcomeWebMvc; SearchStrategy: all) did not find any beans (OnBeanCondition)

   SwaggerUiConfigParameters matched:
      - @ConditionalOnProperty (springdoc.swagger-ui.enabled) matched (OnPropertyCondition)
      - @ConditionalOnBean (types: org.springdoc.core.configuration.SpringDocConfiguration; SearchStrategy: all) found bean 'org.springdoc.core.configuration.SpringDocConfiguration' (OnBeanCondition)

   SwaggerUiConfigProperties matched:
      - @ConditionalOnProperty (springdoc.swagger-ui.enabled) matched (OnPropertyCondition)
      - @ConditionalOnBean (types: org.springdoc.core.configuration.SpringDocConfiguration; SearchStrategy: all) found bean 'org.springdoc.core.configuration.SpringDocConfiguration' (OnBeanCondition)

   SwaggerUiOAuthProperties matched:
      - @ConditionalOnProperty (springdoc.swagger-ui.enabled) matched (OnPropertyCondition)
      - @ConditionalOnBean (types: org.springdoc.core.configuration.SpringDocConfiguration; SearchStrategy: all) found bean 'org.springdoc.core.configuration.SpringDocConfiguration' (OnBeanCondition)

   TaskExecutionAutoConfiguration matched:
      - @ConditionalOnClass found required class 'org.springframework.scheduling.concurrent.ThreadPoolTaskExecutor' (OnClassCondition)

   TaskExecutionAutoConfiguration#applicationTaskExecutor matched:
      - @ConditionalOnMissingBean (types: java.util.concurrent.Executor; SearchStrategy: all) did not find any beans (OnBeanCondition)

   TaskExecutionAutoConfiguration#taskExecutorBuilder matched:
      - @ConditionalOnMissingBean (types: org.springframework.boot.task.TaskExecutorBuilder; SearchStrategy: all) did not find any beans (OnBeanCondition)

   TaskSchedulingAutoConfiguration matched:
      - @ConditionalOnClass found required class 'org.springframework.scheduling.concurrent.ThreadPoolTaskScheduler' (OnClassCondition)

   TaskSchedulingAutoConfiguration#taskSchedulerBuilder matched:
      - @ConditionalOnMissingBean (types: org.springframework.boot.task.TaskSchedulerBuilder; SearchStrategy: all) did not find any beans (OnBeanCondition)

   TransactionAutoConfiguration matched:
      - @ConditionalOnClass found required class 'org.springframework.transaction.PlatformTransactionManager' (OnClassCondition)

   TransactionAutoConfiguration#platformTransactionManagerCustomizers matched:
      - @ConditionalOnMissingBean (types: org.springframework.boot.autoconfigure.transaction.TransactionManagerCustomizers; SearchStrategy: all) did not find any beans (OnBeanCondition)

   TransactionAutoConfiguration.TransactionTemplateConfiguration matched:
      - @ConditionalOnSingleCandidate (types: org.springframework.transaction.PlatformTransactionManager; SearchStrategy: all) found a single bean 'transactionManager' (OnBeanCondition)

   TransactionAutoConfiguration.TransactionTemplateConfiguration#transactionTemplate matched:
      - @ConditionalOnMissingBean (types: org.springframework.transaction.support.TransactionOperations; SearchStrategy: all) did not find any beans (OnBeanCondition)

   ValidationAutoConfiguration matched:
      - @ConditionalOnClass found required class 'jakarta.validation.executable.ExecutableValidator' (OnClassCondition)
      - @ConditionalOnResource found location classpath:META-INF/services/jakarta.validation.spi.ValidationProvider (OnResourceCondition)

   ValidationAutoConfiguration#defaultValidator matched:
      - @ConditionalOnMissingBean (types: jakarta.validation.Validator; SearchStrategy: all) did not find any beans (OnBeanCondition)

   ValidationAutoConfiguration#methodValidationPostProcessor matched:
      - @ConditionalOnMissingBean (types: org.springframework.validation.beanvalidation.MethodValidationPostProcessor; SearchStrategy: current) did not find any beans (OnBeanCondition)

   WebMvcAutoConfiguration matched:
      - @ConditionalOnClass found required classes 'jakarta.servlet.Servlet', 'org.springframework.web.servlet.DispatcherServlet', 'org.springframework.web.servlet.config.annotation.WebMvcConfigurer' (OnClassCondition)
      - found 'session' scope (OnWebApplicationCondition)
      - @ConditionalOnMissingBean (types: org.springframework.web.servlet.config.annotation.WebMvcConfigurationSupport; SearchStrategy: all) did not find any beans (OnBeanCondition)

   WebMvcAutoConfiguration#formContentFilter matched:
      - @ConditionalOnProperty (spring.mvc.formcontent.filter.enabled) matched (OnPropertyCondition)
      - @ConditionalOnMissingBean (types: org.springframework.web.filter.FormContentFilter; SearchStrategy: all) did not find any beans (OnBeanCondition)

   WebMvcAutoConfiguration.EnableWebMvcConfiguration#flashMapManager matched:
      - @ConditionalOnMissingBean (names: flashMapManager; SearchStrategy: all) did not find any beans (OnBeanCondition)

   WebMvcAutoConfiguration.EnableWebMvcConfiguration#localeResolver matched:
      - @ConditionalOnMissingBean (names: localeResolver; SearchStrategy: all) did not find any beans (OnBeanCondition)

   WebMvcAutoConfiguration.EnableWebMvcConfiguration#themeResolver matched:
      - @ConditionalOnMissingBean (names: themeResolver; SearchStrategy: all) did not find any beans (OnBeanCondition)

   WebMvcAutoConfiguration.WebMvcAutoConfigurationAdapter#defaultViewResolver matched:
      - @ConditionalOnMissingBean (types: org.springframework.web.servlet.view.InternalResourceViewResolver; SearchStrategy: all) did not find any beans (OnBeanCondition)

   WebMvcAutoConfiguration.WebMvcAutoConfigurationAdapter#requestContextFilter matched:
      - @ConditionalOnMissingBean (types: org.springframework.web.context.request.RequestContextListener,org.springframework.web.filter.RequestContextFilter; SearchStrategy: all) did not find any beans (OnBeanCondition)

   WebMvcAutoConfiguration.WebMvcAutoConfigurationAdapter#viewResolver matched:
      - @ConditionalOnBean (types: org.springframework.web.servlet.ViewResolver; SearchStrategy: all) found beans 'defaultViewResolver', 'mvcViewResolver'; @ConditionalOnMissingBean (names: viewResolver types: org.springframework.web.servlet.view.ContentNegotiatingViewResolver; SearchStrategy: all) did not find any beans (OnBeanCondition)

   WebSocketMessagingAutoConfiguration matched:
      - @ConditionalOnClass found required class 'org.springframework.web.socket.config.annotation.WebSocketMessageBrokerConfigurer' (OnClassCondition)
      - found 'session' scope (OnWebApplicationCondition)

   WebSocketServletAutoConfiguration matched:
      - @ConditionalOnClass found required classes 'jakarta.servlet.Servlet', 'jakarta.websocket.server.ServerContainer' (OnClassCondition)
      - found 'session' scope (OnWebApplicationCondition)

   WebSocketServletAutoConfiguration.TomcatWebSocketConfiguration matched:
      - @ConditionalOnClass found required classes 'org.apache.catalina.startup.Tomcat', 'org.apache.tomcat.websocket.server.WsSci' (OnClassCondition)

   WebSocketServletAutoConfiguration.TomcatWebSocketConfiguration#websocketServletWebServerCustomizer matched:
      - @ConditionalOnMissingBean (names: websocketServletWebServerCustomizer; SearchStrategy: all) did not find any beans (OnBeanCondition)


Negative matches:
-----------------

   AopAutoConfiguration.AspectJAutoProxyingConfiguration.JdkDynamicAutoProxyConfiguration:
      Did not match:
         - @ConditionalOnProperty (spring.aop.proxy-target-class=false) did not find property 'proxy-target-class' (OnPropertyCondition)

   AopAutoConfiguration.ClassProxyingConfiguration:
      Did not match:
         - @ConditionalOnMissingClass found unwanted class 'org.aspectj.weaver.Advice' (OnClassCondition)

   ArtemisAutoConfiguration:
      Did not match:
         - @ConditionalOnClass did not find required class 'jakarta.jms.ConnectionFactory' (OnClassCondition)

   BatchAutoConfiguration:
      Did not match:
         - @ConditionalOnClass did not find required class 'org.springframework.batch.core.launch.JobLauncher' (OnClassCondition)

   Cache2kCacheConfiguration:
      Did not match:
         - @ConditionalOnClass did not find required class 'org.cache2k.Cache2kBuilder' (OnClassCondition)

   CacheAutoConfiguration:
      Did not match:
         - @ConditionalOnBean (types: org.springframework.cache.interceptor.CacheAspectSupport; SearchStrategy: all) did not find any beans of type org.springframework.cache.interceptor.CacheAspectSupport (OnBeanCondition)
      Matched:
         - @ConditionalOnClass found required class 'org.springframework.cache.CacheManager' (OnClassCondition)

   CacheAutoConfiguration.CacheManagerEntityManagerFactoryDependsOnPostProcessor:
      Did not match:
         - Ancestor org.springframework.boot.autoconfigure.cache.CacheAutoConfiguration did not match (ConditionEvaluationReport.AncestorsMatchedCondition)
      Matched:
         - @ConditionalOnClass found required class 'org.springframework.orm.jpa.LocalContainerEntityManagerFactoryBean' (OnClassCondition)

   CassandraAutoConfiguration:
      Did not match:
         - @ConditionalOnClass did not find required class 'com.datastax.oss.driver.api.core.CqlSession' (OnClassCondition)

   CassandraDataAutoConfiguration:
      Did not match:
         - @ConditionalOnClass did not find required class 'com.datastax.oss.driver.api.core.CqlSession' (OnClassCondition)

   CassandraReactiveDataAutoConfiguration:
      Did not match:
         - @ConditionalOnClass did not find required class 'com.datastax.oss.driver.api.core.CqlSession' (OnClassCondition)

   CassandraReactiveRepositoriesAutoConfiguration:
      Did not match:
         - @ConditionalOnClass did not find required class 'org.springframework.data.cassandra.ReactiveSession' (OnClassCondition)

   CassandraRepositoriesAutoConfiguration:
      Did not match:
         - @ConditionalOnClass did not find required class 'com.datastax.oss.driver.api.core.CqlSession' (OnClassCondition)

   ClientHttpConnectorAutoConfiguration:
      Did not match:
         - @ConditionalOnClass did not find required class 'org.springframework.web.reactive.function.client.WebClient' (OnClassCondition)

   CodecsAutoConfiguration:
      Did not match:
         - @ConditionalOnClass did not find required class 'org.springframework.web.reactive.function.client.WebClient' (OnClassCondition)

   CouchbaseAutoConfiguration:
      Did not match:
         - @ConditionalOnClass did not find required class 'com.couchbase.client.java.Cluster' (OnClassCondition)

   CouchbaseCacheConfiguration:
      Did not match:
         - @ConditionalOnClass did not find required class 'com.couchbase.client.java.Cluster' (OnClassCondition)

   CouchbaseDataAutoConfiguration:
      Did not match:
         - @ConditionalOnClass did not find required class 'com.couchbase.client.java.Bucket' (OnClassCondition)

   CouchbaseReactiveDataAutoConfiguration:
      Did not match:
         - @ConditionalOnClass did not find required class 'com.couchbase.client.java.Cluster' (OnClassCondition)

   CouchbaseReactiveRepositoriesAutoConfiguration:
      Did not match:
         - @ConditionalOnClass did not find required class 'com.couchbase.client.java.Cluster' (OnClassCondition)

   CouchbaseRepositoriesAutoConfiguration:
      Did not match:
         - @ConditionalOnClass did not find required class 'com.couchbase.client.java.Bucket' (OnClassCondition)

   DataSourceAutoConfiguration.EmbeddedDatabaseConfiguration:
      Did not match:
         - EmbeddedDataSource spring.datasource.url is set (DataSourceAutoConfiguration.EmbeddedDatabaseCondition)

   DataSourceConfiguration.Dbcp2:
      Did not match:
         - @ConditionalOnClass did not find required class 'org.apache.commons.dbcp2.BasicDataSource' (OnClassCondition)

   DataSourceConfiguration.Generic:
      Did not match:
         - @ConditionalOnProperty (spring.datasource.type) did not find property 'spring.datasource.type' (OnPropertyCondition)

   DataSourceConfiguration.OracleUcp:
      Did not match:
         - @ConditionalOnClass did not find required classes 'oracle.ucp.jdbc.PoolDataSourceImpl', 'oracle.jdbc.OracleConnection' (OnClassCondition)

   DataSourceConfiguration.Tomcat:
      Did not match:
         - @ConditionalOnClass did not find required class 'org.apache.tomcat.jdbc.pool.DataSource' (OnClassCondition)

   DataSourceJmxConfiguration.TomcatDataSourceJmxConfiguration:
      Did not match:
         - @ConditionalOnClass did not find required class 'org.apache.tomcat.jdbc.pool.DataSourceProxy' (OnClassCondition)

   DataSourcePoolMetadataProvidersConfiguration.CommonsDbcp2PoolDataSourceMetadataProviderConfiguration:
      Did not match:
         - @ConditionalOnClass did not find required class 'org.apache.commons.dbcp2.BasicDataSource' (OnClassCondition)

   DataSourcePoolMetadataProvidersConfiguration.OracleUcpPoolDataSourceMetadataProviderConfiguration:
      Did not match:
         - @ConditionalOnClass did not find required classes 'oracle.ucp.jdbc.PoolDataSource', 'oracle.jdbc.OracleConnection' (OnClassCondition)

   DataSourcePoolMetadataProvidersConfiguration.TomcatDataSourcePoolMetadataProviderConfiguration:
      Did not match:
         - @ConditionalOnClass did not find required class 'org.apache.tomcat.jdbc.pool.DataSource' (OnClassCondition)

   DataSourceTransactionManagerAutoConfiguration.JdbcTransactionManagerConfiguration#transactionManager:
      Did not match:
         - @ConditionalOnMissingBean (types: org.springframework.transaction.TransactionManager; SearchStrategy: all) found beans of type 'org.springframework.transaction.TransactionManager' transactionManager (OnBeanCondition)

   DevToolsR2dbcAutoConfiguration:
      Did not match:
         - @ConditionalOnClass did not find required class 'io.r2dbc.spi.ConnectionFactory' (OnClassCondition)

   DispatcherServletAutoConfiguration.DispatcherServletConfiguration#multipartResolver:
      Did not match:
         - @ConditionalOnBean (types: org.springframework.web.multipart.MultipartResolver; SearchStrategy: all) did not find any beans of type org.springframework.web.multipart.MultipartResolver (OnBeanCondition)

   ElasticsearchClientAutoConfiguration:
      Did not match:
         - @ConditionalOnClass did not find required class 'co.elastic.clients.elasticsearch.ElasticsearchClient' (OnClassCondition)

   ElasticsearchDataAutoConfiguration:
      Did not match:
         - @ConditionalOnClass did not find required class 'org.springframework.data.elasticsearch.client.elc.ElasticsearchTemplate' (OnClassCondition)

   ElasticsearchRepositoriesAutoConfiguration:
      Did not match:
         - @ConditionalOnClass did not find required class 'org.springframework.data.elasticsearch.repository.ElasticsearchRepository' (OnClassCondition)

   ElasticsearchRestClientAutoConfiguration:
      Did not match:
         - @ConditionalOnClass did not find required class 'org.elasticsearch.client.RestClientBuilder' (OnClassCondition)

   EmbeddedLdapAutoConfiguration:
      Did not match:
         - @ConditionalOnClass did not find required class 'com.unboundid.ldap.listener.InMemoryDirectoryServer' (OnClassCondition)

   EmbeddedWebServerFactoryCustomizerAutoConfiguration.JettyWebServerFactoryCustomizerConfiguration:
      Did not match:
         - @ConditionalOnClass did not find required classes 'org.eclipse.jetty.server.Server', 'org.eclipse.jetty.util.Loader', 'org.eclipse.jetty.webapp.WebAppContext' (OnClassCondition)

   EmbeddedWebServerFactoryCustomizerAutoConfiguration.NettyWebServerFactoryCustomizerConfiguration:
      Did not match:
         - @ConditionalOnClass did not find required class 'reactor.netty.http.server.HttpServer' (OnClassCondition)

   EmbeddedWebServerFactoryCustomizerAutoConfiguration.UndertowWebServerFactoryCustomizerConfiguration:
      Did not match:
         - @ConditionalOnClass did not find required classes 'io.undertow.Undertow', 'org.xnio.SslClientAuthMode' (OnClassCondition)

   ErrorMvcAutoConfiguration.WhitelabelErrorViewConfiguration:
      Did not match:
         - @ConditionalOnProperty (server.error.whitelabel.enabled) found different value in property 'enabled' (OnPropertyCondition)

   ErrorWebFluxAutoConfiguration:
      Did not match:
         - @ConditionalOnClass did not find required class 'org.springframework.web.reactive.config.WebFluxConfigurer' (OnClassCondition)

   FlywayAutoConfiguration:
      Did not match:
         - @ConditionalOnClass did not find required class 'org.flywaydb.core.Flyway' (OnClassCondition)

   FreeMarkerAutoConfiguration:
      Did not match:
         - @ConditionalOnClass did not find required class 'freemarker.template.Configuration' (OnClassCondition)

   GraphQlAutoConfiguration:
      Did not match:
         - @ConditionalOnClass did not find required class 'graphql.GraphQL' (OnClassCondition)

   GraphQlQueryByExampleAutoConfiguration:
      Did not match:
         - @ConditionalOnClass did not find required class 'graphql.GraphQL' (OnClassCondition)

   GraphQlQuerydslAutoConfiguration:
      Did not match:
         - @ConditionalOnClass did not find required class 'graphql.GraphQL' (OnClassCondition)

   GraphQlRSocketAutoConfiguration:
      Did not match:
         - @ConditionalOnClass did not find required class 'graphql.GraphQL' (OnClassCondition)

   GraphQlReactiveQueryByExampleAutoConfiguration:
      Did not match:
         - @ConditionalOnClass did not find required class 'graphql.GraphQL' (OnClassCondition)

   GraphQlReactiveQuerydslAutoConfiguration:
      Did not match:
         - @ConditionalOnClass did not find required class 'graphql.GraphQL' (OnClassCondition)

   GraphQlWebFluxAutoConfiguration:
      Did not match:
         - @ConditionalOnClass did not find required class 'graphql.GraphQL' (OnClassCondition)

   GraphQlWebFluxSecurityAutoConfiguration:
      Did not match:
         - @ConditionalOnClass did not find required class 'graphql.GraphQL' (OnClassCondition)

   GraphQlWebMvcAutoConfiguration:
      Did not match:
         - @ConditionalOnClass did not find required class 'graphql.GraphQL' (OnClassCondition)

   GraphQlWebMvcSecurityAutoConfiguration:
      Did not match:
         - @ConditionalOnClass did not find required class 'graphql.GraphQL' (OnClassCondition)

   GroovyTemplateAutoConfiguration:
      Did not match:
         - @ConditionalOnClass did not find required class 'groovy.text.markup.MarkupTemplateEngine' (OnClassCondition)

   GsonAutoConfiguration:
      Did not match:
         - @ConditionalOnClass did not find required class 'com.google.gson.Gson' (OnClassCondition)

   GsonHttpMessageConvertersConfiguration:
      Did not match:
         - @ConditionalOnClass did not find required class 'com.google.gson.Gson' (OnClassCondition)

   H2ConsoleAutoConfiguration:
      Did not match:
         - @ConditionalOnClass did not find required class 'org.h2.server.web.JakartaWebServlet' (OnClassCondition)

   HazelcastAutoConfiguration:
      Did not match:
         - @ConditionalOnClass did not find required class 'com.hazelcast.core.HazelcastInstance' (OnClassCondition)

   HazelcastCacheConfiguration:
      Did not match:
         - @ConditionalOnClass did not find required class 'com.hazelcast.core.HazelcastInstance' (OnClassCondition)

   HazelcastJpaDependencyAutoConfiguration:
      Did not match:
         - @ConditionalOnClass did not find required class 'com.hazelcast.core.HazelcastInstance' (OnClassCondition)

   HttpHandlerAutoConfiguration:
      Did not match:
         - @ConditionalOnClass did not find required class 'org.springframework.web.reactive.DispatcherHandler' (OnClassCondition)

   HypermediaAutoConfiguration.HypermediaConfiguration:
      Did not match:
         - @ConditionalOnMissingBean (types: org.springframework.hateoas.client.LinkDiscoverers; SearchStrategy: all) found beans of type 'org.springframework.hateoas.client.LinkDiscoverers' linkDiscoverers (OnBeanCondition)
      Matched:
         - @ConditionalOnClass found required class 'com.fasterxml.jackson.databind.ObjectMapper' (OnClassCondition)

   InfinispanCacheConfiguration:
      Did not match:
         - @ConditionalOnClass did not find required class 'org.infinispan.spring.embedded.provider.SpringEmbeddedCacheManager' (OnClassCondition)

   InfluxDbAutoConfiguration:
      Did not match:
         - @ConditionalOnClass did not find required class 'org.influxdb.InfluxDB' (OnClassCondition)

   IntegrationAutoConfiguration:
      Did not match:
         - @ConditionalOnClass did not find required class 'org.springframework.integration.config.EnableIntegration' (OnClassCondition)

   JCacheCacheConfiguration:
      Did not match:
         - @ConditionalOnClass did not find required class 'javax.cache.Caching' (OnClassCondition)

   JacksonHttpMessageConvertersConfiguration.MappingJackson2XmlHttpMessageConverterConfiguration:
      Did not match:
         - @ConditionalOnClass did not find required class 'com.fasterxml.jackson.dataformat.xml.XmlMapper' (OnClassCondition)

   JdbcRepositoriesAutoConfiguration:
      Did not match:
         - @ConditionalOnClass did not find required class 'org.springframework.data.jdbc.repository.config.AbstractJdbcConfiguration' (OnClassCondition)

   JerseyAutoConfiguration:
      Did not match:
         - @ConditionalOnClass did not find required class 'org.glassfish.jersey.server.spring.SpringComponentProvider' (OnClassCondition)

   JmsAutoConfiguration:
      Did not match:
         - @ConditionalOnClass did not find required class 'jakarta.jms.Message' (OnClassCondition)

   JndiConnectionFactoryAutoConfiguration:
      Did not match:
         - @ConditionalOnClass did not find required class 'org.springframework.jms.core.JmsTemplate' (OnClassCondition)

   JndiDataSourceAutoConfiguration:
      Did not match:
         - @ConditionalOnProperty (spring.datasource.jndi-name) did not find property 'jndi-name' (OnPropertyCondition)
      Matched:
         - @ConditionalOnClass found required classes 'javax.sql.DataSource', 'org.springframework.jdbc.datasource.embedded.EmbeddedDatabaseType' (OnClassCondition)

   JndiJtaConfiguration:
      Did not match:
         - @ConditionalOnJndi JNDI environment is not available (OnJndiCondition)
      Matched:
         - @ConditionalOnClass found required class 'org.springframework.transaction.jta.JtaTransactionManager' (OnClassCondition)

   JooqAutoConfiguration:
      Did not match:
         - @ConditionalOnClass did not find required class 'org.jooq.DSLContext' (OnClassCondition)

   JpaRepositoriesAutoConfiguration:
      Did not match:
         - @ConditionalOnMissingBean (types: org.springframework.data.jpa.repository.support.JpaRepositoryFactoryBean,org.springframework.data.jpa.repository.config.JpaRepositoryConfigExtension; SearchStrategy: all) found beans of type 'org.springframework.data.jpa.repository.support.JpaRepositoryFactoryBean' &planRepository, &plantillaContratoRepository, &presentacionRepository, &estadoCiudadanoRepository, &userRepository, &salarioRepository, &contratoRepository, &destinoRepository, &ocupacionRepository, &tipoDocumentoRepository, &organismoRepository, &vacacionesRepository, &refreshTokenRepository, &roleRepository, &tipoDocumentoPlanRepository, &categoriaRepository, &documentoPlanRepository, &salarioDetalleRepository, &equipoRepository, &ciudadanoRepository, &notasRepository, &organismoOcupacionRepository, &documentoRepository, &planConfigRepository and found beans of type 'org.springframework.data.jpa.repository.config.JpaRepositoryConfigExtension' org.springframework.data.jpa.repository.config.JpaRepositoryConfigExtension#0 (OnBeanCondition)
      Matched:
         - @ConditionalOnClass found required class 'org.springframework.data.jpa.repository.JpaRepository' (OnClassCondition)
         - @ConditionalOnProperty (spring.data.jpa.repositories.enabled=true) matched (OnPropertyCondition)

   JsonbAutoConfiguration:
      Did not match:
         - @ConditionalOnClass did not find required class 'jakarta.json.bind.Jsonb' (OnClassCondition)

   JsonbHttpMessageConvertersConfiguration:
      Did not match:
         - @ConditionalOnClass did not find required class 'jakarta.json.bind.Jsonb' (OnClassCondition)

   KafkaAutoConfiguration:
      Did not match:
         - @ConditionalOnClass did not find required class 'org.springframework.kafka.core.KafkaTemplate' (OnClassCondition)

   LdapAutoConfiguration:
      Did not match:
         - @ConditionalOnClass did not find required class 'org.springframework.ldap.core.ContextSource' (OnClassCondition)

   LdapRepositoriesAutoConfiguration:
      Did not match:
         - @ConditionalOnClass did not find required class 'org.springframework.data.ldap.repository.LdapRepository' (OnClassCondition)

   LiquibaseAutoConfiguration:
      Did not match:
         - @ConditionalOnClass did not find required class 'liquibase.change.DatabaseChange' (OnClassCondition)

   MailSenderAutoConfiguration:
      Did not match:
         - AnyNestedCondition 0 matched 2 did not; NestedCondition on MailSenderAutoConfiguration.MailSenderCondition.JndiNameProperty @ConditionalOnProperty (spring.mail.jndi-name) did not find property 'jndi-name'; NestedCondition on MailSenderAutoConfiguration.MailSenderCondition.HostProperty @ConditionalOnProperty (spring.mail.host) did not find property 'host' (MailSenderAutoConfiguration.MailSenderCondition)
      Matched:
         - @ConditionalOnClass found required classes 'jakarta.mail.internet.MimeMessage', 'jakarta.activation.MimeType', 'org.springframework.mail.MailSender' (OnClassCondition)

   MailSenderValidatorAutoConfiguration:
      Did not match:
         - @ConditionalOnProperty (spring.mail.test-connection) did not find property 'test-connection' (OnPropertyCondition)

   MessageSourceAutoConfiguration:
      Did not match:
         - ResourceBundle did not find bundle with basename messages (MessageSourceAutoConfiguration.ResourceBundleCondition)

   MongoAutoConfiguration:
      Did not match:
         - @ConditionalOnClass did not find required class 'com.mongodb.client.MongoClient' (OnClassCondition)

   MongoDataAutoConfiguration:
      Did not match:
         - @ConditionalOnClass did not find required class 'com.mongodb.client.MongoClient' (OnClassCondition)

   MongoReactiveAutoConfiguration:
      Did not match:
         - @ConditionalOnClass did not find required class 'com.mongodb.reactivestreams.client.MongoClient' (OnClassCondition)

   MongoReactiveDataAutoConfiguration:
      Did not match:
         - @ConditionalOnClass did not find required class 'com.mongodb.reactivestreams.client.MongoClient' (OnClassCondition)

   MongoReactiveRepositoriesAutoConfiguration:
      Did not match:
         - @ConditionalOnClass did not find required class 'com.mongodb.reactivestreams.client.MongoClient' (OnClassCondition)

   MongoRepositoriesAutoConfiguration:
      Did not match:
         - @ConditionalOnClass did not find required class 'com.mongodb.client.MongoClient' (OnClassCondition)

   MultipleOpenApiSupportConfiguration:
      Did not match:
         - AnyNestedCondition 0 matched 2 did not; NestedCondition on MultipleOpenApiSupportCondition.OnActuatorDifferentPort @ConditionalOnProperty (springdoc.show-actuator) did not find property 'springdoc.show-actuator'; NestedCondition on MultipleOpenApiSupportCondition.OnMultipleOpenApiSupportCondition AnyNestedCondition 0 matched 2 did not; NestedCondition on MultipleOpenApiGroupsCondition.OnGroupConfigProperty @ConditionalOnProperty (springdoc.group-configs[0].group) did not find property 'springdoc.group-configs[0].group'; NestedCondition on MultipleOpenApiGroupsCondition.OnGroupedOpenApiBean @ConditionalOnBean (types: org.springdoc.core.models.GroupedOpenApi; SearchStrategy: all) did not find any beans of type org.springdoc.core.models.GroupedOpenApi (MultipleOpenApiSupportCondition)
      Matched:
         - found 'session' scope (OnWebApplicationCondition)
         - @ConditionalOnProperty (springdoc.api-docs.enabled) matched (OnPropertyCondition)

   MultipleOpenApiSupportConfiguration.SpringDocWebMvcActuatorDifferentConfiguration:
      Did not match:
         - @ConditionalOnClass did not find required class 'org.springframework.boot.actuate.endpoint.web.servlet.WebMvcEndpointHandlerMapping' (OnClassCondition)
         - Ancestor org.springdoc.webmvc.core.configuration.MultipleOpenApiSupportConfiguration did not match (ConditionEvaluationReport.AncestorsMatchedCondition)

   MustacheAutoConfiguration:
      Did not match:
         - @ConditionalOnClass did not find required class 'com.samskivert.mustache.Mustache' (OnClassCondition)

   Neo4jAutoConfiguration:
      Did not match:
         - @ConditionalOnClass did not find required class 'org.neo4j.driver.Driver' (OnClassCondition)

   Neo4jDataAutoConfiguration:
      Did not match:
         - @ConditionalOnClass did not find required class 'org.neo4j.driver.Driver' (OnClassCondition)

   Neo4jReactiveDataAutoConfiguration:
      Did not match:
         - @ConditionalOnClass did not find required class 'org.neo4j.driver.Driver' (OnClassCondition)

   Neo4jReactiveRepositoriesAutoConfiguration:
      Did not match:
         - @ConditionalOnClass did not find required class 'org.neo4j.driver.Driver' (OnClassCondition)

   Neo4jRepositoriesAutoConfiguration:
      Did not match:
         - @ConditionalOnClass did not find required class 'org.neo4j.driver.Driver' (OnClassCondition)

   NettyAutoConfiguration:
      Did not match:
         - @ConditionalOnClass did not find required class 'io.netty.util.NettyRuntime' (OnClassCondition)

   OAuth2ClientAutoConfiguration:
      Did not match:
         - @ConditionalOnClass did not find required class 'org.springframework.security.oauth2.client.registration.ClientRegistration' (OnClassCondition)

   OAuth2ResourceServerJwtConfiguration.JwtDecoderConfiguration#jwtDecoderByIssuerUri:
      Did not match:
         - OpenID Connect Issuer URI Condition did not find issuer-uri property (IssuerUriCondition)

   OAuth2ResourceServerJwtConfiguration.JwtDecoderConfiguration#jwtDecoderByJwkKeySetUri:
      Did not match:
         - @ConditionalOnProperty (spring.security.oauth2.resourceserver.jwt.jwk-set-uri) did not find property 'spring.security.oauth2.resourceserver.jwt.jwk-set-uri' (OnPropertyCondition)

   OAuth2ResourceServerJwtConfiguration.JwtDecoderConfiguration#jwtDecoderByPublicKeyValue:
      Did not match:
         - Public Key Value Condition did not find public-key-location property (KeyValueCondition)

   OAuth2ResourceServerJwtConfiguration.OAuth2SecurityFilterChainConfiguration:
      Did not match:
         - AllNestedConditions 1 matched 1 did not; NestedCondition on DefaultWebSecurityCondition.Beans @ConditionalOnMissingBean (types: org.springframework.security.web.SecurityFilterChain; SearchStrategy: all) found beans of type 'org.springframework.security.web.SecurityFilterChain' securityFilterChain; NestedCondition on DefaultWebSecurityCondition.Classes @ConditionalOnClass found required classes 'org.springframework.security.web.SecurityFilterChain', 'org.springframework.security.config.annotation.web.builders.HttpSecurity' (DefaultWebSecurityCondition)

   OAuth2ResourceServerOpaqueTokenConfiguration.OAuth2SecurityFilterChainConfiguration:
      Did not match:
         - AllNestedConditions 1 matched 1 did not; NestedCondition on DefaultWebSecurityCondition.Beans @ConditionalOnMissingBean (types: org.springframework.security.web.SecurityFilterChain; SearchStrategy: all) found beans of type 'org.springframework.security.web.SecurityFilterChain' securityFilterChain; NestedCondition on DefaultWebSecurityCondition.Classes @ConditionalOnClass found required classes 'org.springframework.security.web.SecurityFilterChain', 'org.springframework.security.config.annotation.web.builders.HttpSecurity' (DefaultWebSecurityCondition)

   OAuth2ResourceServerOpaqueTokenConfiguration.OpaqueTokenIntrospectionClientConfiguration#opaqueTokenIntrospector:
      Did not match:
         - @ConditionalOnProperty (spring.security.oauth2.resourceserver.opaquetoken.introspection-uri) did not find property 'spring.security.oauth2.resourceserver.opaquetoken.introspection-uri' (OnPropertyCondition)

   ProjectInfoAutoConfiguration#buildProperties:
      Did not match:
         - @ConditionalOnResource did not find resource '${spring.info.build.location:classpath:META-INF/build-info.properties}' (OnResourceCondition)

   ProjectInfoAutoConfiguration#gitProperties:
      Did not match:
         - GitResource did not find git info at classpath:git.properties (ProjectInfoAutoConfiguration.GitResourceAvailableCondition)

   QuartzAutoConfiguration:
      Did not match:
         - @ConditionalOnClass did not find required class 'org.quartz.Scheduler' (OnClassCondition)

   R2dbcAutoConfiguration:
      Did not match:
         - @ConditionalOnClass did not find required class 'io.r2dbc.spi.ConnectionFactory' (OnClassCondition)

   R2dbcDataAutoConfiguration:
      Did not match:
         - @ConditionalOnClass did not find required class 'org.springframework.data.r2dbc.core.R2dbcEntityTemplate' (OnClassCondition)

   R2dbcInitializationConfiguration:
      Did not match:
         - @ConditionalOnClass did not find required classes 'io.r2dbc.spi.ConnectionFactory', 'org.springframework.r2dbc.connection.init.DatabasePopulator' (OnClassCondition)

   R2dbcRepositoriesAutoConfiguration:
      Did not match:
         - @ConditionalOnClass did not find required class 'io.r2dbc.spi.ConnectionFactory' (OnClassCondition)

   R2dbcTransactionManagerAutoConfiguration:
      Did not match:
         - @ConditionalOnClass did not find required class 'org.springframework.r2dbc.connection.R2dbcTransactionManager' (OnClassCondition)

   RSocketGraphQlClientAutoConfiguration:
      Did not match:
         - @ConditionalOnClass did not find required class 'graphql.GraphQL' (OnClassCondition)

   RSocketMessagingAutoConfiguration:
      Did not match:
         - @ConditionalOnClass did not find required class 'io.rsocket.RSocket' (OnClassCondition)

   RSocketRequesterAutoConfiguration:
      Did not match:
         - @ConditionalOnClass did not find required class 'io.rsocket.RSocket' (OnClassCondition)

   RSocketSecurityAutoConfiguration:
      Did not match:
         - @ConditionalOnClass did not find required class 'org.springframework.security.rsocket.core.SecuritySocketAcceptorInterceptor' (OnClassCondition)

   RSocketServerAutoConfiguration:
      Did not match:
         - @ConditionalOnClass did not find required class 'io.rsocket.core.RSocketServer' (OnClassCondition)

   RSocketStrategiesAutoConfiguration:
      Did not match:
         - @ConditionalOnClass did not find required class 'io.netty.buffer.PooledByteBufAllocator' (OnClassCondition)

   RabbitAutoConfiguration:
      Did not match:
         - @ConditionalOnClass did not find required class 'com.rabbitmq.client.Channel' (OnClassCondition)

   ReactiveElasticsearchClientAutoConfiguration:
      Did not match:
         - @ConditionalOnClass did not find required class 'co.elastic.clients.transport.ElasticsearchTransport' (OnClassCondition)

   ReactiveElasticsearchRepositoriesAutoConfiguration:
      Did not match:
         - @ConditionalOnClass did not find required class 'org.springframework.data.elasticsearch.client.elc.ReactiveElasticsearchClient' (OnClassCondition)

   ReactiveMultipartAutoConfiguration:
      Did not match:
         - @ConditionalOnClass did not find required class 'org.springframework.web.reactive.config.WebFluxConfigurer' (OnClassCondition)

   ReactiveOAuth2ClientAutoConfiguration:
      Did not match:
         - @ConditionalOnClass did not find required class 'reactor.core.publisher.Flux' (OnClassCondition)

   ReactiveOAuth2ResourceServerAutoConfiguration:
      Did not match:
         - @ConditionalOnWebApplication did not find reactive web application classes (OnWebApplicationCondition)

   ReactiveSecurityAutoConfiguration:
      Did not match:
         - @ConditionalOnClass did not find required class 'reactor.core.publisher.Flux' (OnClassCondition)

   ReactiveUserDetailsServiceAutoConfiguration:
      Did not match:
         - AnyNestedCondition 0 matched 2 did not; NestedCondition on ReactiveUserDetailsServiceAutoConfiguration.ReactiveUserDetailsServiceCondition.ReactiveWebApplicationCondition did not find reactive web application classes; NestedCondition on ReactiveUserDetailsServiceAutoConfiguration.ReactiveUserDetailsServiceCondition.RSocketSecurityEnabledCondition @ConditionalOnBean (types: org.springframework.messaging.rsocket.annotation.support.RSocketMessageHandler; SearchStrategy: all) did not find any beans of type org.springframework.messaging.rsocket.annotation.support.RSocketMessageHandler (ReactiveUserDetailsServiceAutoConfiguration.ReactiveUserDetailsServiceCondition)
      Matched:
         - @ConditionalOnClass found required class 'org.springframework.security.authentication.ReactiveAuthenticationManager' (OnClassCondition)

   ReactiveWebServerFactoryAutoConfiguration:
      Did not match:
         - @ConditionalOnWebApplication did not find reactive web application classes (OnWebApplicationCondition)

   RedisAutoConfiguration:
      Did not match:
         - @ConditionalOnClass did not find required class 'org.springframework.data.redis.core.RedisOperations' (OnClassCondition)

   RedisCacheConfiguration:
      Did not match:
         - @ConditionalOnClass did not find required class 'org.springframework.data.redis.connection.RedisConnectionFactory' (OnClassCondition)

   RedisReactiveAutoConfiguration:
      Did not match:
         - @ConditionalOnClass did not find required class 'reactor.core.publisher.Flux' (OnClassCondition)

   RedisRepositoriesAutoConfiguration:
      Did not match:
         - @ConditionalOnClass did not find required class 'org.springframework.data.redis.repository.configuration.EnableRedisRepositories' (OnClassCondition)

   RemoteDevToolsAutoConfiguration:
      Did not match:
         - @ConditionalOnProperty (spring.devtools.remote.secret) did not find property 'secret' (OnPropertyCondition)
      Matched:
         - @ConditionalOnClass found required classes 'jakarta.servlet.Filter', 'org.springframework.http.server.ServerHttpRequest' (OnClassCondition)

   Saml2RelyingPartyAutoConfiguration:
      Did not match:
         - @ConditionalOnClass did not find required class 'org.springframework.security.saml2.provider.service.registration.RelyingPartyRegistrationRepository' (OnClassCondition)

   SecurityDataConfiguration:
      Did not match:
         - @ConditionalOnClass did not find required class 'org.springframework.security.data.repository.query.SecurityEvaluationContextExtension' (OnClassCondition)

   SendGridAutoConfiguration:
      Did not match:
         - @ConditionalOnClass did not find required class 'com.sendgrid.SendGrid' (OnClassCondition)

   ServletWebServerFactoryAutoConfiguration.ForwardedHeaderFilterConfiguration:
      Did not match:
         - @ConditionalOnProperty (server.forward-headers-strategy=framework) did not find property 'server.forward-headers-strategy' (OnPropertyCondition)

   ServletWebServerFactoryConfiguration.EmbeddedJetty:
      Did not match:
         - @ConditionalOnClass did not find required classes 'org.eclipse.jetty.server.Server', 'org.eclipse.jetty.util.Loader', 'org.eclipse.jetty.webapp.WebAppContext' (OnClassCondition)

   ServletWebServerFactoryConfiguration.EmbeddedUndertow:
      Did not match:
         - @ConditionalOnClass did not find required classes 'io.undertow.Undertow', 'org.xnio.SslClientAuthMode' (OnClassCondition)

   SessionAutoConfiguration:
      Did not match:
         - @ConditionalOnClass did not find required class 'org.springframework.session.Session' (OnClassCondition)

   SpringBootWebSecurityConfiguration.SecurityFilterChainConfiguration:
      Did not match:
         - AllNestedConditions 1 matched 1 did not; NestedCondition on DefaultWebSecurityCondition.Beans @ConditionalOnMissingBean (types: org.springframework.security.web.SecurityFilterChain; SearchStrategy: all) found beans of type 'org.springframework.security.web.SecurityFilterChain' securityFilterChain; NestedCondition on DefaultWebSecurityCondition.Classes @ConditionalOnClass found required classes 'org.springframework.security.web.SecurityFilterChain', 'org.springframework.security.config.annotation.web.builders.HttpSecurity' (DefaultWebSecurityCondition)

   SpringBootWebSecurityConfiguration.WebSecurityEnablerConfiguration:
      Did not match:
         - @ConditionalOnMissingBean (names: springSecurityFilterChain; SearchStrategy: all) found beans named springSecurityFilterChain (OnBeanCondition)
      Matched:
         - @ConditionalOnClass found required class 'org.springframework.security.config.annotation.web.configuration.EnableWebSecurity' (OnClassCondition)

   SpringDataWebAutoConfiguration:
      Did not match:
         - @ConditionalOnMissingBean (types: org.springframework.data.web.PageableHandlerMethodArgumentResolver; SearchStrategy: all) found beans of type 'org.springframework.data.web.PageableHandlerMethodArgumentResolver' pageableResolver (OnBeanCondition)
      Matched:
         - @ConditionalOnClass found required classes 'org.springframework.data.web.PageableHandlerMethodArgumentResolver', 'org.springframework.web.servlet.config.annotation.WebMvcConfigurer' (OnClassCondition)
         - found 'session' scope (OnWebApplicationCondition)

   SpringDocConfiguration#propertiesResolverForSchema:
      Did not match:
         - @ConditionalOnProperty (springdoc.api-docs.resolve-schema-properties) did not find property 'springdoc.api-docs.resolve-schema-properties' (OnPropertyCondition)

   SpringDocConfiguration#propertyCustomizingConverter:
      Did not match:
         - @ConditionalOnBean (types: org.springdoc.core.customizers.PropertyCustomizer; SearchStrategy: all) did not find any beans of type org.springdoc.core.customizers.PropertyCustomizer (OnBeanCondition)

   SpringDocConfiguration#springdocBeanFactoryPostProcessor:
      Did not match:
         - AnyNestedCondition 0 matched 2 did not; NestedCondition on CacheOrGroupedOpenApiCondition.OnCacheDisabled found non-matching nested conditions @ConditionalOnProperty (springdoc.cache.disabled) did not find property 'springdoc.cache.disabled'; NestedCondition on CacheOrGroupedOpenApiCondition.OnMultipleOpenApiSupportCondition AnyNestedCondition 0 matched 2 did not; NestedCondition on MultipleOpenApiSupportCondition.OnActuatorDifferentPort @ConditionalOnProperty (springdoc.show-actuator) did not find property 'springdoc.show-actuator'; NestedCondition on MultipleOpenApiSupportCondition.OnMultipleOpenApiSupportCondition AnyNestedCondition 0 matched 2 did not; NestedCondition on MultipleOpenApiGroupsCondition.OnGroupConfigProperty @ConditionalOnProperty (springdoc.group-configs[0].group) did not find property 'springdoc.group-configs[0].group'; NestedCondition on MultipleOpenApiGroupsCondition.OnGroupedOpenApiBean @ConditionalOnBean (types: org.springdoc.core.models.GroupedOpenApi; SearchStrategy: all) did not find any beans of type org.springdoc.core.models.GroupedOpenApi (CacheOrGroupedOpenApiCondition)
      Matched:
         - @ConditionalOnClass found required class 'org.springframework.boot.context.properties.bind.BindResult' (OnClassCondition)

   SpringDocConfiguration#springdocBeanFactoryPostProcessor2:
      Did not match:
         - @ConditionalOnMissingClass found unwanted class 'org.springframework.boot.context.properties.bind.BindResult' (OnClassCondition)

   SpringDocConfiguration.SpringDocActuatorConfiguration:
      Did not match:
         - @ConditionalOnClass did not find required class 'org.springframework.boot.actuate.autoconfigure.endpoint.web.WebEndpointProperties' (OnClassCondition)

   SpringDocConfiguration.SpringDocWebFluxSupportConfiguration:
      Did not match:
         - @ConditionalOnClass did not find required class 'reactor.core.publisher.Flux' (OnClassCondition)

   SpringDocFunctionCatalogConfiguration:
      Did not match:
         - @ConditionalOnClass did not find required class 'org.springframework.cloud.function.web.function.FunctionEndpointInitializer' (OnClassCondition)

   SpringDocGroovyConfiguration:
      Did not match:
         - @ConditionalOnClass did not find required class 'groovy.lang.MetaClass' (OnClassCondition)

   SpringDocHateoasConfiguration#hateoasHalProvider:
      Did not match:
         - @ConditionalOnMissingBean (types: org.springdoc.core.providers.HateoasHalProvider; SearchStrategy: all) found beans of type 'org.springdoc.core.providers.HateoasHalProvider' halProvider (OnBeanCondition)

   SpringDocJacksonKotlinModuleConfiguration:
      Did not match:
         - @ConditionalOnClass did not find required class 'com.fasterxml.jackson.module.kotlin.KotlinModule' (OnClassCondition)

   SpringDocJavadocConfiguration:
      Did not match:
         - @ConditionalOnClass did not find required class 'com.github.therapi.runtimejavadoc.CommentFormatter' (OnClassCondition)

   SpringDocKotlinConfiguration:
      Did not match:
         - @ConditionalOnClass did not find required class 'kotlin.coroutines.Continuation' (OnClassCondition)

   SpringDocKotlinxConfiguration:
      Did not match:
         - @ConditionalOnClass did not find required class 'kotlinx.coroutines.flow.Flow' (OnClassCondition)

   SpringDocSecurityConfiguration.SpringDocSecurityOAuth2Configuration:
      Did not match:
         - @ConditionalOnClass did not find required class 'org.springframework.security.oauth2.server.authorization.OAuth2AuthorizationService' (OnClassCondition)

   SpringDocSecurityConfiguration.SpringSecurityLoginEndpointConfiguration#springSecurityLoginEndpointCustomiser:
      Did not match:
         - @ConditionalOnProperty (springdoc.show-login-endpoint) did not find property 'springdoc.show-login-endpoint' (OnPropertyCondition)

   SpringDocSortConfiguration#delegatingMethodParameterCustomizer:
      Did not match:
         - @ConditionalOnMissingBean (types: org.springdoc.core.customizers.DelegatingMethodParameterCustomizer; SearchStrategy: all) found beans of type 'org.springdoc.core.customizers.DelegatingMethodParameterCustomizer' delegatingMethodParameterCustomizer (OnBeanCondition)

   SpringDocWebMvcConfiguration.SpringDocWebMvcActuatorConfiguration:
      Did not match:
         - @ConditionalOnClass did not find required class 'org.springframework.boot.actuate.endpoint.web.servlet.WebMvcEndpointHandlerMapping' (OnClassCondition)

   SwaggerConfig#springWebProvider:
      Did not match:
         - @ConditionalOnMissingBean (types: org.springdoc.core.providers.SpringWebProvider; SearchStrategy: all) found beans of type 'org.springdoc.core.providers.SpringWebProvider' springWebProvider (OnBeanCondition)

   SwaggerConfig#swaggerUiConfigParameters:
      Did not match:
         - @ConditionalOnMissingBean (types: org.springdoc.core.properties.SwaggerUiConfigParameters; SearchStrategy: all) found beans of type 'org.springdoc.core.properties.SwaggerUiConfigParameters' org.springdoc.core.properties.SwaggerUiConfigParameters (OnBeanCondition)

   SwaggerConfig#swaggerUiHome:
      Did not match:
         - @ConditionalOnProperty (springdoc.swagger-ui.use-root-path=true) did not find property 'springdoc.swagger-ui.use-root-path' (OnPropertyCondition)

   SwaggerConfig.SwaggerActuatorWelcomeConfiguration:
      Did not match:
         - @ConditionalOnClass did not find required class 'org.springframework.boot.actuate.endpoint.web.servlet.WebMvcEndpointHandlerMapping' (OnClassCondition)

   TaskSchedulingAutoConfiguration#scheduledBeanLazyInitializationExcludeFilter:
      Did not match:
         - @ConditionalOnBean (names: org.springframework.context.annotation.internalScheduledAnnotationProcessor; SearchStrategy: all) did not find any beans named org.springframework.context.annotation.internalScheduledAnnotationProcessor (OnBeanCondition)

   TaskSchedulingAutoConfiguration#taskScheduler:
      Did not match:
         - @ConditionalOnBean (names: org.springframework.context.annotation.internalScheduledAnnotationProcessor; SearchStrategy: all) did not find any beans named org.springframework.context.annotation.internalScheduledAnnotationProcessor (OnBeanCondition)

   ThymeleafAutoConfiguration:
      Did not match:
         - @ConditionalOnClass did not find required class 'org.thymeleaf.spring6.SpringTemplateEngine' (OnClassCondition)

   TransactionAutoConfiguration#transactionalOperator:
      Did not match:
         - @ConditionalOnSingleCandidate (types: org.springframework.transaction.ReactiveTransactionManager; SearchStrategy: all) did not find any beans (OnBeanCondition)

   TransactionAutoConfiguration.AspectJTransactionManagementConfiguration:
      Did not match:
         - @ConditionalOnBean (types: org.springframework.transaction.aspectj.AbstractTransactionAspect; SearchStrategy: all) did not find any beans of type org.springframework.transaction.aspectj.AbstractTransactionAspect (OnBeanCondition)

   TransactionAutoConfiguration.EnableTransactionManagementConfiguration:
      Did not match:
         - @ConditionalOnMissingBean (types: org.springframework.transaction.annotation.AbstractTransactionManagementConfiguration; SearchStrategy: all) found beans of type 'org.springframework.transaction.annotation.AbstractTransactionManagementConfiguration' org.springframework.transaction.annotation.ProxyTransactionManagementConfiguration (OnBeanCondition)

   TransactionAutoConfiguration.EnableTransactionManagementConfiguration.CglibAutoProxyConfiguration:
      Did not match:
         - Ancestor org.springframework.boot.autoconfigure.transaction.TransactionAutoConfiguration$EnableTransactionManagementConfiguration did not match (ConditionEvaluationReport.AncestorsMatchedCondition)
      Matched:
         - @ConditionalOnProperty (spring.aop.proxy-target-class=true) matched (OnPropertyCondition)

   TransactionAutoConfiguration.EnableTransactionManagementConfiguration.JdkDynamicAutoProxyConfiguration:
      Did not match:
         - @ConditionalOnProperty (spring.aop.proxy-target-class=false) did not find property 'proxy-target-class' (OnPropertyCondition)
         - Ancestor org.springframework.boot.autoconfigure.transaction.TransactionAutoConfiguration$EnableTransactionManagementConfiguration did not match (ConditionEvaluationReport.AncestorsMatchedCondition)

   UserDetailsServiceAutoConfiguration:
      Did not match:
         - @ConditionalOnMissingBean (types: org.springframework.security.authentication.AuthenticationManager,org.springframework.security.authentication.AuthenticationProvider,org.springframework.security.core.userdetails.UserDetailsService,org.springframework.security.authentication.AuthenticationManagerResolver,org.springframework.security.oauth2.jwt.JwtDecoder,org.springframework.security.oauth2.server.resource.introspection.OpaqueTokenIntrospector,org.springframework.security.oauth2.client.registration.ClientRegistrationRepository,org.springframework.security.saml2.provider.service.registration.RelyingPartyRegistrationRepository; SearchStrategy: all) found beans of type 'org.springframework.security.authentication.AuthenticationManager' authenticationManager and found beans of type 'org.springframework.security.authentication.AuthenticationProvider' authenticationProvider (OnBeanCondition)
      Matched:
         - @ConditionalOnClass found required class 'org.springframework.security.authentication.AuthenticationManager' (OnClassCondition)

   WebClientAutoConfiguration:
      Did not match:
         - @ConditionalOnClass did not find required class 'org.springframework.web.reactive.function.client.WebClient' (OnClassCondition)

   WebFluxAutoConfiguration:
      Did not match:
         - @ConditionalOnClass did not find required class 'org.springframework.web.reactive.config.WebFluxConfigurer' (OnClassCondition)

   WebMvcAutoConfiguration#hiddenHttpMethodFilter:
      Did not match:
         - @ConditionalOnProperty (spring.mvc.hiddenmethod.filter.enabled) did not find property 'enabled' (OnPropertyCondition)

   WebMvcAutoConfiguration.ProblemDetailsErrorHandlingConfiguration:
      Did not match:
         - @ConditionalOnProperty (spring.mvc.problemdetails.enabled=true) did not find property 'enabled' (OnPropertyCondition)

   WebMvcAutoConfiguration.ResourceChainCustomizerConfiguration:
      Did not match:
         - @ConditionalOnEnabledResourceChain did not find class org.webjars.WebJarAssetLocator (OnEnabledResourceChainCondition)

   WebMvcAutoConfiguration.WebMvcAutoConfigurationAdapter#beanNameViewResolver:
      Did not match:
         - @ConditionalOnBean (types: org.springframework.web.servlet.View; SearchStrategy: all) did not find any beans of type org.springframework.web.servlet.View (OnBeanCondition)

   WebServiceTemplateAutoConfiguration:
      Did not match:
         - @ConditionalOnClass did not find required class 'org.springframework.oxm.Marshaller' (OnClassCondition)

   WebServicesAutoConfiguration:
      Did not match:
         - @ConditionalOnClass did not find required class 'org.springframework.ws.transport.http.MessageDispatcherServlet' (OnClassCondition)

   WebSessionIdResolverAutoConfiguration:
      Did not match:
         - @ConditionalOnClass did not find required class 'reactor.core.publisher.Mono' (OnClassCondition)

   WebSocketMessagingAutoConfiguration.WebSocketMessageConverterConfiguration:
      Did not match:
         - @ConditionalOnBean (types: org.springframework.web.socket.config.annotation.DelegatingWebSocketMessageBrokerConfiguration,com.fasterxml.jackson.databind.ObjectMapper; SearchStrategy: all) did not find any beans of type org.springframework.web.socket.config.annotation.DelegatingWebSocketMessageBrokerConfiguration (OnBeanCondition)
      Matched:
         - @ConditionalOnClass found required classes 'com.fasterxml.jackson.databind.ObjectMapper', 'org.springframework.messaging.simp.config.AbstractMessageBrokerConfiguration' (OnClassCondition)

   WebSocketReactiveAutoConfiguration:
      Did not match:
         - @ConditionalOnWebApplication did not find reactive web application classes (OnWebApplicationCondition)

   WebSocketServletAutoConfiguration.JettyWebSocketConfiguration:
      Did not match:
         - @ConditionalOnClass did not find required class 'org.eclipse.jetty.websocket.jakarta.server.config.JakartaWebSocketServletContainerInitializer' (OnClassCondition)

   WebSocketServletAutoConfiguration.UndertowWebSocketConfiguration:
      Did not match:
         - @ConditionalOnClass did not find required class 'io.undertow.websockets.jsr.Bootstrap' (OnClassCondition)

   XADataSourceAutoConfiguration:
      Did not match:
         - @ConditionalOnBean (types: org.springframework.boot.jdbc.XADataSourceWrapper; SearchStrategy: all) did not find any beans of type org.springframework.boot.jdbc.XADataSourceWrapper (OnBeanCondition)
      Matched:
         - @ConditionalOnClass found required classes 'javax.sql.DataSource', 'jakarta.transaction.TransactionManager', 'org.springframework.jdbc.datasource.embedded.EmbeddedDatabaseType' (OnClassCondition)


Exclusions:
-----------

    None


Unconditional classes:
----------------------

    org.springframework.boot.autoconfigure.context.ConfigurationPropertiesAutoConfiguration

    org.springframework.boot.autoconfigure.context.PropertyPlaceholderAutoConfiguration

    org.springframework.boot.autoconfigure.context.LifecycleAutoConfiguration

    org.springframework.boot.autoconfigure.availability.ApplicationAvailabilityAutoConfiguration

    org.springframework.boot.autoconfigure.info.ProjectInfoAutoConfiguration



2025-12-04T10:13:05.508+01:00  INFO 22172 --- [restartedMain] c.m.gestPlanes.GestPlanesApplication     : Started GestPlanesApplication in 14.881 seconds (process running for 16.159)
2025-12-04T10:13:17.547+01:00  INFO 22172 --- [RMI TCP Connection(2)-127.0.0.1] inMXBeanRegistrar$SpringApplicationAdmin : Application shutdown requested.
2025-12-04T10:13:17.578+01:00  INFO 22172 --- [RMI TCP Connection(2)-127.0.0.1] o.apache.catalina.core.StandardService   : Stopping service [Tomcat]
2025-12-04T10:13:17.585+01:00  WARN 22172 --- [RMI TCP Connection(2)-127.0.0.1] o.a.c.loader.WebappClassLoaderBase       : The web application [ROOT] appears to have started a thread named [HikariPool-1 housekeeper] but has failed to stop it. This is very likely to create a memory leak. Stack trace of thread:
 java.base@17.0.1/jdk.internal.misc.Unsafe.park(Native Method)
 java.base@17.0.1/java.util.concurrent.locks.LockSupport.parkNanos(LockSupport.java:252)
 java.base@17.0.1/java.util.concurrent.locks.AbstractQueuedSynchronizer$ConditionObject.awaitNanos(AbstractQueuedSynchronizer.java:1672)
 java.base@17.0.1/java.util.concurrent.ScheduledThreadPoolExecutor$DelayedWorkQueue.take(ScheduledThreadPoolExecutor.java:1182)
 java.base@17.0.1/java.util.concurrent.ScheduledThreadPoolExecutor$DelayedWorkQueue.take(ScheduledThreadPoolExecutor.java:899)
 java.base@17.0.1/java.util.concurrent.ThreadPoolExecutor.getTask(ThreadPoolExecutor.java:1062)
 java.base@17.0.1/java.util.concurrent.ThreadPoolExecutor.runWorker(ThreadPoolExecutor.java:1122)
 java.base@17.0.1/java.util.concurrent.ThreadPoolExecutor$Worker.run(ThreadPoolExecutor.java:635)
 java.base@17.0.1/java.lang.Thread.run(Thread.java:833)
2025-12-04T10:13:17.604+01:00  INFO 22172 --- [RMI TCP Connection(2)-127.0.0.1] j.LocalContainerEntityManagerFactoryBean : Closing JPA EntityManagerFactory for persistence unit 'default'
2025-12-04T10:13:17.611+01:00  INFO 22172 --- [RMI TCP Connection(2)-127.0.0.1] com.zaxxer.hikari.HikariDataSource       : HikariPool-1 - Shutdown initiated...
2025-12-04T10:13:17.626+01:00  INFO 22172 --- [RMI TCP Connection(2)-127.0.0.1] com.zaxxer.hikari.HikariDataSource       : HikariPool-1 - Shutdown completed.
2025-12-04T10:13:28.481+01:00  INFO 31936 --- [restartedMain] c.m.gestPlanes.GestPlanesApplication     : Starting GestPlanesApplication using Java 17.0.1 with PID 31936 (D:\proyectos\gestPlanes\target\classes started by juancarlos.pmera in D:\proyectos\gestPlanes)
2025-12-04T10:13:28.484+01:00  INFO 31936 --- [restartedMain] c.m.gestPlanes.GestPlanesApplication     : No active profile set, falling back to 1 default profile: "default"
2025-12-04T10:13:28.551+01:00  INFO 31936 --- [restartedMain] .e.DevToolsPropertyDefaultsPostProcessor : Devtools property defaults active! Set 'spring.devtools.add-properties' to 'false' to disable
2025-12-04T10:13:29.888+01:00  INFO 31936 --- [restartedMain] .s.d.r.c.RepositoryConfigurationDelegate : Bootstrapping Spring Data JPA repositories in DEFAULT mode.
2025-12-04T10:13:30.243+01:00  INFO 31936 --- [restartedMain] .s.d.r.c.RepositoryConfigurationDelegate : Finished Spring Data repository scanning in 348 ms. Found 24 JPA repository interfaceinterfaces.
2025-12-04T10:13:33.229+01:00  INFO 31936 --- [restartedMain] o.s.b.w.embedded.tomcat.TomcatWebServer  : Tomcat initialized with port(s): 9092 (http)
2025-12-04T10:13:33.255+01:00  INFO 31936 --- [restartedMain] o.apache.catalina.core.StandardService   : Starting service [Tomcat]
2025-12-04T10:13:33.255+01:00  INFO 31936 --- [restartedMain] o.apache.catalina.core.StandardEngine    : Starting Servlet engine: [Apache Tomcat/10.1.16]
2025-12-04T10:13:33.509+01:00  INFO 31936 --- [restartedMain] o.a.c.c.C.[Tomcat].[localhost].[/]       : Initializing Spring embedded WebApplicationContext
2025-12-04T10:13:33.511+01:00  INFO 31936 --- [restartedMain] w.s.c.ServletWebServerApplicationContext : Root WebApplicationContext: initialization completed in 4958 ms
2025-12-04T10:13:33.558+01:00 TRACE 31936 --- [restartedMain] o.s.b.w.s.ServletContextInitializerBeans : Added existing Filter initializer bean 'securityFilterChainRegistration'; order=-100, resource=class path resource [org/springframework/boot/autoconfigure/security/servlet/SecurityFilterAutoConfiguration.class]
2025-12-04T10:13:33.559+01:00 TRACE 31936 --- [restartedMain] o.s.b.w.s.ServletContextInitializerBeans : Added existing Servlet initializer bean 'dispatcherServletRegistration'; order=2147483647, resource=class path resource [org/springframework/boot/autoconfigure/web/servlet/DispatcherServletAutoConfiguration$DispatcherServletRegistrationConfiguration.class]
2025-12-04T10:13:36.330+01:00  INFO 31936 --- [restartedMain] o.hibernate.jpa.internal.util.LogHelper  : HHH000204: Processing PersistenceUnitInfo [name: default]
2025-12-04T10:13:36.419+01:00  INFO 31936 --- [restartedMain] org.hibernate.Version                    : HHH000412: Hibernate ORM core version 6.1.7.Final
2025-12-04T10:13:36.859+01:00  INFO 31936 --- [restartedMain] com.zaxxer.hikari.HikariDataSource       : HikariPool-1 - Starting...
2025-12-04T10:13:36.964+01:00  INFO 31936 --- [restartedMain] com.zaxxer.hikari.pool.HikariPool        : HikariPool-1 - Added connection org.mariadb.jdbc.Connection@b30ce36
2025-12-04T10:13:36.967+01:00  INFO 31936 --- [restartedMain] com.zaxxer.hikari.HikariDataSource       : HikariPool-1 - Start completed.
2025-12-04T10:13:37.015+01:00  INFO 31936 --- [restartedMain] SQL dialect                              : HHH000400: Using dialect: org.hibernate.dialect.MariaDBDialect
2025-12-04T10:13:37.060+01:00  INFO 31936 --- [restartedMain] o.h.e.boot.internal.EnversServiceImpl    : Envers integration enabled? : true
2025-12-04T10:13:37.743+01:00  INFO 31936 --- [restartedMain] o.h.e.c.i.m.AuditMetadataGenerator       : Adding properties for entity: com.melilla.gestPlanes.model.config.PlanConfig
2025-12-04T10:13:37.751+01:00  INFO 31936 --- [restartedMain] o.h.e.c.i.m.AuditMetadataGenerator       : Adding properties for entity: com.melilla.gestPlanes.model.Plan
2025-12-04T10:13:37.753+01:00  INFO 31936 --- [restartedMain] o.h.e.c.i.m.AuditMetadataGenerator       : Adding properties for entity: com.melilla.gestPlanes.model.SalarioDetalle
2025-12-04T10:13:37.754+01:00  INFO 31936 --- [restartedMain] o.h.e.c.i.m.AuditMetadataGenerator       : Adding properties for entity: com.melilla.gestPlanes.model.Contrato
2025-12-04T10:13:37.755+01:00  INFO 31936 --- [restartedMain] o.h.e.c.i.m.AuditMetadataGenerator       : Adding properties for entity: com.melilla.gestPlanes.model.NotaCiudadano
2025-12-04T10:13:37.756+01:00  INFO 31936 --- [restartedMain] o.h.e.c.i.m.AuditMetadataGenerator       : Adding properties for entity: com.melilla.gestPlanes.model.Documento
2025-12-04T10:13:37.756+01:00  INFO 31936 --- [restartedMain] o.h.e.c.i.m.AuditMetadataGenerator       : Adding properties for entity: com.melilla.gestPlanes.model.Ciudadano
2025-12-04T10:13:37.757+01:00  INFO 31936 --- [restartedMain] o.h.e.c.i.m.AuditMetadataGenerator       : Adding properties for entity: com.melilla.gestPlanes.model.config.PlantillaContratoConfig
2025-12-04T10:13:37.758+01:00  INFO 31936 --- [restartedMain] o.h.e.c.i.m.AuditMetadataGenerator       : Adding properties for entity: com.melilla.gestPlanes.model.Salario
2025-12-04T10:13:37.758+01:00  INFO 31936 --- [restartedMain] o.h.e.c.i.m.AuditMetadataGenerator       : Adding properties for entity: com.melilla.gestPlanes.model.DocumentoPlan
2025-12-04T10:13:37.781+01:00  INFO 31936 --- [restartedMain] .e.b.i.AdditionalJaxbMappingProducerImpl : Adding JAXB document mapping
2025-12-04T10:13:38.161+01:00  INFO 31936 --- [restartedMain] org.hibernate.envers.boot                : HHH90005601: Envers-generated HBM mapping...
<?xml version="1.0" encoding="UTF-8" standalone="yes"?>
<hibernate-mapping auto-import="false" xmlns="http://www.hibernate.org/xsd/orm/hbm">
    <class discriminator-value="PlanConfig" table="plan_config_AUD" entity-name="com.melilla.gestPlanes.model.config.PlanConfig_AUD" abstract="false">
        <composite-id name="originalId">
            <key-property name="idConfig">
                <column name="id_config"/>
                <type name="long">
                    <param name="org.hibernate.type.ParameterType.primaryKey">false</param>
                    <param name="org.hibernate.type.ParameterType.dynamic">true</param>
                    <param name="org.hibernate.type.ParameterType.returnedClass">java.lang.Long</param>
                    <param name="org.hibernate.type.ParameterType.accessType">field</param>
                    <param name="org.hibernate.type.ParameterType.entityClass">com.melilla.gestPlanes.model.config.PlanConfig</param>
                    <param name="org.hibernate.type.ParameterType.propertyName">idConfig</param>
                </type>
            </key-property>
            <key-many-to-one class="com.melilla.gestPlanes.envers.CustomRevisionEntity" name="REV">
                <column name="REV"/>
            </key-many-to-one>
        </composite-id>
        <property insert="true" name="REVTYPE" type="org.hibernate.envers.internal.entities.RevisionTypeType" update="false"/>
        <many-to-one class="com.melilla.gestPlanes.envers.CustomRevisionEntity" insert="true" name="REVEND" update="true">
            <column name="REVEND"/>
        </many-to-one>
        <property insert="true" name="REVEND_TSTMP" type="timestamp" update="true">
            <column name="REVEND_TSTMP"/>
        </property>
        <property insert="true" name="createdAt" update="false">
            <column name="created_at"/>
            <type name="LocalDateTime">
                <param name="org.hibernate.type.ParameterType.primaryKey">false</param>
                <param name="org.hibernate.type.ParameterType.dynamic">true</param>
                <param name="org.hibernate.type.ParameterType.returnedClass">java.time.LocalDateTime</param>
                <param name="org.hibernate.type.ParameterType.accessType">field</param>
                <param name="org.hibernate.type.ParameterType.entityClass">com.melilla.gestPlanes.model.config.PlanConfig</param>
                <param name="org.hibernate.type.ParameterType.propertyName">createdAt</param>
            </type>
        </property>
        <property insert="true" name="deleted" type="boolean" update="false">
            <column name="deleted"/>
        </property>
        <property insert="true" name="deletedAt" update="false">
            <column name="deleted_at"/>
            <type name="LocalDateTime">
                <param name="org.hibernate.type.ParameterType.primaryKey">false</param>
                <param name="org.hibernate.type.ParameterType.dynamic">true</param>
                <param name="org.hibernate.type.ParameterType.returnedClass">java.time.LocalDateTime</param>
                <param name="org.hibernate.type.ParameterType.accessType">field</param>
                <param name="org.hibernate.type.ParameterType.entityClass">com.melilla.gestPlanes.model.config.PlanConfig</param>
                <param name="org.hibernate.type.ParameterType.propertyName">deletedAt</param>
            </type>
        </property>
        <property insert="true" name="tempDir" update="false">
            <column name="temp_dir"/>
            <type name="string">
                <param name="org.hibernate.type.ParameterType.primaryKey">false</param>
                <param name="org.hibernate.type.ParameterType.dynamic">true</param>
                <param name="org.hibernate.type.ParameterType.returnedClass">java.lang.String</param>
                <param name="org.hibernate.type.ParameterType.accessType">field</param>
                <param name="org.hibernate.type.ParameterType.entityClass">com.melilla.gestPlanes.model.config.PlanConfig</param>
                <param name="org.hibernate.type.ParameterType.propertyName">tempDir</param>
            </type>
        </property>
        <property insert="true" name="templateDir" update="false">
            <column name="template_dir"/>
            <type name="string">
                <param name="org.hibernate.type.ParameterType.primaryKey">false</param>
                <param name="org.hibernate.type.ParameterType.dynamic">true</param>
                <param name="org.hibernate.type.ParameterType.returnedClass">java.lang.String</param>
                <param name="org.hibernate.type.ParameterType.accessType">field</param>
                <param name="org.hibernate.type.ParameterType.entityClass">com.melilla.gestPlanes.model.config.PlanConfig</param>
                <param name="org.hibernate.type.ParameterType.propertyName">templateDir</param>
            </type>
        </property>
        <property insert="true" name="trashcanDir" update="false">
            <column name="trashcan_dir"/>
            <type name="string">
                <param name="org.hibernate.type.ParameterType.primaryKey">false</param>
                <param name="org.hibernate.type.ParameterType.dynamic">true</param>
                <param name="org.hibernate.type.ParameterType.returnedClass">java.lang.String</param>
                <param name="org.hibernate.type.ParameterType.accessType">field</param>
                <param name="org.hibernate.type.ParameterType.entityClass">com.melilla.gestPlanes.model.config.PlanConfig</param>
                <param name="org.hibernate.type.ParameterType.propertyName">trashcanDir</param>
            </type>
        </property>
        <property insert="true" name="uploadDir" update="false">
            <column name="upload_dir"/>
            <type name="string">
                <param name="org.hibernate.type.ParameterType.primaryKey">false</param>
                <param name="org.hibernate.type.ParameterType.dynamic">true</param>
                <param name="org.hibernate.type.ParameterType.returnedClass">java.lang.String</param>
                <param name="org.hibernate.type.ParameterType.accessType">field</param>
                <param name="org.hibernate.type.ParameterType.entityClass">com.melilla.gestPlanes.model.config.PlanConfig</param>
                <param name="org.hibernate.type.ParameterType.propertyName">uploadDir</param>
            </type>
        </property>
    </class>
</hibernate-mapping>

2025-12-04T10:13:38.182+01:00  INFO 31936 --- [restartedMain] .e.b.i.AdditionalJaxbMappingProducerImpl : Adding JAXB document mapping
2025-12-04T10:13:38.255+01:00  INFO 31936 --- [restartedMain] org.hibernate.envers.boot                : HHH90005601: Envers-generated HBM mapping...
<?xml version="1.0" encoding="UTF-8" standalone="yes"?>
<hibernate-mapping auto-import="false" xmlns="http://www.hibernate.org/xsd/orm/hbm">
    <class discriminator-value="Plan" table="plan_AUD" entity-name="com.melilla.gestPlanes.model.Plan_AUD" abstract="false">
        <composite-id name="originalId">
            <key-property name="idPlan">
                <column name="id_plan"/>
                <type name="long">
                    <param name="org.hibernate.type.ParameterType.primaryKey">false</param>
                    <param name="org.hibernate.type.ParameterType.dynamic">true</param>
                    <param name="org.hibernate.type.ParameterType.returnedClass">java.lang.Long</param>
                    <param name="org.hibernate.type.ParameterType.accessType">field</param>
                    <param name="org.hibernate.type.ParameterType.entityClass">com.melilla.gestPlanes.model.Plan</param>
                    <param name="org.hibernate.type.ParameterType.propertyName">idPlan</param>
                </type>
            </key-property>
            <key-many-to-one class="com.melilla.gestPlanes.envers.CustomRevisionEntity" name="REV">
                <column name="REV"/>
            </key-many-to-one>
        </composite-id>
        <property insert="true" name="REVTYPE" type="org.hibernate.envers.internal.entities.RevisionTypeType" update="false"/>
        <many-to-one class="com.melilla.gestPlanes.envers.CustomRevisionEntity" insert="true" name="REVEND" update="true">
            <column name="REVEND"/>
        </many-to-one>
        <property insert="true" name="REVEND_TSTMP" type="timestamp" update="true">
            <column name="REVEND_TSTMP"/>
        </property>
        <property insert="true" name="activo" type="boolean" update="false">
            <column name="activo"/>
        </property>
        <property insert="true" name="createdAt" update="false">
            <column name="created_at"/>
            <type name="LocalDateTime">
                <param name="org.hibernate.type.ParameterType.primaryKey">false</param>
                <param name="org.hibernate.type.ParameterType.dynamic">true</param>
                <param name="org.hibernate.type.ParameterType.returnedClass">java.time.LocalDateTime</param>
                <param name="org.hibernate.type.ParameterType.accessType">field</param>
                <param name="org.hibernate.type.ParameterType.entityClass">com.melilla.gestPlanes.model.Plan</param>
                <param name="org.hibernate.type.ParameterType.propertyName">createdAt</param>
            </type>
        </property>
        <property insert="true" name="deleted" type="boolean" update="false">
            <column name="deleted"/>
        </property>
        <property insert="true" name="deletedAt" update="false">
            <column name="deleted_at"/>
            <type name="LocalDateTime">
                <param name="org.hibernate.type.ParameterType.primaryKey">false</param>
                <param name="org.hibernate.type.ParameterType.dynamic">true</param>
                <param name="org.hibernate.type.ParameterType.returnedClass">java.time.LocalDateTime</param>
                <param name="org.hibernate.type.ParameterType.accessType">field</param>
                <param name="org.hibernate.type.ParameterType.entityClass">com.melilla.gestPlanes.model.Plan</param>
                <param name="org.hibernate.type.ParameterType.propertyName">deletedAt</param>
            </type>
        </property>
        <property insert="true" name="denominacion" update="false">
            <column name="denominacion"/>
            <type name="string">
                <param name="org.hibernate.type.ParameterType.primaryKey">false</param>
                <param name="org.hibernate.type.ParameterType.dynamic">true</param>
                <param name="org.hibernate.type.ParameterType.returnedClass">java.lang.String</param>
                <param name="org.hibernate.type.ParameterType.accessType">field</param>
                <param name="org.hibernate.type.ParameterType.entityClass">com.melilla.gestPlanes.model.Plan</param>
                <param name="org.hibernate.type.ParameterType.propertyName">denominacion</param>
            </type>
        </property>
        <property insert="true" name="config_idConfig" update="false">
            <column name="config_id"/>
            <type name="long">
                <param name="org.hibernate.type.ParameterType.primaryKey">false</param>
                <param name="org.hibernate.type.ParameterType.dynamic">true</param>
                <param name="org.hibernate.type.ParameterType.returnedClass">java.lang.Long</param>
                <param name="org.hibernate.type.ParameterType.accessType">field</param>
                <param name="org.hibernate.type.ParameterType.entityClass">com.melilla.gestPlanes.model.config.PlanConfig</param>
                <param name="org.hibernate.type.ParameterType.propertyName">idConfig</param>
            </type>
        </property>
    </class>
</hibernate-mapping>

2025-12-04T10:13:38.256+01:00  INFO 31936 --- [restartedMain] .e.b.i.AdditionalJaxbMappingProducerImpl : Adding JAXB document mapping
2025-12-04T10:13:38.329+01:00  INFO 31936 --- [restartedMain] org.hibernate.envers.boot                : HHH90005601: Envers-generated HBM mapping...
<?xml version="1.0" encoding="UTF-8" standalone="yes"?>
<hibernate-mapping auto-import="false" xmlns="http://www.hibernate.org/xsd/orm/hbm">
    <class discriminator-value="SalarioDetalle" table="salario_detalle_AUD" entity-name="com.melilla.gestPlanes.model.SalarioDetalle_AUD" abstract="false">
        <composite-id name="originalId">
            <key-property name="idSalarioDetalle" type="long">
                <column name="id_salario_detalle"/>
            </key-property>
            <key-many-to-one class="com.melilla.gestPlanes.envers.CustomRevisionEntity" name="REV">
                <column name="REV"/>
            </key-many-to-one>
        </composite-id>
        <property insert="true" name="REVTYPE" type="org.hibernate.envers.internal.entities.RevisionTypeType" update="false"/>
        <many-to-one class="com.melilla.gestPlanes.envers.CustomRevisionEntity" insert="true" name="REVEND" update="true">
            <column name="REVEND"/>
        </many-to-one>
        <property insert="true" name="REVEND_TSTMP" type="timestamp" update="true">
            <column name="REVEND_TSTMP"/>
        </property>
        <property insert="true" name="base" update="false">
            <column name="base"/>
            <type name="string">
                <param name="org.hibernate.type.ParameterType.primaryKey">false</param>
                <param name="org.hibernate.type.ParameterType.dynamic">true</param>
                <param name="org.hibernate.type.ParameterType.returnedClass">java.lang.String</param>
                <param name="org.hibernate.type.ParameterType.accessType">field</param>
                <param name="org.hibernate.type.ParameterType.entityClass">com.melilla.gestPlanes.model.SalarioDetalle</param>
                <param name="org.hibernate.type.ParameterType.propertyName">base</param>
            </type>
        </property>
        <property insert="true" name="createdAt" update="false">
            <column name="created_at"/>
            <type name="LocalDateTime">
                <param name="org.hibernate.type.ParameterType.primaryKey">false</param>
                <param name="org.hibernate.type.ParameterType.dynamic">true</param>
                <param name="org.hibernate.type.ParameterType.returnedClass">java.time.LocalDateTime</param>
                <param name="org.hibernate.type.ParameterType.accessType">field</param>
                <param name="org.hibernate.type.ParameterType.entityClass">com.melilla.gestPlanes.model.SalarioDetalle</param>
                <param name="org.hibernate.type.ParameterType.propertyName">createdAt</param>
            </type>
        </property>
        <property insert="true" name="deleted" type="boolean" update="false">
            <column name="deleted"/>
        </property>
        <property insert="true" name="deletedAt" update="false">
            <column name="deleted_at"/>
            <type name="LocalDateTime">
                <param name="org.hibernate.type.ParameterType.primaryKey">false</param>
                <param name="org.hibernate.type.ParameterType.dynamic">true</param>
                <param name="org.hibernate.type.ParameterType.returnedClass">java.time.LocalDateTime</param>
                <param name="org.hibernate.type.ParameterType.accessType">field</param>
                <param name="org.hibernate.type.ParameterType.entityClass">com.melilla.gestPlanes.model.SalarioDetalle</param>
                <param name="org.hibernate.type.ParameterType.propertyName">deletedAt</param>
            </type>
        </property>
        <property insert="true" name="grupo" type="integer" update="false">
            <column name="grupo"/>
        </property>
        <property insert="true" name="prorrata" update="false">
            <column name="prorrata"/>
            <type name="string">
                <param name="org.hibernate.type.ParameterType.primaryKey">false</param>
                <param name="org.hibernate.type.ParameterType.dynamic">true</param>
                <param name="org.hibernate.type.ParameterType.returnedClass">java.lang.String</param>
                <param name="org.hibernate.type.ParameterType.accessType">field</param>
                <param name="org.hibernate.type.ParameterType.entityClass">com.melilla.gestPlanes.model.SalarioDetalle</param>
                <param name="org.hibernate.type.ParameterType.propertyName">prorrata</param>
            </type>
        </property>
        <property insert="true" name="residencia" update="false">
            <column name="residencia"/>
            <type name="string">
                <param name="org.hibernate.type.ParameterType.primaryKey">false</param>
                <param name="org.hibernate.type.ParameterType.dynamic">true</param>
                <param name="org.hibernate.type.ParameterType.returnedClass">java.lang.String</param>
                <param name="org.hibernate.type.ParameterType.accessType">field</param>
                <param name="org.hibernate.type.ParameterType.entityClass">com.melilla.gestPlanes.model.SalarioDetalle</param>
                <param name="org.hibernate.type.ParameterType.propertyName">residencia</param>
            </type>
        </property>
        <property insert="true" name="total" update="false">
            <column name="total"/>
            <type name="string">
                <param name="org.hibernate.type.ParameterType.primaryKey">false</param>
                <param name="org.hibernate.type.ParameterType.dynamic">true</param>
                <param name="org.hibernate.type.ParameterType.returnedClass">java.lang.String</param>
                <param name="org.hibernate.type.ParameterType.accessType">field</param>
                <param name="org.hibernate.type.ParameterType.entityClass">com.melilla.gestPlanes.model.SalarioDetalle</param>
                <param name="org.hibernate.type.ParameterType.propertyName">total</param>
            </type>
        </property>
        <property insert="true" name="salario_idSalario" update="false">
            <column name="id_salario"/>
            <type name="long">
                <param name="org.hibernate.type.ParameterType.primaryKey">false</param>
                <param name="org.hibernate.type.ParameterType.dynamic">true</param>
                <param name="org.hibernate.type.ParameterType.returnedClass">java.lang.Long</param>
                <param name="org.hibernate.type.ParameterType.accessType">field</param>
                <param name="org.hibernate.type.ParameterType.entityClass">com.melilla.gestPlanes.model.Salario</param>
                <param name="org.hibernate.type.ParameterType.propertyName">idSalario</param>
            </type>
        </property>
    </class>
</hibernate-mapping>

2025-12-04T10:13:38.330+01:00  INFO 31936 --- [restartedMain] .e.b.i.AdditionalJaxbMappingProducerImpl : Adding JAXB document mapping
2025-12-04T10:13:38.387+01:00  INFO 31936 --- [restartedMain] org.hibernate.envers.boot                : HHH90005601: Envers-generated HBM mapping...
<?xml version="1.0" encoding="UTF-8" standalone="yes"?>
<hibernate-mapping auto-import="false" xmlns="http://www.hibernate.org/xsd/orm/hbm">
    <class discriminator-value="Contrato" table="contrato_AUD" entity-name="com.melilla.gestPlanes.model.Contrato_AUD" abstract="false">
        <composite-id name="originalId">
            <key-property name="idContrato">
                <column name="id_contrato"/>
                <type name="long">
                    <param name="org.hibernate.type.ParameterType.primaryKey">false</param>
                    <param name="org.hibernate.type.ParameterType.dynamic">true</param>
                    <param name="org.hibernate.type.ParameterType.returnedClass">java.lang.Long</param>
                    <param name="org.hibernate.type.ParameterType.accessType">field</param>
                    <param name="org.hibernate.type.ParameterType.entityClass">com.melilla.gestPlanes.model.Contrato</param>
                    <param name="org.hibernate.type.ParameterType.propertyName">idContrato</param>
                </type>
            </key-property>
            <key-many-to-one class="com.melilla.gestPlanes.envers.CustomRevisionEntity" name="REV">
                <column name="REV"/>
            </key-many-to-one>
        </composite-id>
        <property insert="true" name="REVTYPE" type="org.hibernate.envers.internal.entities.RevisionTypeType" update="false"/>
        <many-to-one class="com.melilla.gestPlanes.envers.CustomRevisionEntity" insert="true" name="REVEND" update="true">
            <column name="REVEND"/>
        </many-to-one>
        <property insert="true" name="REVEND_TSTMP" type="timestamp" update="true">
            <column name="REVEND_TSTMP"/>
        </property>
        <property insert="true" name="activo" type="boolean" update="false">
            <column name="activo"/>
        </property>
        <property insert="true" name="base" update="false">
            <column name="base"/>
            <type name="string">
                <param name="org.hibernate.type.ParameterType.primaryKey">false</param>
                <param name="org.hibernate.type.ParameterType.dynamic">true</param>
                <param name="org.hibernate.type.ParameterType.returnedClass">java.lang.String</param>
                <param name="org.hibernate.type.ParameterType.accessType">field</param>
                <param name="org.hibernate.type.ParameterType.entityClass">com.melilla.gestPlanes.model.Contrato</param>
                <param name="org.hibernate.type.ParameterType.propertyName">base</param>
            </type>
        </property>
        <property insert="true" name="createdAt" update="false">
            <column name="created_at"/>
            <type name="LocalDateTime">
                <param name="org.hibernate.type.ParameterType.primaryKey">false</param>
                <param name="org.hibernate.type.ParameterType.dynamic">true</param>
                <param name="org.hibernate.type.ParameterType.returnedClass">java.time.LocalDateTime</param>
                <param name="org.hibernate.type.ParameterType.accessType">field</param>
                <param name="org.hibernate.type.ParameterType.entityClass">com.melilla.gestPlanes.model.Contrato</param>
                <param name="org.hibernate.type.ParameterType.propertyName">createdAt</param>
            </type>
        </property>
        <property insert="true" name="deleted" type="boolean" update="false">
            <column name="deleted"/>
        </property>
        <property insert="true" name="deletedAt" update="false">
            <column name="deleted_at"/>
            <type name="LocalDateTime">
                <param name="org.hibernate.type.ParameterType.primaryKey">false</param>
                <param name="org.hibernate.type.ParameterType.dynamic">true</param>
                <param name="org.hibernate.type.ParameterType.returnedClass">java.time.LocalDateTime</param>
                <param name="org.hibernate.type.ParameterType.accessType">field</param>
                <param name="org.hibernate.type.ParameterType.entityClass">com.melilla.gestPlanes.model.Contrato</param>
                <param name="org.hibernate.type.ParameterType.propertyName">deletedAt</param>
            </type>
        </property>
        <property insert="true" name="diasVacaciones" type="integer" update="false">
            <column name="dias_vacaciones"/>
        </property>
        <property insert="true" name="duracion" type="integer" update="false">
            <column name="duracion"/>
        </property>
        <property insert="true" name="fechaExtincion" update="false">
            <column name="fecha_extincion"/>
            <type name="LocalDate">
                <param name="org.hibernate.type.ParameterType.primaryKey">false</param>
                <param name="org.hibernate.type.ParameterType.dynamic">true</param>
                <param name="org.hibernate.type.ParameterType.returnedClass">java.time.LocalDate</param>
                <param name="org.hibernate.type.ParameterType.accessType">field</param>
                <param name="org.hibernate.type.ParameterType.entityClass">com.melilla.gestPlanes.model.Contrato</param>
                <param name="org.hibernate.type.ParameterType.propertyName">fechaExtincion</param>
            </type>
        </property>
        <property insert="true" name="fechaFinal" update="false">
            <column name="fecha_final"/>
            <type name="LocalDate">
                <param name="org.hibernate.type.ParameterType.primaryKey">false</param>
                <param name="org.hibernate.type.ParameterType.dynamic">true</param>
                <param name="org.hibernate.type.ParameterType.returnedClass">java.time.LocalDate</param>
                <param name="org.hibernate.type.ParameterType.accessType">field</param>
                <param name="org.hibernate.type.ParameterType.entityClass">com.melilla.gestPlanes.model.Contrato</param>
                <param name="org.hibernate.type.ParameterType.propertyName">fechaFinal</param>
            </type>
        </property>
        <property insert="true" name="fechaInicio" update="false">
            <column name="fecha_inicio"/>
            <type name="LocalDate">
                <param name="org.hibernate.type.ParameterType.primaryKey">false</param>
                <param name="org.hibernate.type.ParameterType.dynamic">true</param>
                <param name="org.hibernate.type.ParameterType.returnedClass">java.time.LocalDate</param>
                <param name="org.hibernate.type.ParameterType.accessType">field</param>
                <param name="org.hibernate.type.ParameterType.entityClass">com.melilla.gestPlanes.model.Contrato</param>
                <param name="org.hibernate.type.ParameterType.propertyName">fechaInicio</param>
            </type>
        </property>
        <property insert="true" name="gc" update="false">
            <column name="gc"/>
            <type name="string">
                <param name="org.hibernate.type.ParameterType.primaryKey">false</param>
                <param name="org.hibernate.type.ParameterType.dynamic">true</param>
                <param name="org.hibernate.type.ParameterType.returnedClass">java.lang.String</param>
                <param name="org.hibernate.type.ParameterType.accessType">field</param>
                <param name="org.hibernate.type.ParameterType.entityClass">com.melilla.gestPlanes.model.Contrato</param>
                <param name="org.hibernate.type.ParameterType.propertyName">gc</param>
            </type>
        </property>
        <property insert="true" name="porcentajeHoras" update="false">
            <column name="porcentaje_horas"/>
            <type name="string">
                <param name="org.hibernate.type.ParameterType.primaryKey">false</param>
                <param name="org.hibernate.type.ParameterType.dynamic">true</param>
                <param name="org.hibernate.type.ParameterType.returnedClass">java.lang.String</param>
                <param name="org.hibernate.type.ParameterType.accessType">field</param>
                <param name="org.hibernate.type.ParameterType.entityClass">com.melilla.gestPlanes.model.Contrato</param>
                <param name="org.hibernate.type.ParameterType.propertyName">porcentajeHoras</param>
            </type>
        </property>
        <property insert="true" name="prorratas" update="false">
            <column name="prorratas"/>
            <type name="string">
                <param name="org.hibernate.type.ParameterType.primaryKey">false</param>
                <param name="org.hibernate.type.ParameterType.dynamic">true</param>
                <param name="org.hibernate.type.ParameterType.returnedClass">java.lang.String</param>
                <param name="org.hibernate.type.ParameterType.accessType">field</param>
                <param name="org.hibernate.type.ParameterType.entityClass">com.melilla.gestPlanes.model.Contrato</param>
                <param name="org.hibernate.type.ParameterType.propertyName">prorratas</param>
            </type>
        </property>
        <property insert="true" name="residencia" update="false">
            <column name="residencia"/>
            <type name="string">
                <param name="org.hibernate.type.ParameterType.primaryKey">false</param>
                <param name="org.hibernate.type.ParameterType.dynamic">true</param>
                <param name="org.hibernate.type.ParameterType.returnedClass">java.lang.String</param>
                <param name="org.hibernate.type.ParameterType.accessType">field</param>
                <param name="org.hibernate.type.ParameterType.entityClass">com.melilla.gestPlanes.model.Contrato</param>
                <param name="org.hibernate.type.ParameterType.propertyName">residencia</param>
            </type>
        </property>
        <property insert="true" name="total" update="false">
            <column name="total"/>
            <type name="string">
                <param name="org.hibernate.type.ParameterType.primaryKey">false</param>
                <param name="org.hibernate.type.ParameterType.dynamic">true</param>
                <param name="org.hibernate.type.ParameterType.returnedClass">java.lang.String</param>
                <param name="org.hibernate.type.ParameterType.accessType">field</param>
                <param name="org.hibernate.type.ParameterType.entityClass">com.melilla.gestPlanes.model.Contrato</param>
                <param name="org.hibernate.type.ParameterType.propertyName">total</param>
            </type>
        </property>
        <property insert="true" name="turno" update="false">
            <column name="turno"/>
            <type name="string">
                <param name="org.hibernate.type.ParameterType.primaryKey">false</param>
                <param name="org.hibernate.type.ParameterType.dynamic">true</param>
                <param name="org.hibernate.type.ParameterType.returnedClass">java.lang.String</param>
                <param name="org.hibernate.type.ParameterType.accessType">field</param>
                <param name="org.hibernate.type.ParameterType.entityClass">com.melilla.gestPlanes.model.Contrato</param>
                <param name="org.hibernate.type.ParameterType.propertyName">turno</param>
            </type>
        </property>
        <property insert="true" name="ciudadano_idCiudadano" update="false">
            <column name="id_ciudadano"/>
            <type name="long">
                <param name="org.hibernate.type.ParameterType.primaryKey">false</param>
                <param name="org.hibernate.type.ParameterType.dynamic">true</param>
                <param name="org.hibernate.type.ParameterType.returnedClass">java.lang.Long</param>
                <param name="org.hibernate.type.ParameterType.accessType">field</param>
                <param name="org.hibernate.type.ParameterType.entityClass">com.melilla.gestPlanes.model.Ciudadano</param>
                <param name="org.hibernate.type.ParameterType.propertyName">idCiudadano</param>
            </type>
        </property>
        <property insert="true" name="salario_idSalario" update="false">
            <column name="id_salario"/>
            <type name="long">
                <param name="org.hibernate.type.ParameterType.primaryKey">false</param>
                <param name="org.hibernate.type.ParameterType.dynamic">true</param>
                <param name="org.hibernate.type.ParameterType.returnedClass">java.lang.Long</param>
                <param name="org.hibernate.type.ParameterType.accessType">field</param>
                <param name="org.hibernate.type.ParameterType.entityClass">com.melilla.gestPlanes.model.Salario</param>
                <param name="org.hibernate.type.ParameterType.propertyName">idSalario</param>
            </type>
        </property>
    </class>
</hibernate-mapping>

2025-12-04T10:13:38.388+01:00  INFO 31936 --- [restartedMain] .e.b.i.AdditionalJaxbMappingProducerImpl : Adding JAXB document mapping
2025-12-04T10:13:38.450+01:00  INFO 31936 --- [restartedMain] org.hibernate.envers.boot                : HHH90005601: Envers-generated HBM mapping...
<?xml version="1.0" encoding="UTF-8" standalone="yes"?>
<hibernate-mapping auto-import="false" xmlns="http://www.hibernate.org/xsd/orm/hbm">
    <class discriminator-value="NotaCiudadano" table="nota_ciudadano_AUD" entity-name="com.melilla.gestPlanes.model.NotaCiudadano_AUD" abstract="false">
        <composite-id name="originalId">
            <key-property name="idNota">
                <column name="id_nota"/>
                <type name="long">
                    <param name="org.hibernate.type.ParameterType.primaryKey">false</param>
                    <param name="org.hibernate.type.ParameterType.dynamic">true</param>
                    <param name="org.hibernate.type.ParameterType.returnedClass">java.lang.Long</param>
                    <param name="org.hibernate.type.ParameterType.accessType">field</param>
                    <param name="org.hibernate.type.ParameterType.entityClass">com.melilla.gestPlanes.model.NotaCiudadano</param>
                    <param name="org.hibernate.type.ParameterType.propertyName">idNota</param>
                </type>
            </key-property>
            <key-many-to-one class="com.melilla.gestPlanes.envers.CustomRevisionEntity" name="REV">
                <column name="REV"/>
            </key-many-to-one>
        </composite-id>
        <property insert="true" name="REVTYPE" type="org.hibernate.envers.internal.entities.RevisionTypeType" update="false"/>
        <many-to-one class="com.melilla.gestPlanes.envers.CustomRevisionEntity" insert="true" name="REVEND" update="true">
            <column name="REVEND"/>
        </many-to-one>
        <property insert="true" name="REVEND_TSTMP" type="timestamp" update="true">
            <column name="REVEND_TSTMP"/>
        </property>
        <property insert="true" name="asunto" update="false">
            <column name="asunto"/>
            <type name="string">
                <param name="org.hibernate.type.ParameterType.primaryKey">false</param>
                <param name="org.hibernate.type.ParameterType.dynamic">true</param>
                <param name="org.hibernate.type.ParameterType.returnedClass">java.lang.String</param>
                <param name="org.hibernate.type.ParameterType.accessType">field</param>
                <param name="org.hibernate.type.ParameterType.entityClass">com.melilla.gestPlanes.model.NotaCiudadano</param>
                <param name="org.hibernate.type.ParameterType.propertyName">asunto</param>
            </type>
        </property>
        <property insert="true" name="createdAt" update="false">
            <column name="created_at"/>
            <type name="LocalDateTime">
                <param name="org.hibernate.type.ParameterType.primaryKey">false</param>
                <param name="org.hibernate.type.ParameterType.dynamic">true</param>
                <param name="org.hibernate.type.ParameterType.returnedClass">java.time.LocalDateTime</param>
                <param name="org.hibernate.type.ParameterType.accessType">field</param>
                <param name="org.hibernate.type.ParameterType.entityClass">com.melilla.gestPlanes.model.NotaCiudadano</param>
                <param name="org.hibernate.type.ParameterType.propertyName">createdAt</param>
            </type>
        </property>
        <property insert="true" name="deleted" type="boolean" update="false">
            <column name="deleted"/>
        </property>
        <property insert="true" name="deletedAt" update="false">
            <column name="deleted_at"/>
            <type name="LocalDateTime">
                <param name="org.hibernate.type.ParameterType.primaryKey">false</param>
                <param name="org.hibernate.type.ParameterType.dynamic">true</param>
                <param name="org.hibernate.type.ParameterType.returnedClass">java.time.LocalDateTime</param>
                <param name="org.hibernate.type.ParameterType.accessType">field</param>
                <param name="org.hibernate.type.ParameterType.entityClass">com.melilla.gestPlanes.model.NotaCiudadano</param>
                <param name="org.hibernate.type.ParameterType.propertyName">deletedAt</param>
            </type>
        </property>
        <property insert="true" name="fechaNota" update="false">
            <column name="fecha_nota"/>
            <type name="LocalDate">
                <param name="org.hibernate.type.ParameterType.primaryKey">false</param>
                <param name="org.hibernate.type.ParameterType.dynamic">true</param>
                <param name="org.hibernate.type.ParameterType.returnedClass">java.time.LocalDate</param>
                <param name="org.hibernate.type.ParameterType.accessType">field</param>
                <param name="org.hibernate.type.ParameterType.entityClass">com.melilla.gestPlanes.model.NotaCiudadano</param>
                <param name="org.hibernate.type.ParameterType.propertyName">fechaNota</param>
            </type>
        </property>
        <property insert="true" name="nota" update="false">
            <column name="nota"/>
            <type name="string">
                <param name="org.hibernate.type.ParameterType.primaryKey">false</param>
                <param name="org.hibernate.type.ParameterType.dynamic">true</param>
                <param name="org.hibernate.type.ParameterType.returnedClass">java.lang.String</param>
                <param name="org.hibernate.type.ParameterType.accessType">field</param>
                <param name="org.hibernate.type.ParameterType.entityClass">com.melilla.gestPlanes.model.NotaCiudadano</param>
                <param name="org.hibernate.type.ParameterType.propertyName">nota</param>
            </type>
        </property>
        <property insert="true" name="pinned" type="boolean" update="false">
            <column name="pinned"/>
        </property>
        <property insert="true" name="ciudadano_idCiudadano" update="false">
            <column name="id_ciudadano"/>
            <type name="long">
                <param name="org.hibernate.type.ParameterType.primaryKey">false</param>
                <param name="org.hibernate.type.ParameterType.dynamic">true</param>
                <param name="org.hibernate.type.ParameterType.returnedClass">java.lang.Long</param>
                <param name="org.hibernate.type.ParameterType.accessType">field</param>
                <param name="org.hibernate.type.ParameterType.entityClass">com.melilla.gestPlanes.model.Ciudadano</param>
                <param name="org.hibernate.type.ParameterType.propertyName">idCiudadano</param>
            </type>
        </property>
    </class>
</hibernate-mapping>

2025-12-04T10:13:38.451+01:00  INFO 31936 --- [restartedMain] .e.b.i.AdditionalJaxbMappingProducerImpl : Adding JAXB document mapping
2025-12-04T10:13:38.491+01:00  INFO 31936 --- [restartedMain] org.hibernate.envers.boot                : HHH90005601: Envers-generated HBM mapping...
<?xml version="1.0" encoding="UTF-8" standalone="yes"?>
<hibernate-mapping auto-import="false" xmlns="http://www.hibernate.org/xsd/orm/hbm">
    <class discriminator-value="Documento" table="documento_AUD" entity-name="com.melilla.gestPlanes.model.Documento_AUD" abstract="false">
        <composite-id name="originalId">
            <key-property name="idDocumento">
                <column name="id_documento"/>
                <type name="long">
                    <param name="org.hibernate.type.ParameterType.primaryKey">false</param>
                    <param name="org.hibernate.type.ParameterType.dynamic">true</param>
                    <param name="org.hibernate.type.ParameterType.returnedClass">java.lang.Long</param>
                    <param name="org.hibernate.type.ParameterType.accessType">field</param>
                    <param name="org.hibernate.type.ParameterType.entityClass">com.melilla.gestPlanes.model.Documento</param>
                    <param name="org.hibernate.type.ParameterType.propertyName">idDocumento</param>
                </type>
            </key-property>
            <key-many-to-one class="com.melilla.gestPlanes.envers.CustomRevisionEntity" name="REV">
                <column name="REV"/>
            </key-many-to-one>
        </composite-id>
        <property insert="true" name="REVTYPE" type="org.hibernate.envers.internal.entities.RevisionTypeType" update="false"/>
        <many-to-one class="com.melilla.gestPlanes.envers.CustomRevisionEntity" insert="true" name="REVEND" update="true">
            <column name="REVEND"/>
        </many-to-one>
        <property insert="true" name="REVEND_TSTMP" type="timestamp" update="true">
            <column name="REVEND_TSTMP"/>
        </property>
        <property insert="true" name="createdAt" update="false">
            <column name="created_at"/>
            <type name="LocalDateTime">
                <param name="org.hibernate.type.ParameterType.primaryKey">false</param>
                <param name="org.hibernate.type.ParameterType.dynamic">true</param>
                <param name="org.hibernate.type.ParameterType.returnedClass">java.time.LocalDateTime</param>
                <param name="org.hibernate.type.ParameterType.accessType">field</param>
                <param name="org.hibernate.type.ParameterType.entityClass">com.melilla.gestPlanes.model.Documento</param>
                <param name="org.hibernate.type.ParameterType.propertyName">createdAt</param>
            </type>
        </property>
        <property insert="true" name="deleted" type="boolean" update="false">
            <column name="deleted"/>
        </property>
        <property insert="true" name="deletedAt" update="false">
            <column name="deleted_at"/>
            <type name="LocalDateTime">
                <param name="org.hibernate.type.ParameterType.primaryKey">false</param>
                <param name="org.hibernate.type.ParameterType.dynamic">true</param>
                <param name="org.hibernate.type.ParameterType.returnedClass">java.time.LocalDateTime</param>
                <param name="org.hibernate.type.ParameterType.accessType">field</param>
                <param name="org.hibernate.type.ParameterType.entityClass">com.melilla.gestPlanes.model.Documento</param>
                <param name="org.hibernate.type.ParameterType.propertyName">deletedAt</param>
            </type>
        </property>
        <property insert="true" name="nombre" update="false">
            <column name="nombre"/>
            <type name="string">
                <param name="org.hibernate.type.ParameterType.primaryKey">false</param>
                <param name="org.hibernate.type.ParameterType.dynamic">true</param>
                <param name="org.hibernate.type.ParameterType.returnedClass">java.lang.String</param>
                <param name="org.hibernate.type.ParameterType.accessType">field</param>
                <param name="org.hibernate.type.ParameterType.entityClass">com.melilla.gestPlanes.model.Documento</param>
                <param name="org.hibernate.type.ParameterType.propertyName">nombre</param>
            </type>
        </property>
        <property insert="true" name="observaciones" update="false">
            <column name="observaciones"/>
            <type name="string">
                <param name="org.hibernate.type.ParameterType.primaryKey">false</param>
                <param name="org.hibernate.type.ParameterType.dynamic">true</param>
                <param name="org.hibernate.type.ParameterType.returnedClass">java.lang.String</param>
                <param name="org.hibernate.type.ParameterType.accessType">field</param>
                <param name="org.hibernate.type.ParameterType.entityClass">com.melilla.gestPlanes.model.Documento</param>
                <param name="org.hibernate.type.ParameterType.propertyName">observaciones</param>
            </type>
        </property>
        <property insert="true" name="ruta" update="false">
            <column name="ruta"/>
            <type name="string">
                <param name="org.hibernate.type.ParameterType.primaryKey">false</param>
                <param name="org.hibernate.type.ParameterType.dynamic">true</param>
                <param name="org.hibernate.type.ParameterType.returnedClass">java.lang.String</param>
                <param name="org.hibernate.type.ParameterType.accessType">field</param>
                <param name="org.hibernate.type.ParameterType.entityClass">com.melilla.gestPlanes.model.Documento</param>
                <param name="org.hibernate.type.ParameterType.propertyName">ruta</param>
            </type>
        </property>
        <property insert="true" name="tipo" update="false">
            <column name="tipo"/>
            <type name="string">
                <param name="org.hibernate.type.ParameterType.primaryKey">false</param>
                <param name="org.hibernate.type.ParameterType.dynamic">true</param>
                <param name="org.hibernate.type.ParameterType.returnedClass">java.lang.String</param>
                <param name="org.hibernate.type.ParameterType.accessType">field</param>
                <param name="org.hibernate.type.ParameterType.entityClass">com.melilla.gestPlanes.model.Documento</param>
                <param name="org.hibernate.type.ParameterType.propertyName">tipo</param>
            </type>
        </property>
        <property insert="true" name="ciudadano_idCiudadano" update="false">
            <column name="id_ciudadano"/>
            <type name="long">
                <param name="org.hibernate.type.ParameterType.primaryKey">false</param>
                <param name="org.hibernate.type.ParameterType.dynamic">true</param>
                <param name="org.hibernate.type.ParameterType.returnedClass">java.lang.Long</param>
                <param name="org.hibernate.type.ParameterType.accessType">field</param>
                <param name="org.hibernate.type.ParameterType.entityClass">com.melilla.gestPlanes.model.Ciudadano</param>
                <param name="org.hibernate.type.ParameterType.propertyName">idCiudadano</param>
            </type>
        </property>
    </class>
</hibernate-mapping>

2025-12-04T10:13:38.492+01:00  INFO 31936 --- [restartedMain] .e.b.i.AdditionalJaxbMappingProducerImpl : Adding JAXB document mapping
2025-12-04T10:13:38.548+01:00  INFO 31936 --- [restartedMain] org.hibernate.envers.boot                : HHH90005601: Envers-generated HBM mapping...
<?xml version="1.0" encoding="UTF-8" standalone="yes"?>
<hibernate-mapping auto-import="false" xmlns="http://www.hibernate.org/xsd/orm/hbm">
    <class discriminator-value="Ciudadano" table="ciudadano_AUD" entity-name="com.melilla.gestPlanes.model.Ciudadano_AUD" abstract="false">
        <composite-id name="originalId">
            <key-property name="idCiudadano">
                <column name="id_ciudadano"/>
                <type name="long">
                    <param name="org.hibernate.type.ParameterType.primaryKey">false</param>
                    <param name="org.hibernate.type.ParameterType.dynamic">true</param>
                    <param name="org.hibernate.type.ParameterType.returnedClass">java.lang.Long</param>
                    <param name="org.hibernate.type.ParameterType.accessType">field</param>
                    <param name="org.hibernate.type.ParameterType.entityClass">com.melilla.gestPlanes.model.Ciudadano</param>
                    <param name="org.hibernate.type.ParameterType.propertyName">idCiudadano</param>
                </type>
            </key-property>
            <key-many-to-one class="com.melilla.gestPlanes.envers.CustomRevisionEntity" name="REV">
                <column name="REV"/>
            </key-many-to-one>
        </composite-id>
        <property insert="true" name="REVTYPE" type="org.hibernate.envers.internal.entities.RevisionTypeType" update="false"/>
        <many-to-one class="com.melilla.gestPlanes.envers.CustomRevisionEntity" insert="true" name="REVEND" update="true">
            <column name="REVEND"/>
        </many-to-one>
        <property insert="true" name="REVEND_TSTMP" type="timestamp" update="true">
            <column name="REVEND_TSTMP"/>
        </property>
        <property insert="true" name="DNI" update="false">
            <column name="dni"/>
            <type name="string">
                <param name="org.hibernate.type.ParameterType.primaryKey">false</param>
                <param name="org.hibernate.type.ParameterType.dynamic">true</param>
                <param name="org.hibernate.type.ParameterType.returnedClass">java.lang.String</param>
                <param name="org.hibernate.type.ParameterType.accessType">field</param>
                <param name="org.hibernate.type.ParameterType.entityClass">com.melilla.gestPlanes.model.Ciudadano</param>
                <param name="org.hibernate.type.ParameterType.propertyName">DNI</param>
            </type>
        </property>
        <property insert="true" name="altaSS" type="boolean" update="false">
            <column name="altass"/>
        </property>
        <property insert="true" name="antecedentes" type="boolean" update="false">
            <column name="antecedentes"/>
        </property>
        <property insert="true" name="apellido1" update="false">
            <column name="apellido1"/>
            <type name="string">
                <param name="org.hibernate.type.ParameterType.primaryKey">false</param>
                <param name="org.hibernate.type.ParameterType.dynamic">true</param>
                <param name="org.hibernate.type.ParameterType.returnedClass">java.lang.String</param>
                <param name="org.hibernate.type.ParameterType.accessType">field</param>
                <param name="org.hibernate.type.ParameterType.entityClass">com.melilla.gestPlanes.model.Ciudadano</param>
                <param name="org.hibernate.type.ParameterType.propertyName">apellido1</param>
            </type>
        </property>
        <property insert="true" name="apellido2" update="false">
            <column name="apellido2"/>
            <type name="string">
                <param name="org.hibernate.type.ParameterType.primaryKey">false</param>
                <param name="org.hibernate.type.ParameterType.dynamic">true</param>
                <param name="org.hibernate.type.ParameterType.returnedClass">java.lang.String</param>
                <param name="org.hibernate.type.ParameterType.accessType">field</param>
                <param name="org.hibernate.type.ParameterType.entityClass">com.melilla.gestPlanes.model.Ciudadano</param>
                <param name="org.hibernate.type.ParameterType.propertyName">apellido2</param>
            </type>
        </property>
        <property insert="true" name="bajaLaboral" type="boolean" update="false">
            <column name="baja_laboral"/>
        </property>
        <property insert="true" name="bajaMaternal" type="boolean" update="false">
            <column name="baja_maternal"/>
        </property>
        <property insert="true" name="ccc" update="false">
            <column name="ccc"/>
            <type name="string">
                <param name="org.hibernate.type.ParameterType.primaryKey">false</param>
                <param name="org.hibernate.type.ParameterType.dynamic">true</param>
                <param name="org.hibernate.type.ParameterType.returnedClass">java.lang.String</param>
                <param name="org.hibernate.type.ParameterType.accessType">field</param>
                <param name="org.hibernate.type.ParameterType.entityClass">com.melilla.gestPlanes.model.Ciudadano</param>
                <param name="org.hibernate.type.ParameterType.propertyName">ccc</param>
            </type>
        </property>
        <property insert="true" name="contrata" type="boolean" update="false">
            <column name="contrata"/>
        </property>
        <property insert="true" name="createdAt" update="false">
            <column name="created_at"/>
            <type name="LocalDateTime">
                <param name="org.hibernate.type.ParameterType.primaryKey">false</param>
                <param name="org.hibernate.type.ParameterType.dynamic">true</param>
                <param name="org.hibernate.type.ParameterType.returnedClass">java.time.LocalDateTime</param>
                <param name="org.hibernate.type.ParameterType.accessType">field</param>
                <param name="org.hibernate.type.ParameterType.entityClass">com.melilla.gestPlanes.model.Ciudadano</param>
                <param name="org.hibernate.type.ParameterType.propertyName">createdAt</param>
            </type>
        </property>
        <property insert="true" name="cupo" type="boolean" update="false">
            <column name="cupo"/>
        </property>
        <property insert="true" name="deleted" type="boolean" update="false">
            <column name="deleted"/>
        </property>
        <property insert="true" name="deletedAt" update="false">
            <column name="deleted_at"/>
            <type name="LocalDateTime">
                <param name="org.hibernate.type.ParameterType.primaryKey">false</param>
                <param name="org.hibernate.type.ParameterType.dynamic">true</param>
                <param name="org.hibernate.type.ParameterType.returnedClass">java.time.LocalDateTime</param>
                <param name="org.hibernate.type.ParameterType.accessType">field</param>
                <param name="org.hibernate.type.ParameterType.entityClass">com.melilla.gestPlanes.model.Ciudadano</param>
                <param name="org.hibernate.type.ParameterType.propertyName">deletedAt</param>
            </type>
        </property>
        <property insert="true" name="email" update="false">
            <column name="email"/>
            <type name="string">
                <param name="org.hibernate.type.ParameterType.primaryKey">false</param>
                <param name="org.hibernate.type.ParameterType.dynamic">true</param>
                <param name="org.hibernate.type.ParameterType.returnedClass">java.lang.String</param>
                <param name="org.hibernate.type.ParameterType.accessType">field</param>
                <param name="org.hibernate.type.ParameterType.entityClass">com.melilla.gestPlanes.model.Ciudadano</param>
                <param name="org.hibernate.type.ParameterType.propertyName">email</param>
            </type>
        </property>
        <property insert="true" name="esJefeEquipo" type="boolean" update="false">
            <column name="es_jefe_equipo"/>
        </property>
        <property insert="true" name="escaneado" type="boolean" update="false">
            <column name="escaneado"/>
        </property>
        <property insert="true" name="estado" update="false">
            <column name="estado"/>
            <type name="string">
                <param name="org.hibernate.type.ParameterType.primaryKey">false</param>
                <param name="org.hibernate.type.ParameterType.dynamic">true</param>
                <param name="org.hibernate.type.ParameterType.returnedClass">java.lang.String</param>
                <param name="org.hibernate.type.ParameterType.accessType">field</param>
                <param name="org.hibernate.type.ParameterType.entityClass">com.melilla.gestPlanes.model.Ciudadano</param>
                <param name="org.hibernate.type.ParameterType.propertyName">estado</param>
            </type>
        </property>
        <property insert="true" name="estadoCivil" update="false">
            <column name="estado_civil"/>
            <type name="string">
                <param name="org.hibernate.type.ParameterType.primaryKey">false</param>
                <param name="org.hibernate.type.ParameterType.dynamic">true</param>
                <param name="org.hibernate.type.ParameterType.returnedClass">java.lang.String</param>
                <param name="org.hibernate.type.ParameterType.accessType">field</param>
                <param name="org.hibernate.type.ParameterType.entityClass">com.melilla.gestPlanes.model.Ciudadano</param>
                <param name="org.hibernate.type.ParameterType.propertyName">estadoCivil</param>
            </type>
        </property>
        <property insert="true" name="fechaListadoSepe" update="false">
            <column name="fecha_listado_sepe"/>
            <type name="LocalDate">
                <param name="org.hibernate.type.ParameterType.primaryKey">false</param>
                <param name="org.hibernate.type.ParameterType.dynamic">true</param>
                <param name="org.hibernate.type.ParameterType.returnedClass">java.time.LocalDate</param>
                <param name="org.hibernate.type.ParameterType.accessType">field</param>
                <param name="org.hibernate.type.ParameterType.entityClass">com.melilla.gestPlanes.model.Ciudadano</param>
                <param name="org.hibernate.type.ParameterType.propertyName">fechaListadoSepe</param>
            </type>
        </property>
        <property insert="true" name="fechaNacimiento" update="false">
            <column name="fecha_nacimiento"/>
            <type name="LocalDate">
                <param name="org.hibernate.type.ParameterType.primaryKey">false</param>
                <param name="org.hibernate.type.ParameterType.dynamic">true</param>
                <param name="org.hibernate.type.ParameterType.returnedClass">java.time.LocalDate</param>
                <param name="org.hibernate.type.ParameterType.accessType">field</param>
                <param name="org.hibernate.type.ParameterType.entityClass">com.melilla.gestPlanes.model.Ciudadano</param>
                <param name="org.hibernate.type.ParameterType.propertyName">fechaNacimiento</param>
            </type>
        </property>
        <property insert="true" name="fechaRegistro" update="false">
            <column name="fecha_registro"/>
            <type name="LocalDate">
                <param name="org.hibernate.type.ParameterType.primaryKey">false</param>
                <param name="org.hibernate.type.ParameterType.dynamic">true</param>
                <param name="org.hibernate.type.ParameterType.returnedClass">java.time.LocalDate</param>
                <param name="org.hibernate.type.ParameterType.accessType">field</param>
                <param name="org.hibernate.type.ParameterType.entityClass">com.melilla.gestPlanes.model.Ciudadano</param>
                <param name="org.hibernate.type.ParameterType.propertyName">fechaRegistro</param>
            </type>
        </property>
        <property insert="true" name="nacionalidad" update="false">
            <column name="nacionalidad"/>
            <type name="string">
                <param name="org.hibernate.type.ParameterType.primaryKey">false</param>
                <param name="org.hibernate.type.ParameterType.dynamic">true</param>
                <param name="org.hibernate.type.ParameterType.returnedClass">java.lang.String</param>
                <param name="org.hibernate.type.ParameterType.accessType">field</param>
                <param name="org.hibernate.type.ParameterType.entityClass">com.melilla.gestPlanes.model.Ciudadano</param>
                <param name="org.hibernate.type.ParameterType.propertyName">nacionalidad</param>
            </type>
        </property>
        <property insert="true" name="nedaes" type="boolean" update="false">
            <column name="nedaes"/>
        </property>
        <property insert="true" name="nombre" update="false">
            <column name="nombre"/>
            <type name="string">
                <param name="org.hibernate.type.ParameterType.primaryKey">false</param>
                <param name="org.hibernate.type.ParameterType.dynamic">true</param>
                <param name="org.hibernate.type.ParameterType.returnedClass">java.lang.String</param>
                <param name="org.hibernate.type.ParameterType.accessType">field</param>
                <param name="org.hibernate.type.ParameterType.entityClass">com.melilla.gestPlanes.model.Ciudadano</param>
                <param name="org.hibernate.type.ParameterType.propertyName">nombre</param>
            </type>
        </property>
        <property insert="true" name="numeroOrdenSepe" type="integer" update="false">
            <column name="numero_orden_sepe"/>
        </property>
        <property insert="true" name="reclamaSalarios" type="boolean" update="false">
            <column name="reclama_salarios"/>
        </property>
        <property insert="true" name="seguridadSocial" update="false">
            <column name="seguridad_social"/>
            <type name="string">
                <param name="org.hibernate.type.ParameterType.primaryKey">false</param>
                <param name="org.hibernate.type.ParameterType.dynamic">true</param>
                <param name="org.hibernate.type.ParameterType.returnedClass">java.lang.String</param>
                <param name="org.hibernate.type.ParameterType.accessType">field</param>
                <param name="org.hibernate.type.ParameterType.entityClass">com.melilla.gestPlanes.model.Ciudadano</param>
                <param name="org.hibernate.type.ParameterType.propertyName">seguridadSocial</param>
            </type>
        </property>
        <property insert="true" name="sexo" update="false">
            <column name="sexo"/>
            <type name="string">
                <param name="org.hibernate.type.ParameterType.primaryKey">false</param>
                <param name="org.hibernate.type.ParameterType.dynamic">true</param>
                <param name="org.hibernate.type.ParameterType.returnedClass">java.lang.String</param>
                <param name="org.hibernate.type.ParameterType.accessType">field</param>
                <param name="org.hibernate.type.ParameterType.entityClass">com.melilla.gestPlanes.model.Ciudadano</param>
                <param name="org.hibernate.type.ParameterType.propertyName">sexo</param>
            </type>
        </property>
        <property insert="true" name="sinClausula" type="boolean" update="false">
            <column name="sin_clausula"/>
        </property>
        <property insert="true" name="suplente" type="boolean" update="false">
            <column name="suplente"/>
        </property>
        <property insert="true" name="telefono" update="false">
            <column name="telefono"/>
            <type name="string">
                <param name="org.hibernate.type.ParameterType.primaryKey">false</param>
                <param name="org.hibernate.type.ParameterType.dynamic">true</param>
                <param name="org.hibernate.type.ParameterType.returnedClass">java.lang.String</param>
                <param name="org.hibernate.type.ParameterType.accessType">field</param>
                <param name="org.hibernate.type.ParameterType.entityClass">com.melilla.gestPlanes.model.Ciudadano</param>
                <param name="org.hibernate.type.ParameterType.propertyName">telefono</param>
            </type>
        </property>
        <property insert="true" name="vacacionesDisfrutadas" type="integer" update="false">
            <column name="vacaciones_disfrutadas"/>
        </property>
        <property insert="true" name="vg" type="boolean" update="false">
            <column name="vg"/>
        </property>
    </class>
</hibernate-mapping>

2025-12-04T10:13:38.549+01:00  INFO 31936 --- [restartedMain] .e.b.i.AdditionalJaxbMappingProducerImpl : Adding JAXB document mapping
2025-12-04T10:13:38.600+01:00  INFO 31936 --- [restartedMain] org.hibernate.envers.boot                : HHH90005601: Envers-generated HBM mapping...
<?xml version="1.0" encoding="UTF-8" standalone="yes"?>
<hibernate-mapping auto-import="false" xmlns="http://www.hibernate.org/xsd/orm/hbm">
    <class discriminator-value="PlantillaContratoConfig" table="plantilla_contrato_config_AUD" entity-name="com.melilla.gestPlanes.model.config.PlantillaContratoConfig_AUD" abstract="false">
        <composite-id name="originalId">
            <key-property name="idContratoConfig">
                <column name="id_contrato_config"/>
                <type name="long">
                    <param name="org.hibernate.type.ParameterType.primaryKey">false</param>
                    <param name="org.hibernate.type.ParameterType.dynamic">true</param>
                    <param name="org.hibernate.type.ParameterType.returnedClass">java.lang.Long</param>
                    <param name="org.hibernate.type.ParameterType.accessType">field</param>
                    <param name="org.hibernate.type.ParameterType.entityClass">com.melilla.gestPlanes.model.config.PlantillaContratoConfig</param>
                    <param name="org.hibernate.type.ParameterType.propertyName">idContratoConfig</param>
                </type>
            </key-property>
            <key-many-to-one class="com.melilla.gestPlanes.envers.CustomRevisionEntity" name="REV">
                <column name="REV"/>
            </key-many-to-one>
        </composite-id>
        <property insert="true" name="REVTYPE" type="org.hibernate.envers.internal.entities.RevisionTypeType" update="false"/>
        <many-to-one class="com.melilla.gestPlanes.envers.CustomRevisionEntity" insert="true" name="REVEND" update="true">
            <column name="REVEND"/>
        </many-to-one>
        <property insert="true" name="REVEND_TSTMP" type="timestamp" update="true">
            <column name="REVEND_TSTMP"/>
        </property>
        <property insert="true" name="activa" type="boolean" update="false">
            <column name="activa"/>
        </property>
        <property insert="true" name="actividadEconomica" update="false">
            <column name="actividad_economica"/>
            <type name="string">
                <param name="org.hibernate.type.ParameterType.primaryKey">false</param>
                <param name="org.hibernate.type.ParameterType.dynamic">true</param>
                <param name="org.hibernate.type.ParameterType.returnedClass">java.lang.String</param>
                <param name="org.hibernate.type.ParameterType.accessType">field</param>
                <param name="org.hibernate.type.ParameterType.entityClass">com.melilla.gestPlanes.model.config.PlantillaContratoConfig</param>
                <param name="org.hibernate.type.ParameterType.propertyName">actividadEconomica</param>
            </type>
        </property>
        <property insert="true" name="cargoRepresentante" update="false">
            <column name="cargo_representante"/>
            <type name="string">
                <param name="org.hibernate.type.ParameterType.primaryKey">false</param>
                <param name="org.hibernate.type.ParameterType.dynamic">true</param>
                <param name="org.hibernate.type.ParameterType.returnedClass">java.lang.String</param>
                <param name="org.hibernate.type.ParameterType.accessType">field</param>
                <param name="org.hibernate.type.ParameterType.entityClass">com.melilla.gestPlanes.model.config.PlantillaContratoConfig</param>
                <param name="org.hibernate.type.ParameterType.propertyName">cargoRepresentante</param>
            </type>
        </property>
        <property insert="true" name="cif" update="false">
            <column name="cif"/>
            <type name="string">
                <param name="org.hibernate.type.ParameterType.primaryKey">false</param>
                <param name="org.hibernate.type.ParameterType.dynamic">true</param>
                <param name="org.hibernate.type.ParameterType.returnedClass">java.lang.String</param>
                <param name="org.hibernate.type.ParameterType.accessType">field</param>
                <param name="org.hibernate.type.ParameterType.entityClass">com.melilla.gestPlanes.model.config.PlantillaContratoConfig</param>
                <param name="org.hibernate.type.ParameterType.propertyName">cif</param>
            </type>
        </property>
        <property insert="true" name="clausulaAdicional" update="false">
            <column length="255" name="clausula_adicional" sql-type="TEXT"/>
            <type name="string">
                <param name="org.hibernate.type.ParameterType.primaryKey">false</param>
                <param name="org.hibernate.type.ParameterType.dynamic">true</param>
                <param name="org.hibernate.type.ParameterType.returnedClass">java.lang.String</param>
                <param name="org.hibernate.type.ParameterType.accessType">field</param>
                <param name="org.hibernate.type.ParameterType.entityClass">com.melilla.gestPlanes.model.config.PlantillaContratoConfig</param>
                <param name="org.hibernate.type.ParameterType.propertyName">clausulaAdicional</param>
            </type>
        </property>
        <property insert="true" name="clausulaEspecifica" update="false">
            <column length="255" name="clausula_especifica" sql-type="TEXT"/>
            <type name="string">
                <param name="org.hibernate.type.ParameterType.primaryKey">false</param>
                <param name="org.hibernate.type.ParameterType.dynamic">true</param>
                <param name="org.hibernate.type.ParameterType.returnedClass">java.lang.String</param>
                <param name="org.hibernate.type.ParameterType.accessType">field</param>
                <param name="org.hibernate.type.ParameterType.entityClass">com.melilla.gestPlanes.model.config.PlantillaContratoConfig</param>
                <param name="org.hibernate.type.ParameterType.propertyName">clausulaEspecifica</param>
            </type>
        </property>
        <property insert="true" name="codigoCuentaCotizacion" update="false">
            <column name="codigo_cuenta_cotizacion"/>
            <type name="string">
                <param name="org.hibernate.type.ParameterType.primaryKey">false</param>
                <param name="org.hibernate.type.ParameterType.dynamic">true</param>
                <param name="org.hibernate.type.ParameterType.returnedClass">java.lang.String</param>
                <param name="org.hibernate.type.ParameterType.accessType">field</param>
                <param name="org.hibernate.type.ParameterType.entityClass">com.melilla.gestPlanes.model.config.PlantillaContratoConfig</param>
                <param name="org.hibernate.type.ParameterType.propertyName">codigoCuentaCotizacion</param>
            </type>
        </property>
        <property insert="true" name="codigoMunicipioEmpresa" update="false">
            <column name="codigo_municipio_empresa"/>
            <type name="string">
                <param name="org.hibernate.type.ParameterType.primaryKey">false</param>
                <param name="org.hibernate.type.ParameterType.dynamic">true</param>
                <param name="org.hibernate.type.ParameterType.returnedClass">java.lang.String</param>
                <param name="org.hibernate.type.ParameterType.accessType">field</param>
                <param name="org.hibernate.type.ParameterType.entityClass">com.melilla.gestPlanes.model.config.PlantillaContratoConfig</param>
                <param name="org.hibernate.type.ParameterType.propertyName">codigoMunicipioEmpresa</param>
            </type>
        </property>
        <property insert="true" name="codigoPaisEmpresa" update="false">
            <column name="codigo_pais_empresa"/>
            <type name="string">
                <param name="org.hibernate.type.ParameterType.primaryKey">false</param>
                <param name="org.hibernate.type.ParameterType.dynamic">true</param>
                <param name="org.hibernate.type.ParameterType.returnedClass">java.lang.String</param>
                <param name="org.hibernate.type.ParameterType.accessType">field</param>
                <param name="org.hibernate.type.ParameterType.entityClass">com.melilla.gestPlanes.model.config.PlantillaContratoConfig</param>
                <param name="org.hibernate.type.ParameterType.propertyName">codigoPaisEmpresa</param>
            </type>
        </property>
        <property insert="true" name="codigoPostalEmpresa" update="false">
            <column name="codigo_postal_empresa"/>
            <type name="string">
                <param name="org.hibernate.type.ParameterType.primaryKey">false</param>
                <param name="org.hibernate.type.ParameterType.dynamic">true</param>
                <param name="org.hibernate.type.ParameterType.returnedClass">java.lang.String</param>
                <param name="org.hibernate.type.ParameterType.accessType">field</param>
                <param name="org.hibernate.type.ParameterType.entityClass">com.melilla.gestPlanes.model.config.PlantillaContratoConfig</param>
                <param name="org.hibernate.type.ParameterType.propertyName">codigoPostalEmpresa</param>
            </type>
        </property>
        <property insert="true" name="dniRepresentante" update="false">
            <column name="dni_representante"/>
            <type name="string">
                <param name="org.hibernate.type.ParameterType.primaryKey">false</param>
                <param name="org.hibernate.type.ParameterType.dynamic">true</param>
                <param name="org.hibernate.type.ParameterType.returnedClass">java.lang.String</param>
                <param name="org.hibernate.type.ParameterType.accessType">field</param>
                <param name="org.hibernate.type.ParameterType.entityClass">com.melilla.gestPlanes.model.config.PlantillaContratoConfig</param>
                <param name="org.hibernate.type.ParameterType.propertyName">dniRepresentante</param>
            </type>
        </property>
        <property insert="true" name="domicilioSocial" update="false">
            <column name="domicilio_social"/>
            <type name="string">
                <param name="org.hibernate.type.ParameterType.primaryKey">false</param>
                <param name="org.hibernate.type.ParameterType.dynamic">true</param>
                <param name="org.hibernate.type.ParameterType.returnedClass">java.lang.String</param>
                <param name="org.hibernate.type.ParameterType.accessType">field</param>
                <param name="org.hibernate.type.ParameterType.entityClass">com.melilla.gestPlanes.model.config.PlantillaContratoConfig</param>
                <param name="org.hibernate.type.ParameterType.propertyName">domicilioSocial</param>
            </type>
        </property>
        <property insert="true" name="horas" update="false">
            <column name="horas"/>
            <type name="string">
                <param name="org.hibernate.type.ParameterType.primaryKey">false</param>
                <param name="org.hibernate.type.ParameterType.dynamic">true</param>
                <param name="org.hibernate.type.ParameterType.returnedClass">java.lang.String</param>
                <param name="org.hibernate.type.ParameterType.accessType">field</param>
                <param name="org.hibernate.type.ParameterType.entityClass">com.melilla.gestPlanes.model.config.PlantillaContratoConfig</param>
                <param name="org.hibernate.type.ParameterType.propertyName">horas</param>
            </type>
        </property>
        <property insert="true" name="municipioEmpresa" update="false">
            <column name="municipio_empresa"/>
            <type name="string">
                <param name="org.hibernate.type.ParameterType.primaryKey">false</param>
                <param name="org.hibernate.type.ParameterType.dynamic">true</param>
                <param name="org.hibernate.type.ParameterType.returnedClass">java.lang.String</param>
                <param name="org.hibernate.type.ParameterType.accessType">field</param>
                <param name="org.hibernate.type.ParameterType.entityClass">com.melilla.gestPlanes.model.config.PlantillaContratoConfig</param>
                <param name="org.hibernate.type.ParameterType.propertyName">municipioEmpresa</param>
            </type>
        </property>
        <property insert="true" name="nombre" update="false">
            <column name="nombre"/>
            <type name="string">
                <param name="org.hibernate.type.ParameterType.primaryKey">false</param>
                <param name="org.hibernate.type.ParameterType.dynamic">true</param>
                <param name="org.hibernate.type.ParameterType.returnedClass">java.lang.String</param>
                <param name="org.hibernate.type.ParameterType.accessType">field</param>
                <param name="org.hibernate.type.ParameterType.entityClass">com.melilla.gestPlanes.model.config.PlantillaContratoConfig</param>
                <param name="org.hibernate.type.ParameterType.propertyName">nombre</param>
            </type>
        </property>
        <property insert="true" name="nombreFicheroPlantilla" update="false">
            <column name="nombre_fichero_plantilla"/>
            <type name="string">
                <param name="org.hibernate.type.ParameterType.primaryKey">false</param>
                <param name="org.hibernate.type.ParameterType.dynamic">true</param>
                <param name="org.hibernate.type.ParameterType.returnedClass">java.lang.String</param>
                <param name="org.hibernate.type.ParameterType.accessType">field</param>
                <param name="org.hibernate.type.ParameterType.entityClass">com.melilla.gestPlanes.model.config.PlantillaContratoConfig</param>
                <param name="org.hibernate.type.ParameterType.propertyName">nombreFicheroPlantilla</param>
            </type>
        </property>
        <property insert="true" name="nombreRepresentante" update="false">
            <column name="nombre_representante"/>
            <type name="string">
                <param name="org.hibernate.type.ParameterType.primaryKey">false</param>
                <param name="org.hibernate.type.ParameterType.dynamic">true</param>
                <param name="org.hibernate.type.ParameterType.returnedClass">java.lang.String</param>
                <param name="org.hibernate.type.ParameterType.accessType">field</param>
                <param name="org.hibernate.type.ParameterType.entityClass">com.melilla.gestPlanes.model.config.PlantillaContratoConfig</param>
                <param name="org.hibernate.type.ParameterType.propertyName">nombreRepresentante</param>
            </type>
        </property>
        <property insert="true" name="paisEmpresa" update="false">
            <column name="pais_empresa"/>
            <type name="string">
                <param name="org.hibernate.type.ParameterType.primaryKey">false</param>
                <param name="org.hibernate.type.ParameterType.dynamic">true</param>
                <param name="org.hibernate.type.ParameterType.returnedClass">java.lang.String</param>
                <param name="org.hibernate.type.ParameterType.accessType">field</param>
                <param name="org.hibernate.type.ParameterType.entityClass">com.melilla.gestPlanes.model.config.PlantillaContratoConfig</param>
                <param name="org.hibernate.type.ParameterType.propertyName">paisEmpresa</param>
            </type>
        </property>
        <property insert="true" name="razonSocial" update="false">
            <column name="razon_social"/>
            <type name="string">
                <param name="org.hibernate.type.ParameterType.primaryKey">false</param>
                <param name="org.hibernate.type.ParameterType.dynamic">true</param>
                <param name="org.hibernate.type.ParameterType.returnedClass">java.lang.String</param>
                <param name="org.hibernate.type.ParameterType.accessType">field</param>
                <param name="org.hibernate.type.ParameterType.entityClass">com.melilla.gestPlanes.model.config.PlantillaContratoConfig</param>
                <param name="org.hibernate.type.ParameterType.propertyName">razonSocial</param>
            </type>
        </property>
        <property insert="true" name="regimen" update="false">
            <column name="regimen"/>
            <type name="string">
                <param name="org.hibernate.type.ParameterType.primaryKey">false</param>
                <param name="org.hibernate.type.ParameterType.dynamic">true</param>
                <param name="org.hibernate.type.ParameterType.returnedClass">java.lang.String</param>
                <param name="org.hibernate.type.ParameterType.accessType">field</param>
                <param name="org.hibernate.type.ParameterType.entityClass">com.melilla.gestPlanes.model.config.PlantillaContratoConfig</param>
                <param name="org.hibernate.type.ParameterType.propertyName">regimen</param>
            </type>
        </property>
        <property insert="true" name="sepe" update="false">
            <column name="sepe"/>
            <type name="string">
                <param name="org.hibernate.type.ParameterType.primaryKey">false</param>
                <param name="org.hibernate.type.ParameterType.dynamic">true</param>
                <param name="org.hibernate.type.ParameterType.returnedClass">java.lang.String</param>
                <param name="org.hibernate.type.ParameterType.accessType">field</param>
                <param name="org.hibernate.type.ParameterType.entityClass">com.melilla.gestPlanes.model.config.PlantillaContratoConfig</param>
                <param name="org.hibernate.type.ParameterType.propertyName">sepe</param>
            </type>
        </property>
        <property insert="true" name="textoConceptosSalariales" update="false">
            <column name="texto_conceptos_salariales"/>
            <type name="string">
                <param name="org.hibernate.type.ParameterType.primaryKey">false</param>
                <param name="org.hibernate.type.ParameterType.dynamic">true</param>
                <param name="org.hibernate.type.ParameterType.returnedClass">java.lang.String</param>
                <param name="org.hibernate.type.ParameterType.accessType">field</param>
                <param name="org.hibernate.type.ParameterType.entityClass">com.melilla.gestPlanes.model.config.PlantillaContratoConfig</param>
                <param name="org.hibernate.type.ParameterType.propertyName">textoConceptosSalariales</param>
            </type>
        </property>
        <property insert="true" name="url" update="false">
            <column name="url"/>
            <type name="string">
                <param name="org.hibernate.type.ParameterType.primaryKey">false</param>
                <param name="org.hibernate.type.ParameterType.dynamic">true</param>
                <param name="org.hibernate.type.ParameterType.returnedClass">java.lang.String</param>
                <param name="org.hibernate.type.ParameterType.accessType">field</param>
                <param name="org.hibernate.type.ParameterType.entityClass">com.melilla.gestPlanes.model.config.PlantillaContratoConfig</param>
                <param name="org.hibernate.type.ParameterType.propertyName">url</param>
            </type>
        </property>
        <property insert="true" name="plan_idPlan" update="false">
            <column name="id_plan"/>
            <type name="long">
                <param name="org.hibernate.type.ParameterType.primaryKey">false</param>
                <param name="org.hibernate.type.ParameterType.dynamic">true</param>
                <param name="org.hibernate.type.ParameterType.returnedClass">java.lang.Long</param>
                <param name="org.hibernate.type.ParameterType.accessType">field</param>
                <param name="org.hibernate.type.ParameterType.entityClass">com.melilla.gestPlanes.model.Plan</param>
                <param name="org.hibernate.type.ParameterType.propertyName">idPlan</param>
            </type>
        </property>
    </class>
</hibernate-mapping>

2025-12-04T10:13:38.601+01:00  INFO 31936 --- [restartedMain] .e.b.i.AdditionalJaxbMappingProducerImpl : Adding JAXB document mapping
2025-12-04T10:13:38.649+01:00  INFO 31936 --- [restartedMain] org.hibernate.envers.boot                : HHH90005601: Envers-generated HBM mapping...
<?xml version="1.0" encoding="UTF-8" standalone="yes"?>
<hibernate-mapping auto-import="false" xmlns="http://www.hibernate.org/xsd/orm/hbm">
    <class discriminator-value="Salario" table="salario_AUD" entity-name="com.melilla.gestPlanes.model.Salario_AUD" abstract="false">
        <composite-id name="originalId">
            <key-property name="idSalario">
                <column name="id_salario"/>
                <type name="long">
                    <param name="org.hibernate.type.ParameterType.primaryKey">false</param>
                    <param name="org.hibernate.type.ParameterType.dynamic">true</param>
                    <param name="org.hibernate.type.ParameterType.returnedClass">java.lang.Long</param>
                    <param name="org.hibernate.type.ParameterType.accessType">field</param>
                    <param name="org.hibernate.type.ParameterType.entityClass">com.melilla.gestPlanes.model.Salario</param>
                    <param name="org.hibernate.type.ParameterType.propertyName">idSalario</param>
                </type>
            </key-property>
            <key-many-to-one class="com.melilla.gestPlanes.envers.CustomRevisionEntity" name="REV">
                <column name="REV"/>
            </key-many-to-one>
        </composite-id>
        <property insert="true" name="REVTYPE" type="org.hibernate.envers.internal.entities.RevisionTypeType" update="false"/>
        <many-to-one class="com.melilla.gestPlanes.envers.CustomRevisionEntity" insert="true" name="REVEND" update="true">
            <column name="REVEND"/>
        </many-to-one>
        <property insert="true" name="REVEND_TSTMP" type="timestamp" update="true">
            <column name="REVEND_TSTMP"/>
        </property>
        <property insert="true" name="activo" type="boolean" update="false">
            <column name="activo"/>
        </property>
        <property insert="true" name="createdAt" update="false">
            <column name="created_at"/>
            <type name="LocalDateTime">
                <param name="org.hibernate.type.ParameterType.primaryKey">false</param>
                <param name="org.hibernate.type.ParameterType.dynamic">true</param>
                <param name="org.hibernate.type.ParameterType.returnedClass">java.time.LocalDateTime</param>
                <param name="org.hibernate.type.ParameterType.accessType">field</param>
                <param name="org.hibernate.type.ParameterType.entityClass">com.melilla.gestPlanes.model.Salario</param>
                <param name="org.hibernate.type.ParameterType.propertyName">createdAt</param>
            </type>
        </property>
        <property insert="true" name="deleted" type="boolean" update="false">
            <column name="deleted"/>
        </property>
        <property insert="true" name="deletedAt" update="false">
            <column name="deleted_at"/>
            <type name="LocalDateTime">
                <param name="org.hibernate.type.ParameterType.primaryKey">false</param>
                <param name="org.hibernate.type.ParameterType.dynamic">true</param>
                <param name="org.hibernate.type.ParameterType.returnedClass">java.time.LocalDateTime</param>
                <param name="org.hibernate.type.ParameterType.accessType">field</param>
                <param name="org.hibernate.type.ParameterType.entityClass">com.melilla.gestPlanes.model.Salario</param>
                <param name="org.hibernate.type.ParameterType.propertyName">deletedAt</param>
            </type>
        </property>
        <property insert="true" name="descripcion" update="false">
            <column name="descripcion"/>
            <type name="string">
                <param name="org.hibernate.type.ParameterType.primaryKey">false</param>
                <param name="org.hibernate.type.ParameterType.dynamic">true</param>
                <param name="org.hibernate.type.ParameterType.returnedClass">java.lang.String</param>
                <param name="org.hibernate.type.ParameterType.accessType">field</param>
                <param name="org.hibernate.type.ParameterType.entityClass">com.melilla.gestPlanes.model.Salario</param>
                <param name="org.hibernate.type.ParameterType.propertyName">descripcion</param>
            </type>
        </property>
        <property insert="true" name="plan_idPlan" update="false">
            <column name="id_plan"/>
            <type name="long">
                <param name="org.hibernate.type.ParameterType.primaryKey">false</param>
                <param name="org.hibernate.type.ParameterType.dynamic">true</param>
                <param name="org.hibernate.type.ParameterType.returnedClass">java.lang.Long</param>
                <param name="org.hibernate.type.ParameterType.accessType">field</param>
                <param name="org.hibernate.type.ParameterType.entityClass">com.melilla.gestPlanes.model.Plan</param>
                <param name="org.hibernate.type.ParameterType.propertyName">idPlan</param>
            </type>
        </property>
    </class>
</hibernate-mapping>

2025-12-04T10:13:38.650+01:00  INFO 31936 --- [restartedMain] .e.b.i.AdditionalJaxbMappingProducerImpl : Adding JAXB document mapping
2025-12-04T10:13:38.707+01:00  INFO 31936 --- [restartedMain] org.hibernate.envers.boot                : HHH90005601: Envers-generated HBM mapping...
<?xml version="1.0" encoding="UTF-8" standalone="yes"?>
<hibernate-mapping auto-import="false" xmlns="http://www.hibernate.org/xsd/orm/hbm">
    <class discriminator-value="DocumentoPlan" table="documento_plan_AUD" entity-name="com.melilla.gestPlanes.model.DocumentoPlan_AUD" abstract="false">
        <composite-id name="originalId">
            <key-property name="idDocumentoPlan">
                <column name="id_documento_plan"/>
                <type name="long">
                    <param name="org.hibernate.type.ParameterType.primaryKey">false</param>
                    <param name="org.hibernate.type.ParameterType.dynamic">true</param>
                    <param name="org.hibernate.type.ParameterType.returnedClass">java.lang.Long</param>
                    <param name="org.hibernate.type.ParameterType.accessType">field</param>
                    <param name="org.hibernate.type.ParameterType.entityClass">com.melilla.gestPlanes.model.DocumentoPlan</param>
                    <param name="org.hibernate.type.ParameterType.propertyName">idDocumentoPlan</param>
                </type>
            </key-property>
            <key-many-to-one class="com.melilla.gestPlanes.envers.CustomRevisionEntity" name="REV">
                <column name="REV"/>
            </key-many-to-one>
        </composite-id>
        <property insert="true" name="REVTYPE" type="org.hibernate.envers.internal.entities.RevisionTypeType" update="false"/>
        <many-to-one class="com.melilla.gestPlanes.envers.CustomRevisionEntity" insert="true" name="REVEND" update="true">
            <column name="REVEND"/>
        </many-to-one>
        <property insert="true" name="REVEND_TSTMP" type="timestamp" update="true">
            <column name="REVEND_TSTMP"/>
        </property>
        <property insert="true" name="createdAt" update="false">
            <column name="created_at"/>
            <type name="LocalDateTime">
                <param name="org.hibernate.type.ParameterType.primaryKey">false</param>
                <param name="org.hibernate.type.ParameterType.dynamic">true</param>
                <param name="org.hibernate.type.ParameterType.returnedClass">java.time.LocalDateTime</param>
                <param name="org.hibernate.type.ParameterType.accessType">field</param>
                <param name="org.hibernate.type.ParameterType.entityClass">com.melilla.gestPlanes.model.DocumentoPlan</param>
                <param name="org.hibernate.type.ParameterType.propertyName">createdAt</param>
            </type>
        </property>
        <property insert="true" name="deleted" type="boolean" update="false">
            <column name="deleted"/>
        </property>
        <property insert="true" name="deletedAt" update="false">
            <column name="deleted_at"/>
            <type name="LocalDateTime">
                <param name="org.hibernate.type.ParameterType.primaryKey">false</param>
                <param name="org.hibernate.type.ParameterType.dynamic">true</param>
                <param name="org.hibernate.type.ParameterType.returnedClass">java.time.LocalDateTime</param>
                <param name="org.hibernate.type.ParameterType.accessType">field</param>
                <param name="org.hibernate.type.ParameterType.entityClass">com.melilla.gestPlanes.model.DocumentoPlan</param>
                <param name="org.hibernate.type.ParameterType.propertyName">deletedAt</param>
            </type>
        </property>
        <property insert="true" name="nombre" update="false">
            <column name="nombre"/>
            <type name="string">
                <param name="org.hibernate.type.ParameterType.primaryKey">false</param>
                <param name="org.hibernate.type.ParameterType.dynamic">true</param>
                <param name="org.hibernate.type.ParameterType.returnedClass">java.lang.String</param>
                <param name="org.hibernate.type.ParameterType.accessType">field</param>
                <param name="org.hibernate.type.ParameterType.entityClass">com.melilla.gestPlanes.model.DocumentoPlan</param>
                <param name="org.hibernate.type.ParameterType.propertyName">nombre</param>
            </type>
        </property>
        <property insert="true" name="observaciones" update="false">
            <column name="observaciones"/>
            <type name="string">
                <param name="org.hibernate.type.ParameterType.primaryKey">false</param>
                <param name="org.hibernate.type.ParameterType.dynamic">true</param>
                <param name="org.hibernate.type.ParameterType.returnedClass">java.lang.String</param>
                <param name="org.hibernate.type.ParameterType.accessType">field</param>
                <param name="org.hibernate.type.ParameterType.entityClass">com.melilla.gestPlanes.model.DocumentoPlan</param>
                <param name="org.hibernate.type.ParameterType.propertyName">observaciones</param>
            </type>
        </property>
        <property insert="true" name="ruta" update="false">
            <column name="ruta"/>
            <type name="string">
                <param name="org.hibernate.type.ParameterType.primaryKey">false</param>
                <param name="org.hibernate.type.ParameterType.dynamic">true</param>
                <param name="org.hibernate.type.ParameterType.returnedClass">java.lang.String</param>
                <param name="org.hibernate.type.ParameterType.accessType">field</param>
                <param name="org.hibernate.type.ParameterType.entityClass">com.melilla.gestPlanes.model.DocumentoPlan</param>
                <param name="org.hibernate.type.ParameterType.propertyName">ruta</param>
            </type>
        </property>
        <property insert="true" name="tipo" update="false">
            <column name="tipo"/>
            <type name="string">
                <param name="org.hibernate.type.ParameterType.primaryKey">false</param>
                <param name="org.hibernate.type.ParameterType.dynamic">true</param>
                <param name="org.hibernate.type.ParameterType.returnedClass">java.lang.String</param>
                <param name="org.hibernate.type.ParameterType.accessType">field</param>
                <param name="org.hibernate.type.ParameterType.entityClass">com.melilla.gestPlanes.model.DocumentoPlan</param>
                <param name="org.hibernate.type.ParameterType.propertyName">tipo</param>
            </type>
        </property>
    </class>
</hibernate-mapping>

2025-12-04T10:13:40.449+01:00  INFO 31936 --- [restartedMain] o.h.e.t.j.p.i.JtaPlatformInitiator       : HHH000490: Using JtaPlatform implementation: [org.hibernate.engine.transaction.jta.platform.internal.NoJtaPlatform]
2025-12-04T10:13:40.461+01:00  INFO 31936 --- [restartedMain] j.LocalContainerEntityManagerFactoryBean : Initialized JPA EntityManagerFactory for persistence unit 'default'
2025-12-04T10:13:41.938+01:00 TRACE 31936 --- [restartedMain] o.s.b.w.s.ServletContextInitializerBeans : Created Filter initializer for bean 'characterEncodingFilter'; order=-2147483648, resource=class path resource [org/springframework/boot/autoconfigure/web/servlet/HttpEncodingAutoConfiguration.class]
2025-12-04T10:13:41.938+01:00 TRACE 31936 --- [restartedMain] o.s.b.w.s.ServletContextInitializerBeans : Created Filter initializer for bean 'formContentFilter'; order=-9900, resource=class path resource [org/springframework/boot/autoconfigure/web/servlet/WebMvcAutoConfiguration.class]
2025-12-04T10:13:41.938+01:00 TRACE 31936 --- [restartedMain] o.s.b.w.s.ServletContextInitializerBeans : Created Filter initializer for bean 'requestContextFilter'; order=-105, resource=class path resource [org/springframework/boot/autoconfigure/web/servlet/WebMvcAutoConfiguration$WebMvcAutoConfigurationAdapter.class]
2025-12-04T10:13:41.938+01:00 TRACE 31936 --- [restartedMain] o.s.b.w.s.ServletContextInitializerBeans : Created Filter initializer for bean 'jwtAuthenticationFilter'; order=2147483647, resource=file [D:\proyectos\gestPlanes\target\classes\com\melilla\gestPlanes\JWT\JwtAuthenticationFilter.class]
2025-12-04T10:13:41.945+01:00 DEBUG 31936 --- [restartedMain] o.s.b.w.s.ServletContextInitializerBeans : Mapping filters: springSecurityFilterChain urls=[/*] order=-100, characterEncodingFilter urls=[/*] order=-2147483648, formContentFilter urls=[/*] order=-9900, requestContextFilter urls=[/*] order=-105, jwtAuthenticationFilter urls=[/*] order=2147483647
2025-12-04T10:13:41.945+01:00 DEBUG 31936 --- [restartedMain] o.s.b.w.s.ServletContextInitializerBeans : Mapping servlets: dispatcherServlet urls=[/]
2025-12-04T10:13:42.058+01:00 TRACE 31936 --- [restartedMain] eGlobalAuthenticationAutowiredConfigurer : Eagerly initializing {securityConfig=com.melilla.gestPlanes.security.SecurityConfig$$SpringCGLIB$$0@7ff1d3c3}
2025-12-04T10:13:43.017+01:00  WARN 31936 --- [restartedMain] JpaBaseConfiguration$JpaWebConfiguration : spring.jpa.open-in-view is enabled by default. Therefore, database queries may be performed during view rendering. Explicitly configure spring.jpa.open-in-view to disable this warning
2025-12-04T10:13:43.490+01:00 DEBUG 31936 --- [restartedMain] s.w.s.m.m.a.RequestMappingHandlerMapping : 125 mappings in 'requestMappingHandlerMapping'
2025-12-04T10:13:43.635+01:00 DEBUG 31936 --- [restartedMain] o.s.w.s.handler.SimpleUrlHandlerMapping  : Patterns [/webjars/**, /**, /swagger-ui*/*swagger-initializer.js, /swagger-ui*/**] in 'resourceHandlerMapping'
2025-12-04T10:13:43.724+01:00  INFO 31936 --- [restartedMain] o.s.s.web.DefaultSecurityFilterChain     : Will secure any request with [org.springframework.security.web.session.DisableEncodeUrlFilter@13317da1, org.springframework.security.web.context.request.async.WebAsyncManagerIntegrationFilter@198a4846, org.springframework.security.web.context.SecurityContextHolderFilter@31047b4c, org.springframework.security.web.header.HeaderWriterFilter@e1b4eea, org.springframework.web.filter.CorsFilter@a9afdec, org.springframework.security.web.authentication.logout.LogoutFilter@5a2890b3, com.melilla.gestPlanes.JWT.JwtAuthenticationFilter@4c042ed1, org.springframework.security.web.savedrequest.RequestCacheAwareFilter@597cc6ae, org.springframework.security.web.servletapi.SecurityContextHolderAwareRequestFilter@9b9d7fa, org.springframework.security.web.authentication.AnonymousAuthenticationFilter@5b92a65c, org.springframework.security.web.session.SessionManagementFilter@53b24a39, org.springframework.security.web.access.ExceptionTranslationFilter@3dce8c5b, org.springframework.security.web.access.intercept.AuthorizationFilter@741be07]
2025-12-04T10:13:43.817+01:00 DEBUG 31936 --- [restartedMain] s.w.s.m.m.a.RequestMappingHandlerAdapter : ControllerAdvice beans: 0 @ModelAttribute, 0 @InitBinder, 1 RequestBodyAdvice, 1 ResponseBodyAdvice
2025-12-04T10:13:43.881+01:00 DEBUG 31936 --- [restartedMain] .m.m.a.ExceptionHandlerExceptionResolver : ControllerAdvice beans: 3 @ExceptionHandler, 1 ResponseBodyAdvice
2025-12-04T10:13:43.924+01:00 DEBUG 31936 --- [restartedMain] .m.m.a.ExceptionHandlerExceptionResolver : ControllerAdvice beans: 3 @ExceptionHandler, 0 ResponseBodyAdvice
2025-12-04T10:13:44.364+01:00  INFO 31936 --- [restartedMain] o.s.b.d.a.OptionalLiveReloadServer       : LiveReload server is running on port 35729
2025-12-04T10:13:44.447+01:00  INFO 31936 --- [restartedMain] o.s.b.w.embedded.tomcat.TomcatWebServer  : Tomcat started on port(s): 9092 (http) with context path ''
2025-12-04T10:13:44.467+01:00 DEBUG 31936 --- [restartedMain] .s.b.a.l.ConditionEvaluationReportLogger : 


============================
CONDITIONS EVALUATION REPORT
============================


Positive matches:
-----------------

   AopAutoConfiguration matched:
      - @ConditionalOnProperty (spring.aop.auto=true) matched (OnPropertyCondition)

   AopAutoConfiguration.AspectJAutoProxyingConfiguration matched:
      - @ConditionalOnClass found required class 'org.aspectj.weaver.Advice' (OnClassCondition)

   AopAutoConfiguration.AspectJAutoProxyingConfiguration.CglibAutoProxyConfiguration matched:
      - @ConditionalOnProperty (spring.aop.proxy-target-class=true) matched (OnPropertyCondition)

   ApplicationAvailabilityAutoConfiguration#applicationAvailability matched:
      - @ConditionalOnMissingBean (types: org.springframework.boot.availability.ApplicationAvailability; SearchStrategy: all) did not find any beans (OnBeanCondition)

   CaffeineCacheConfiguration matched:
      - @ConditionalOnClass found required classes 'com.github.benmanes.caffeine.cache.Caffeine', 'org.springframework.cache.caffeine.CaffeineCacheManager' (OnClassCondition)
      - Cache org.springframework.boot.autoconfigure.cache.CaffeineCacheConfiguration automatic cache type (CacheCondition)

   DataSourceAutoConfiguration matched:
      - @ConditionalOnClass found required classes 'javax.sql.DataSource', 'org.springframework.jdbc.datasource.embedded.EmbeddedDatabaseType' (OnClassCondition)
      - @ConditionalOnMissingBean (types: io.r2dbc.spi.ConnectionFactory; SearchStrategy: all) did not find any beans (OnBeanCondition)

   DataSourceAutoConfiguration.PooledDataSourceConfiguration matched:
      - AnyNestedCondition 1 matched 1 did not; NestedCondition on DataSourceAutoConfiguration.PooledDataSourceCondition.PooledDataSourceAvailable PooledDataSource found supported DataSource; NestedCondition on DataSourceAutoConfiguration.PooledDataSourceCondition.ExplicitType @ConditionalOnProperty (spring.datasource.type) did not find property 'type' (DataSourceAutoConfiguration.PooledDataSourceCondition)
      - @ConditionalOnMissingBean (types: javax.sql.DataSource,javax.sql.XADataSource; SearchStrategy: all) did not find any beans (OnBeanCondition)

   DataSourceConfiguration.Hikari matched:
      - @ConditionalOnClass found required class 'com.zaxxer.hikari.HikariDataSource' (OnClassCondition)
      - @ConditionalOnProperty (spring.datasource.type=com.zaxxer.hikari.HikariDataSource) matched (OnPropertyCondition)
      - @ConditionalOnMissingBean (types: javax.sql.DataSource; SearchStrategy: all) did not find any beans (OnBeanCondition)

   DataSourceInitializationConfiguration matched:
      - @ConditionalOnClass found required class 'org.springframework.jdbc.datasource.init.DatabasePopulator' (OnClassCondition)
      - @ConditionalOnSingleCandidate (types: javax.sql.DataSource; SearchStrategy: all) found a single bean 'dataSource'; @ConditionalOnMissingBean (types: org.springframework.boot.autoconfigure.sql.init.SqlDataSourceScriptDatabaseInitializer,org.springframework.boot.autoconfigure.sql.init.SqlR2dbcScriptDatabaseInitializer; SearchStrategy: all) did not find any beans (OnBeanCondition)

   DataSourceJmxConfiguration matched:
      - @ConditionalOnProperty (spring.jmx.enabled=true) matched (OnPropertyCondition)

   DataSourceJmxConfiguration.Hikari matched:
      - @ConditionalOnClass found required class 'com.zaxxer.hikari.HikariDataSource' (OnClassCondition)
      - @ConditionalOnSingleCandidate (types: javax.sql.DataSource; SearchStrategy: all) found a single bean 'dataSource' (OnBeanCondition)

   DataSourcePoolMetadataProvidersConfiguration.HikariPoolDataSourceMetadataProviderConfiguration matched:
      - @ConditionalOnClass found required class 'com.zaxxer.hikari.HikariDataSource' (OnClassCondition)

   DataSourceTransactionManagerAutoConfiguration matched:
      - @ConditionalOnClass found required classes 'org.springframework.jdbc.core.JdbcTemplate', 'org.springframework.transaction.TransactionManager' (OnClassCondition)

   DataSourceTransactionManagerAutoConfiguration.JdbcTransactionManagerConfiguration matched:
      - @ConditionalOnSingleCandidate (types: javax.sql.DataSource; SearchStrategy: all) found a single bean 'dataSource' (OnBeanCondition)

   DevToolsDataSourceAutoConfiguration matched:
      - Devtools devtools enabled. (OnEnabledDevToolsCondition)
      - DevTools DataSource Condition found auto-configured DataSource (DevToolsDataSourceAutoConfiguration.DevToolsDataSourceCondition)

   DevToolsDataSourceAutoConfiguration.DatabaseShutdownExecutorEntityManagerFactoryDependsOnPostProcessor matched:
      - @ConditionalOnClass found required class 'org.springframework.orm.jpa.LocalContainerEntityManagerFactoryBean' (OnClassCondition)
      - @ConditionalOnBean (types: org.springframework.orm.jpa.AbstractEntityManagerFactoryBean; SearchStrategy: all) found bean '&entityManagerFactory' (OnBeanCondition)

   DispatcherServletAutoConfiguration matched:
      - @ConditionalOnClass found required class 'org.springframework.web.servlet.DispatcherServlet' (OnClassCondition)
      - found 'session' scope (OnWebApplicationCondition)

   DispatcherServletAutoConfiguration.DispatcherServletConfiguration matched:
      - @ConditionalOnClass found required class 'jakarta.servlet.ServletRegistration' (OnClassCondition)
      - Default DispatcherServlet did not find dispatcher servlet beans (DispatcherServletAutoConfiguration.DefaultDispatcherServletCondition)

   DispatcherServletAutoConfiguration.DispatcherServletRegistrationConfiguration matched:
      - @ConditionalOnClass found required class 'jakarta.servlet.ServletRegistration' (OnClassCondition)
      - DispatcherServlet Registration did not find servlet registration bean (DispatcherServletAutoConfiguration.DispatcherServletRegistrationCondition)

   DispatcherServletAutoConfiguration.DispatcherServletRegistrationConfiguration#dispatcherServletRegistration matched:
      - @ConditionalOnBean (names: dispatcherServlet types: org.springframework.web.servlet.DispatcherServlet; SearchStrategy: all) found bean 'dispatcherServlet' (OnBeanCondition)

   EmbeddedWebServerFactoryCustomizerAutoConfiguration matched:
      - @ConditionalOnWebApplication (required) found 'session' scope (OnWebApplicationCondition)
      - @ConditionalOnWarDeployment the application is not deployed as a WAR file. (OnWarDeploymentCondition)

   EmbeddedWebServerFactoryCustomizerAutoConfiguration.TomcatWebServerFactoryCustomizerConfiguration matched:
      - @ConditionalOnClass found required classes 'org.apache.catalina.startup.Tomcat', 'org.apache.coyote.UpgradeProtocol' (OnClassCondition)

   ErrorMvcAutoConfiguration matched:
      - @ConditionalOnClass found required classes 'jakarta.servlet.Servlet', 'org.springframework.web.servlet.DispatcherServlet' (OnClassCondition)
      - found 'session' scope (OnWebApplicationCondition)

   ErrorMvcAutoConfiguration#basicErrorController matched:
      - @ConditionalOnMissingBean (types: org.springframework.boot.web.servlet.error.ErrorController; SearchStrategy: current) did not find any beans (OnBeanCondition)

   ErrorMvcAutoConfiguration#errorAttributes matched:
      - @ConditionalOnMissingBean (types: org.springframework.boot.web.servlet.error.ErrorAttributes; SearchStrategy: current) did not find any beans (OnBeanCondition)

   ErrorMvcAutoConfiguration.DefaultErrorViewResolverConfiguration#conventionErrorViewResolver matched:
      - @ConditionalOnBean (types: org.springframework.web.servlet.DispatcherServlet; SearchStrategy: all) found bean 'dispatcherServlet'; @ConditionalOnMissingBean (types: org.springframework.boot.autoconfigure.web.servlet.error.ErrorViewResolver; SearchStrategy: all) did not find any beans (OnBeanCondition)

   GenericCacheConfiguration matched:
      - Cache org.springframework.boot.autoconfigure.cache.GenericCacheConfiguration automatic cache type (CacheCondition)

   HibernateJpaAutoConfiguration matched:
      - @ConditionalOnClass found required classes 'org.springframework.orm.jpa.LocalContainerEntityManagerFactoryBean', 'jakarta.persistence.EntityManager', 'org.hibernate.engine.spi.SessionImplementor' (OnClassCondition)

   HibernateJpaConfiguration matched:
      - @ConditionalOnSingleCandidate (types: javax.sql.DataSource; SearchStrategy: all) found a single bean 'dataSource' (OnBeanCondition)

   HttpEncodingAutoConfiguration matched:
      - @ConditionalOnClass found required class 'org.springframework.web.filter.CharacterEncodingFilter' (OnClassCondition)
      - found 'session' scope (OnWebApplicationCondition)
      - @ConditionalOnProperty (server.servlet.encoding.enabled) matched (OnPropertyCondition)

   HttpEncodingAutoConfiguration#characterEncodingFilter matched:
      - @ConditionalOnMissingBean (types: org.springframework.web.filter.CharacterEncodingFilter; SearchStrategy: all) did not find any beans (OnBeanCondition)

   HttpMessageConvertersAutoConfiguration matched:
      - @ConditionalOnClass found required class 'org.springframework.http.converter.HttpMessageConverter' (OnClassCondition)
      - NoneNestedConditions 0 matched 1 did not; NestedCondition on HttpMessageConvertersAutoConfiguration.NotReactiveWebApplicationCondition.ReactiveWebApplication did not find reactive web application classes (HttpMessageConvertersAutoConfiguration.NotReactiveWebApplicationCondition)

   HttpMessageConvertersAutoConfiguration#messageConverters matched:
      - @ConditionalOnMissingBean (types: org.springframework.boot.autoconfigure.http.HttpMessageConverters; SearchStrategy: all) did not find any beans (OnBeanCondition)

   HttpMessageConvertersAutoConfiguration.StringHttpMessageConverterConfiguration matched:
      - @ConditionalOnClass found required class 'org.springframework.http.converter.StringHttpMessageConverter' (OnClassCondition)

   HttpMessageConvertersAutoConfiguration.StringHttpMessageConverterConfiguration#stringHttpMessageConverter matched:
      - @ConditionalOnMissingBean (types: org.springframework.http.converter.StringHttpMessageConverter; SearchStrategy: all) did not find any beans (OnBeanCondition)

   HypermediaAutoConfiguration matched:
      - @ConditionalOnClass found required classes 'org.springframework.hateoas.EntityModel', 'org.springframework.web.bind.annotation.RequestMapping', 'org.springframework.web.servlet.mvc.method.annotation.RequestMappingHandlerAdapter', 'org.springframework.plugin.core.Plugin' (OnClassCondition)
      - @ConditionalOnWebApplication (required) found 'session' scope (OnWebApplicationCondition)

   HypermediaAutoConfiguration#applicationJsonHalConfiguration matched:
      - @ConditionalOnClass found required class 'com.fasterxml.jackson.databind.ObjectMapper' (OnClassCondition)
      - @ConditionalOnProperty (spring.hateoas.use-hal-as-default-json-media-type) matched (OnPropertyCondition)
      - @ConditionalOnMissingBean (types: org.springframework.hateoas.mediatype.hal.HalConfiguration; SearchStrategy: all) did not find any beans (OnBeanCondition)

   JacksonAutoConfiguration matched:
      - @ConditionalOnClass found required class 'com.fasterxml.jackson.databind.ObjectMapper' (OnClassCondition)

   JacksonAutoConfiguration.Jackson2ObjectMapperBuilderCustomizerConfiguration matched:
      - @ConditionalOnClass found required class 'org.springframework.http.converter.json.Jackson2ObjectMapperBuilder' (OnClassCondition)

   JacksonAutoConfiguration.JacksonObjectMapperBuilderConfiguration matched:
      - @ConditionalOnClass found required class 'org.springframework.http.converter.json.Jackson2ObjectMapperBuilder' (OnClassCondition)

   JacksonAutoConfiguration.JacksonObjectMapperBuilderConfiguration#jacksonObjectMapperBuilder matched:
      - @ConditionalOnMissingBean (types: org.springframework.http.converter.json.Jackson2ObjectMapperBuilder; SearchStrategy: all) did not find any beans (OnBeanCondition)

   JacksonAutoConfiguration.JacksonObjectMapperConfiguration matched:
      - @ConditionalOnClass found required class 'org.springframework.http.converter.json.Jackson2ObjectMapperBuilder' (OnClassCondition)

   JacksonAutoConfiguration.JacksonObjectMapperConfiguration#jacksonObjectMapper matched:
      - @ConditionalOnMissingBean (types: com.fasterxml.jackson.databind.ObjectMapper; SearchStrategy: all) did not find any beans (OnBeanCondition)

   JacksonAutoConfiguration.ParameterNamesModuleConfiguration matched:
      - @ConditionalOnClass found required class 'com.fasterxml.jackson.module.paramnames.ParameterNamesModule' (OnClassCondition)

   JacksonAutoConfiguration.ParameterNamesModuleConfiguration#parameterNamesModule matched:
      - @ConditionalOnMissingBean (types: com.fasterxml.jackson.module.paramnames.ParameterNamesModule; SearchStrategy: all) did not find any beans (OnBeanCondition)

   JacksonHttpMessageConvertersConfiguration.MappingJackson2HttpMessageConverterConfiguration matched:
      - @ConditionalOnClass found required class 'com.fasterxml.jackson.databind.ObjectMapper' (OnClassCondition)
      - @ConditionalOnProperty (spring.mvc.converters.preferred-json-mapper=jackson) matched (OnPropertyCondition)
      - @ConditionalOnBean (types: com.fasterxml.jackson.databind.ObjectMapper; SearchStrategy: all) found bean 'jacksonObjectMapper' (OnBeanCondition)

   JacksonHttpMessageConvertersConfiguration.MappingJackson2HttpMessageConverterConfiguration#mappingJackson2HttpMessageConverter matched:
      - @ConditionalOnMissingBean (types: org.springframework.http.converter.json.MappingJackson2HttpMessageConverter ignored: org.springframework.hateoas.server.mvc.TypeConstrainedMappingJackson2HttpMessageConverter,org.springframework.data.rest.webmvc.alps.AlpsJsonHttpMessageConverter; SearchStrategy: all) did not find any beans (OnBeanCondition)

   JdbcTemplateAutoConfiguration matched:
      - @ConditionalOnClass found required classes 'javax.sql.DataSource', 'org.springframework.jdbc.core.JdbcTemplate' (OnClassCondition)
      - @ConditionalOnSingleCandidate (types: javax.sql.DataSource; SearchStrategy: all) found a single bean 'dataSource' (OnBeanCondition)

   JdbcTemplateConfiguration matched:
      - @ConditionalOnMissingBean (types: org.springframework.jdbc.core.JdbcOperations; SearchStrategy: all) did not find any beans (OnBeanCondition)

   JmxAutoConfiguration matched:
      - @ConditionalOnClass found required class 'org.springframework.jmx.export.MBeanExporter' (OnClassCondition)
      - @ConditionalOnProperty (spring.jmx.enabled=true) matched (OnPropertyCondition)

   JmxAutoConfiguration#mbeanExporter matched:
      - @ConditionalOnMissingBean (types: org.springframework.jmx.export.MBeanExporter; SearchStrategy: current) did not find any beans (OnBeanCondition)

   JmxAutoConfiguration#mbeanServer matched:
      - @ConditionalOnMissingBean (types: javax.management.MBeanServer; SearchStrategy: all) did not find any beans (OnBeanCondition)

   JmxAutoConfiguration#objectNamingStrategy matched:
      - @ConditionalOnMissingBean (types: org.springframework.jmx.export.naming.ObjectNamingStrategy; SearchStrategy: current) did not find any beans (OnBeanCondition)

   JpaBaseConfiguration#entityManagerFactory matched:
      - @ConditionalOnMissingBean (types: org.springframework.orm.jpa.LocalContainerEntityManagerFactoryBean,jakarta.persistence.EntityManagerFactory; SearchStrategy: all) did not find any beans (OnBeanCondition)

   JpaBaseConfiguration#entityManagerFactoryBuilder matched:
      - @ConditionalOnMissingBean (types: org.springframework.boot.orm.jpa.EntityManagerFactoryBuilder; SearchStrategy: all) did not find any beans (OnBeanCondition)

   JpaBaseConfiguration#jpaVendorAdapter matched:
      - @ConditionalOnMissingBean (types: org.springframework.orm.jpa.JpaVendorAdapter; SearchStrategy: all) did not find any beans (OnBeanCondition)

   JpaBaseConfiguration#transactionManager matched:
      - @ConditionalOnMissingBean (types: org.springframework.transaction.TransactionManager; SearchStrategy: all) did not find any beans (OnBeanCondition)

   JpaBaseConfiguration.JpaWebConfiguration matched:
      - @ConditionalOnClass found required class 'org.springframework.web.servlet.config.annotation.WebMvcConfigurer' (OnClassCondition)
      - found 'session' scope (OnWebApplicationCondition)
      - @ConditionalOnProperty (spring.jpa.open-in-view=true) matched (OnPropertyCondition)
      - @ConditionalOnMissingBean (types: org.springframework.orm.jpa.support.OpenEntityManagerInViewInterceptor,org.springframework.orm.jpa.support.OpenEntityManagerInViewFilter; SearchStrategy: all) did not find any beans (OnBeanCondition)

   JpaBaseConfiguration.PersistenceManagedTypesConfiguration matched:
      - @ConditionalOnMissingBean (types: org.springframework.orm.jpa.LocalContainerEntityManagerFactoryBean,jakarta.persistence.EntityManagerFactory; SearchStrategy: all) did not find any beans (OnBeanCondition)

   JpaBaseConfiguration.PersistenceManagedTypesConfiguration#persistenceManagedTypes matched:
      - @ConditionalOnMissingBean (types: org.springframework.orm.jpa.persistenceunit.PersistenceManagedTypes; SearchStrategy: all) did not find any beans (OnBeanCondition)

   JtaAutoConfiguration matched:
      - @ConditionalOnClass found required class 'jakarta.transaction.Transaction' (OnClassCondition)
      - @ConditionalOnProperty (spring.jta.enabled) matched (OnPropertyCondition)

   LifecycleAutoConfiguration#defaultLifecycleProcessor matched:
      - @ConditionalOnMissingBean (names: lifecycleProcessor; SearchStrategy: current) did not find any beans (OnBeanCondition)

   LocalDevToolsAutoConfiguration matched:
      - Initialized Restarter Condition available and initialized (OnInitializedRestarterCondition)

   LocalDevToolsAutoConfiguration.LiveReloadConfiguration matched:
      - @ConditionalOnProperty (spring.devtools.livereload.enabled) matched (OnPropertyCondition)

   LocalDevToolsAutoConfiguration.LiveReloadConfiguration#liveReloadServer matched:
      - @ConditionalOnMissingBean (types: org.springframework.boot.devtools.livereload.LiveReloadServer; SearchStrategy: all) did not find any beans (OnBeanCondition)

   LocalDevToolsAutoConfiguration.RestartConfiguration matched:
      - @ConditionalOnProperty (spring.devtools.restart.enabled) matched (OnPropertyCondition)

   LocalDevToolsAutoConfiguration.RestartConfiguration#classPathFileSystemWatcher matched:
      - @ConditionalOnMissingBean (types: org.springframework.boot.devtools.classpath.ClassPathFileSystemWatcher; SearchStrategy: all) did not find any beans (OnBeanCondition)

   LocalDevToolsAutoConfiguration.RestartConfiguration#classPathRestartStrategy matched:
      - @ConditionalOnMissingBean (types: org.springframework.boot.devtools.classpath.ClassPathRestartStrategy; SearchStrategy: all) did not find any beans (OnBeanCondition)

   LocalDevToolsAutoConfiguration.RestartConfiguration#conditionEvaluationDeltaLoggingListener matched:
      - @ConditionalOnProperty (spring.devtools.restart.log-condition-evaluation-delta) matched (OnPropertyCondition)

   MultipartAutoConfiguration matched:
      - @ConditionalOnClass found required classes 'jakarta.servlet.Servlet', 'org.springframework.web.multipart.support.StandardServletMultipartResolver', 'jakarta.servlet.MultipartConfigElement' (OnClassCondition)
      - found 'session' scope (OnWebApplicationCondition)
      - @ConditionalOnProperty (spring.servlet.multipart.enabled) matched (OnPropertyCondition)

   MultipartAutoConfiguration#multipartConfigElement matched:
      - @ConditionalOnMissingBean (types: jakarta.servlet.MultipartConfigElement; SearchStrategy: all) did not find any beans (OnBeanCondition)

   MultipartAutoConfiguration#multipartResolver matched:
      - @ConditionalOnMissingBean (types: org.springframework.web.multipart.MultipartResolver; SearchStrategy: all) did not find any beans (OnBeanCondition)

   NamedParameterJdbcTemplateConfiguration matched:
      - @ConditionalOnSingleCandidate (types: org.springframework.jdbc.core.JdbcTemplate; SearchStrategy: all) found a single bean 'jdbcTemplate'; @ConditionalOnMissingBean (types: org.springframework.jdbc.core.namedparam.NamedParameterJdbcOperations; SearchStrategy: all) did not find any beans (OnBeanCondition)

   NoOpCacheConfiguration matched:
      - Cache org.springframework.boot.autoconfigure.cache.NoOpCacheConfiguration automatic cache type (CacheCondition)

   OAuth2ResourceServerAutoConfiguration matched:
      - @ConditionalOnClass found required class 'org.springframework.security.oauth2.server.resource.authentication.BearerTokenAuthenticationToken' (OnClassCondition)
      - found 'session' scope (OnWebApplicationCondition)

   OAuth2ResourceServerJwtConfiguration.JwtDecoderConfiguration matched:
      - @ConditionalOnMissingBean (types: org.springframework.security.oauth2.jwt.JwtDecoder; SearchStrategy: all) did not find any beans (OnBeanCondition)

   OAuth2ResourceServerOpaqueTokenConfiguration.OpaqueTokenIntrospectionClientConfiguration matched:
      - @ConditionalOnMissingBean (types: org.springframework.security.oauth2.server.resource.introspection.OpaqueTokenIntrospector; SearchStrategy: all) did not find any beans (OnBeanCondition)

   Oauth2ResourceServerConfiguration.JwtConfiguration matched:
      - @ConditionalOnClass found required class 'org.springframework.security.oauth2.jwt.JwtDecoder' (OnClassCondition)

   PersistenceExceptionTranslationAutoConfiguration matched:
      - @ConditionalOnClass found required class 'org.springframework.dao.annotation.PersistenceExceptionTranslationPostProcessor' (OnClassCondition)

   PersistenceExceptionTranslationAutoConfiguration#persistenceExceptionTranslationPostProcessor matched:
      - @ConditionalOnProperty (spring.dao.exceptiontranslation.enabled) matched (OnPropertyCondition)
      - @ConditionalOnMissingBean (types: org.springframework.dao.annotation.PersistenceExceptionTranslationPostProcessor; SearchStrategy: all) did not find any beans (OnBeanCondition)

   PropertyPlaceholderAutoConfiguration#propertySourcesPlaceholderConfigurer matched:
      - @ConditionalOnMissingBean (types: org.springframework.context.support.PropertySourcesPlaceholderConfigurer; SearchStrategy: current) did not find any beans (OnBeanCondition)

   RepositoryRestMvcAutoConfiguration matched:
      - @ConditionalOnClass found required class 'org.springframework.data.rest.webmvc.config.RepositoryRestMvcConfiguration' (OnClassCondition)
      - found 'session' scope (OnWebApplicationCondition)
      - @ConditionalOnMissingBean (types: org.springframework.data.rest.webmvc.config.RepositoryRestMvcConfiguration; SearchStrategy: all) did not find any beans (OnBeanCondition)

   RestTemplateAutoConfiguration matched:
      - @ConditionalOnClass found required class 'org.springframework.web.client.RestTemplate' (OnClassCondition)
      - NoneNestedConditions 0 matched 1 did not; NestedCondition on RestTemplateAutoConfiguration.NotReactiveWebApplicationCondition.ReactiveWebApplication did not find reactive web application classes (RestTemplateAutoConfiguration.NotReactiveWebApplicationCondition)

   RestTemplateAutoConfiguration#restTemplateBuilder matched:
      - @ConditionalOnMissingBean (types: org.springframework.boot.web.client.RestTemplateBuilder; SearchStrategy: all) did not find any beans (OnBeanCondition)

   RestTemplateAutoConfiguration#restTemplateBuilderConfigurer matched:
      - @ConditionalOnMissingBean (types: org.springframework.boot.autoconfigure.web.client.RestTemplateBuilderConfigurer; SearchStrategy: all) did not find any beans (OnBeanCondition)

   SecurityAutoConfiguration matched:
      - @ConditionalOnClass found required class 'org.springframework.security.authentication.DefaultAuthenticationEventPublisher' (OnClassCondition)

   SecurityAutoConfiguration#authenticationEventPublisher matched:
      - @ConditionalOnMissingBean (types: org.springframework.security.authentication.AuthenticationEventPublisher; SearchStrategy: all) did not find any beans (OnBeanCondition)

   SecurityFilterAutoConfiguration matched:
      - @ConditionalOnClass found required classes 'org.springframework.security.web.context.AbstractSecurityWebApplicationInitializer', 'org.springframework.security.config.http.SessionCreationPolicy' (OnClassCondition)
      - found 'session' scope (OnWebApplicationCondition)

   SecurityFilterAutoConfiguration#securityFilterChainRegistration matched:
      - @ConditionalOnBean (names: springSecurityFilterChain; SearchStrategy: all) found bean 'springSecurityFilterChain' (OnBeanCondition)

   ServletWebServerFactoryAutoConfiguration matched:
      - @ConditionalOnClass found required class 'jakarta.servlet.ServletRequest' (OnClassCondition)
      - found 'session' scope (OnWebApplicationCondition)

   ServletWebServerFactoryAutoConfiguration#tomcatServletWebServerFactoryCustomizer matched:
      - @ConditionalOnClass found required class 'org.apache.catalina.startup.Tomcat' (OnClassCondition)

   ServletWebServerFactoryConfiguration.EmbeddedTomcat matched:
      - @ConditionalOnClass found required classes 'jakarta.servlet.Servlet', 'org.apache.catalina.startup.Tomcat', 'org.apache.coyote.UpgradeProtocol' (OnClassCondition)
      - @ConditionalOnMissingBean (types: org.springframework.boot.web.servlet.server.ServletWebServerFactory; SearchStrategy: current) did not find any beans (OnBeanCondition)

   SimpleCacheConfiguration matched:
      - Cache org.springframework.boot.autoconfigure.cache.SimpleCacheConfiguration automatic cache type (CacheCondition)

   SpringApplicationAdminJmxAutoConfiguration matched:
      - @ConditionalOnProperty (spring.application.admin.enabled=true) matched (OnPropertyCondition)

   SpringApplicationAdminJmxAutoConfiguration#springApplicationAdminRegistrar matched:
      - @ConditionalOnMissingBean (types: org.springframework.boot.admin.SpringApplicationAdminMXBeanRegistrar; SearchStrategy: all) did not find any beans (OnBeanCondition)

   SpringBootWebSecurityConfiguration matched:
      - found 'session' scope (OnWebApplicationCondition)

   SpringDocConfigProperties matched:
      - @ConditionalOnProperty (springdoc.api-docs.enabled) matched (OnPropertyCondition)
      - @ConditionalOnBean (types: org.springdoc.core.configuration.SpringDocConfiguration; SearchStrategy: all) found bean 'org.springdoc.core.configuration.SpringDocConfiguration' (OnBeanCondition)

   SpringDocConfiguration matched:
      - @ConditionalOnWebApplication (required) found 'session' scope (OnWebApplicationCondition)
      - @ConditionalOnProperty (springdoc.api-docs.enabled) matched (OnPropertyCondition)

   SpringDocConfiguration#fileSupportConverter matched:
      - @ConditionalOnMissingBean (types: org.springdoc.core.converters.FileSupportConverter; SearchStrategy: all) did not find any beans (OnBeanCondition)

   SpringDocConfiguration#openAPIBuilder matched:
      - @ConditionalOnMissingBean (types: org.springdoc.core.service.OpenAPIService; SearchStrategy: all) did not find any beans (OnBeanCondition)

   SpringDocConfiguration#operationBuilder matched:
      - @ConditionalOnMissingBean (types: org.springdoc.core.service.OperationService; SearchStrategy: all) did not find any beans (OnBeanCondition)

   SpringDocConfiguration#parameterBuilder matched:
      - @ConditionalOnMissingBean (types: org.springdoc.core.service.GenericParameterService; SearchStrategy: all) did not find any beans (OnBeanCondition)

   SpringDocConfiguration#polymorphicModelConverter matched:
      - @ConditionalOnProperty (springdoc.model-converters.polymorphic-converter.enabled) matched (OnPropertyCondition)
      - @ConditionalOnMissingBean (types: org.springdoc.core.converters.PolymorphicModelConverter; SearchStrategy: all) did not find any beans (OnBeanCondition)

   SpringDocConfiguration#requestBodyBuilder matched:
      - @ConditionalOnMissingBean (types: org.springdoc.core.service.RequestBodyService; SearchStrategy: all) did not find any beans (OnBeanCondition)

   SpringDocConfiguration#responseSupportConverter matched:
      - @ConditionalOnMissingBean (types: org.springdoc.core.converters.ResponseSupportConverter; SearchStrategy: all) did not find any beans (OnBeanCondition)

   SpringDocConfiguration#schemaPropertyDeprecatingConverter matched:
      - @ConditionalOnProperty (springdoc.model-converters.deprecating-converter.enabled) matched (OnPropertyCondition)
      - @ConditionalOnMissingBean (types: org.springdoc.core.converters.SchemaPropertyDeprecatingConverter; SearchStrategy: all) did not find any beans (OnBeanCondition)

   SpringDocConfiguration#securityParser matched:
      - @ConditionalOnMissingBean (types: org.springdoc.core.service.SecurityService; SearchStrategy: all) did not find any beans (OnBeanCondition)

   SpringDocConfiguration#springDocCustomizers matched:
      - @ConditionalOnMissingBean (types: org.springdoc.core.customizers.SpringDocCustomizers; SearchStrategy: all) did not find any beans (OnBeanCondition)

   SpringDocConfiguration#springDocProviders matched:
      - @ConditionalOnMissingBean (types: org.springdoc.core.providers.SpringDocProviders; SearchStrategy: all) did not find any beans (OnBeanCondition)

   SpringDocConfiguration#springdocObjectMapperProvider matched:
      - @ConditionalOnMissingBean (types: org.springdoc.core.providers.ObjectMapperProvider; SearchStrategy: all) did not find any beans (OnBeanCondition)

   SpringDocConfiguration.QuerydslProvider matched:
      - @ConditionalOnClass found required class 'org.springframework.data.querydsl.binding.QuerydslBindingsFactory' (OnClassCondition)

   SpringDocConfiguration.QuerydslProvider#queryDslQuerydslPredicateOperationCustomizer matched:
      - @ConditionalOnMissingBean (types: org.springdoc.core.customizers.QuerydslPredicateOperationCustomizer; SearchStrategy: all) did not find any beans (OnBeanCondition)

   SpringDocConfiguration.SpringDocRepositoryRestConfiguration matched:
      - @ConditionalOnClass found required class 'org.springframework.data.rest.core.config.RepositoryRestConfiguration' (OnClassCondition)

   SpringDocConfiguration.SpringDocRepositoryRestConfiguration#repositoryRestConfigurationProvider matched:
      - @ConditionalOnMissingBean (types: org.springdoc.core.providers.RepositoryRestConfigurationProvider; SearchStrategy: all) did not find any beans (OnBeanCondition)

   SpringDocConfiguration.SpringDocSpringDataWebPropertiesProvider matched:
      - @ConditionalOnClass found required class 'org.springframework.boot.autoconfigure.data.web.SpringDataWebProperties' (OnClassCondition)

   SpringDocConfiguration.SpringDocSpringDataWebPropertiesProvider#springDataWebPropertiesProvider matched:
      - @ConditionalOnMissingBean (types: org.springdoc.core.providers.SpringDataWebPropertiesProvider; SearchStrategy: all) did not find any beans (OnBeanCondition)

   SpringDocConfiguration.WebConversionServiceConfiguration matched:
      - @ConditionalOnClass found required class 'org.springframework.boot.autoconfigure.web.format.WebConversionService' (OnClassCondition)

   SpringDocDataRestConfiguration matched:
      - @ConditionalOnClass found required class 'org.springframework.data.rest.core.config.RepositoryRestConfiguration' (OnClassCondition)
      - @ConditionalOnWebApplication (required) found 'session' scope (OnWebApplicationCondition)
      - @ConditionalOnExpression (#{${springdoc.api-docs.enabled:true} and ${springdoc.enable-data-rest:true}}) resulted in true (OnExpressionCondition)
      - @ConditionalOnBean (types: org.springdoc.core.configuration.SpringDocConfiguration; SearchStrategy: all) found bean 'org.springdoc.core.configuration.SpringDocConfiguration' (OnBeanCondition)

   SpringDocDataRestConfiguration#halProvider matched:
      - @ConditionalOnMissingBean (types: org.springdoc.core.providers.DataRestHalProvider; SearchStrategy: all) did not find any beans (OnBeanCondition)

   SpringDocDataRestConfiguration.SpringRepositoryRestResourceProviderConfiguration matched:
      - @ConditionalOnClass found required class 'org.springframework.data.rest.webmvc.RepositoryRestHandlerMapping' (OnClassCondition)

   SpringDocDataRestConfiguration.SpringRepositoryRestResourceProviderConfiguration#dataRestOperationBuilder matched:
      - @ConditionalOnMissingBean (types: org.springdoc.core.data.DataRestOperationService; SearchStrategy: all) did not find any beans (OnBeanCondition)

   SpringDocDataRestConfiguration.SpringRepositoryRestResourceProviderConfiguration#dataRestRequestBuilder matched:
      - @ConditionalOnMissingBean (types: org.springdoc.core.data.DataRestRequestService; SearchStrategy: all) did not find any beans (OnBeanCondition)

   SpringDocDataRestConfiguration.SpringRepositoryRestResourceProviderConfiguration#dataRestResponseBuilder matched:
      - @ConditionalOnMissingBean (types: org.springdoc.core.data.DataRestResponseService; SearchStrategy: all) did not find any beans (OnBeanCondition)

   SpringDocDataRestConfiguration.SpringRepositoryRestResourceProviderConfiguration#dataRestRouterOperationBuilder matched:
      - @ConditionalOnMissingBean (types: org.springdoc.core.data.DataRestRouterOperationService; SearchStrategy: all) did not find any beans (OnBeanCondition)

   SpringDocDataRestConfiguration.SpringRepositoryRestResourceProviderConfiguration#dataRestTagsBuilder matched:
      - @ConditionalOnMissingBean (types: org.springdoc.core.data.DataRestTagsService; SearchStrategy: all) did not find any beans (OnBeanCondition)

   SpringDocDataRestConfiguration.SpringRepositoryRestResourceProviderConfiguration#springDocDataRestUtils matched:
      - @ConditionalOnMissingBean (types: org.springdoc.core.utils.SpringDocDataRestUtils; SearchStrategy: all) did not find any beans (OnBeanCondition)

   SpringDocDataRestConfiguration.SpringRepositoryRestResourceProviderConfiguration#springRepositoryRestResourceProvider matched:
      - @ConditionalOnMissingBean (types: org.springdoc.core.providers.SpringRepositoryRestResourceProvider; SearchStrategy: all) did not find any beans (OnBeanCondition)

   SpringDocHateoasConfiguration matched:
      - @ConditionalOnClass found required class 'org.springframework.hateoas.server.LinkRelationProvider' (OnClassCondition)
      - @ConditionalOnWebApplication (required) found 'session' scope (OnWebApplicationCondition)
      - @ConditionalOnExpression (#{${springdoc.api-docs.enabled:true} and ${springdoc.enable-hateoas:true}}) resulted in true (OnExpressionCondition)
      - @ConditionalOnBean (types: org.springdoc.core.configuration.SpringDocConfiguration; SearchStrategy: all) found bean 'org.springdoc.core.configuration.SpringDocConfiguration' (OnBeanCondition)

   SpringDocHateoasConfiguration#collectionModelContentConverter matched:
      - @ConditionalOnMissingBean (types: org.springdoc.core.converters.CollectionModelContentConverter; SearchStrategy: all) did not find any beans (OnBeanCondition)

   SpringDocHateoasConfiguration#linksSchemaCustomizer matched:
      - @ConditionalOnMissingBean (types: org.springdoc.core.customizers.GlobalOpenApiCustomizer; SearchStrategy: all) did not find any beans (OnBeanCondition)

   SpringDocPageableConfiguration matched:
      - @ConditionalOnClass found required class 'org.springframework.data.domain.Pageable' (OnClassCondition)
      - @ConditionalOnWebApplication (required) found 'session' scope (OnWebApplicationCondition)
      - @ConditionalOnProperty (springdoc.api-docs.enabled) matched (OnPropertyCondition)
      - @ConditionalOnBean (types: org.springdoc.core.configuration.SpringDocConfiguration; SearchStrategy: all) found bean 'org.springdoc.core.configuration.SpringDocConfiguration' (OnBeanCondition)

   SpringDocPageableConfiguration#delegatingMethodParameterCustomizer matched:
      - @ConditionalOnMissingBean (types: org.springdoc.core.customizers.DelegatingMethodParameterCustomizer; SearchStrategy: all) did not find any beans (OnBeanCondition)

   SpringDocPageableConfiguration#pageableOpenAPIConverter matched:
      - @ConditionalOnProperty (springdoc.model-converters.pageable-converter.enabled) matched (OnPropertyCondition)
      - @ConditionalOnMissingBean (types: org.springdoc.core.converters.PageableOpenAPIConverter; SearchStrategy: all) did not find any beans (OnBeanCondition)

   SpringDocSecurityConfiguration matched:
      - @ConditionalOnClass found required class 'org.springframework.security.web.SecurityFilterChain' (OnClassCondition)
      - @ConditionalOnWebApplication (required) found 'session' scope (OnWebApplicationCondition)
      - @ConditionalOnExpression (#{${springdoc.api-docs.enabled:true} and ${springdoc.enable-spring-security:true}}) resulted in true (OnExpressionCondition)
      - @ConditionalOnBean (types: org.springdoc.core.configuration.SpringDocConfiguration; SearchStrategy: all) found bean 'org.springdoc.core.configuration.SpringDocConfiguration' (OnBeanCondition)

   SpringDocSecurityConfiguration.SpringSecurityLoginEndpointConfiguration matched:
      - @ConditionalOnClass found required class 'jakarta.servlet.Filter' (OnClassCondition)

   SpringDocSortConfiguration matched:
      - @ConditionalOnClass found required class 'org.springframework.data.domain.Sort' (OnClassCondition)
      - @ConditionalOnWebApplication (required) found 'session' scope (OnWebApplicationCondition)
      - @ConditionalOnProperty (springdoc.api-docs.enabled) matched (OnPropertyCondition)
      - @ConditionalOnBean (types: org.springdoc.core.configuration.SpringDocConfiguration; SearchStrategy: all) found bean 'org.springdoc.core.configuration.SpringDocConfiguration' (OnBeanCondition)

   SpringDocSortConfiguration#sortOpenAPIConverter matched:
      - @ConditionalOnProperty (springdoc.model-converters.sort-converter.enabled) matched (OnPropertyCondition)
      - @ConditionalOnMissingBean (types: org.springdoc.core.converters.SortOpenAPIConverter; SearchStrategy: all) did not find any beans (OnBeanCondition)

   SpringDocUIConfiguration matched:
      - @ConditionalOnWebApplication (required) found 'session' scope (OnWebApplicationCondition)
      - @ConditionalOnBean (types: org.springdoc.core.configuration.SpringDocConfiguration; SearchStrategy: all) found bean 'org.springdoc.core.configuration.SpringDocConfiguration' (OnBeanCondition)

   SpringDocWebMvcConfiguration matched:
      - found 'session' scope (OnWebApplicationCondition)
      - @ConditionalOnProperty (springdoc.api-docs.enabled) matched (OnPropertyCondition)
      - @ConditionalOnBean (types: org.springdoc.core.configuration.SpringDocConfiguration; SearchStrategy: all) found bean 'org.springdoc.core.configuration.SpringDocConfiguration' (OnBeanCondition)

   SpringDocWebMvcConfiguration#openApiResource matched:
      - @ConditionalOnProperty (springdoc.use-management-port=false) matched (OnPropertyCondition)
      - @ConditionalOnMissingBean (types: org.springdoc.webmvc.api.OpenApiWebMvcResource; SearchStrategy: all) did not find any beans (OnBeanCondition)

   SpringDocWebMvcConfiguration#requestBuilder matched:
      - @ConditionalOnMissingBean (types: org.springdoc.webmvc.core.service.RequestService; SearchStrategy: all) did not find any beans (OnBeanCondition)

   SpringDocWebMvcConfiguration#responseBuilder matched:
      - @ConditionalOnMissingBean (types: org.springdoc.core.service.GenericResponseService; SearchStrategy: all) did not find any beans (OnBeanCondition)

   SpringDocWebMvcConfiguration#springWebProvider matched:
      - @ConditionalOnMissingBean (types: org.springdoc.core.providers.SpringWebProvider; SearchStrategy: all) did not find any beans (OnBeanCondition)

   SpringDocWebMvcConfiguration.SpringDocWebMvcRouterConfiguration matched:
      - @ConditionalOnClass found required class 'org.springframework.web.servlet.function.RouterFunction' (OnClassCondition)

   SpringDocWebMvcConfiguration.SpringDocWebMvcRouterConfiguration#routerFunctionProvider matched:
      - @ConditionalOnMissingBean (types: org.springdoc.webmvc.core.providers.RouterFunctionWebMvcProvider; SearchStrategy: all) did not find any beans (OnBeanCondition)

   SqlInitializationAutoConfiguration matched:
      - @ConditionalOnProperty (spring.sql.init.enabled) matched (OnPropertyCondition)
      - NoneNestedConditions 0 matched 1 did not; NestedCondition on SqlInitializationAutoConfiguration.SqlInitializationModeCondition.ModeIsNever @ConditionalOnProperty (spring.sql.init.mode=never) did not find property 'mode' (SqlInitializationAutoConfiguration.SqlInitializationModeCondition)

   SwaggerConfig matched:
      - found 'session' scope (OnWebApplicationCondition)
      - @ConditionalOnProperty (springdoc.swagger-ui.enabled) matched (OnPropertyCondition)
      - @ConditionalOnBean (types: org.springdoc.core.configuration.SpringDocConfiguration; SearchStrategy: all) found bean 'org.springdoc.core.configuration.SpringDocConfiguration' (OnBeanCondition)

   SwaggerConfig#indexPageTransformer matched:
      - @ConditionalOnMissingBean (types: org.springdoc.webmvc.ui.SwaggerIndexTransformer; SearchStrategy: all) did not find any beans (OnBeanCondition)

   SwaggerConfig#swaggerConfigResource matched:
      - @ConditionalOnProperty (springdoc.use-management-port=false) matched (OnPropertyCondition)
      - @ConditionalOnMissingBean (types: org.springdoc.webmvc.ui.SwaggerConfigResource; SearchStrategy: all) did not find any beans (OnBeanCondition)

   SwaggerConfig#swaggerResourceResolver matched:
      - @ConditionalOnMissingBean (types: org.springdoc.webmvc.ui.SwaggerResourceResolver; SearchStrategy: all) did not find any beans (OnBeanCondition)

   SwaggerConfig#swaggerWebMvcConfigurer matched:
      - @ConditionalOnMissingBean (types: org.springdoc.webmvc.ui.SwaggerWebMvcConfigurer; SearchStrategy: all) did not find any beans (OnBeanCondition)

   SwaggerConfig#swaggerWelcome matched:
      - @ConditionalOnProperty (springdoc.use-management-port=false) matched (OnPropertyCondition)
      - @ConditionalOnMissingBean (types: org.springdoc.webmvc.ui.SwaggerWelcomeWebMvc; SearchStrategy: all) did not find any beans (OnBeanCondition)

   SwaggerUiConfigParameters matched:
      - @ConditionalOnProperty (springdoc.swagger-ui.enabled) matched (OnPropertyCondition)
      - @ConditionalOnBean (types: org.springdoc.core.configuration.SpringDocConfiguration; SearchStrategy: all) found bean 'org.springdoc.core.configuration.SpringDocConfiguration' (OnBeanCondition)

   SwaggerUiConfigProperties matched:
      - @ConditionalOnProperty (springdoc.swagger-ui.enabled) matched (OnPropertyCondition)
      - @ConditionalOnBean (types: org.springdoc.core.configuration.SpringDocConfiguration; SearchStrategy: all) found bean 'org.springdoc.core.configuration.SpringDocConfiguration' (OnBeanCondition)

   SwaggerUiOAuthProperties matched:
      - @ConditionalOnProperty (springdoc.swagger-ui.enabled) matched (OnPropertyCondition)
      - @ConditionalOnBean (types: org.springdoc.core.configuration.SpringDocConfiguration; SearchStrategy: all) found bean 'org.springdoc.core.configuration.SpringDocConfiguration' (OnBeanCondition)

   TaskExecutionAutoConfiguration matched:
      - @ConditionalOnClass found required class 'org.springframework.scheduling.concurrent.ThreadPoolTaskExecutor' (OnClassCondition)

   TaskExecutionAutoConfiguration#applicationTaskExecutor matched:
      - @ConditionalOnMissingBean (types: java.util.concurrent.Executor; SearchStrategy: all) did not find any beans (OnBeanCondition)

   TaskExecutionAutoConfiguration#taskExecutorBuilder matched:
      - @ConditionalOnMissingBean (types: org.springframework.boot.task.TaskExecutorBuilder; SearchStrategy: all) did not find any beans (OnBeanCondition)

   TaskSchedulingAutoConfiguration matched:
      - @ConditionalOnClass found required class 'org.springframework.scheduling.concurrent.ThreadPoolTaskScheduler' (OnClassCondition)

   TaskSchedulingAutoConfiguration#taskSchedulerBuilder matched:
      - @ConditionalOnMissingBean (types: org.springframework.boot.task.TaskSchedulerBuilder; SearchStrategy: all) did not find any beans (OnBeanCondition)

   TransactionAutoConfiguration matched:
      - @ConditionalOnClass found required class 'org.springframework.transaction.PlatformTransactionManager' (OnClassCondition)

   TransactionAutoConfiguration#platformTransactionManagerCustomizers matched:
      - @ConditionalOnMissingBean (types: org.springframework.boot.autoconfigure.transaction.TransactionManagerCustomizers; SearchStrategy: all) did not find any beans (OnBeanCondition)

   TransactionAutoConfiguration.TransactionTemplateConfiguration matched:
      - @ConditionalOnSingleCandidate (types: org.springframework.transaction.PlatformTransactionManager; SearchStrategy: all) found a single bean 'transactionManager' (OnBeanCondition)

   TransactionAutoConfiguration.TransactionTemplateConfiguration#transactionTemplate matched:
      - @ConditionalOnMissingBean (types: org.springframework.transaction.support.TransactionOperations; SearchStrategy: all) did not find any beans (OnBeanCondition)

   ValidationAutoConfiguration matched:
      - @ConditionalOnClass found required class 'jakarta.validation.executable.ExecutableValidator' (OnClassCondition)
      - @ConditionalOnResource found location classpath:META-INF/services/jakarta.validation.spi.ValidationProvider (OnResourceCondition)

   ValidationAutoConfiguration#defaultValidator matched:
      - @ConditionalOnMissingBean (types: jakarta.validation.Validator; SearchStrategy: all) did not find any beans (OnBeanCondition)

   ValidationAutoConfiguration#methodValidationPostProcessor matched:
      - @ConditionalOnMissingBean (types: org.springframework.validation.beanvalidation.MethodValidationPostProcessor; SearchStrategy: current) did not find any beans (OnBeanCondition)

   WebMvcAutoConfiguration matched:
      - @ConditionalOnClass found required classes 'jakarta.servlet.Servlet', 'org.springframework.web.servlet.DispatcherServlet', 'org.springframework.web.servlet.config.annotation.WebMvcConfigurer' (OnClassCondition)
      - found 'session' scope (OnWebApplicationCondition)
      - @ConditionalOnMissingBean (types: org.springframework.web.servlet.config.annotation.WebMvcConfigurationSupport; SearchStrategy: all) did not find any beans (OnBeanCondition)

   WebMvcAutoConfiguration#formContentFilter matched:
      - @ConditionalOnProperty (spring.mvc.formcontent.filter.enabled) matched (OnPropertyCondition)
      - @ConditionalOnMissingBean (types: org.springframework.web.filter.FormContentFilter; SearchStrategy: all) did not find any beans (OnBeanCondition)

   WebMvcAutoConfiguration.EnableWebMvcConfiguration#flashMapManager matched:
      - @ConditionalOnMissingBean (names: flashMapManager; SearchStrategy: all) did not find any beans (OnBeanCondition)

   WebMvcAutoConfiguration.EnableWebMvcConfiguration#localeResolver matched:
      - @ConditionalOnMissingBean (names: localeResolver; SearchStrategy: all) did not find any beans (OnBeanCondition)

   WebMvcAutoConfiguration.EnableWebMvcConfiguration#themeResolver matched:
      - @ConditionalOnMissingBean (names: themeResolver; SearchStrategy: all) did not find any beans (OnBeanCondition)

   WebMvcAutoConfiguration.WebMvcAutoConfigurationAdapter#defaultViewResolver matched:
      - @ConditionalOnMissingBean (types: org.springframework.web.servlet.view.InternalResourceViewResolver; SearchStrategy: all) did not find any beans (OnBeanCondition)

   WebMvcAutoConfiguration.WebMvcAutoConfigurationAdapter#requestContextFilter matched:
      - @ConditionalOnMissingBean (types: org.springframework.web.context.request.RequestContextListener,org.springframework.web.filter.RequestContextFilter; SearchStrategy: all) did not find any beans (OnBeanCondition)

   WebMvcAutoConfiguration.WebMvcAutoConfigurationAdapter#viewResolver matched:
      - @ConditionalOnBean (types: org.springframework.web.servlet.ViewResolver; SearchStrategy: all) found beans 'defaultViewResolver', 'mvcViewResolver'; @ConditionalOnMissingBean (names: viewResolver types: org.springframework.web.servlet.view.ContentNegotiatingViewResolver; SearchStrategy: all) did not find any beans (OnBeanCondition)

   WebSocketMessagingAutoConfiguration matched:
      - @ConditionalOnClass found required class 'org.springframework.web.socket.config.annotation.WebSocketMessageBrokerConfigurer' (OnClassCondition)
      - found 'session' scope (OnWebApplicationCondition)

   WebSocketServletAutoConfiguration matched:
      - @ConditionalOnClass found required classes 'jakarta.servlet.Servlet', 'jakarta.websocket.server.ServerContainer' (OnClassCondition)
      - found 'session' scope (OnWebApplicationCondition)

   WebSocketServletAutoConfiguration.TomcatWebSocketConfiguration matched:
      - @ConditionalOnClass found required classes 'org.apache.catalina.startup.Tomcat', 'org.apache.tomcat.websocket.server.WsSci' (OnClassCondition)

   WebSocketServletAutoConfiguration.TomcatWebSocketConfiguration#websocketServletWebServerCustomizer matched:
      - @ConditionalOnMissingBean (names: websocketServletWebServerCustomizer; SearchStrategy: all) did not find any beans (OnBeanCondition)


Negative matches:
-----------------

   AopAutoConfiguration.AspectJAutoProxyingConfiguration.JdkDynamicAutoProxyConfiguration:
      Did not match:
         - @ConditionalOnProperty (spring.aop.proxy-target-class=false) did not find property 'proxy-target-class' (OnPropertyCondition)

   AopAutoConfiguration.ClassProxyingConfiguration:
      Did not match:
         - @ConditionalOnMissingClass found unwanted class 'org.aspectj.weaver.Advice' (OnClassCondition)

   ArtemisAutoConfiguration:
      Did not match:
         - @ConditionalOnClass did not find required class 'jakarta.jms.ConnectionFactory' (OnClassCondition)

   BatchAutoConfiguration:
      Did not match:
         - @ConditionalOnClass did not find required class 'org.springframework.batch.core.launch.JobLauncher' (OnClassCondition)

   Cache2kCacheConfiguration:
      Did not match:
         - @ConditionalOnClass did not find required class 'org.cache2k.Cache2kBuilder' (OnClassCondition)

   CacheAutoConfiguration:
      Did not match:
         - @ConditionalOnBean (types: org.springframework.cache.interceptor.CacheAspectSupport; SearchStrategy: all) did not find any beans of type org.springframework.cache.interceptor.CacheAspectSupport (OnBeanCondition)
      Matched:
         - @ConditionalOnClass found required class 'org.springframework.cache.CacheManager' (OnClassCondition)

   CacheAutoConfiguration.CacheManagerEntityManagerFactoryDependsOnPostProcessor:
      Did not match:
         - Ancestor org.springframework.boot.autoconfigure.cache.CacheAutoConfiguration did not match (ConditionEvaluationReport.AncestorsMatchedCondition)
      Matched:
         - @ConditionalOnClass found required class 'org.springframework.orm.jpa.LocalContainerEntityManagerFactoryBean' (OnClassCondition)

   CassandraAutoConfiguration:
      Did not match:
         - @ConditionalOnClass did not find required class 'com.datastax.oss.driver.api.core.CqlSession' (OnClassCondition)

   CassandraDataAutoConfiguration:
      Did not match:
         - @ConditionalOnClass did not find required class 'com.datastax.oss.driver.api.core.CqlSession' (OnClassCondition)

   CassandraReactiveDataAutoConfiguration:
      Did not match:
         - @ConditionalOnClass did not find required class 'com.datastax.oss.driver.api.core.CqlSession' (OnClassCondition)

   CassandraReactiveRepositoriesAutoConfiguration:
      Did not match:
         - @ConditionalOnClass did not find required class 'org.springframework.data.cassandra.ReactiveSession' (OnClassCondition)

   CassandraRepositoriesAutoConfiguration:
      Did not match:
         - @ConditionalOnClass did not find required class 'com.datastax.oss.driver.api.core.CqlSession' (OnClassCondition)

   ClientHttpConnectorAutoConfiguration:
      Did not match:
         - @ConditionalOnClass did not find required class 'org.springframework.web.reactive.function.client.WebClient' (OnClassCondition)

   CodecsAutoConfiguration:
      Did not match:
         - @ConditionalOnClass did not find required class 'org.springframework.web.reactive.function.client.WebClient' (OnClassCondition)

   CouchbaseAutoConfiguration:
      Did not match:
         - @ConditionalOnClass did not find required class 'com.couchbase.client.java.Cluster' (OnClassCondition)

   CouchbaseCacheConfiguration:
      Did not match:
         - @ConditionalOnClass did not find required class 'com.couchbase.client.java.Cluster' (OnClassCondition)

   CouchbaseDataAutoConfiguration:
      Did not match:
         - @ConditionalOnClass did not find required class 'com.couchbase.client.java.Bucket' (OnClassCondition)

   CouchbaseReactiveDataAutoConfiguration:
      Did not match:
         - @ConditionalOnClass did not find required class 'com.couchbase.client.java.Cluster' (OnClassCondition)

   CouchbaseReactiveRepositoriesAutoConfiguration:
      Did not match:
         - @ConditionalOnClass did not find required class 'com.couchbase.client.java.Cluster' (OnClassCondition)

   CouchbaseRepositoriesAutoConfiguration:
      Did not match:
         - @ConditionalOnClass did not find required class 'com.couchbase.client.java.Bucket' (OnClassCondition)

   DataSourceAutoConfiguration.EmbeddedDatabaseConfiguration:
      Did not match:
         - EmbeddedDataSource spring.datasource.url is set (DataSourceAutoConfiguration.EmbeddedDatabaseCondition)

   DataSourceConfiguration.Dbcp2:
      Did not match:
         - @ConditionalOnClass did not find required class 'org.apache.commons.dbcp2.BasicDataSource' (OnClassCondition)

   DataSourceConfiguration.Generic:
      Did not match:
         - @ConditionalOnProperty (spring.datasource.type) did not find property 'spring.datasource.type' (OnPropertyCondition)

   DataSourceConfiguration.OracleUcp:
      Did not match:
         - @ConditionalOnClass did not find required classes 'oracle.ucp.jdbc.PoolDataSourceImpl', 'oracle.jdbc.OracleConnection' (OnClassCondition)

   DataSourceConfiguration.Tomcat:
      Did not match:
         - @ConditionalOnClass did not find required class 'org.apache.tomcat.jdbc.pool.DataSource' (OnClassCondition)

   DataSourceJmxConfiguration.TomcatDataSourceJmxConfiguration:
      Did not match:
         - @ConditionalOnClass did not find required class 'org.apache.tomcat.jdbc.pool.DataSourceProxy' (OnClassCondition)

   DataSourcePoolMetadataProvidersConfiguration.CommonsDbcp2PoolDataSourceMetadataProviderConfiguration:
      Did not match:
         - @ConditionalOnClass did not find required class 'org.apache.commons.dbcp2.BasicDataSource' (OnClassCondition)

   DataSourcePoolMetadataProvidersConfiguration.OracleUcpPoolDataSourceMetadataProviderConfiguration:
      Did not match:
         - @ConditionalOnClass did not find required classes 'oracle.ucp.jdbc.PoolDataSource', 'oracle.jdbc.OracleConnection' (OnClassCondition)

   DataSourcePoolMetadataProvidersConfiguration.TomcatDataSourcePoolMetadataProviderConfiguration:
      Did not match:
         - @ConditionalOnClass did not find required class 'org.apache.tomcat.jdbc.pool.DataSource' (OnClassCondition)

   DataSourceTransactionManagerAutoConfiguration.JdbcTransactionManagerConfiguration#transactionManager:
      Did not match:
         - @ConditionalOnMissingBean (types: org.springframework.transaction.TransactionManager; SearchStrategy: all) found beans of type 'org.springframework.transaction.TransactionManager' transactionManager (OnBeanCondition)

   DevToolsR2dbcAutoConfiguration:
      Did not match:
         - @ConditionalOnClass did not find required class 'io.r2dbc.spi.ConnectionFactory' (OnClassCondition)

   DispatcherServletAutoConfiguration.DispatcherServletConfiguration#multipartResolver:
      Did not match:
         - @ConditionalOnBean (types: org.springframework.web.multipart.MultipartResolver; SearchStrategy: all) did not find any beans of type org.springframework.web.multipart.MultipartResolver (OnBeanCondition)

   ElasticsearchClientAutoConfiguration:
      Did not match:
         - @ConditionalOnClass did not find required class 'co.elastic.clients.elasticsearch.ElasticsearchClient' (OnClassCondition)

   ElasticsearchDataAutoConfiguration:
      Did not match:
         - @ConditionalOnClass did not find required class 'org.springframework.data.elasticsearch.client.elc.ElasticsearchTemplate' (OnClassCondition)

   ElasticsearchRepositoriesAutoConfiguration:
      Did not match:
         - @ConditionalOnClass did not find required class 'org.springframework.data.elasticsearch.repository.ElasticsearchRepository' (OnClassCondition)

   ElasticsearchRestClientAutoConfiguration:
      Did not match:
         - @ConditionalOnClass did not find required class 'org.elasticsearch.client.RestClientBuilder' (OnClassCondition)

   EmbeddedLdapAutoConfiguration:
      Did not match:
         - @ConditionalOnClass did not find required class 'com.unboundid.ldap.listener.InMemoryDirectoryServer' (OnClassCondition)

   EmbeddedWebServerFactoryCustomizerAutoConfiguration.JettyWebServerFactoryCustomizerConfiguration:
      Did not match:
         - @ConditionalOnClass did not find required classes 'org.eclipse.jetty.server.Server', 'org.eclipse.jetty.util.Loader', 'org.eclipse.jetty.webapp.WebAppContext' (OnClassCondition)

   EmbeddedWebServerFactoryCustomizerAutoConfiguration.NettyWebServerFactoryCustomizerConfiguration:
      Did not match:
         - @ConditionalOnClass did not find required class 'reactor.netty.http.server.HttpServer' (OnClassCondition)

   EmbeddedWebServerFactoryCustomizerAutoConfiguration.UndertowWebServerFactoryCustomizerConfiguration:
      Did not match:
         - @ConditionalOnClass did not find required classes 'io.undertow.Undertow', 'org.xnio.SslClientAuthMode' (OnClassCondition)

   ErrorMvcAutoConfiguration.WhitelabelErrorViewConfiguration:
      Did not match:
         - @ConditionalOnProperty (server.error.whitelabel.enabled) found different value in property 'enabled' (OnPropertyCondition)

   ErrorWebFluxAutoConfiguration:
      Did not match:
         - @ConditionalOnClass did not find required class 'org.springframework.web.reactive.config.WebFluxConfigurer' (OnClassCondition)

   FlywayAutoConfiguration:
      Did not match:
         - @ConditionalOnClass did not find required class 'org.flywaydb.core.Flyway' (OnClassCondition)

   FreeMarkerAutoConfiguration:
      Did not match:
         - @ConditionalOnClass did not find required class 'freemarker.template.Configuration' (OnClassCondition)

   GraphQlAutoConfiguration:
      Did not match:
         - @ConditionalOnClass did not find required class 'graphql.GraphQL' (OnClassCondition)

   GraphQlQueryByExampleAutoConfiguration:
      Did not match:
         - @ConditionalOnClass did not find required class 'graphql.GraphQL' (OnClassCondition)

   GraphQlQuerydslAutoConfiguration:
      Did not match:
         - @ConditionalOnClass did not find required class 'graphql.GraphQL' (OnClassCondition)

   GraphQlRSocketAutoConfiguration:
      Did not match:
         - @ConditionalOnClass did not find required class 'graphql.GraphQL' (OnClassCondition)

   GraphQlReactiveQueryByExampleAutoConfiguration:
      Did not match:
         - @ConditionalOnClass did not find required class 'graphql.GraphQL' (OnClassCondition)

   GraphQlReactiveQuerydslAutoConfiguration:
      Did not match:
         - @ConditionalOnClass did not find required class 'graphql.GraphQL' (OnClassCondition)

   GraphQlWebFluxAutoConfiguration:
      Did not match:
         - @ConditionalOnClass did not find required class 'graphql.GraphQL' (OnClassCondition)

   GraphQlWebFluxSecurityAutoConfiguration:
      Did not match:
         - @ConditionalOnClass did not find required class 'graphql.GraphQL' (OnClassCondition)

   GraphQlWebMvcAutoConfiguration:
      Did not match:
         - @ConditionalOnClass did not find required class 'graphql.GraphQL' (OnClassCondition)

   GraphQlWebMvcSecurityAutoConfiguration:
      Did not match:
         - @ConditionalOnClass did not find required class 'graphql.GraphQL' (OnClassCondition)

   GroovyTemplateAutoConfiguration:
      Did not match:
         - @ConditionalOnClass did not find required class 'groovy.text.markup.MarkupTemplateEngine' (OnClassCondition)

   GsonAutoConfiguration:
      Did not match:
         - @ConditionalOnClass did not find required class 'com.google.gson.Gson' (OnClassCondition)

   GsonHttpMessageConvertersConfiguration:
      Did not match:
         - @ConditionalOnClass did not find required class 'com.google.gson.Gson' (OnClassCondition)

   H2ConsoleAutoConfiguration:
      Did not match:
         - @ConditionalOnClass did not find required class 'org.h2.server.web.JakartaWebServlet' (OnClassCondition)

   HazelcastAutoConfiguration:
      Did not match:
         - @ConditionalOnClass did not find required class 'com.hazelcast.core.HazelcastInstance' (OnClassCondition)

   HazelcastCacheConfiguration:
      Did not match:
         - @ConditionalOnClass did not find required class 'com.hazelcast.core.HazelcastInstance' (OnClassCondition)

   HazelcastJpaDependencyAutoConfiguration:
      Did not match:
         - @ConditionalOnClass did not find required class 'com.hazelcast.core.HazelcastInstance' (OnClassCondition)

   HttpHandlerAutoConfiguration:
      Did not match:
         - @ConditionalOnClass did not find required class 'org.springframework.web.reactive.DispatcherHandler' (OnClassCondition)

   HypermediaAutoConfiguration.HypermediaConfiguration:
      Did not match:
         - @ConditionalOnMissingBean (types: org.springframework.hateoas.client.LinkDiscoverers; SearchStrategy: all) found beans of type 'org.springframework.hateoas.client.LinkDiscoverers' linkDiscoverers (OnBeanCondition)
      Matched:
         - @ConditionalOnClass found required class 'com.fasterxml.jackson.databind.ObjectMapper' (OnClassCondition)

   InfinispanCacheConfiguration:
      Did not match:
         - @ConditionalOnClass did not find required class 'org.infinispan.spring.embedded.provider.SpringEmbeddedCacheManager' (OnClassCondition)

   InfluxDbAutoConfiguration:
      Did not match:
         - @ConditionalOnClass did not find required class 'org.influxdb.InfluxDB' (OnClassCondition)

   IntegrationAutoConfiguration:
      Did not match:
         - @ConditionalOnClass did not find required class 'org.springframework.integration.config.EnableIntegration' (OnClassCondition)

   JCacheCacheConfiguration:
      Did not match:
         - @ConditionalOnClass did not find required class 'javax.cache.Caching' (OnClassCondition)

   JacksonHttpMessageConvertersConfiguration.MappingJackson2XmlHttpMessageConverterConfiguration:
      Did not match:
         - @ConditionalOnClass did not find required class 'com.fasterxml.jackson.dataformat.xml.XmlMapper' (OnClassCondition)

   JdbcRepositoriesAutoConfiguration:
      Did not match:
         - @ConditionalOnClass did not find required class 'org.springframework.data.jdbc.repository.config.AbstractJdbcConfiguration' (OnClassCondition)

   JerseyAutoConfiguration:
      Did not match:
         - @ConditionalOnClass did not find required class 'org.glassfish.jersey.server.spring.SpringComponentProvider' (OnClassCondition)

   JmsAutoConfiguration:
      Did not match:
         - @ConditionalOnClass did not find required class 'jakarta.jms.Message' (OnClassCondition)

   JndiConnectionFactoryAutoConfiguration:
      Did not match:
         - @ConditionalOnClass did not find required class 'org.springframework.jms.core.JmsTemplate' (OnClassCondition)

   JndiDataSourceAutoConfiguration:
      Did not match:
         - @ConditionalOnProperty (spring.datasource.jndi-name) did not find property 'jndi-name' (OnPropertyCondition)
      Matched:
         - @ConditionalOnClass found required classes 'javax.sql.DataSource', 'org.springframework.jdbc.datasource.embedded.EmbeddedDatabaseType' (OnClassCondition)

   JndiJtaConfiguration:
      Did not match:
         - @ConditionalOnJndi JNDI environment is not available (OnJndiCondition)
      Matched:
         - @ConditionalOnClass found required class 'org.springframework.transaction.jta.JtaTransactionManager' (OnClassCondition)

   JooqAutoConfiguration:
      Did not match:
         - @ConditionalOnClass did not find required class 'org.jooq.DSLContext' (OnClassCondition)

   JpaRepositoriesAutoConfiguration:
      Did not match:
         - @ConditionalOnMissingBean (types: org.springframework.data.jpa.repository.support.JpaRepositoryFactoryBean,org.springframework.data.jpa.repository.config.JpaRepositoryConfigExtension; SearchStrategy: all) found beans of type 'org.springframework.data.jpa.repository.support.JpaRepositoryFactoryBean' &refreshTokenRepository, &vacacionesRepository, &ocupacionRepository, &plantillaContratoRepository, &roleRepository, &categoriaRepository, &notasRepository, &organismoRepository, &documentoPlanRepository, &ciudadanoRepository, &contratoRepository, &organismoOcupacionRepository, &salarioRepository, &destinoRepository, &planRepository, &tipoDocumentoPlanRepository, &equipoRepository, &tipoDocumentoRepository, &documentoRepository, &presentacionRepository, &estadoCiudadanoRepository, &planConfigRepository, &salarioDetalleRepository, &userRepository and found beans of type 'org.springframework.data.jpa.repository.config.JpaRepositoryConfigExtension' org.springframework.data.jpa.repository.config.JpaRepositoryConfigExtension#0 (OnBeanCondition)
      Matched:
         - @ConditionalOnClass found required class 'org.springframework.data.jpa.repository.JpaRepository' (OnClassCondition)
         - @ConditionalOnProperty (spring.data.jpa.repositories.enabled=true) matched (OnPropertyCondition)

   JsonbAutoConfiguration:
      Did not match:
         - @ConditionalOnClass did not find required class 'jakarta.json.bind.Jsonb' (OnClassCondition)

   JsonbHttpMessageConvertersConfiguration:
      Did not match:
         - @ConditionalOnClass did not find required class 'jakarta.json.bind.Jsonb' (OnClassCondition)

   KafkaAutoConfiguration:
      Did not match:
         - @ConditionalOnClass did not find required class 'org.springframework.kafka.core.KafkaTemplate' (OnClassCondition)

   LdapAutoConfiguration:
      Did not match:
         - @ConditionalOnClass did not find required class 'org.springframework.ldap.core.ContextSource' (OnClassCondition)

   LdapRepositoriesAutoConfiguration:
      Did not match:
         - @ConditionalOnClass did not find required class 'org.springframework.data.ldap.repository.LdapRepository' (OnClassCondition)

   LiquibaseAutoConfiguration:
      Did not match:
         - @ConditionalOnClass did not find required class 'liquibase.change.DatabaseChange' (OnClassCondition)

   MailSenderAutoConfiguration:
      Did not match:
         - AnyNestedCondition 0 matched 2 did not; NestedCondition on MailSenderAutoConfiguration.MailSenderCondition.JndiNameProperty @ConditionalOnProperty (spring.mail.jndi-name) did not find property 'jndi-name'; NestedCondition on MailSenderAutoConfiguration.MailSenderCondition.HostProperty @ConditionalOnProperty (spring.mail.host) did not find property 'host' (MailSenderAutoConfiguration.MailSenderCondition)
      Matched:
         - @ConditionalOnClass found required classes 'jakarta.mail.internet.MimeMessage', 'jakarta.activation.MimeType', 'org.springframework.mail.MailSender' (OnClassCondition)

   MailSenderValidatorAutoConfiguration:
      Did not match:
         - @ConditionalOnProperty (spring.mail.test-connection) did not find property 'test-connection' (OnPropertyCondition)

   MessageSourceAutoConfiguration:
      Did not match:
         - ResourceBundle did not find bundle with basename messages (MessageSourceAutoConfiguration.ResourceBundleCondition)

   MongoAutoConfiguration:
      Did not match:
         - @ConditionalOnClass did not find required class 'com.mongodb.client.MongoClient' (OnClassCondition)

   MongoDataAutoConfiguration:
      Did not match:
         - @ConditionalOnClass did not find required class 'com.mongodb.client.MongoClient' (OnClassCondition)

   MongoReactiveAutoConfiguration:
      Did not match:
         - @ConditionalOnClass did not find required class 'com.mongodb.reactivestreams.client.MongoClient' (OnClassCondition)

   MongoReactiveDataAutoConfiguration:
      Did not match:
         - @ConditionalOnClass did not find required class 'com.mongodb.reactivestreams.client.MongoClient' (OnClassCondition)

   MongoReactiveRepositoriesAutoConfiguration:
      Did not match:
         - @ConditionalOnClass did not find required class 'com.mongodb.reactivestreams.client.MongoClient' (OnClassCondition)

   MongoRepositoriesAutoConfiguration:
      Did not match:
         - @ConditionalOnClass did not find required class 'com.mongodb.client.MongoClient' (OnClassCondition)

   MultipleOpenApiSupportConfiguration:
      Did not match:
         - AnyNestedCondition 0 matched 2 did not; NestedCondition on MultipleOpenApiSupportCondition.OnActuatorDifferentPort @ConditionalOnProperty (springdoc.show-actuator) did not find property 'springdoc.show-actuator'; NestedCondition on MultipleOpenApiSupportCondition.OnMultipleOpenApiSupportCondition AnyNestedCondition 0 matched 2 did not; NestedCondition on MultipleOpenApiGroupsCondition.OnGroupConfigProperty @ConditionalOnProperty (springdoc.group-configs[0].group) did not find property 'springdoc.group-configs[0].group'; NestedCondition on MultipleOpenApiGroupsCondition.OnGroupedOpenApiBean @ConditionalOnBean (types: org.springdoc.core.models.GroupedOpenApi; SearchStrategy: all) did not find any beans of type org.springdoc.core.models.GroupedOpenApi (MultipleOpenApiSupportCondition)
      Matched:
         - found 'session' scope (OnWebApplicationCondition)
         - @ConditionalOnProperty (springdoc.api-docs.enabled) matched (OnPropertyCondition)

   MultipleOpenApiSupportConfiguration.SpringDocWebMvcActuatorDifferentConfiguration:
      Did not match:
         - @ConditionalOnClass did not find required class 'org.springframework.boot.actuate.endpoint.web.servlet.WebMvcEndpointHandlerMapping' (OnClassCondition)
         - Ancestor org.springdoc.webmvc.core.configuration.MultipleOpenApiSupportConfiguration did not match (ConditionEvaluationReport.AncestorsMatchedCondition)

   MustacheAutoConfiguration:
      Did not match:
         - @ConditionalOnClass did not find required class 'com.samskivert.mustache.Mustache' (OnClassCondition)

   Neo4jAutoConfiguration:
      Did not match:
         - @ConditionalOnClass did not find required class 'org.neo4j.driver.Driver' (OnClassCondition)

   Neo4jDataAutoConfiguration:
      Did not match:
         - @ConditionalOnClass did not find required class 'org.neo4j.driver.Driver' (OnClassCondition)

   Neo4jReactiveDataAutoConfiguration:
      Did not match:
         - @ConditionalOnClass did not find required class 'org.neo4j.driver.Driver' (OnClassCondition)

   Neo4jReactiveRepositoriesAutoConfiguration:
      Did not match:
         - @ConditionalOnClass did not find required class 'org.neo4j.driver.Driver' (OnClassCondition)

   Neo4jRepositoriesAutoConfiguration:
      Did not match:
         - @ConditionalOnClass did not find required class 'org.neo4j.driver.Driver' (OnClassCondition)

   NettyAutoConfiguration:
      Did not match:
         - @ConditionalOnClass did not find required class 'io.netty.util.NettyRuntime' (OnClassCondition)

   OAuth2ClientAutoConfiguration:
      Did not match:
         - @ConditionalOnClass did not find required class 'org.springframework.security.oauth2.client.registration.ClientRegistration' (OnClassCondition)

   OAuth2ResourceServerJwtConfiguration.JwtDecoderConfiguration#jwtDecoderByIssuerUri:
      Did not match:
         - OpenID Connect Issuer URI Condition did not find issuer-uri property (IssuerUriCondition)

   OAuth2ResourceServerJwtConfiguration.JwtDecoderConfiguration#jwtDecoderByJwkKeySetUri:
      Did not match:
         - @ConditionalOnProperty (spring.security.oauth2.resourceserver.jwt.jwk-set-uri) did not find property 'spring.security.oauth2.resourceserver.jwt.jwk-set-uri' (OnPropertyCondition)

   OAuth2ResourceServerJwtConfiguration.JwtDecoderConfiguration#jwtDecoderByPublicKeyValue:
      Did not match:
         - Public Key Value Condition did not find public-key-location property (KeyValueCondition)

   OAuth2ResourceServerJwtConfiguration.OAuth2SecurityFilterChainConfiguration:
      Did not match:
         - AllNestedConditions 1 matched 1 did not; NestedCondition on DefaultWebSecurityCondition.Beans @ConditionalOnMissingBean (types: org.springframework.security.web.SecurityFilterChain; SearchStrategy: all) found beans of type 'org.springframework.security.web.SecurityFilterChain' securityFilterChain; NestedCondition on DefaultWebSecurityCondition.Classes @ConditionalOnClass found required classes 'org.springframework.security.web.SecurityFilterChain', 'org.springframework.security.config.annotation.web.builders.HttpSecurity' (DefaultWebSecurityCondition)

   OAuth2ResourceServerOpaqueTokenConfiguration.OAuth2SecurityFilterChainConfiguration:
      Did not match:
         - AllNestedConditions 1 matched 1 did not; NestedCondition on DefaultWebSecurityCondition.Beans @ConditionalOnMissingBean (types: org.springframework.security.web.SecurityFilterChain; SearchStrategy: all) found beans of type 'org.springframework.security.web.SecurityFilterChain' securityFilterChain; NestedCondition on DefaultWebSecurityCondition.Classes @ConditionalOnClass found required classes 'org.springframework.security.web.SecurityFilterChain', 'org.springframework.security.config.annotation.web.builders.HttpSecurity' (DefaultWebSecurityCondition)

   OAuth2ResourceServerOpaqueTokenConfiguration.OpaqueTokenIntrospectionClientConfiguration#opaqueTokenIntrospector:
      Did not match:
         - @ConditionalOnProperty (spring.security.oauth2.resourceserver.opaquetoken.introspection-uri) did not find property 'spring.security.oauth2.resourceserver.opaquetoken.introspection-uri' (OnPropertyCondition)

   ProjectInfoAutoConfiguration#buildProperties:
      Did not match:
         - @ConditionalOnResource did not find resource '${spring.info.build.location:classpath:META-INF/build-info.properties}' (OnResourceCondition)

   ProjectInfoAutoConfiguration#gitProperties:
      Did not match:
         - GitResource did not find git info at classpath:git.properties (ProjectInfoAutoConfiguration.GitResourceAvailableCondition)

   QuartzAutoConfiguration:
      Did not match:
         - @ConditionalOnClass did not find required class 'org.quartz.Scheduler' (OnClassCondition)

   R2dbcAutoConfiguration:
      Did not match:
         - @ConditionalOnClass did not find required class 'io.r2dbc.spi.ConnectionFactory' (OnClassCondition)

   R2dbcDataAutoConfiguration:
      Did not match:
         - @ConditionalOnClass did not find required class 'org.springframework.data.r2dbc.core.R2dbcEntityTemplate' (OnClassCondition)

   R2dbcInitializationConfiguration:
      Did not match:
         - @ConditionalOnClass did not find required classes 'io.r2dbc.spi.ConnectionFactory', 'org.springframework.r2dbc.connection.init.DatabasePopulator' (OnClassCondition)

   R2dbcRepositoriesAutoConfiguration:
      Did not match:
         - @ConditionalOnClass did not find required class 'io.r2dbc.spi.ConnectionFactory' (OnClassCondition)

   R2dbcTransactionManagerAutoConfiguration:
      Did not match:
         - @ConditionalOnClass did not find required class 'org.springframework.r2dbc.connection.R2dbcTransactionManager' (OnClassCondition)

   RSocketGraphQlClientAutoConfiguration:
      Did not match:
         - @ConditionalOnClass did not find required class 'graphql.GraphQL' (OnClassCondition)

   RSocketMessagingAutoConfiguration:
      Did not match:
         - @ConditionalOnClass did not find required class 'io.rsocket.RSocket' (OnClassCondition)

   RSocketRequesterAutoConfiguration:
      Did not match:
         - @ConditionalOnClass did not find required class 'io.rsocket.RSocket' (OnClassCondition)

   RSocketSecurityAutoConfiguration:
      Did not match:
         - @ConditionalOnClass did not find required class 'org.springframework.security.rsocket.core.SecuritySocketAcceptorInterceptor' (OnClassCondition)

   RSocketServerAutoConfiguration:
      Did not match:
         - @ConditionalOnClass did not find required class 'io.rsocket.core.RSocketServer' (OnClassCondition)

   RSocketStrategiesAutoConfiguration:
      Did not match:
         - @ConditionalOnClass did not find required class 'io.netty.buffer.PooledByteBufAllocator' (OnClassCondition)

   RabbitAutoConfiguration:
      Did not match:
         - @ConditionalOnClass did not find required class 'com.rabbitmq.client.Channel' (OnClassCondition)

   ReactiveElasticsearchClientAutoConfiguration:
      Did not match:
         - @ConditionalOnClass did not find required class 'co.elastic.clients.transport.ElasticsearchTransport' (OnClassCondition)

   ReactiveElasticsearchRepositoriesAutoConfiguration:
      Did not match:
         - @ConditionalOnClass did not find required class 'org.springframework.data.elasticsearch.client.elc.ReactiveElasticsearchClient' (OnClassCondition)

   ReactiveMultipartAutoConfiguration:
      Did not match:
         - @ConditionalOnClass did not find required class 'org.springframework.web.reactive.config.WebFluxConfigurer' (OnClassCondition)

   ReactiveOAuth2ClientAutoConfiguration:
      Did not match:
         - @ConditionalOnClass did not find required class 'reactor.core.publisher.Flux' (OnClassCondition)

   ReactiveOAuth2ResourceServerAutoConfiguration:
      Did not match:
         - @ConditionalOnWebApplication did not find reactive web application classes (OnWebApplicationCondition)

   ReactiveSecurityAutoConfiguration:
      Did not match:
         - @ConditionalOnClass did not find required class 'reactor.core.publisher.Flux' (OnClassCondition)

   ReactiveUserDetailsServiceAutoConfiguration:
      Did not match:
         - AnyNestedCondition 0 matched 2 did not; NestedCondition on ReactiveUserDetailsServiceAutoConfiguration.ReactiveUserDetailsServiceCondition.ReactiveWebApplicationCondition did not find reactive web application classes; NestedCondition on ReactiveUserDetailsServiceAutoConfiguration.ReactiveUserDetailsServiceCondition.RSocketSecurityEnabledCondition @ConditionalOnBean (types: org.springframework.messaging.rsocket.annotation.support.RSocketMessageHandler; SearchStrategy: all) did not find any beans of type org.springframework.messaging.rsocket.annotation.support.RSocketMessageHandler (ReactiveUserDetailsServiceAutoConfiguration.ReactiveUserDetailsServiceCondition)
      Matched:
         - @ConditionalOnClass found required class 'org.springframework.security.authentication.ReactiveAuthenticationManager' (OnClassCondition)

   ReactiveWebServerFactoryAutoConfiguration:
      Did not match:
         - @ConditionalOnWebApplication did not find reactive web application classes (OnWebApplicationCondition)

   RedisAutoConfiguration:
      Did not match:
         - @ConditionalOnClass did not find required class 'org.springframework.data.redis.core.RedisOperations' (OnClassCondition)

   RedisCacheConfiguration:
      Did not match:
         - @ConditionalOnClass did not find required class 'org.springframework.data.redis.connection.RedisConnectionFactory' (OnClassCondition)

   RedisReactiveAutoConfiguration:
      Did not match:
         - @ConditionalOnClass did not find required class 'reactor.core.publisher.Flux' (OnClassCondition)

   RedisRepositoriesAutoConfiguration:
      Did not match:
         - @ConditionalOnClass did not find required class 'org.springframework.data.redis.repository.configuration.EnableRedisRepositories' (OnClassCondition)

   RemoteDevToolsAutoConfiguration:
      Did not match:
         - @ConditionalOnProperty (spring.devtools.remote.secret) did not find property 'secret' (OnPropertyCondition)
      Matched:
         - @ConditionalOnClass found required classes 'jakarta.servlet.Filter', 'org.springframework.http.server.ServerHttpRequest' (OnClassCondition)

   Saml2RelyingPartyAutoConfiguration:
      Did not match:
         - @ConditionalOnClass did not find required class 'org.springframework.security.saml2.provider.service.registration.RelyingPartyRegistrationRepository' (OnClassCondition)

   SecurityDataConfiguration:
      Did not match:
         - @ConditionalOnClass did not find required class 'org.springframework.security.data.repository.query.SecurityEvaluationContextExtension' (OnClassCondition)

   SendGridAutoConfiguration:
      Did not match:
         - @ConditionalOnClass did not find required class 'com.sendgrid.SendGrid' (OnClassCondition)

   ServletWebServerFactoryAutoConfiguration.ForwardedHeaderFilterConfiguration:
      Did not match:
         - @ConditionalOnProperty (server.forward-headers-strategy=framework) did not find property 'server.forward-headers-strategy' (OnPropertyCondition)

   ServletWebServerFactoryConfiguration.EmbeddedJetty:
      Did not match:
         - @ConditionalOnClass did not find required classes 'org.eclipse.jetty.server.Server', 'org.eclipse.jetty.util.Loader', 'org.eclipse.jetty.webapp.WebAppContext' (OnClassCondition)

   ServletWebServerFactoryConfiguration.EmbeddedUndertow:
      Did not match:
         - @ConditionalOnClass did not find required classes 'io.undertow.Undertow', 'org.xnio.SslClientAuthMode' (OnClassCondition)

   SessionAutoConfiguration:
      Did not match:
         - @ConditionalOnClass did not find required class 'org.springframework.session.Session' (OnClassCondition)

   SpringBootWebSecurityConfiguration.SecurityFilterChainConfiguration:
      Did not match:
         - AllNestedConditions 1 matched 1 did not; NestedCondition on DefaultWebSecurityCondition.Beans @ConditionalOnMissingBean (types: org.springframework.security.web.SecurityFilterChain; SearchStrategy: all) found beans of type 'org.springframework.security.web.SecurityFilterChain' securityFilterChain; NestedCondition on DefaultWebSecurityCondition.Classes @ConditionalOnClass found required classes 'org.springframework.security.web.SecurityFilterChain', 'org.springframework.security.config.annotation.web.builders.HttpSecurity' (DefaultWebSecurityCondition)

   SpringBootWebSecurityConfiguration.WebSecurityEnablerConfiguration:
      Did not match:
         - @ConditionalOnMissingBean (names: springSecurityFilterChain; SearchStrategy: all) found beans named springSecurityFilterChain (OnBeanCondition)
      Matched:
         - @ConditionalOnClass found required class 'org.springframework.security.config.annotation.web.configuration.EnableWebSecurity' (OnClassCondition)

   SpringDataWebAutoConfiguration:
      Did not match:
         - @ConditionalOnMissingBean (types: org.springframework.data.web.PageableHandlerMethodArgumentResolver; SearchStrategy: all) found beans of type 'org.springframework.data.web.PageableHandlerMethodArgumentResolver' pageableResolver (OnBeanCondition)
      Matched:
         - @ConditionalOnClass found required classes 'org.springframework.data.web.PageableHandlerMethodArgumentResolver', 'org.springframework.web.servlet.config.annotation.WebMvcConfigurer' (OnClassCondition)
         - found 'session' scope (OnWebApplicationCondition)

   SpringDocConfiguration#propertiesResolverForSchema:
      Did not match:
         - @ConditionalOnProperty (springdoc.api-docs.resolve-schema-properties) did not find property 'springdoc.api-docs.resolve-schema-properties' (OnPropertyCondition)

   SpringDocConfiguration#propertyCustomizingConverter:
      Did not match:
         - @ConditionalOnBean (types: org.springdoc.core.customizers.PropertyCustomizer; SearchStrategy: all) did not find any beans of type org.springdoc.core.customizers.PropertyCustomizer (OnBeanCondition)

   SpringDocConfiguration#springdocBeanFactoryPostProcessor:
      Did not match:
         - AnyNestedCondition 0 matched 2 did not; NestedCondition on CacheOrGroupedOpenApiCondition.OnCacheDisabled found non-matching nested conditions @ConditionalOnProperty (springdoc.cache.disabled) did not find property 'springdoc.cache.disabled'; NestedCondition on CacheOrGroupedOpenApiCondition.OnMultipleOpenApiSupportCondition AnyNestedCondition 0 matched 2 did not; NestedCondition on MultipleOpenApiSupportCondition.OnActuatorDifferentPort @ConditionalOnProperty (springdoc.show-actuator) did not find property 'springdoc.show-actuator'; NestedCondition on MultipleOpenApiSupportCondition.OnMultipleOpenApiSupportCondition AnyNestedCondition 0 matched 2 did not; NestedCondition on MultipleOpenApiGroupsCondition.OnGroupConfigProperty @ConditionalOnProperty (springdoc.group-configs[0].group) did not find property 'springdoc.group-configs[0].group'; NestedCondition on MultipleOpenApiGroupsCondition.OnGroupedOpenApiBean @ConditionalOnBean (types: org.springdoc.core.models.GroupedOpenApi; SearchStrategy: all) did not find any beans of type org.springdoc.core.models.GroupedOpenApi (CacheOrGroupedOpenApiCondition)
      Matched:
         - @ConditionalOnClass found required class 'org.springframework.boot.context.properties.bind.BindResult' (OnClassCondition)

   SpringDocConfiguration#springdocBeanFactoryPostProcessor2:
      Did not match:
         - @ConditionalOnMissingClass found unwanted class 'org.springframework.boot.context.properties.bind.BindResult' (OnClassCondition)

   SpringDocConfiguration.SpringDocActuatorConfiguration:
      Did not match:
         - @ConditionalOnClass did not find required class 'org.springframework.boot.actuate.autoconfigure.endpoint.web.WebEndpointProperties' (OnClassCondition)

   SpringDocConfiguration.SpringDocWebFluxSupportConfiguration:
      Did not match:
         - @ConditionalOnClass did not find required class 'reactor.core.publisher.Flux' (OnClassCondition)

   SpringDocFunctionCatalogConfiguration:
      Did not match:
         - @ConditionalOnClass did not find required class 'org.springframework.cloud.function.web.function.FunctionEndpointInitializer' (OnClassCondition)

   SpringDocGroovyConfiguration:
      Did not match:
         - @ConditionalOnClass did not find required class 'groovy.lang.MetaClass' (OnClassCondition)

   SpringDocHateoasConfiguration#hateoasHalProvider:
      Did not match:
         - @ConditionalOnMissingBean (types: org.springdoc.core.providers.HateoasHalProvider; SearchStrategy: all) found beans of type 'org.springdoc.core.providers.HateoasHalProvider' halProvider (OnBeanCondition)

   SpringDocJacksonKotlinModuleConfiguration:
      Did not match:
         - @ConditionalOnClass did not find required class 'com.fasterxml.jackson.module.kotlin.KotlinModule' (OnClassCondition)

   SpringDocJavadocConfiguration:
      Did not match:
         - @ConditionalOnClass did not find required class 'com.github.therapi.runtimejavadoc.CommentFormatter' (OnClassCondition)

   SpringDocKotlinConfiguration:
      Did not match:
         - @ConditionalOnClass did not find required class 'kotlin.coroutines.Continuation' (OnClassCondition)

   SpringDocKotlinxConfiguration:
      Did not match:
         - @ConditionalOnClass did not find required class 'kotlinx.coroutines.flow.Flow' (OnClassCondition)

   SpringDocSecurityConfiguration.SpringDocSecurityOAuth2Configuration:
      Did not match:
         - @ConditionalOnClass did not find required class 'org.springframework.security.oauth2.server.authorization.OAuth2AuthorizationService' (OnClassCondition)

   SpringDocSecurityConfiguration.SpringSecurityLoginEndpointConfiguration#springSecurityLoginEndpointCustomiser:
      Did not match:
         - @ConditionalOnProperty (springdoc.show-login-endpoint) did not find property 'springdoc.show-login-endpoint' (OnPropertyCondition)

   SpringDocSortConfiguration#delegatingMethodParameterCustomizer:
      Did not match:
         - @ConditionalOnMissingBean (types: org.springdoc.core.customizers.DelegatingMethodParameterCustomizer; SearchStrategy: all) found beans of type 'org.springdoc.core.customizers.DelegatingMethodParameterCustomizer' delegatingMethodParameterCustomizer (OnBeanCondition)

   SpringDocWebMvcConfiguration.SpringDocWebMvcActuatorConfiguration:
      Did not match:
         - @ConditionalOnClass did not find required class 'org.springframework.boot.actuate.endpoint.web.servlet.WebMvcEndpointHandlerMapping' (OnClassCondition)

   SwaggerConfig#springWebProvider:
      Did not match:
         - @ConditionalOnMissingBean (types: org.springdoc.core.providers.SpringWebProvider; SearchStrategy: all) found beans of type 'org.springdoc.core.providers.SpringWebProvider' springWebProvider (OnBeanCondition)

   SwaggerConfig#swaggerUiConfigParameters:
      Did not match:
         - @ConditionalOnMissingBean (types: org.springdoc.core.properties.SwaggerUiConfigParameters; SearchStrategy: all) found beans of type 'org.springdoc.core.properties.SwaggerUiConfigParameters' org.springdoc.core.properties.SwaggerUiConfigParameters (OnBeanCondition)

   SwaggerConfig#swaggerUiHome:
      Did not match:
         - @ConditionalOnProperty (springdoc.swagger-ui.use-root-path=true) did not find property 'springdoc.swagger-ui.use-root-path' (OnPropertyCondition)

   SwaggerConfig.SwaggerActuatorWelcomeConfiguration:
      Did not match:
         - @ConditionalOnClass did not find required class 'org.springframework.boot.actuate.endpoint.web.servlet.WebMvcEndpointHandlerMapping' (OnClassCondition)

   TaskSchedulingAutoConfiguration#scheduledBeanLazyInitializationExcludeFilter:
      Did not match:
         - @ConditionalOnBean (names: org.springframework.context.annotation.internalScheduledAnnotationProcessor; SearchStrategy: all) did not find any beans named org.springframework.context.annotation.internalScheduledAnnotationProcessor (OnBeanCondition)

   TaskSchedulingAutoConfiguration#taskScheduler:
      Did not match:
         - @ConditionalOnBean (names: org.springframework.context.annotation.internalScheduledAnnotationProcessor; SearchStrategy: all) did not find any beans named org.springframework.context.annotation.internalScheduledAnnotationProcessor (OnBeanCondition)

   ThymeleafAutoConfiguration:
      Did not match:
         - @ConditionalOnClass did not find required class 'org.thymeleaf.spring6.SpringTemplateEngine' (OnClassCondition)

   TransactionAutoConfiguration#transactionalOperator:
      Did not match:
         - @ConditionalOnSingleCandidate (types: org.springframework.transaction.ReactiveTransactionManager; SearchStrategy: all) did not find any beans (OnBeanCondition)

   TransactionAutoConfiguration.AspectJTransactionManagementConfiguration:
      Did not match:
         - @ConditionalOnBean (types: org.springframework.transaction.aspectj.AbstractTransactionAspect; SearchStrategy: all) did not find any beans of type org.springframework.transaction.aspectj.AbstractTransactionAspect (OnBeanCondition)

   TransactionAutoConfiguration.EnableTransactionManagementConfiguration:
      Did not match:
         - @ConditionalOnMissingBean (types: org.springframework.transaction.annotation.AbstractTransactionManagementConfiguration; SearchStrategy: all) found beans of type 'org.springframework.transaction.annotation.AbstractTransactionManagementConfiguration' org.springframework.transaction.annotation.ProxyTransactionManagementConfiguration (OnBeanCondition)

   TransactionAutoConfiguration.EnableTransactionManagementConfiguration.CglibAutoProxyConfiguration:
      Did not match:
         - Ancestor org.springframework.boot.autoconfigure.transaction.TransactionAutoConfiguration$EnableTransactionManagementConfiguration did not match (ConditionEvaluationReport.AncestorsMatchedCondition)
      Matched:
         - @ConditionalOnProperty (spring.aop.proxy-target-class=true) matched (OnPropertyCondition)

   TransactionAutoConfiguration.EnableTransactionManagementConfiguration.JdkDynamicAutoProxyConfiguration:
      Did not match:
         - @ConditionalOnProperty (spring.aop.proxy-target-class=false) did not find property 'proxy-target-class' (OnPropertyCondition)
         - Ancestor org.springframework.boot.autoconfigure.transaction.TransactionAutoConfiguration$EnableTransactionManagementConfiguration did not match (ConditionEvaluationReport.AncestorsMatchedCondition)

   UserDetailsServiceAutoConfiguration:
      Did not match:
         - @ConditionalOnMissingBean (types: org.springframework.security.authentication.AuthenticationManager,org.springframework.security.authentication.AuthenticationProvider,org.springframework.security.core.userdetails.UserDetailsService,org.springframework.security.authentication.AuthenticationManagerResolver,org.springframework.security.oauth2.jwt.JwtDecoder,org.springframework.security.oauth2.server.resource.introspection.OpaqueTokenIntrospector,org.springframework.security.oauth2.client.registration.ClientRegistrationRepository,org.springframework.security.saml2.provider.service.registration.RelyingPartyRegistrationRepository; SearchStrategy: all) found beans of type 'org.springframework.security.authentication.AuthenticationManager' authenticationManager and found beans of type 'org.springframework.security.authentication.AuthenticationProvider' authenticationProvider (OnBeanCondition)
      Matched:
         - @ConditionalOnClass found required class 'org.springframework.security.authentication.AuthenticationManager' (OnClassCondition)

   WebClientAutoConfiguration:
      Did not match:
         - @ConditionalOnClass did not find required class 'org.springframework.web.reactive.function.client.WebClient' (OnClassCondition)

   WebFluxAutoConfiguration:
      Did not match:
         - @ConditionalOnClass did not find required class 'org.springframework.web.reactive.config.WebFluxConfigurer' (OnClassCondition)

   WebMvcAutoConfiguration#hiddenHttpMethodFilter:
      Did not match:
         - @ConditionalOnProperty (spring.mvc.hiddenmethod.filter.enabled) did not find property 'enabled' (OnPropertyCondition)

   WebMvcAutoConfiguration.ProblemDetailsErrorHandlingConfiguration:
      Did not match:
         - @ConditionalOnProperty (spring.mvc.problemdetails.enabled=true) did not find property 'enabled' (OnPropertyCondition)

   WebMvcAutoConfiguration.ResourceChainCustomizerConfiguration:
      Did not match:
         - @ConditionalOnEnabledResourceChain did not find class org.webjars.WebJarAssetLocator (OnEnabledResourceChainCondition)

   WebMvcAutoConfiguration.WebMvcAutoConfigurationAdapter#beanNameViewResolver:
      Did not match:
         - @ConditionalOnBean (types: org.springframework.web.servlet.View; SearchStrategy: all) did not find any beans of type org.springframework.web.servlet.View (OnBeanCondition)

   WebServiceTemplateAutoConfiguration:
      Did not match:
         - @ConditionalOnClass did not find required class 'org.springframework.oxm.Marshaller' (OnClassCondition)

   WebServicesAutoConfiguration:
      Did not match:
         - @ConditionalOnClass did not find required class 'org.springframework.ws.transport.http.MessageDispatcherServlet' (OnClassCondition)

   WebSessionIdResolverAutoConfiguration:
      Did not match:
         - @ConditionalOnClass did not find required class 'reactor.core.publisher.Mono' (OnClassCondition)

   WebSocketMessagingAutoConfiguration.WebSocketMessageConverterConfiguration:
      Did not match:
         - @ConditionalOnBean (types: org.springframework.web.socket.config.annotation.DelegatingWebSocketMessageBrokerConfiguration,com.fasterxml.jackson.databind.ObjectMapper; SearchStrategy: all) did not find any beans of type org.springframework.web.socket.config.annotation.DelegatingWebSocketMessageBrokerConfiguration (OnBeanCondition)
      Matched:
         - @ConditionalOnClass found required classes 'com.fasterxml.jackson.databind.ObjectMapper', 'org.springframework.messaging.simp.config.AbstractMessageBrokerConfiguration' (OnClassCondition)

   WebSocketReactiveAutoConfiguration:
      Did not match:
         - @ConditionalOnWebApplication did not find reactive web application classes (OnWebApplicationCondition)

   WebSocketServletAutoConfiguration.JettyWebSocketConfiguration:
      Did not match:
         - @ConditionalOnClass did not find required class 'org.eclipse.jetty.websocket.jakarta.server.config.JakartaWebSocketServletContainerInitializer' (OnClassCondition)

   WebSocketServletAutoConfiguration.UndertowWebSocketConfiguration:
      Did not match:
         - @ConditionalOnClass did not find required class 'io.undertow.websockets.jsr.Bootstrap' (OnClassCondition)

   XADataSourceAutoConfiguration:
      Did not match:
         - @ConditionalOnBean (types: org.springframework.boot.jdbc.XADataSourceWrapper; SearchStrategy: all) did not find any beans of type org.springframework.boot.jdbc.XADataSourceWrapper (OnBeanCondition)
      Matched:
         - @ConditionalOnClass found required classes 'javax.sql.DataSource', 'jakarta.transaction.TransactionManager', 'org.springframework.jdbc.datasource.embedded.EmbeddedDatabaseType' (OnClassCondition)


Exclusions:
-----------

    None


Unconditional classes:
----------------------

    org.springframework.boot.autoconfigure.context.ConfigurationPropertiesAutoConfiguration

    org.springframework.boot.autoconfigure.context.PropertyPlaceholderAutoConfiguration

    org.springframework.boot.autoconfigure.context.LifecycleAutoConfiguration

    org.springframework.boot.autoconfigure.availability.ApplicationAvailabilityAutoConfiguration

    org.springframework.boot.autoconfigure.info.ProjectInfoAutoConfiguration



2025-12-04T10:13:44.473+01:00  INFO 31936 --- [restartedMain] c.m.gestPlanes.GestPlanesApplication     : Started GestPlanesApplication in 16.536 seconds (process running for 17.956)
2025-12-04T10:19:34.519+01:00  INFO 31936 --- [File Watcher] rtingClassPathChangeChangedEventListener : Restarting due to 1 class path change (0 additions, 0 deletions, 1 modification)
2025-12-04T10:19:34.539+01:00  INFO 31936 --- [Thread-5] o.apache.catalina.core.StandardService   : Stopping service [Tomcat]
2025-12-04T10:19:34.545+01:00  WARN 31936 --- [Thread-5] o.a.c.loader.WebappClassLoaderBase       : The web application [ROOT] appears to have started a thread named [HikariPool-1 housekeeper] but has failed to stop it. This is very likely to create a memory leak. Stack trace of thread:
 java.base@17.0.1/jdk.internal.misc.Unsafe.park(Native Method)
 java.base@17.0.1/java.util.concurrent.locks.LockSupport.parkNanos(LockSupport.java:252)
 java.base@17.0.1/java.util.concurrent.locks.AbstractQueuedSynchronizer$ConditionObject.awaitNanos(AbstractQueuedSynchronizer.java:1672)
 java.base@17.0.1/java.util.concurrent.ScheduledThreadPoolExecutor$DelayedWorkQueue.take(ScheduledThreadPoolExecutor.java:1182)
 java.base@17.0.1/java.util.concurrent.ScheduledThreadPoolExecutor$DelayedWorkQueue.take(ScheduledThreadPoolExecutor.java:899)
 java.base@17.0.1/java.util.concurrent.ThreadPoolExecutor.getTask(ThreadPoolExecutor.java:1062)
 java.base@17.0.1/java.util.concurrent.ThreadPoolExecutor.runWorker(ThreadPoolExecutor.java:1122)
 java.base@17.0.1/java.util.concurrent.ThreadPoolExecutor$Worker.run(ThreadPoolExecutor.java:635)
 java.base@17.0.1/java.lang.Thread.run(Thread.java:833)
2025-12-04T10:19:34.565+01:00  INFO 31936 --- [Thread-5] j.LocalContainerEntityManagerFactoryBean : Closing JPA EntityManagerFactory for persistence unit 'default'
2025-12-04T10:19:34.568+01:00  INFO 31936 --- [Thread-5] com.zaxxer.hikari.HikariDataSource       : HikariPool-1 - Shutdown initiated...
2025-12-04T10:19:34.575+01:00  INFO 31936 --- [Thread-5] com.zaxxer.hikari.HikariDataSource       : HikariPool-1 - Shutdown completed.
